Date,AvgBlockSize
2009-01-03,0.000285
2009-01-04,0.0
2009-01-05,0.0
2009-01-06,0.0
2009-01-07,0.0
2009-01-08,0.0
2009-01-09,0.000215
2009-01-10,0.000215
2009-01-11,0.000215386792453
2009-01-12,0.000232235955056
2009-01-13,0.00021807826087
2009-01-14,0.000215888888889
2009-01-15,0.000241748031496
2009-01-16,0.000218301724138
2009-01-17,0.000218231481481
2009-01-18,0.00021595049505
2009-01-19,0.000219554621849
2009-01-20,0.000232767241379
2009-01-21,0.000227539823009
2009-01-22,0.000231466666667
2009-01-23,0.000221940298507
2009-01-24,0.000225718592965
2009-01-25,0.000216969072165
2009-01-26,0.000215853448276
2009-01-27,0.000242524271845
2009-01-28,0.000215776699029
2009-01-29,0.000215467213115
2009-01-30,0.00022758677686
2009-01-31,0.000215558139535
2009-02-01,0.000238232758621
2009-02-02,0.000215834645669
2009-02-03,0.000244397058824
2009-02-04,0.000222390243902
2009-02-05,0.000215719008264
2009-02-06,0.000215813953488
2009-02-07,0.000240912698413
2009-02-08,0.000217529850746
2009-02-09,0.0002553828125
2009-02-10,0.000215669291339
2009-02-11,0.000225198473282
2009-02-12,0.000220483050847
2009-02-13,0.000215862903226
2009-02-14,0.000215865248227
2009-02-15,0.000229975409836
2009-02-16,0.000215886178862
2009-02-17,0.000245118644068
2009-02-18,0.000215935483871
2009-02-19,0.000215974358974
2009-02-20,0.000230453125
2009-02-21,0.000215963636364
2009-02-22,0.00022858677686
2009-02-23,0.000215943925234
2009-02-24,0.000215945945946
2009-02-25,0.000215859813084
2009-02-26,0.000215979166667
2009-02-27,0.000215715447154
2009-02-28,0.00025668627451
2009-03-01,0.000223943396226
2009-03-02,0.000215942307692
2009-03-03,0.000225349056604
2009-03-04,0.000215716981132
2009-03-05,0.000244396226415
2009-03-06,0.000223940677966
2009-03-07,0.000215972972973
2009-03-08,0.000244357142857
2009-03-09,0.00021585840708
2009-03-10,0.00021580952381
2009-03-11,0.000215935185185
2009-03-12,0.0002195
2009-03-13,0.000229280701754
2009-03-14,0.000215939655172
2009-03-15,0.000215783783784
2009-03-16,0.000258369230769
2009-03-17,0.000215956521739
2009-03-18,0.000215954545455
2009-03-19,0.000229713114754
2009-03-20,0.000227745762712
2009-03-21,0.000215883116883
2009-03-22,0.000229989473684
2009-03-23,0.000215886363636
2009-03-24,0.000215980952381
2009-03-25,0.000215793103448
2009-03-26,0.000244566371681
2009-03-27,0.000215963636364
2009-03-28,0.000236226890756
2009-03-29,0.000215964285714
2009-03-30,0.000215872
2009-03-31,0.000248610619469
2009-04-01,0.000215878504673
2009-04-02,0.000215875
2009-04-03,0.000215955752212
2009-04-04,0.000215743362832
2009-04-05,0.000215968992248
2009-04-06,0.000233582608696
2009-04-07,0.00021598989899
2009-04-08,0.000216
2009-04-09,0.000215888888889
2009-04-10,0.000215796116505
2009-04-11,0.000223229508197
2009-04-12,0.00021592173913
2009-04-13,0.000226991304348
2009-04-14,0.000215937007874
2009-04-15,0.000215732142857
2009-04-16,0.00021593495935
2009-04-17,0.000215843478261
2009-04-18,0.000220918032787
2009-04-19,0.000225344537815
2009-04-20,0.000260384615385
2009-04-21,0.000282983739837
2009-04-22,0.000215925619835
2009-04-23,0.0002157875
2009-04-24,0.000215840707965
2009-04-25,0.000215860655738
2009-04-26,0.000232504587156
2009-04-27,0.000215933333333
2009-04-28,0.000215726495726
2009-04-29,0.000215845528455
2009-04-30,0.000233545454545
2009-05-01,0.000215886178862
2009-05-02,0.000217772357724
2009-05-03,0.000230938596491
2009-05-04,0.000222647540984
2009-05-05,0.000242151515152
2009-05-06,0.000224620437956
2009-05-07,0.000216
2009-05-08,0.000215959016393
2009-05-09,0.000215582417582
2009-05-10,0.000215693548387
2009-05-11,0.000218848739496
2009-05-12,0.00021594488189
2009-05-13,0.000219339130435
2009-05-14,0.000223172932331
2009-05-15,0.00021906993007
2009-05-16,0.000226333333333
2009-05-17,0.000215952
2009-05-18,0.000215935483871
2009-05-19,0.00021589
2009-05-20,0.000215701923077
2009-05-21,0.00021593258427
2009-05-22,0.000215975903614
2009-05-23,0.000216
2009-05-24,0.000215895833333
2009-05-25,0.000215946428571
2009-05-26,0.000215946902655
2009-05-27,0.000215704
2009-05-28,0.000215922330097
2009-05-29,0.000280205607477
2009-05-30,0.00021567961165
2009-05-31,0.000216
2009-06-01,0.000219726027397
2009-06-02,0.000215898876404
2009-06-03,0.000215989795918
2009-06-04,0.000215974358974
2009-06-05,0.000215894736842
2009-06-06,0.000215166666667
2009-06-07,0.000216
2009-06-08,0.000215819444444
2009-06-09,0.000215765957447
2009-06-10,0.000215927710843
2009-06-11,0.000215946236559
2009-06-12,0.000215923076923
2009-06-13,0.000215418918919
2009-06-14,0.000215728571429
2009-06-15,0.000215890243902
2009-06-16,0.000215849315068
2009-06-17,0.000215571428571
2009-06-18,0.000215765432099
2009-06-19,0.000215781609195
2009-06-20,0.000215738095238
2009-06-21,0.00021564
2009-06-22,0.000301875
2009-06-23,0.00021575
2009-06-24,0.000222058823529
2009-06-25,0.000215783783784
2009-06-26,0.000241764044944
2009-06-27,0.000215658823529
2009-06-28,0.000220431372549
2009-06-29,0.000215789473684
2009-06-30,0.000223655172414
2009-07-01,0.000219120481928
2009-07-02,0.000215708333333
2009-07-03,0.000218722891566
2009-07-04,0.000215898876404
2009-07-05,0.00021595
2009-07-06,0.000215978021978
2009-07-07,0.000215984126984
2009-07-08,0.000215949367089
2009-07-09,0.000215728395062
2009-07-10,0.00021587804878
2009-07-11,0.000215952380952
2009-07-12,0.000215802631579
2009-07-13,0.000215934210526
2009-07-14,0.000215944444444
2009-07-15,0.000215934782609
2009-07-16,0.000215942028986
2009-07-17,0.000215769230769
2009-07-18,0.000215
2009-07-19,0.000215788461538
2009-07-20,0.00021584
2009-07-21,0.000403959459459
2009-07-22,0.000215550724638
2009-07-23,0.000215560606061
2009-07-24,0.00021588
2009-07-25,0.000215905660377
2009-07-26,0.000215615384615
2009-07-27,0.000215828125
2009-07-28,0.00021575
2009-07-29,0.00021575
2009-07-30,0.000251642857143
2009-07-31,0.000215833333333
2009-08-01,0.000215695652174
2009-08-02,0.000215833333333
2009-08-03,0.000215533333333
2009-08-04,0.000215586206897
2009-08-05,0.000215769230769
2009-08-06,0.000215833333333
2009-08-07,0.000215945945946
2009-08-08,0.000371597560976
2009-08-09,0.000215969387755
2009-08-10,0.000216
2009-08-11,0.000215910447761
2009-08-12,0.000215691176471
2009-08-13,0.000215679012346
2009-08-14,0.000215861538462
2009-08-15,0.0002155
2009-08-16,0.00021548
2009-08-17,0.000215823529412
2009-08-18,0.000215888888889
2009-08-19,0.000215466666667
2009-08-20,0.000215291666667
2009-08-21,0.000215
2009-08-22,0.000215
2009-08-23,0.000215583333333
2009-08-24,0.000215125
2009-08-25,0.000215527272727
2009-08-26,0.000215880952381
2009-08-27,0.000407366666667
2009-08-28,0.000215703125
2009-08-29,0.000215759036145
2009-08-30,0.000217555555556
2009-08-31,0.000223574468085
2009-09-01,0.000215835443038
2009-09-02,0.000215808823529
2009-09-03,0.000243333333333
2009-09-04,0.000215682539683
2009-09-05,0.000215873239437
2009-09-06,0.000215819444444
2009-09-07,0.000235448717949
2009-09-08,0.000215742424242
2009-09-09,0.000215793103448
2009-09-10,0.000215901639344
2009-09-11,0.000215794117647
2009-09-12,0.000215816901408
2009-09-13,0.000215842857143
2009-09-14,0.000215888888889
2009-09-15,0.000215857142857
2009-09-16,0.000219620689655
2009-09-17,0.000355879518072
2009-09-18,0.000215777777778
2009-09-19,0.000215971830986
2009-09-20,0.000215974683544
2009-09-21,0.000215959459459
2009-09-22,0.000243764705882
2009-09-23,0.000386222222222
2009-09-24,0.000215573170732
2009-09-25,0.00024621
2009-09-26,0.000215478723404
2009-09-27,0.000236797752809
2009-09-28,0.000215943181818
2009-09-29,0.000276012048193
2009-09-30,0.000215816091954
2009-10-01,0.000215858823529
2009-10-02,0.000231666666667
2009-10-03,0.000215448275862
2009-10-04,0.000215590163934
2009-10-05,0.00021574137931
2009-10-06,0.000261268292683
2009-10-07,0.000215764705882
2009-10-08,0.000215485714286
2009-10-09,0.000215602564103
2009-10-10,0.000215779220779
2009-10-11,0.000215784810127
2009-10-12,0.000354822580645
2009-10-13,0.000215784313725
2009-10-14,0.00021575
2009-10-15,0.000215341176471
2009-10-16,0.000360430769231
2009-10-17,0.000215836363636
2009-10-18,0.000228859375
2009-10-19,0.000215464646465
2009-10-20,0.000215531531532
2009-10-21,0.000355662650602
2009-10-22,0.00029488372093
2009-10-23,0.000215471264368
2009-10-24,0.00021552
2009-10-25,0.00022795890411
2009-10-26,0.0002158
2009-10-27,0.000244939393939
2009-10-28,0.000215640625
2009-10-29,0.00023946
2009-10-30,0.000274229508197
2009-10-31,0.000215288888889
2009-11-01,0.000215333333333
2009-11-02,0.000215272727273
2009-11-03,0.000215649122807
2009-11-04,0.00021535483871
2009-11-05,0.000292921875
2009-11-06,0.000215571428571
2009-11-07,0.000215631578947
2009-11-08,0.000215571428571
2009-11-09,0.000215661538462
2009-11-10,0.000215422535211
2009-11-11,0.000323072463768
2009-11-12,0.000215357142857
2009-11-13,0.000241728571429
2009-11-14,0.000215638554217
2009-11-15,0.000215583333333
2009-11-16,0.00021569
2009-11-17,0.000215681318681
2009-11-18,0.000215544303797
2009-11-19,0.000215342465753
2009-11-20,0.000351951219512
2009-11-21,0.000215714285714
2009-11-22,0.00021569
2009-11-23,0.000215875
2009-11-24,0.000215607843137
2009-11-25,0.000215647058824
2009-11-26,0.000215525641026
2009-11-27,0.000215506666667
2009-11-28,0.000215512820513
2009-11-29,0.000215637931034
2009-11-30,0.000215743243243
2009-12-01,0.000215818181818
2009-12-02,0.000415265306122
2009-12-03,0.000215776470588
2009-12-04,0.000215591836735
2009-12-05,0.000215211538462
2009-12-06,0.000240819047619
2009-12-07,0.000215606382979
2009-12-08,0.000245243697479
2009-12-09,0.000256180851064
2009-12-10,0.000223019417476
2009-12-11,0.000215384
2009-12-12,0.000292801980198
2009-12-13,0.000215653846154
2009-12-14,0.000570648148148
2009-12-15,0.000224017241379
2009-12-16,0.000234630252101
2009-12-17,0.000224105590062
2009-12-18,0.000216565
2009-12-19,0.00021653125
2009-12-20,0.000215948571429
2009-12-21,0.000216524064171
2009-12-22,0.000215802631579
2009-12-23,0.000215639053254
2009-12-24,0.000215680555556
2009-12-25,0.000217222929936
2009-12-26,0.000215710691824
2009-12-27,0.000219715976331
2009-12-28,0.000215811594203
2009-12-29,0.000215658536585
2009-12-30,0.000215711538462
2009-12-31,0.000215633333333
2010-01-01,0.000215579831933
2010-01-02,0.000218084615385
2010-01-03,0.000215680981595
2010-01-04,0.000266563157895
2010-01-05,0.000215692307692
2010-01-06,0.000215727848101
2010-01-07,0.000215610062893
2010-01-08,0.000215733333333
2010-01-09,0.000215797297297
2010-01-10,0.000215811518325
2010-01-11,0.000215720779221
2010-01-12,0.000365469879518
2010-01-13,0.000218588607595
2010-01-14,0.000217708860759
2010-01-15,0.000222507352941
2010-01-16,0.000220208955224
2010-01-17,0.000222365853659
2010-01-18,0.000215515384615
2010-01-19,0.000217260504202
2010-01-20,0.000215507142857
2010-01-21,0.000234831460674
2010-01-22,0.000219246666667
2010-01-23,0.000217119205298
2010-01-24,0.000219882758621
2010-01-25,0.000252694581281
2010-01-26,0.000229594059406
2010-01-27,0.000218480225989
2010-01-28,0.000240705202312
2010-01-29,0.000222756476684
2010-01-30,0.000226611111111
2010-01-31,0.000233286407767
2010-02-01,0.000244229050279
2010-02-02,0.000215429577465
2010-02-03,0.000228740740741
2010-02-04,0.000221753246753
2010-02-05,0.000346346938776
2010-02-06,0.000227523560209
2010-02-07,0.000227033816425
2010-02-08,0.000291331753555
2010-02-09,0.000218224880383
2010-02-10,0.000950540880503
2010-02-11,0.000226578651685
2010-02-12,0.000269882352941
2010-02-13,0.00023878125
2010-02-14,0.000292961165049
2010-02-15,0.000258908108108
2010-02-16,0.000246914285714
2010-02-17,0.000234775862069
2010-02-18,0.000240912663755
2010-02-19,0.000227748603352
2010-02-20,0.000218369369369
2010-02-21,0.000233892523364
2010-02-22,0.000383960784314
2010-02-23,0.000216334661355
2010-02-24,0.000281721052632
2010-02-25,0.000226905405405
2010-02-26,0.000318676470588
2010-02-27,0.000223416184971
2010-02-28,0.000291450617284
2010-03-01,0.000228225806452
2010-03-02,0.000248005102041
2010-03-03,0.000220128378378
2010-03-04,0.000295802197802
2010-03-05,0.000465874285714
2010-03-06,0.000275076502732
2010-03-07,0.00029489017341
2010-03-08,0.000370110294118
2010-03-09,0.000277486486486
2010-03-10,0.000232087248322
2010-03-11,0.000288479452055
2010-03-12,0.000220728813559
2010-03-13,0.000243582278481
2010-03-14,0.000227016
2010-03-15,0.000223758064516
2010-03-16,0.000219161764706
2010-03-17,0.000259170731707
2010-03-18,0.000224628205128
2010-03-19,0.000371007518797
2010-03-20,0.000267533678756
2010-03-21,0.000236397790055
2010-03-22,0.000246796610169
2010-03-23,0.000258741463415
2010-03-24,0.000239971264368
2010-03-25,0.000432338709677
2010-03-26,0.000250984615385
2010-03-27,0.000256201149425
2010-03-28,0.000225974226804
2010-03-29,0.000261817708333
2010-03-30,0.000223146919431
2010-03-31,0.00022861352657
2010-04-01,0.000233592592593
2010-04-02,0.000239283783784
2010-04-03,0.000235765060241
2010-04-04,0.000249277108434
2010-04-05,0.00027934939759
2010-04-06,0.00037864137931
2010-04-07,0.000282715025907
2010-04-08,0.000264866666667
2010-04-09,0.00025486440678
2010-04-10,0.000431445833333
2010-04-11,0.000294129707113
2010-04-12,0.000338958525346
2010-04-13,0.000265054545455
2010-04-14,0.000287665
2010-04-15,0.000655266990291
2010-04-16,0.000319237623762
2010-04-17,0.00029749047619
2010-04-18,0.00130918490566
2010-04-19,0.00281600460829
2010-04-20,0.000461834146341
2010-04-21,0.000266701357466
2010-04-22,0.00031788700565
2010-04-23,0.000301906666667
2010-04-24,0.000393163265306
2010-04-25,0.000315059171598
2010-04-26,0.000356264705882
2010-04-27,0.000307541176471
2010-04-28,0.000326982857143
2010-04-29,0.000292377358491
2010-04-30,0.000272954248366
2010-05-01,0.000268153374233
2010-05-02,0.000257170588235
2010-05-03,0.00030974375
2010-05-04,0.000323738461538
2010-05-05,0.000471746575342
2010-05-06,0.000340443708609
2010-05-07,0.000458847328244
2010-05-08,0.000266182432432
2010-05-09,0.000540161971831
2010-05-10,0.000312313868613
2010-05-11,0.000325852173913
2010-05-12,0.000295099173554
2010-05-13,0.000374138461538
2010-05-14,0.000348691666667
2010-05-15,0.00337532075472
2010-05-16,0.0002910625
2010-05-17,0.000324597222222
2010-05-18,0.000320791666667
2010-05-19,0.000373018518519
2010-05-20,0.000286890710383
2010-05-21,0.000314686486486
2010-05-22,0.000308697916667
2010-05-23,0.00048776744186
2010-05-24,0.000332426315789
2010-05-25,0.000305553488372
2010-05-26,0.000316462264151
2010-05-27,0.000377820512821
2010-05-28,0.000280803652968
2010-05-29,0.00033876142132
2010-05-30,0.000343125827815
2010-05-31,0.000287460526316
2010-06-01,0.000362263157895
2010-06-02,0.000322353383459
2010-06-03,0.000393375796178
2010-06-04,0.000352917293233
2010-06-05,0.000304489208633
2010-06-06,0.000330430463576
2010-06-07,0.000471544871795
2010-06-08,0.000365335443038
2010-06-09,0.000298320987654
2010-06-10,0.000342736526946
2010-06-11,0.000355458333333
2010-06-12,0.000416627737226
2010-06-13,0.000326639751553
2010-06-14,0.000463611842105
2010-06-15,0.000383658163265
2010-06-16,0.000332795918367
2010-06-17,0.000398741258741
2010-06-18,0.000287412162162
2010-06-19,0.000468702531646
2010-06-20,0.000320213872832
2010-06-21,0.000372203703704
2010-06-22,0.000388993670886
2010-06-23,0.000357485380117
2010-06-24,0.000355912087912
2010-06-25,0.000347513157895
2010-06-26,0.000282509202454
2010-06-27,0.000325729559748
2010-06-28,0.000329337423313
2010-06-29,0.000446801242236
2010-06-30,0.00064835326087
2010-07-01,0.000830182692308
2010-07-02,0.000344245714286
2010-07-03,0.000621565
2010-07-04,0.000341537634409
2010-07-05,0.00046575
2010-07-06,0.00033469047619
2010-07-07,0.00043324025974
2010-07-08,0.000341012658228
2010-07-09,0.000318920634921
2010-07-10,0.000350866666667
2010-07-11,0.000347338983051
2010-07-12,0.000900081871345
2010-07-13,0.000605849462366
2010-07-14,0.00265340766551
2010-07-15,0.00101535576923
2010-07-16,0.000637025083612
2010-07-17,0.000788092896175
2010-07-18,0.000713720670391
2010-07-19,0.000959512195122
2010-07-20,0.00111605617978
2010-07-21,0.000661321782178
2010-07-22,0.000577754010695
2010-07-23,0.000511175257732
2010-07-24,0.000559156756757
2010-07-25,0.00426296728972
2010-07-26,0.000535184615385
2010-07-27,0.00136654285714
2010-07-28,0.000923722222222
2010-07-29,0.00470955428571
2010-07-30,0.000736846153846
2010-07-31,0.000527296296296
2010-08-01,0.000403316742081
2010-08-02,0.000431838582677
2010-08-03,0.000736513157895
2010-08-04,0.000524587719298
2010-08-05,0.000886631147541
2010-08-06,0.00073198136646
2010-08-07,0.000703964788732
2010-08-08,0.000486911458333
2010-08-09,0.00061219047619
2010-08-10,0.0013738115942
2010-08-11,0.000535078341014
2010-08-12,0.000459041284404
2010-08-13,0.000794525345622
2010-08-14,0.00043622605364
2010-08-15,0.000512396363636
2010-08-16,0.000754655172414
2010-08-17,0.000958648854962
2010-08-18,0.00197306015038
2010-08-19,0.000714942857143
2010-08-20,0.000648694610778
2010-08-21,0.000528054347826
2010-08-22,0.000490673366834
2010-08-23,0.000494843317972
2010-08-24,0.000434224390244
2010-08-25,0.000772365638767
2010-08-26,0.000499177884615
2010-08-27,0.000549179775281
2010-08-28,0.000545592178771
2010-08-29,0.000494443037975
2010-08-30,0.000600879194631
2010-08-31,0.00106710285714
2010-09-01,0.000832289772727
2010-09-02,0.000572331125828
2010-09-03,0.0005302625
2010-09-04,0.000443659217877
2010-09-05,0.000532586419753
2010-09-06,0.000487065088757
2010-09-07,0.000515357615894
2010-09-08,0.000519572368421
2010-09-09,0.000665894039735
2010-09-10,0.00062549122807
2010-09-11,0.000467783950617
2010-09-12,0.000573863387978
2010-09-13,0.000844920731707
2010-09-14,0.000665548717949
2010-09-15,0.000732111702128
2010-09-16,0.000549052631579
2010-09-17,0.00043887962963
2010-09-18,0.000740025316456
2010-09-19,0.00048389047619
2010-09-20,0.000582796208531
2010-09-21,0.0011303220339
2010-09-22,0.0015433699422
2010-09-23,0.00100934433962
2010-09-24,0.000650691056911
2010-09-25,0.000634816831683
2010-09-26,0.000697710659898
2010-09-27,0.00083606302521
2010-09-28,0.000835134259259
2010-09-29,0.00250336158192
2010-09-30,0.00098270212766
2010-10-01,0.00107206410256
2010-10-02,0.00141085321101
2010-10-03,0.00119123966942
2010-10-04,0.000898461038961
2010-10-05,0.000970455284553
2010-10-06,0.000829907894737
2010-10-07,0.000686947976879
2010-10-08,0.000786322580645
2010-10-09,0.000908490196078
2010-10-10,0.00070376744186
2010-10-11,0.000633018181818
2010-10-12,0.0006982375
2010-10-13,0.000674828402367
2010-10-14,0.000803447916667
2010-10-15,0.000513108108108
2010-10-16,0.000595481171548
2010-10-17,0.000486127659574
2010-10-18,0.00062745210728
2010-10-19,0.00126186831276
2010-10-20,0.000999491452991
2010-10-21,0.000809506437768
2010-10-22,0.00102232026144
2010-10-23,0.00110545977011
2010-10-24,0.000731708994709
2010-10-25,0.000634438095238
2010-10-26,0.000671458677686
2010-10-27,0.000904466981132
2010-10-28,0.000710953488372
2010-10-29,0.000631425531915
2010-10-30,0.000660791666667
2010-10-31,0.00047793956044
2010-11-01,0.000615430851064
2010-11-02,0.000474732142857
2010-11-03,0.000476268656716
2010-11-04,0.000485916230366
2010-11-05,0.000625456621005
2010-11-06,0.000612702970297
2010-11-07,0.000559423387097
2010-11-08,0.000842501915709
2010-11-09,0.0005561125
2010-11-10,0.000525642487047
2010-11-11,0.000535823275862
2010-11-12,0.000438830409357
2010-11-13,0.000453844748858
2010-11-14,0.000526407563025
2010-11-15,0.00314491402715
2010-11-16,0.0178565801105
2010-11-17,0.000504808
2010-11-18,0.000455174904943
2010-11-19,0.0106017289157
2010-11-20,0.024283
2010-11-21,0.0175930666667
2010-11-22,0.0006892125
2010-11-23,0.000711256944444
2010-11-24,0.00363227027027
2010-11-25,0.0129298355263
2010-11-26,0.00194627586207
2010-11-27,0.000929431693989
2010-11-28,0.000780228915663
2010-11-29,0.000594268867925
2010-11-30,0.00066300952381
2010-12-01,0.000800531073446
2010-12-02,0.000816160621762
2010-12-03,0.000684088541667
2010-12-04,0.000562136986301
2010-12-05,0.000529831932773
2010-12-06,0.0004936625
2010-12-07,0.000678386266094
2010-12-08,0.000690181818182
2010-12-09,0.000626132
2010-12-10,0.000717946666667
2010-12-11,0.000904680232558
2010-12-12,0.000924764367816
2010-12-13,0.00148797368421
2010-12-14,0.00138856441718
2010-12-15,0.000963865921788
2010-12-16,0.00078476344086
2010-12-17,0.000813433526012
2010-12-18,0.00107956962025
2010-12-19,0.00102208695652
2010-12-20,0.00163061006289
2010-12-21,0.000893446700508
2010-12-22,0.001265
2010-12-23,0.00116790909091
2010-12-24,0.00111351333333
2010-12-25,0.00088337037037
2010-12-26,0.00123429251701
2010-12-27,0.000952745341615
2010-12-28,0.00115266272189
2010-12-29,0.00106109302326
2010-12-30,0.001118775
2010-12-31,0.000985908536585
2011-01-01,0.00100907303371
2011-01-02,0.000984077777778
2011-01-03,0.00187244512195
2011-01-04,0.00240717605634
2011-01-05,0.00223195333333
2011-01-06,0.00181420408163
2011-01-07,0.001660625
2011-01-08,0.001965671875
2011-01-09,0.00214500657895
2011-01-10,0.00232802994012
2011-01-11,0.00229008024691
2011-01-12,0.00206937724551
2011-01-13,0.0019143027027
2011-01-14,0.00218895977011
2011-01-15,0.00168487790698
2011-01-16,0.00197892485549
2011-01-17,0.00136477456647
2011-01-18,0.00175111538462
2011-01-19,0.00166723163842
2011-01-20,0.00146958333333
2011-01-21,0.00182092696629
2011-01-22,0.00322237804878
2011-01-23,0.00229658235294
2011-01-24,0.00237680555556
2011-01-25,0.00192625641026
2011-01-26,0.00147098461538
2011-01-27,0.0019316375
2011-01-28,0.00198780368098
2011-01-29,0.00293268666667
2011-01-30,0.00401015243902
2011-01-31,0.00575808
2011-02-01,0.00222672625698
2011-02-02,0.00238365432099
2011-02-03,0.00161518791946
2011-02-04,0.00152610526316
2011-02-05,0.00157487431694
2011-02-06,0.00166917714286
2011-02-07,0.00134909223301
2011-02-08,0.00152833139535
2011-02-09,0.0016766284153
2011-02-10,0.00338155026455
2011-02-11,0.00383996335079
2011-02-12,0.00313104736842
2011-02-13,0.00264332843137
2011-02-14,0.00379358064516
2011-02-15,0.00342196226415
2011-02-16,0.00251511255411
2011-02-17,0.0028655375
2011-02-18,0.00305852777778
2011-02-19,0.00343548863636
2011-02-20,0.00261826595745
2011-02-21,0.00307080107527
2011-02-22,0.00301751886792
2011-02-23,0.00309355144033
2011-02-24,0.00285135981308
2011-02-25,0.00290838738739
2011-02-26,0.00251033466135
2011-02-27,0.00261546494465
2011-02-28,0.00351992814371
2011-03-01,0.00483239230769
2011-03-02,0.00531863313609
2011-03-03,0.00489398907104
2011-03-04,0.00353198492462
2011-03-05,0.00256699622642
2011-03-06,0.00283335185185
2011-03-07,0.00293262978723
2011-03-08,0.0044584507772
2011-03-09,0.00391029746835
2011-03-10,0.00412505882353
2011-03-11,0.00506271851852
2011-03-12,0.00611762773723
2011-03-13,0.00599928571429
2011-03-14,0.00805876068376
2011-03-15,0.00860589690722
2011-03-16,0.00662354109589
2011-03-17,0.00697039694656
2011-03-18,0.00589897826087
2011-03-19,0.0085831559633
2011-03-20,0.006207824
2011-03-21,0.014391883871
2011-03-22,0.005704
2011-03-23,0.00944086486486
2011-03-24,0.00499834210526
2011-03-25,0.00480257407407
2011-03-26,0.00749824822695
2011-03-27,0.00563696732026
2011-03-28,0.00751121472393
2011-03-29,0.00635001298701
2011-03-30,0.00389839102564
2011-03-31,0.0040810990099
2011-04-01,0.00334802857143
2011-04-02,0.00360707936508
2011-04-03,0.0034141257485
2011-04-04,0.00448003333333
2011-04-05,0.00406278217822
2011-04-06,0.00469551079137
2011-04-07,0.00401234567901
2011-04-08,0.00418512179487
2011-04-09,0.00397670440252
2011-04-10,0.00367424404762
2011-04-11,0.00495605194805
2011-04-12,0.00520439520958
2011-04-13,0.0049487960199
2011-04-14,0.00630791411043
2011-04-15,0.00712181481481
2011-04-16,0.00615156287425
2011-04-17,0.00477456741573
2011-04-18,0.00638890384615
2011-04-19,0.00893185815603
2011-04-20,0.00961428472222
2011-04-21,0.00415923636364
2011-04-22,0.00477268208092
2011-04-23,0.00487695294118
2011-04-24,0.00677563924051
2011-04-25,0.00595885638298
2011-04-26,0.00536056994819
2011-04-27,0.0101313578947
2011-04-28,0.00864249056604
2011-04-29,0.00657982178218
2011-04-30,0.00893652972973
2011-05-01,0.00939803061224
2011-05-02,0.00632066853933
2011-05-03,0.00605021256039
2011-05-04,0.00658934408602
2011-05-05,0.0059795
2011-05-06,0.00691887437186
2011-05-07,0.00643911415525
2011-05-08,0.00516038349515
2011-05-09,0.0061431686747
2011-05-10,0.00686655
2011-05-11,0.00811867379679
2011-05-12,0.00688559146341
2011-05-13,0.0100488656716
2011-05-14,0.00733200403226
2011-05-15,0.008049
2011-05-16,0.00845779464286
2011-05-17,0.00725489615385
2011-05-18,0.00761551590106
2011-05-19,0.0118703093923
2011-05-20,0.00906098214286
2011-05-21,0.00932999530516
2011-05-22,0.00835532283465
2011-05-23,0.00849203610108
2011-05-24,0.00727101355932
2011-05-25,0.00874825684932
2011-05-26,0.00908250943396
2011-05-27,0.010893479798
2011-05-28,0.0126404774194
2011-05-29,0.0111636878613
2011-05-30,0.0127300392157
2011-05-31,0.0175993066667
2011-06-01,0.0139216910112
2011-06-02,0.0161606894737
2011-06-03,0.0198121625616
2011-06-04,0.0176929212963
2011-06-05,0.0154375384615
2011-06-06,0.015958724
2011-06-07,0.0219830295858
2011-06-08,0.027564
2011-06-09,0.0267728396226
2011-06-10,0.0205208097345
2011-06-11,0.0197123275862
2011-06-12,0.0207991260504
2011-06-13,0.0216233346939
2011-06-14,0.0229390444444
2011-06-15,0.0207665212766
2011-06-16,0.0250518059701
2011-06-17,0.0278893944444
2011-06-18,0.024158049505
2011-06-19,0.0222584429224
2011-06-20,0.0200485086207
2011-06-21,0.0164308398268
2011-06-22,0.0163195481481
2011-06-23,0.0176669117647
2011-06-24,0.017696625
2011-06-25,0.0267927549669
2011-06-26,0.0264212516129
2011-06-27,0.03388623125
2011-06-28,0.0301092679739
2011-06-29,0.0239976949153
2011-06-30,0.0231412928177
2011-07-01,0.0226729555556
2011-07-02,0.0252553828571
2011-07-03,0.02000065625
2011-07-04,0.0238765853659
2011-07-05,0.0250682913907
2011-07-06,0.0303115320513
2011-07-07,0.0311426470588
2011-07-08,0.0233702176871
2011-07-09,0.022681164557
2011-07-10,0.0263813819444
2011-07-11,0.0269315704698
2011-07-12,0.0265944583333
2011-07-13,0.0212980983607
2011-07-14,0.0239667727273
2011-07-15,0.0220054720497
2011-07-16,0.0210016540881
2011-07-17,0.0229913846154
2011-07-18,0.0275093856209
2011-07-19,0.02699975
2011-07-20,0.0267926503497
2011-07-21,0.0247112516129
2011-07-22,0.0247545944056
2011-07-23,0.0245233586207
2011-07-24,0.0193711761364
2011-07-25,0.0278744713376
2011-07-26,0.0226245029586
2011-07-27,0.0211489444444
2011-07-28,0.0220292634731
2011-07-29,0.0195721180124
2011-07-30,0.0185224802632
2011-07-31,0.0189223809524
2011-08-01,0.0199783942857
2011-08-02,0.0271951768707
2011-08-03,0.022020408805
2011-08-04,0.0270089473684
2011-08-05,0.0227670869565
2011-08-06,0.0257693467742
2011-08-07,0.0222477209302
2011-08-08,0.0287346511628
2011-08-09,0.0291677067669
2011-08-10,0.0213049759036
2011-08-11,0.024268837037
2011-08-12,0.0215221459854
2011-08-13,0.0236843828125
2011-08-14,0.0281337804878
2011-08-15,0.0266248321678
2011-08-16,0.0291575333333
2011-08-17,0.0277746821705
2011-08-18,0.0207413987342
2011-08-19,0.0262231037037
2011-08-20,0.0220006758621
2011-08-21,0.0210086206897
2011-08-22,0.0201932329545
2011-08-23,0.0194189647059
2011-08-24,0.0244224885496
2011-08-25,0.0235672265625
2011-08-26,0.0217706753247
2011-08-27,0.0259843358779
2011-08-28,0.0208265526316
2011-08-29,0.026202248
2011-08-30,0.021230716129
2011-08-31,0.019809781457
2011-09-01,0.0237748503937
2011-09-02,0.0178291666667
2011-09-03,0.018552528169
2011-09-04,0.0402991269841
2011-09-05,0.020788974026
2011-09-06,0.0226471466667
2011-09-07,0.0211076802721
2011-09-08,0.022094104
2011-09-09,0.0270340785714
2011-09-10,0.0227862307692
2011-09-11,0.0202667971014
2011-09-12,0.0233267846154
2011-09-13,0.0206855882353
2011-09-14,0.0183580526316
2011-09-15,0.0169182364865
2011-09-16,0.021916531746
2011-09-17,0.0201462926829
2011-09-18,0.0141410179641
2011-09-19,0.0229944836066
2011-09-20,0.027390705036
2011-09-21,0.0264188648649
2011-09-22,0.0194530466667
2011-09-23,0.0193184402985
2011-09-24,0.0221707903226
2011-09-25,0.0180707746479
2011-09-26,0.0192489489051
2011-09-27,0.0194155073529
2011-09-28,0.0177837744361
2011-09-29,0.0173856343284
2011-09-30,0.0191161463415
2011-10-01,0.0178083014706
2011-10-02,0.0157569847328
2011-10-03,0.0194906076923
2011-10-04,0.0183595769231
2011-10-05,0.019001919708
2011-10-06,0.0200618345865
2011-10-07,0.0185908515625
2011-10-08,0.0183262945736
2011-10-09,0.0195288617886
2011-10-10,0.0193718135593
2011-10-11,0.0242795660377
2011-10-12,0.0237969579832
2011-10-13,0.0226179010989
2011-10-14,0.0191043082707
2011-10-15,0.0173183687943
2011-10-16,0.0168438699187
2011-10-17,0.0235081504425
2011-10-18,0.0191396299213
2011-10-19,0.0158494469697
2011-10-20,0.0178689223301
2011-10-21,0.0151356884058
2011-10-22,0.0206501382979
2011-10-23,0.0220000952381
2011-10-24,0.0192235447154
2011-10-25,0.0173691
2011-10-26,0.0202813853211
2011-10-27,0.0171303652174
2011-10-28,0.0218745294118
2011-10-29,0.0217026722689
2011-10-30,0.0203806701031
2011-10-31,0.0148399124088
2011-11-01,0.0158269931507
2011-11-02,0.0151431854305
2011-11-03,0.0174907952756
2011-11-04,0.0187449440559
2011-11-05,0.0189490066667
2011-11-06,0.0135290405405
2011-11-07,0.0173665496183
2011-11-08,0.0183062592593
2011-11-09,0.0173091301775
2011-11-10,0.0185822
2011-11-11,0.0190111803279
2011-11-12,0.0176738296296
2011-11-13,0.0136482585034
2011-11-14,0.0182159705882
2011-11-15,0.0168181791908
2011-11-16,0.0184516015038
2011-11-17,0.0174267862069
2011-11-18,0.0159183129771
2011-11-19,0.0167428992248
2011-11-20,0.0178798125
2011-11-21,0.0151687333333
2011-11-22,0.0172034814815
2011-11-23,0.0174055801527
2011-11-24,0.0194949107143
2011-11-25,0.0171924230769
2011-11-26,0.0177021732283
2011-11-27,0.0173097807018
2011-11-28,0.0203349516129
2011-11-29,0.0217432374101
2011-11-30,0.019062609589
2011-12-01,0.0186013027027
2011-12-02,0.0174148407643
2011-12-03,0.01690016
2011-12-04,0.0156591094891
2011-12-05,0.0170470375
2011-12-06,0.0183092704403
2011-12-07,0.021510707483
2011-12-08,0.0175812792208
2011-12-09,0.0161173774834
2011-12-10,0.0153768980892
2011-12-11,0.0169413103448
2011-12-12,0.0191634552239
2011-12-13,0.0195336821705
2011-12-14,0.0156908680556
2011-12-15,0.017576300813
2011-12-16,0.0189291451613
2011-12-17,0.0140854178082
2011-12-18,0.0136345238095
2011-12-19,0.0162191854305
2011-12-20,0.0254560148148
2011-12-21,0.0165731225806
2011-12-22,0.0181945144928
2011-12-23,0.0163956381579
2011-12-24,0.0150948409091
2011-12-25,0.0125510689655
2011-12-26,0.0136405174419
2011-12-27,0.0151436666667
2011-12-28,0.01512992
2011-12-29,0.0156155857143
2011-12-30,0.0170220078125
2011-12-31,0.0154306024845
2012-01-01,0.0154207852349
2012-01-02,0.0198423947368
2012-01-03,0.0182650555556
2012-01-04,0.0174022792208
2012-01-05,0.0248864557823
2012-01-06,0.0214177235294
2012-01-07,0.0175938618785
2012-01-08,0.0201512919255
2012-01-09,0.0206863664596
2012-01-10,0.0246097739726
2012-01-11,0.0287034605263
2012-01-12,0.022472060241
2012-01-13,0.025067266129
2012-01-14,0.017763375
2012-01-15,0.0205450067568
2012-01-16,0.0212559177215
2012-01-17,0.0186360253165
2012-01-18,0.0243398873239
2012-01-19,0.0221898676471
2012-01-20,0.0223612971014
2012-01-21,0.016828972067
2012-01-22,0.0180393923077
2012-01-23,0.0151812105263
2012-01-24,0.0228022444444
2012-01-25,0.0245493741935
2012-01-26,0.0228669153846
2012-01-27,0.0225891366906
2012-01-28,0.0175282387097
2012-01-29,0.0195497177914
2012-01-30,0.0161185301205
2012-01-31,0.018002664557
2012-02-01,0.0246948518519
2012-02-02,0.0198642760736
2012-02-03,0.0208661375
2012-02-04,0.0213869878049
2012-02-05,0.0216513308824
2012-02-06,0.0196650540541
2012-02-07,0.0199843846154
2012-02-08,0.021974030303
2012-02-09,0.0238502361111
2012-02-10,0.0249955238095
2012-02-11,0.0254366521739
2012-02-12,0.02026495
2012-02-13,0.0236193129252
2012-02-14,0.0327553308824
2012-02-15,0.028757084507
2012-02-16,0.0339984573643
2012-02-17,0.0221596549296
2012-02-18,0.0163119771429
2012-02-19,0.0159931146497
2012-02-20,0.0180716849315
2012-02-21,0.0210746171875
2012-02-22,0.0207638598726
2012-02-23,0.0212871428571
2012-02-24,0.0241175517241
2012-02-25,0.0189804610778
2012-02-26,0.0170366052632
2012-02-27,0.0191431265823
2012-02-28,0.0204083266667
2012-02-29,0.0161983978495
2012-03-01,0.021509025641
2012-03-02,0.0278850601504
2012-03-03,0.0224172521008
2012-03-04,0.0203162846154
2012-03-05,0.0246849393939
2012-03-06,0.0232791824324
2012-03-07,0.0209478791946
2012-03-08,0.0197188782051
2012-03-09,0.0176445963855
2012-03-10,0.020388
2012-03-11,0.019347406015
2012-03-12,0.0160776035503
2012-03-13,0.0213640263158
2012-03-14,0.0294702971014
2012-03-15,0.0259458604651
2012-03-16,0.0204562727273
2012-03-17,0.0194989127907
2012-03-18,0.0161562948718
2012-03-19,0.0191641139241
2012-03-20,0.0200339256757
2012-03-21,0.0193119444444
2012-03-22,0.0194362884615
2012-03-23,0.0208532692308
2012-03-24,0.0165096395349
2012-03-25,0.0167944131737
2012-03-26,0.0205342105263
2012-03-27,0.0194131418919
2012-03-28,0.0212904025157
2012-03-29,0.0240403093525
2012-03-30,0.0216587866667
2012-03-31,0.0176040490798
2012-04-01,0.0173411666667
2012-04-02,0.0227043543307
2012-04-03,0.0278548046875
2012-04-04,0.0236414822695
2012-04-05,0.0291460840336
2012-04-06,0.0289079430894
2012-04-07,0.0217000909091
2012-04-08,0.0181957534247
2012-04-09,0.0180346754967
2012-04-10,0.0260297622378
2012-04-11,0.0236858951049
2012-04-12,0.0289568478261
2012-04-13,0.0276110555556
2012-04-14,0.0269770451128
2012-04-15,0.0265533076923
2012-04-16,0.0275343082707
2012-04-17,0.0293771971831
2012-04-18,0.0340130491803
2012-04-19,0.0245480897436
2012-04-20,0.024234883871
2012-04-21,0.0282844353741
2012-04-22,0.0205579194631
2012-04-23,0.0220389932432
2012-04-24,0.0267520650407
2012-04-25,0.0260437536232
2012-04-26,0.0274059935065
2012-04-27,0.0266830873016
2012-04-28,0.0214745897436
2012-04-29,0.0206564096386
2012-04-30,0.0236678579882
2012-05-01,0.0255369944134
2012-05-02,0.0288341103896
2012-05-03,0.0332343855422
2012-05-04,0.0417400709677
2012-05-05,0.0381098333333
2012-05-06,0.0357023372093
2012-05-07,0.042567374269
2012-05-08,0.0406912204301
2012-05-09,0.0523483841463
2012-05-10,0.0412877083333
2012-05-11,0.0517739268293
2012-05-12,0.0697644014599
2012-05-13,0.0467434242424
2012-05-14,0.0851692657343
2012-05-15,0.072403351145
2012-05-16,0.0817551696429
2012-05-17,0.0603718728814
2012-05-18,0.0677074375
2012-05-19,0.11609309589
2012-05-20,0.100994267606
2012-05-21,0.0981084545455
2012-05-22,0.095403017094
2012-05-23,0.0978398677686
2012-05-24,0.0850014074074
2012-05-25,0.111374646552
2012-05-26,0.0757234814815
2012-05-27,0.0610583963415
2012-05-28,0.101638485507
2012-05-29,0.103117860294
2012-05-30,0.0969963833333
2012-05-31,0.0638975616438
2012-06-01,0.0750191721854
2012-06-02,0.0519311410256
2012-06-03,0.0728075316456
2012-06-04,0.128801470199
2012-06-05,0.147368279412
2012-06-06,0.0483754674556
2012-06-07,0.107108261905
2012-06-08,0.0799416689189
2012-06-09,0.085606257485
2012-06-10,0.0973006823529
2012-06-11,0.0983253636364
2012-06-12,0.0726647357143
2012-06-13,0.137665876543
2012-06-14,0.175275684932
2012-06-15,0.160001654088
2012-06-16,0.1393339625
2012-06-17,0.105141092025
2012-06-18,0.110690656051
2012-06-19,0.0958652307692
2012-06-20,0.118343705882
2012-06-21,0.100368368852
2012-06-22,0.0865639078014
2012-06-23,0.0637574320988
2012-06-24,0.0714158642857
2012-06-25,0.0763837647059
2012-06-26,0.0960080472973
2012-06-27,0.0821886604938
2012-06-28,0.0896963259259
2012-06-29,0.0671240928571
2012-06-30,0.070268556338
2012-07-01,0.0596408985507
2012-07-02,0.0619124720497
2012-07-03,0.0679080896552
2012-07-04,0.0611610943396
2012-07-05,0.0721942262774
2012-07-06,0.0636975098039
2012-07-07,0.0635570705882
2012-07-08,0.0612823116883
2012-07-09,0.0674311575758
2012-07-10,0.0967255430464
2012-07-11,0.0954950072993
2012-07-12,0.0787510993377
2012-07-13,0.0654708944099
2012-07-14,0.0775100805369
2012-07-15,0.0743114563758
2012-07-16,0.0932885472973
2012-07-17,0.0870971412429
2012-07-18,0.0929550331126
2012-07-19,0.103590118881
2012-07-20,0.11505281295
2012-07-21,0.10836032
2012-07-22,0.0876327482014
2012-07-23,0.0998181933333
2012-07-24,0.0821879689441
2012-07-25,0.0791642727273
2012-07-26,0.0739709662921
2012-07-27,0.0659902440476
2012-07-28,0.0795506
2012-07-29,0.0953196689655
2012-07-30,0.0923765459459
2012-07-31,0.115759428571
2012-08-01,0.111384241135
2012-08-02,0.0851369025974
2012-08-03,0.0757594450867
2012-08-04,0.0829893733333
2012-08-05,0.0922645034483
2012-08-06,0.10374741844
2012-08-07,0.076450033557
2012-08-08,0.0932752
2012-08-09,0.0859794025157
2012-08-10,0.0722908170732
2012-08-11,0.0754754936709
2012-08-12,0.0797424733728
2012-08-13,0.133975627451
2012-08-14,0.0983537239264
2012-08-15,0.127678701754
2012-08-16,0.141008253247
2012-08-17,0.117367545455
2012-08-18,0.111775878378
2012-08-19,0.108494094937
2012-08-20,0.0876415291005
2012-08-21,0.0902503038674
2012-08-22,0.110619919463
2012-08-23,0.0794139030303
2012-08-24,0.0795476410256
2012-08-25,0.108947419847
2012-08-26,0.0710854659091
2012-08-27,0.0885204630872
2012-08-28,0.0853607466667
2012-08-29,0.0829747168675
2012-08-30,0.0831273860759
2012-08-31,0.11921920979
2012-09-01,0.104341993865
2012-09-02,0.0851295424837
2012-09-03,0.0974357388889
2012-09-04,0.1279566875
2012-09-05,0.0989285388889
2012-09-06,0.100259182796
2012-09-07,0.0820598837209
2012-09-08,0.101257178571
2012-09-09,0.0817220980392
2012-09-10,0.0944733680556
2012-09-11,0.0998907341772
2012-09-12,0.0946905531915
2012-09-13,0.0839888206897
2012-09-14,0.0976287098765
2012-09-15,0.092432958042
2012-09-16,0.0827753066667
2012-09-17,0.0648712840909
2012-09-18,0.0802937664671
2012-09-19,0.0990936713287
2012-09-20,0.0954172176871
2012-09-21,0.0841469325153
2012-09-22,0.0698026627907
2012-09-23,0.0740458657718
2012-09-24,0.0904439294872
2012-09-25,0.0678016644295
2012-09-26,0.095432020979
2012-09-27,0.0940506573427
2012-09-28,0.0830097804878
2012-09-29,0.0726343630952
2012-09-30,0.0673749934211
2012-10-01,0.0815146216216
2012-10-02,0.0978456838235
2012-10-03,0.114687391304
2012-10-04,0.109002671642
2012-10-05,0.111420007353
2012-10-06,0.112389401408
2012-10-07,0.113806824818
2012-10-08,0.106430614458
2012-10-09,0.114743172414
2012-10-10,0.0964571006711
2012-10-11,0.0989577101449
2012-10-12,0.0750245960265
2012-10-13,0.116542089041
2012-10-14,0.0900322318841
2012-10-15,0.0904273821656
2012-10-16,0.105828381579
2012-10-17,0.115673276596
2012-10-18,0.0904330903226
2012-10-19,0.0908548805031
2012-10-20,0.0983128333333
2012-10-21,0.113208493671
2012-10-22,0.0958202710843
2012-10-23,0.137138605839
2012-10-24,0.102894628205
2012-10-25,0.100179427536
2012-10-26,0.0681523726708
2012-10-27,0.0473815449438
2012-10-28,0.0528430236686
2012-10-29,0.0648401392405
2012-10-30,0.0935076577181
2012-10-31,0.0940449352518
2012-11-01,0.0901593777778
2012-11-02,0.0867298758621
2012-11-03,0.081197965035
2012-11-04,0.066290975
2012-11-05,0.102939960784
2012-11-06,0.0970017941176
2012-11-07,0.109583936306
2012-11-08,0.0984421604938
2012-11-09,0.0874686206897
2012-11-10,0.0806643875
2012-11-11,0.0771755378788
2012-11-12,0.0801271843972
2012-11-13,0.0837724044118
2012-11-14,0.0903269097222
2012-11-15,0.121026786765
2012-11-16,0.121888560284
2012-11-17,0.123282524823
2012-11-18,0.0947786100629
2012-11-19,0.125830056911
2012-11-20,0.107200119497
2012-11-21,0.125993084416
2012-11-22,0.105204156463
2012-11-23,0.107090393103
2012-11-24,0.0846667592593
2012-11-25,0.112149950355
2012-11-26,0.106061421384
2012-11-27,0.0923353092105
2012-11-28,0.0988055857988
2012-11-29,0.111796436364
2012-11-30,0.100485434109
2012-12-01,0.104615325
2012-12-02,0.0651413311258
2012-12-03,0.07144214
2012-12-04,0.116665765766
2012-12-05,0.135177725
2012-12-06,0.127313972028
2012-12-07,0.119741951613
2012-12-08,0.105205644444
2012-12-09,0.113780538462
2012-12-10,0.128728528169
2012-12-11,0.11580742069
2012-12-12,0.12723224031
2012-12-13,0.138065639706
2012-12-14,0.17821425
2012-12-15,0.128304983051
2012-12-16,0.134223286957
2012-12-17,0.140739896825
2012-12-18,0.168283325397
2012-12-19,0.150771552448
2012-12-20,0.142986657407
2012-12-21,0.155839619835
2012-12-22,0.150349069444
2012-12-23,0.123511028986
2012-12-24,0.139969598425
2012-12-25,0.103873495935
2012-12-26,0.121897958333
2012-12-27,0.123995881988
2012-12-28,0.124636875
2012-12-29,0.13455169403
2012-12-30,0.11933031875
2012-12-31,0.0938529345238
2013-01-01,0.0783719939024
2013-01-02,0.110256173077
2013-01-03,0.10869891875
2013-01-04,0.157862460993
2013-01-05,0.110870355705
2013-01-06,0.104973640845
2013-01-07,0.110019832335
2013-01-08,0.117021131944
2013-01-09,0.153876425373
2013-01-10,0.159160013699
2013-01-11,0.192758264463
2013-01-12,0.170703571429
2013-01-13,0.159675737705
2013-01-14,0.13208025974
2013-01-15,0.15530915748
2013-01-16,0.185484479675
2013-01-17,0.175707439024
2013-01-18,0.192362024
2013-01-19,0.175502588652
2013-01-20,0.139318204545
2013-01-21,0.12736519863
2013-01-22,0.142759789063
2013-01-23,0.174310104478
2013-01-24,0.158340560811
2013-01-25,0.154846446043
2013-01-26,0.161965346667
2013-01-27,0.157115230263
2013-01-28,0.163484263514
2013-01-29,0.16213362963
2013-01-30,0.145844917241
2013-01-31,0.115647942105
2013-02-01,0.166099045752
2013-02-02,0.162435900621
2013-02-03,0.156754460606
2013-02-04,0.147602426136
2013-02-05,0.13777827907
2013-02-06,0.130097142857
2013-02-07,0.174333074324
2013-02-08,0.192904901316
2013-02-09,0.166212477941
2013-02-10,0.155541213415
2013-02-11,0.168617396226
2013-02-12,0.187207006993
2013-02-13,0.166736394904
2013-02-14,0.152309335366
2013-02-15,0.154962659091
2013-02-16,0.124168867725
2013-02-17,0.126254430108
2013-02-18,0.134838795031
2013-02-19,0.153499506024
2013-02-20,0.16021500578
2013-02-21,0.13930684264
2013-02-22,0.165326198758
2013-02-23,0.171152006173
2013-02-24,0.153016347561
2013-02-25,0.153000748718
2013-02-26,0.179643916129
2013-02-27,0.142206527094
2013-02-28,0.16660994152
2013-03-01,0.194086126582
2013-03-02,0.18938842
2013-03-03,0.150974157895
2013-03-04,0.169243765714
2013-03-05,0.17958524
2013-03-06,0.194243271605
2013-03-07,0.199694032895
2013-03-08,0.206946280822
2013-03-09,0.131153882353
2013-03-10,0.179255540541
2013-03-11,0.173652021505
2013-03-12,0.179143491525
2013-03-13,0.174218155844
2013-03-14,0.151476254054
2013-03-15,0.167441294118
2013-03-16,0.126131267045
2013-03-17,0.0795039704433
2013-03-18,0.104150463687
2013-03-19,0.121483598985
2013-03-20,0.108518026738
2013-03-21,0.118024309417
2013-03-22,0.131756475556
2013-03-23,0.140408995238
2013-03-24,0.111477041475
2013-03-25,0.181866441176
2013-03-26,0.155586192308
2013-03-27,0.192130857143
2013-03-28,0.16750172067
2013-03-29,0.182043873626
2013-03-30,0.172654662651
2013-03-31,0.186082242038
2013-04-01,0.126229844037
2013-04-02,0.174782565714
2013-04-03,0.183149230337
2013-04-04,0.2200245875
2013-04-05,0.191113631944
2013-04-06,0.164583077381
2013-04-07,0.198919969136
2013-04-08,0.18655564497
2013-04-09,0.172773928571
2013-04-10,0.182286902174
2013-04-11,0.209966926829
2013-04-12,0.17369300578
2013-04-13,0.156584540881
2013-04-14,0.159213159509
2013-04-15,0.16762768125
2013-04-16,0.171350699454
2013-04-17,0.163409173653
2013-04-18,0.150081582822
2013-04-19,0.229030776
2013-04-20,0.158832289655
2013-04-21,0.129583402299
2013-04-22,0.139890253086
2013-04-23,0.168084584906
2013-04-24,0.20045084
2013-04-25,0.186744742138
2013-04-26,0.15905522093
2013-04-27,0.148058572327
2013-04-28,0.126539065868
2013-04-29,0.14012601105
2013-04-30,0.185538865772
2013-05-01,0.167729950355
2013-05-02,0.189949277778
2013-05-03,0.183841367347
2013-05-04,0.156481733766
2013-05-05,0.157517538961
2013-05-06,0.160475509202
2013-05-07,0.167736460227
2013-05-08,0.153979337423
2013-05-09,0.185624319277
2013-05-10,0.196190101796
2013-05-11,0.192913994286
2013-05-12,0.181253988764
2013-05-13,0.164610788889
2013-05-14,0.201062353741
2013-05-15,0.212222204082
2013-05-16,0.209041110345
2013-05-17,0.180884925466
2013-05-18,0.166721190476
2013-05-19,0.144291915584
2013-05-20,0.166632369565
2013-05-21,0.179611758389
2013-05-22,0.157968626506
2013-05-23,0.162886937888
2013-05-24,0.162237777778
2013-05-25,0.1556465
2013-05-26,0.132647503106
2013-05-27,0.149877023256
2013-05-28,0.160390160494
2013-05-29,0.157464892857
2013-05-30,0.165432449704
2013-05-31,0.14865483871
2013-06-01,0.128308126263
2013-06-02,0.122370509804
2013-06-03,0.122037995215
2013-06-04,0.134134280952
2013-06-05,0.133270118812
2013-06-06,0.148913949438
2013-06-07,0.161852807453
2013-06-08,0.132591577381
2013-06-09,0.130462568862
2013-06-10,0.109047827778
2013-06-11,0.130823715909
2013-06-12,0.10893709
2013-06-13,0.104501145078
2013-06-14,0.130880860465
2013-06-15,0.109659568182
2013-06-16,0.0980069144385
2013-06-17,0.127332474026
2013-06-18,0.147116239726
2013-06-19,0.171229704
2013-06-20,0.155911547945
2013-06-21,0.146934861272
2013-06-22,0.116584616279
2013-06-23,0.104246431818
2013-06-24,0.132941447552
2013-06-25,0.139011668919
2013-06-26,0.108752624339
2013-06-27,0.131536753012
2013-06-28,0.133115309524
2013-06-29,0.116254937888
2013-06-30,0.0930506707317
2013-07-01,0.103226986928
2013-07-02,0.123954808917
2013-07-03,0.0904954742857
2013-07-04,0.0917274882353
2013-07-05,0.0930913728814
2013-07-06,0.088889106383
2013-07-07,0.0755923475936
2013-07-08,0.0922767473118
2013-07-09,0.0961539651741
2013-07-10,0.105460116959
2013-07-11,0.0991525885417
2013-07-12,0.145192351515
2013-07-13,0.129102033113
2013-07-14,0.0998727546012
2013-07-15,0.102441690058
2013-07-16,0.108564170732
2013-07-17,0.106713047337
2013-07-18,0.111031197674
2013-07-19,0.100441207101
2013-07-20,0.0806899144385
2013-07-21,0.0896997076923
2013-07-22,0.0933226333333
2013-07-23,0.127107793103
2013-07-24,0.121127266234
2013-07-25,0.145515941606
2013-07-26,0.110918668539
2013-07-27,0.100409090909
2013-07-28,0.0877309887006
2013-07-29,0.125856921687
2013-07-30,0.0983072
2013-07-31,0.127151130653
2013-08-01,0.115797081081
2013-08-02,0.128248142105
2013-08-03,0.123600346369
2013-08-04,0.122122356725
2013-08-05,0.113242625
2013-08-06,0.123815730159
2013-08-07,0.143385710227
2013-08-08,0.125402044554
2013-08-09,0.113114336538
2013-08-10,0.119099839196
2013-08-11,0.0860415654206
2013-08-12,0.108172113537
2013-08-13,0.145259296875
2013-08-14,0.152859201299
2013-08-15,0.171678508982
2013-08-16,0.173488773256
2013-08-17,0.136728411765
2013-08-18,0.119937314721
2013-08-19,0.174040606742
2013-08-20,0.16814579558
2013-08-21,0.135731359223
2013-08-22,0.129604846154
2013-08-23,0.128691009302
2013-08-24,0.130946715054
2013-08-25,0.146141097902
2013-08-26,0.155099650307
2013-08-27,0.165962261628
2013-08-28,0.171206700599
2013-08-29,0.131885010101
2013-08-30,0.142911448454
2013-08-31,0.109211246512
2013-09-01,0.0955159099099
2013-09-02,0.0950568042553
2013-09-03,0.134384427027
2013-09-04,0.130845471264
2013-09-05,0.158361791411
2013-09-06,0.146285326316
2013-09-07,0.147682785276
2013-09-08,0.135621993289
2013-09-09,0.126053238342
2013-09-10,0.128427145161
2013-09-11,0.109270169154
2013-09-12,0.113085557692
2013-09-13,0.10533902381
2013-09-14,0.0978202268519
2013-09-15,0.120215245902
2013-09-16,0.132381319527
2013-09-17,0.174924056497
2013-09-18,0.190756311258
2013-09-19,0.133411548718
2013-09-20,0.134961984456
2013-09-21,0.128372604278
2013-09-22,0.113969854369
2013-09-23,0.121675217195
2013-09-24,0.142057885572
2013-09-25,0.118698817757
2013-09-26,0.147218754386
2013-09-27,0.1313944375
2013-09-28,0.123372146199
2013-09-29,0.115716059524
2013-09-30,0.12107379878
2013-10-01,0.127038076531
2013-10-02,0.173018612717
2013-10-03,0.146254110577
2013-10-04,0.138865370787
2013-10-05,0.105627606635
2013-10-06,0.105841910891
2013-10-07,0.136872346405
2013-10-08,0.133442391026
2013-10-09,0.121559147541
2013-10-10,0.139706379487
2013-10-11,0.136584220339
2013-10-12,0.117169035533
2013-10-13,0.111230131004
2013-10-14,0.110007135659
2013-10-15,0.10741741129
2013-10-16,0.115167990868
2013-10-17,0.123072988827
2013-10-18,0.158385820809
2013-10-19,0.127125360731
2013-10-20,0.11660162963
2013-10-21,0.140945711443
2013-10-22,0.133684196787
2013-10-23,0.133434521327
2013-10-24,0.163932220096
2013-10-25,0.1294892875
2013-10-26,0.126152738693
2013-10-27,0.118722175141
2013-10-28,0.124013564246
2013-10-29,0.15362644586
2013-10-30,0.123849642857
2013-10-31,0.126715488038
2013-11-01,0.128938842105
2013-11-02,0.101944612903
2013-11-03,0.0978889234694
2013-11-04,0.112083155
2013-11-05,0.154718729412
2013-11-06,0.191632611111
2013-11-07,0.198393383117
2013-11-08,0.231891488722
2013-11-09,0.211621859155
2013-11-10,0.183081166667
2013-11-11,0.139568610256
2013-11-12,0.149558391534
2013-11-13,0.157702595745
2013-11-14,0.203595798817
2013-11-15,0.180871300613
2013-11-16,0.128456760204
2013-11-17,0.122394658031
2013-11-18,0.233995817073
2013-11-19,0.320324741935
2013-11-20,0.23847401227
2013-11-21,0.271043141892
2013-11-22,0.236956825301
2013-11-23,0.228781895062
2013-11-24,0.176179767442
2013-11-25,0.184162805556
2013-11-26,0.235324006098
2013-11-27,0.262510795181
2013-11-28,0.258938318681
2013-11-29,0.225192113514
2013-11-30,0.24467779375
2013-12-01,0.173607138462
2013-12-02,0.221588141104
2013-12-03,0.200226584211
2013-12-04,0.216284299435
2013-12-05,0.247224859649
2013-12-06,0.167581890995
2013-12-07,0.1850748125
2013-12-08,0.136339067039
2013-12-09,0.143754338462
2013-12-10,0.180376044776
2013-12-11,0.209576613924
2013-12-12,0.170244692771
2013-12-13,0.18072723494
2013-12-14,0.16724517
2013-12-15,0.168682505618
2013-12-16,0.174356300518
2013-12-17,0.188330573604
2013-12-18,0.19299062381
2013-12-19,0.148233263889
2013-12-20,0.164014356436
2013-12-21,0.195519791411
2013-12-22,0.154213325301
2013-12-23,0.171588113208
2013-12-24,0.178792692771
2013-12-25,0.174562517442
2013-12-26,0.155150486034
2013-12-27,0.165544657143
2013-12-28,0.154920439024
2013-12-29,0.172609473333
2013-12-30,0.176177082474
2013-12-31,0.166055266272
2014-01-01,0.102705585
2014-01-02,0.176938582192
2014-01-03,0.199166889571
2014-01-04,0.186186222973
2014-01-05,0.167229777778
2014-01-06,0.209701096045
2014-01-07,0.174207016043
2014-01-08,0.160207101523
2014-01-09,0.156845298343
2014-01-10,0.140979891089
2014-01-11,0.142486666667
2014-01-12,0.137864273684
2014-01-13,0.135760408867
2014-01-14,0.181124987013
2014-01-15,0.178593040936
2014-01-16,0.140422225
2014-01-17,0.195853398693
2014-01-18,0.15516208589
2014-01-19,0.138307222826
2014-01-20,0.180032551913
2014-01-21,0.214486337209
2014-01-22,0.174563452632
2014-01-23,0.184911286517
2014-01-24,0.17225330102
2014-01-25,0.179262922581
2014-01-26,0.164347525
2014-01-27,0.193695130435
2014-01-28,0.19957263253
2014-01-29,0.187367588608
2014-01-30,0.192070475
2014-01-31,0.169460766304
2014-02-01,0.150837309645
2014-02-02,0.161818668539
2014-02-03,0.168704670103
2014-02-04,0.213824863905
2014-02-05,0.217247450292
2014-02-06,0.229164820359
2014-02-07,0.237899666667
2014-02-08,0.195672342857
2014-02-09,0.195115701987
2014-02-10,0.221251496732
2014-02-11,0.183302946108
2014-02-12,0.255354245509
2014-02-13,0.219072305556
2014-02-14,0.225580036649
2014-02-15,0.199906155556
2014-02-16,0.149080046632
2014-02-17,0.179873753012
2014-02-18,0.235972095808
2014-02-19,0.200957832461
2014-02-20,0.239193923977
2014-02-21,0.24439035119
2014-02-22,0.201062347561
2014-02-23,0.192869928571
2014-02-24,0.215270214286
2014-02-25,0.289562788235
2014-02-26,0.232051972376
2014-02-27,0.216571807692
2014-02-28,0.209266180851
2014-03-01,0.278161175676
2014-03-02,0.233452
2014-03-03,0.309485415493
2014-03-04,0.383383151079
2014-03-05,0.288545670807
2014-03-06,0.26289545679
2014-03-07,0.240274287425
2014-03-08,0.220051594286
2014-03-09,0.21764229878
2014-03-10,0.238748533333
2014-03-11,0.250747904762
2014-03-12,0.258211910714
2014-03-13,0.252502485207
2014-03-14,0.282500683453
2014-03-15,0.203805371429
2014-03-16,0.179530031646
2014-03-17,0.184388932584
2014-03-18,0.191201331034
2014-03-19,0.212011883871
2014-03-20,0.225145718563
2014-03-21,0.24196120442
2014-03-22,0.242331181818
2014-03-23,0.152916565854
2014-03-24,0.18831718593
2014-03-25,0.262789019868
2014-03-26,0.245195892405
2014-03-27,0.248401077844
2014-03-28,0.218619251366
2014-03-29,0.177689491228
2014-03-30,0.219745818792
2014-03-31,0.211976255952
2014-04-01,0.209627832402
2014-04-02,0.208724259459
2014-04-03,0.176568413462
2014-04-04,0.187797502488
2014-04-05,0.195086083799
2014-04-06,0.21288584507
2014-04-07,0.235816212329
2014-04-08,0.271801198718
2014-04-09,0.256335689655
2014-04-10,0.235862731429
2014-04-11,0.256725127517
2014-04-12,0.1879597625
2014-04-13,0.14314638191
2014-04-14,0.211740093407
2014-04-15,0.226575969231
2014-04-16,0.294427812081
2014-04-17,0.229992488506
2014-04-18,0.205786166667
2014-04-19,0.197515828221
2014-04-20,0.177233305882
2014-04-21,0.188540881356
2014-04-22,0.265447798701
2014-04-23,0.225795028571
2014-04-24,0.259290183673
2014-04-25,0.271414664634
2014-04-26,0.186206410112
2014-04-27,0.187302538922
2014-04-28,0.214650746988
2014-04-29,0.235277873418
2014-04-30,0.253237856164
2014-05-01,0.214350630952
2014-05-02,0.199964776471
2014-05-03,0.208709527778
2014-05-04,0.201215625
2014-05-05,0.277194016
2014-05-06,0.225293607527
2014-05-07,0.241381398773
2014-05-08,0.241764935897
2014-05-09,0.232205716867
2014-05-10,0.182742915254
2014-05-11,0.186400716867
2014-05-12,0.251733356688
2014-05-13,0.232403835294
2014-05-14,0.260848866667
2014-05-15,0.250315012048
2014-05-16,0.216044494505
2014-05-17,0.185614333333
2014-05-18,0.211611675325
2014-05-19,0.219323966102
2014-05-20,0.230538435754
2014-05-21,0.250118679775
2014-05-22,0.241909449102
2014-05-23,0.271976867089
2014-05-24,0.195073857143
2014-05-25,0.219970655629
2014-05-26,0.225680775148
2014-05-27,0.304581387597
2014-05-28,0.240597519774
2014-05-29,0.293787290076
2014-05-30,0.234589018405
2014-05-31,0.211036934211
2014-06-01,0.192051675978
2014-06-02,0.203853692737
2014-06-03,0.225270946809
2014-06-04,0.207971311475
2014-06-05,0.270565489655
2014-06-06,0.264822304054
2014-06-07,0.201069555556
2014-06-08,0.1981356
2014-06-09,0.255088941176
2014-06-10,0.227906926554
2014-06-11,0.252280636986
2014-06-12,0.239946812903
2014-06-13,0.231739095238
2014-06-14,0.194939664773
2014-06-15,0.171566994624
2014-06-16,0.192203817734
2014-06-17,0.216463573034
2014-06-18,0.227534682353
2014-06-19,0.238915953642
2014-06-20,0.196476448649
2014-06-21,0.165370835979
2014-06-22,0.167622020725
2014-06-23,0.210141183544
2014-06-24,0.19153230303
2014-06-25,0.205389887097
2014-06-26,0.214442374269
2014-06-27,0.190207417112
2014-06-28,0.178886315508
2014-06-29,0.188816528736
2014-06-30,0.300029416
2014-07-01,0.327623586957
2014-07-02,0.291206798561
2014-07-03,0.283173616541
2014-07-04,0.21581675625
2014-07-05,0.179346328947
2014-07-06,0.222816221477
2014-07-07,0.251923323741
2014-07-08,0.265129765432
2014-07-09,0.276756968553
2014-07-10,0.243934435065
2014-07-11,0.2448331
2014-07-12,0.193943406061
2014-07-13,0.217753019481
2014-07-14,0.235219475862
2014-07-15,0.287732275362
2014-07-16,0.235211624242
2014-07-17,0.232305315789
2014-07-18,0.23774691195
2014-07-19,0.198932
2014-07-20,0.200716311765
2014-07-21,0.239163838926
2014-07-22,0.274400755245
2014-07-23,0.26634769863
2014-07-24,0.249841355705
2014-07-25,0.246677025478
2014-07-26,0.234727628571
2014-07-27,0.199622913043
2014-07-28,0.268159772059
2014-07-29,0.249601154362
2014-07-30,0.21952504
2014-07-31,0.260184227273
2014-08-01,0.258483398693
2014-08-02,0.198767325444
2014-08-03,0.200840480263
2014-08-04,0.264517096296
2014-08-05,0.322306992424
2014-08-06,0.304007169935
2014-08-07,0.260648745223
2014-08-08,0.249542136646
2014-08-09,0.208570924855
2014-08-10,0.199706664804
2014-08-11,0.236615379121
2014-08-12,0.248777348066
2014-08-13,0.289628159236
2014-08-14,0.2822884
2014-08-15,0.245926239264
2014-08-16,0.317693871345
2014-08-17,0.219334842424
2014-08-18,0.219548611429
2014-08-19,0.203301592233
2014-08-20,0.256949234177
2014-08-21,0.258158369048
2014-08-22,0.241991111801
2014-08-23,0.21369577707
2014-08-24,0.206488317073
2014-08-25,0.28710758209
2014-08-26,0.257294180723
2014-08-27,0.257061490683
2014-08-28,0.223468364641
2014-08-29,0.221749993976
2014-08-30,0.202384418605
2014-08-31,0.177276866667
2014-09-01,0.25255516
2014-09-02,0.28699606993
2014-09-03,0.257071327044
2014-09-04,0.237355419162
2014-09-05,0.254376812081
2014-09-06,0.227665958333
2014-09-07,0.23376525
2014-09-08,0.266806856209
2014-09-09,0.334080257576
2014-09-10,0.364721089744
2014-09-11,0.229924209877
2014-09-12,0.229423217391
2014-09-13,0.189734045198
2014-09-14,0.235917788235
2014-09-15,0.303106939189
2014-09-16,0.312671680473
2014-09-17,0.229668550265
2014-09-18,0.238476232432
2014-09-19,0.24252732716
2014-09-20,0.206691699422
2014-09-21,0.210076902857
2014-09-22,0.261350165605
2014-09-23,0.275650344371
2014-09-24,0.297283233129
2014-09-25,0.297995644172
2014-09-26,0.279908251656
2014-09-27,0.308688585938
2014-09-28,0.318757100719
2014-09-29,0.305161623188
2014-09-30,0.304262763158
2014-10-01,0.315643117241
2014-10-02,0.290183527027
2014-10-03,0.291637758865
2014-10-04,0.316576160839
2014-10-05,0.23857702809
2014-10-06,0.27906125
2014-10-07,0.303725331126
2014-10-08,0.348238778626
2014-10-09,0.300692359155
2014-10-10,0.285102383648
2014-10-11,0.252872265734
2014-10-12,0.280437635135
2014-10-13,0.298339555556
2014-10-14,0.347002114286
2014-10-15,0.304213068027
2014-10-16,0.286148353333
2014-10-17,0.302833328358
2014-10-18,0.234055301775
2014-10-19,0.300912238806
2014-10-20,0.323252144928
2014-10-21,0.334653521429
2014-10-22,0.268498339181
2014-10-23,0.320760398601
2014-10-24,0.278206355828
2014-10-25,0.279135993421
2014-10-26,0.306167961538
2014-10-27,0.318117530201
2014-10-28,0.336881026667
2014-10-29,0.335689298611
2014-10-30,0.292451543353
2014-10-31,0.263662090426
2014-11-01,0.252825975
2014-11-02,0.292299560976
2014-11-03,0.315549851613
2014-11-04,0.306774012195
2014-11-05,0.306803
2014-11-06,0.346701558621
2014-11-07,0.368664395833
2014-11-08,0.280683628205
2014-11-09,0.337913964029
2014-11-10,0.316004835443
2014-11-11,0.344173531915
2014-11-12,0.381036007407
2014-11-13,0.400460732877
2014-11-14,0.358601390411
2014-11-15,0.27871554
2014-11-16,0.308625475862
2014-11-17,0.344037052632
2014-11-18,0.331470566667
2014-11-19,0.356575912409
2014-11-20,0.351079459854
2014-11-21,0.389987629032
2014-11-22,0.272826518987
2014-11-23,0.321120787234
2014-11-24,0.317402980645
2014-11-25,0.375813367188
2014-11-26,0.359027104895
2014-11-27,0.361249557252
2014-11-28,0.310573606452
2014-11-29,0.302248450331
2014-11-30,0.323831461538
2014-12-01,0.408290608392
2014-12-02,0.396053330986
2014-12-03,0.465200479339
2014-12-04,0.373038168919
2014-12-05,0.347106026667
2014-12-06,0.323829882759
2014-12-07,0.366259459016
2014-12-08,0.354667993333
2014-12-09,0.36871794964
2014-12-10,0.31308622561
2014-12-11,0.341127468966
2014-12-12,0.320646119718
2014-12-13,0.306697223776
2014-12-14,0.347786772727
2014-12-15,0.410091490196
2014-12-16,0.434819112782
2014-12-17,0.438233795276
2014-12-18,0.450917179856
2014-12-19,0.408802967742
2014-12-20,0.393664964539
2014-12-21,0.323268317241
2014-12-22,0.41735579845
2014-12-23,0.357477154321
2014-12-24,0.332148165563
2014-12-25,0.234937491124
2014-12-26,0.267102763889
2014-12-27,0.2845763625
2014-12-28,0.266956736527
2014-12-29,0.279029828402
2014-12-30,0.319688876712
2014-12-31,0.287341354839
2015-01-01,0.184772240964
2015-01-02,0.25239609375
2015-01-03,0.289051981707
2015-01-04,0.296036427711
2015-01-05,0.320334291667
2015-01-06,0.314320458599
2015-01-07,0.34561327027
2015-01-08,0.390525725926
2015-01-09,0.388834513158
2015-01-10,0.418209836879
2015-01-11,0.352806986395
2015-01-12,0.342448439024
2015-01-13,0.533044866667
2015-01-14,0.417610099338
2015-01-15,0.43344276259
2015-01-16,0.400879020134
2015-01-17,0.383941678832
2015-01-18,0.346112308725
2015-01-19,0.360065896774
2015-01-20,0.441115075
2015-01-21,0.40686249635
2015-01-22,0.356907793333
2015-01-23,0.379347564516
2015-01-24,0.399211752066
2015-01-25,0.405080285714
2015-01-26,0.521926425197
2015-01-27,0.391938572414
2015-01-28,0.299702208861
2015-01-29,0.265471429412
2015-01-30,0.327844043165
2015-01-31,0.328198193548
2015-02-01,0.264493558824
2015-02-02,0.330242510204
2015-02-03,0.390975414815
2015-02-04,0.302390118012
2015-02-05,0.33180977551
2015-02-06,0.258096737143
2015-02-07,0.273610872093
2015-02-08,0.392604117187
2015-02-09,0.368182993548
2015-02-10,0.36605432
2015-02-11,0.379795453333
2015-02-12,0.388173595588
2015-02-13,0.4819874
2015-02-14,0.455842391304
2015-02-15,0.46226338806
2015-02-16,0.426626386076
2015-02-17,0.403652129032
2015-02-18,0.39326231677
2015-02-19,0.322334335366
2015-02-20,0.345417722892
2015-02-21,0.438249362319
2015-02-22,0.348821192053
2015-02-23,0.426743445255
2015-02-24,0.410681304348
2015-02-25,0.35699675
2015-02-26,0.385324444444
2015-02-27,0.359558037975
2015-02-28,0.413418037037
2015-03-01,0.39883224
2015-03-02,0.435883666667
2015-03-03,0.401849292208
2015-03-04,0.390006764331
2015-03-05,0.473254070175
2015-03-06,0.410255791139
2015-03-07,0.395193829787
2015-03-08,0.34057775641
2015-03-09,0.435376393939
2015-03-10,0.448604423841
2015-03-11,0.373125481928
2015-03-12,0.475402819549
2015-03-13,0.393578035971
2015-03-14,0.382774686567
2015-03-15,0.33737155102
2015-03-16,0.431848793893
2015-03-17,0.393920734266
2015-03-18,0.396392368794
2015-03-19,0.432512986014
2015-03-20,0.404017319149
2015-03-21,0.391215699301
2015-03-22,0.368713714286
2015-03-23,0.41236225
2015-03-24,0.316627227545
2015-03-25,0.298449006024
2015-03-26,0.353615073826
2015-03-27,0.326431023256
2015-03-28,0.345914466667
2015-03-29,0.339593403974
2015-03-30,0.396519070423
2015-03-31,0.378511852349
2015-04-01,0.464497852113
2015-04-02,0.421406176871
2015-04-03,0.363339635762
2015-04-04,0.382689090909
2015-04-05,0.360845562914
2015-04-06,0.434446426357
2015-04-07,0.393738044025
2015-04-08,0.474054033613
2015-04-09,0.410024020979
2015-04-10,0.412722584507
2015-04-11,0.408058934307
2015-04-12,0.341018955882
2015-04-13,0.41720977305
2015-04-14,0.402195873418
2015-04-15,0.443761097561
2015-04-16,0.382157318841
2015-04-17,0.388211507463
2015-04-18,0.413204338346
2015-04-19,0.351204713235
2015-04-20,0.383447554217
2015-04-21,0.376958301887
2015-04-22,0.421495545455
2015-04-23,0.401037275362
2015-04-24,0.521449758333
2015-04-25,0.366914545455
2015-04-26,0.349890369128
2015-04-27,0.430339355072
2015-04-28,0.377461363057
2015-04-29,0.491518984496
2015-04-30,0.431984932331
2015-05-01,0.375636707483
2015-05-02,0.37364192517
2015-05-03,0.350380963768
2015-05-04,0.390681439394
2015-05-05,0.383178435065
2015-05-06,0.408176643357
2015-05-07,0.38055221118
2015-05-08,0.400952263514
2015-05-09,0.41892331746
2015-05-10,0.408512736434
2015-05-11,0.396615187919
2015-05-12,0.390659759494
2015-05-13,0.355740487654
2015-05-14,0.378734392857
2015-05-15,0.335637890909
2015-05-16,0.409771820312
2015-05-17,0.287199098266
2015-05-18,0.408761948905
2015-05-19,0.415337029412
2015-05-20,0.420193415493
2015-05-21,0.339252875817
2015-05-22,0.394442746479
2015-05-23,0.4104737
2015-05-24,0.403130638298
2015-05-25,0.415783951389
2015-05-26,0.438843162963
2015-05-27,0.42569197931
2015-05-28,0.447462583333
2015-05-29,0.416787210191
2015-05-30,0.543034330645
2015-05-31,0.359762231293
2015-06-01,0.477130277372
2015-06-02,0.490478931507
2015-06-03,0.470117450704
2015-06-04,0.457110176056
2015-06-05,0.414149584507
2015-06-06,0.344362701863
2015-06-07,0.327998964072
2015-06-08,0.356242453901
2015-06-09,0.36875187037
2015-06-10,0.528337424051
2015-06-11,0.430385670968
2015-06-12,0.478004147059
2015-06-13,0.409625772152
2015-06-14,0.394607648276
2015-06-15,0.4782252
2015-06-16,0.54094504065
2015-06-17,0.59001693662
2015-06-18,0.432170474026
2015-06-19,0.491723869565
2015-06-20,0.524103932836
2015-06-21,0.428681696721
2015-06-22,0.53377027027
2015-06-23,0.591158286713
2015-06-24,0.398645264901
2015-06-25,0.3543320125
2015-06-26,0.424855439189
2015-06-27,0.482445335937
2015-06-28,0.400125013605
2015-06-29,0.467726072993
2015-06-30,0.568559405594
2015-07-01,0.624724262069
2015-07-02,0.5119018
2015-07-03,0.455195179012
2015-07-04,0.405146445161
2015-07-05,0.380288337931
2015-07-06,0.454639958824
2015-07-07,0.776713459459
2015-07-08,0.748667857143
2015-07-09,0.700404681159
2015-07-10,0.698676224359
2015-07-11,0.705140689655
2015-07-12,0.76595707971
2015-07-13,0.757203834483
2015-07-14,0.708116223022
2015-07-15,0.696885019481
2015-07-16,0.676685522059
2015-07-17,0.699764770833
2015-07-18,0.6226059125
2015-07-19,0.655495251748
2015-07-20,0.506257493056
2015-07-21,0.460967992857
2015-07-22,0.527054217687
2015-07-23,0.386516744966
2015-07-24,0.367860904762
2015-07-25,0.384165836601
2015-07-26,0.389139253623
2015-07-27,0.547266703226
2015-07-28,0.502935669014
2015-07-29,0.818768671141
2015-07-30,0.775364072993
2015-07-31,0.784171589928
2015-08-01,0.754423865854
2015-08-02,0.440734687898
2015-08-03,0.450644387755
2015-08-04,0.726075909722
2015-08-05,0.828629912698
2015-08-06,0.793823314286
2015-08-07,0.59551021831
2015-08-08,0.367311191083
2015-08-09,0.372211259259
2015-08-10,0.409656805714
2015-08-11,0.399886763314
2015-08-12,0.516044284553
2015-08-13,0.431921798658
2015-08-14,0.437152708955
2015-08-15,0.44200841791
2015-08-16,0.358668891156
2015-08-17,0.419639277778
2015-08-18,0.4606524
2015-08-19,0.439980717105
2015-08-20,0.385212729032
2015-08-21,0.397583318182
2015-08-22,0.391901973856
2015-08-23,0.404600737226
2015-08-24,0.434771732484
2015-08-25,0.486758152174
2015-08-26,0.413826322581
2015-08-27,0.396142946309
2015-08-28,0.431331825503
2015-08-29,0.356310812121
2015-08-30,0.347467875
2015-08-31,0.409100056604
2015-09-01,0.515467473684
2015-09-02,0.658569805195
2015-09-03,0.600775549669
2015-09-04,0.333613138158
2015-09-05,0.482375781457
2015-09-06,0.367944616352
2015-09-07,0.482218161765
2015-09-08,0.643196784173
2015-09-09,0.711985134752
2015-09-10,0.738044627219
2015-09-11,0.652206179191
2015-09-12,0.703050963235
2015-09-13,0.632981628571
2015-09-14,0.700925528302
2015-09-15,0.693599484663
2015-09-16,0.698806744966
2015-09-17,0.688808609929
2015-09-18,0.617110090278
2015-09-19,0.461650856061
2015-09-20,0.475198641667
2015-09-21,0.553837363636
2015-09-22,0.50275883125
2015-09-23,0.50182222
2015-09-24,0.474493386207
2015-09-25,0.446153759259
2015-09-26,0.431923611842
2015-09-27,0.426253826389
2015-09-28,0.524385517986
2015-09-29,0.434677213873
2015-09-30,0.532548735484
2015-10-01,0.45193961039
2015-10-02,0.547095784
2015-10-03,0.439540934211
2015-10-04,0.365588569536
2015-10-05,0.418199
2015-10-06,0.465399651007
2015-10-07,0.674966711111
2015-10-08,0.69550749635
2015-10-09,0.583549917293
2015-10-10,0.626499073826
2015-10-11,0.5901196
2015-10-12,0.558868771429
2015-10-13,0.578977835821
2015-10-14,0.491136552632
2015-10-15,0.568599613497
2015-10-16,0.525302483871
2015-10-17,0.654771526718
2015-10-18,0.517376356643
2015-10-19,0.513074746988
2015-10-20,0.612539
2015-10-21,0.643368337931
2015-10-22,0.524851579618
2015-10-23,0.520110136364
2015-10-24,0.573187633094
2015-10-25,0.509111322581
2015-10-26,0.501171947368
2015-10-27,0.532480018987
2015-10-28,0.576889411765
2015-10-29,0.598327013514
2015-10-30,0.552608969512
2015-10-31,0.515852118421
2015-11-01,0.535353591195
2015-11-02,0.598349689655
2015-11-03,0.6632265
2015-11-04,0.773893503226
2015-11-05,0.768430583893
2015-11-06,0.670328883212
2015-11-07,0.544952944785
2015-11-08,0.564960357143
2015-11-09,0.60688114966
2015-11-10,0.55996806993
2015-11-11,0.564048615819
2015-11-12,0.547871479452
2015-11-13,0.493198628743
2015-11-14,0.531593092105
2015-11-15,0.508644296552
2015-11-16,0.479200732955
2015-11-17,0.549028975155
2015-11-18,0.662569764286
2015-11-19,0.589680107143
2015-11-20,0.520788742138
2015-11-21,0.482332157303
2015-11-22,0.40130741954
2015-11-23,0.552857575
2015-11-24,0.522624796053
2015-11-25,0.530170850649
2015-11-26,0.569060333333
2015-11-27,0.570497926174
2015-11-28,0.612602863014
2015-11-29,0.455331987261
2015-11-30,0.663142446667
2015-12-01,0.536199416667
2015-12-02,0.667464877551
2015-12-03,0.664412569444
2015-12-04,0.564399178082
2015-12-05,0.623240821429
2015-12-06,0.572171406977
2015-12-07,0.649581788079
2015-12-08,0.667387415094
2015-12-09,0.643142887006
2015-12-10,0.580618642857
2015-12-11,0.600046308571
2015-12-12,0.68788842515
2015-12-13,0.650935067114
2015-12-14,0.670941056818
2015-12-15,0.589143512953
2015-12-16,0.675648559524
2015-12-17,0.676203924528
2015-12-18,0.6342352625
2015-12-19,0.672177303226
2015-12-20,0.558967088757
2015-12-21,0.738472396104
2015-12-22,0.780452347518
2015-12-23,0.681074981818
2015-12-24,0.72916742953
2015-12-25,0.652635067164
2015-12-26,0.477272801075
2015-12-27,0.457474835897
2015-12-28,0.585629142857
2015-12-29,0.657941046053
2015-12-30,0.56486883237
2015-12-31,0.579926861111
2016-01-01,0.469414296296
2016-01-02,0.578475175182
2016-01-03,0.525739651007
2016-01-04,0.545496834286
2016-01-05,0.649576226994
2016-01-06,0.684647463235
2016-01-07,0.677849430556
2016-01-08,0.623070194286
2016-01-09,0.606929169811
2016-01-10,0.530182182353
2016-01-11,0.640220341176
2016-01-12,0.588822897727
2016-01-13,0.661572366013
2016-01-14,0.736487371212
2016-01-15,0.780627439024
2016-01-16,0.759423546763
2016-01-17,0.745804992806
2016-01-18,0.665721045714
2016-01-19,0.752126040268
2016-01-20,0.863243054795
2016-01-21,0.840713619403
2016-01-22,0.722907612121
2016-01-23,0.609391340782
2016-01-24,0.596757951807
2016-01-25,0.651674352601
2016-01-26,0.750327567073
2016-01-27,0.727886461039
2016-01-28,0.815527412162
2016-01-29,0.663735094118
2016-01-30,0.641980090395
2016-01-31,0.519653067039
2016-02-01,0.715835198864
2016-02-02,0.824635926829
2016-02-03,0.700482402299
2016-02-04,0.632844389189
2016-02-05,0.635658183333
2016-02-06,0.652686691099
2016-02-07,0.665092164835
2016-02-08,0.753973496894
2016-02-09,0.740162
2016-02-10,0.715897940828
2016-02-11,0.637685135417
2016-02-12,0.665082698113
2016-02-13,0.672740542484
2016-02-14,0.566719694444
2016-02-15,0.751270574324
2016-02-16,0.731926161074
2016-02-17,0.835124042857
2016-02-18,0.62491515
2016-02-19,0.774219877698
2016-02-20,0.744355949367
2016-02-21,0.840188849206
2016-02-22,0.859524815385
2016-02-23,0.895629081481
2016-02-24,0.89584400813
2016-02-25,0.83580277931
2016-02-26,0.75447926
2016-02-27,0.740764992366
2016-02-28,0.700333872483
2016-02-29,0.901957362963
2016-03-01,0.89761428125
2016-03-02,0.905978573248
2016-03-03,0.918519172932
2016-03-04,0.836646690789
2016-03-05,0.773170402516
2016-03-06,0.661320676259
2016-03-07,0.651829464516
2016-03-08,0.732320567164
2016-03-09,0.718331939394
2016-03-10,0.697423130435
2016-03-11,0.627885177914
2016-03-12,0.6003884
2016-03-13,0.570665946565
2016-03-14,0.734625986755
2016-03-15,0.691423019737
2016-03-16,0.634046052941
2016-03-17,0.754142644444
2016-03-18,0.735858463768
2016-03-19,0.681470185185
2016-03-20,0.625000602649
2016-03-21,0.784259230159
2016-03-22,0.727109114094
2016-03-23,0.658921529801
2016-03-24,0.680533735099
2016-03-25,0.641121227586
2016-03-26,0.612112346939
2016-03-27,0.613853647059
2016-03-28,0.748369746479
2016-03-29,0.6978397
2016-03-30,0.807927735849
2016-03-31,0.837658632
2016-04-01,0.731608058394
2016-04-02,0.825543713333
2016-04-03,0.722675306122
2016-04-04,0.665921579268
2016-04-05,0.779196677852
2016-04-06,0.715764606452
2016-04-07,0.726767438356
2016-04-08,0.735470765957
2016-04-09,0.635033506173
2016-04-10,0.566712890805
2016-04-11,0.749972509934
2016-04-12,0.794778967105
2016-04-13,0.727886617834
2016-04-14,0.745873739394
2016-04-15,0.750908744828
2016-04-16,0.70813793007
2016-04-17,0.65297720915
2016-04-18,0.783668133333
2016-04-19,0.758763033333
2016-04-20,0.798263380952
2016-04-21,0.668973487805
2016-04-22,0.796928056738
2016-04-23,0.657125452703
2016-04-24,0.699948916667
2016-04-25,0.842110099237
2016-04-26,0.800002459459
2016-04-27,0.853189044118
2016-04-28,0.904461030303
