Date,BitcoinDaysDestroyedMinYear
03/01/2009 18:15:05,0.0
04/01/2009 18:15:05,0.0
05/01/2009 18:15:05,0.0
06/01/2009 18:15:05,0.0
07/01/2009 18:15:05,0.0
08/01/2009 18:15:05,0.0
09/01/2009 18:15:05,0.0
10/01/2009 18:15:05,0.0
11/01/2009 18:15:05,0.0
12/01/2009 18:15:05,0.0
13/01/2009 18:15:05,0.0
14/01/2009 18:15:05,0.0
15/01/2009 18:15:05,0.0
16/01/2009 18:15:05,0.0
17/01/2009 18:15:05,0.0
18/01/2009 18:15:05,0.0
19/01/2009 18:15:05,0.0
20/01/2009 18:15:05,0.0
21/01/2009 18:15:05,0.0
22/01/2009 18:15:05,0.0
23/01/2009 18:15:05,0.0
24/01/2009 18:15:05,0.0
25/01/2009 18:15:05,0.0
26/01/2009 18:15:05,0.0
27/01/2009 18:15:05,0.0
28/01/2009 18:15:05,0.0
29/01/2009 18:15:05,0.0
30/01/2009 18:15:05,0.0
31/01/2009 18:15:05,0.0
01/02/2009 18:15:05,0.0
02/02/2009 18:15:05,0.0
03/02/2009 18:15:05,0.0
04/02/2009 18:15:05,0.0
05/02/2009 18:15:05,0.0
06/02/2009 18:15:05,0.0
07/02/2009 18:15:05,0.0
08/02/2009 18:15:05,0.0
09/02/2009 18:15:05,0.0
10/02/2009 18:15:05,0.0
11/02/2009 18:15:05,0.0
12/02/2009 18:15:05,0.0
13/02/2009 18:15:05,0.0
14/02/2009 18:15:05,0.0
15/02/2009 18:15:05,0.0
16/02/2009 18:15:05,0.0
17/02/2009 18:15:05,0.0
18/02/2009 18:15:05,0.0
19/02/2009 18:15:05,0.0
20/02/2009 18:15:05,0.0
21/02/2009 18:15:05,0.0
22/02/2009 18:15:05,0.0
23/02/2009 18:15:05,0.0
24/02/2009 18:15:05,0.0
25/02/2009 18:15:05,0.0
26/02/2009 18:15:05,0.0
27/02/2009 18:15:05,0.0
28/02/2009 18:15:05,0.0
01/03/2009 18:15:05,0.0
02/03/2009 18:15:05,0.0
03/03/2009 18:15:05,0.0
04/03/2009 18:15:05,0.0
05/03/2009 18:15:05,0.0
06/03/2009 18:15:05,0.0
07/03/2009 18:15:05,0.0
08/03/2009 18:15:05,0.0
09/03/2009 18:15:05,0.0
10/03/2009 18:15:05,0.0
11/03/2009 18:15:05,0.0
12/03/2009 18:15:05,0.0
13/03/2009 18:15:05,0.0
14/03/2009 18:15:05,0.0
15/03/2009 18:15:05,0.0
16/03/2009 18:15:05,0.0
17/03/2009 18:15:05,0.0
18/03/2009 18:15:05,0.0
19/03/2009 18:15:05,0.0
20/03/2009 18:15:05,0.0
21/03/2009 18:15:05,0.0
22/03/2009 18:15:05,0.0
23/03/2009 18:15:05,0.0
24/03/2009 18:15:05,0.0
25/03/2009 18:15:05,0.0
26/03/2009 18:15:05,0.0
27/03/2009 18:15:05,0.0
28/03/2009 18:15:05,0.0
29/03/2009 18:15:05,0.0
30/03/2009 18:15:05,0.0
31/03/2009 18:15:05,0.0
01/04/2009 18:15:05,0.0
02/04/2009 18:15:05,0.0
03/04/2009 18:15:05,0.0
04/04/2009 18:15:05,0.0
05/04/2009 18:15:05,0.0
06/04/2009 18:15:05,0.0
07/04/2009 18:15:05,0.0
08/04/2009 18:15:05,0.0
09/04/2009 18:15:05,0.0
10/04/2009 18:15:05,0.0
11/04/2009 18:15:05,0.0
12/04/2009 18:15:05,0.0
13/04/2009 18:15:05,0.0
14/04/2009 18:15:05,0.0
15/04/2009 18:15:05,0.0
16/04/2009 18:15:05,0.0
17/04/2009 18:15:05,0.0
18/04/2009 18:15:05,0.0
19/04/2009 18:15:05,0.0
20/04/2009 18:15:05,0.0
21/04/2009 18:15:05,0.0
22/04/2009 18:15:05,0.0
23/04/2009 18:15:05,0.0
24/04/2009 18:15:05,0.0
25/04/2009 18:15:05,0.0
26/04/2009 18:15:05,0.0
27/04/2009 18:15:05,0.0
28/04/2009 18:15:05,0.0
29/04/2009 18:15:05,0.0
30/04/2009 18:15:05,0.0
01/05/2009 18:15:05,0.0
02/05/2009 18:15:05,0.0
03/05/2009 18:15:05,0.0
04/05/2009 18:15:05,0.0
05/05/2009 18:15:05,0.0
06/05/2009 18:15:05,0.0
07/05/2009 18:15:05,0.0
08/05/2009 18:15:05,0.0
09/05/2009 18:15:05,0.0
10/05/2009 18:15:05,0.0
11/05/2009 18:15:05,0.0
12/05/2009 18:15:05,0.0
13/05/2009 18:15:05,0.0
14/05/2009 18:15:05,0.0
15/05/2009 18:15:05,0.0
16/05/2009 18:15:05,0.0
17/05/2009 18:15:05,0.0
18/05/2009 18:15:05,0.0
19/05/2009 18:15:05,0.0
20/05/2009 18:15:05,0.0
21/05/2009 18:15:05,0.0
22/05/2009 18:15:05,0.0
23/05/2009 18:15:05,0.0
24/05/2009 18:15:05,0.0
25/05/2009 18:15:05,0.0
26/05/2009 18:15:05,0.0
27/05/2009 18:15:05,0.0
28/05/2009 18:15:05,0.0
29/05/2009 18:15:05,0.0
30/05/2009 18:15:05,0.0
31/05/2009 18:15:05,0.0
01/06/2009 18:15:05,0.0
02/06/2009 18:15:05,0.0
03/06/2009 18:15:05,0.0
04/06/2009 18:15:05,0.0
05/06/2009 18:15:05,0.0
06/06/2009 18:15:05,0.0
07/06/2009 18:15:05,0.0
08/06/2009 18:15:05,0.0
09/06/2009 18:15:05,0.0
10/06/2009 18:15:05,0.0
11/06/2009 18:15:05,0.0
12/06/2009 18:15:05,0.0
13/06/2009 18:15:05,0.0
14/06/2009 18:15:05,0.0
15/06/2009 18:15:05,0.0
16/06/2009 18:15:05,0.0
17/06/2009 18:15:05,0.0
18/06/2009 18:15:05,0.0
19/06/2009 18:15:05,0.0
20/06/2009 18:15:05,0.0
21/06/2009 18:15:05,0.0
22/06/2009 18:15:05,0.0
23/06/2009 18:15:05,0.0
24/06/2009 18:15:05,0.0
25/06/2009 18:15:05,0.0
26/06/2009 18:15:05,0.0
27/06/2009 18:15:05,0.0
28/06/2009 18:15:05,0.0
29/06/2009 18:15:05,0.0
30/06/2009 18:15:05,0.0
01/07/2009 18:15:05,0.0
02/07/2009 18:15:05,0.0
03/07/2009 18:15:05,0.0
04/07/2009 18:15:05,0.0
05/07/2009 18:15:05,0.0
06/07/2009 18:15:05,0.0
07/07/2009 18:15:05,0.0
08/07/2009 18:15:05,0.0
09/07/2009 18:15:05,0.0
10/07/2009 18:15:05,0.0
11/07/2009 18:15:05,0.0
12/07/2009 18:15:05,0.0
13/07/2009 18:15:05,0.0
14/07/2009 18:15:05,0.0
15/07/2009 18:15:05,0.0
16/07/2009 18:15:05,0.0
17/07/2009 18:15:05,0.0
18/07/2009 18:15:05,0.0
19/07/2009 18:15:05,0.0
20/07/2009 18:15:05,0.0
21/07/2009 18:15:05,0.0
22/07/2009 18:15:05,0.0
23/07/2009 18:15:05,0.0
24/07/2009 18:15:05,0.0
25/07/2009 18:15:05,0.0
26/07/2009 18:15:05,0.0
27/07/2009 18:15:05,0.0
28/07/2009 18:15:05,0.0
29/07/2009 18:15:05,0.0
30/07/2009 18:15:05,0.0
31/07/2009 18:15:05,0.0
01/08/2009 18:15:05,0.0
02/08/2009 18:15:05,0.0
03/08/2009 18:15:05,0.0
04/08/2009 18:15:05,0.0
05/08/2009 18:15:05,0.0
06/08/2009 18:15:05,0.0
07/08/2009 18:15:05,0.0
08/08/2009 18:15:05,0.0
09/08/2009 18:15:05,0.0
10/08/2009 18:15:05,0.0
11/08/2009 18:15:05,0.0
12/08/2009 18:15:05,0.0
13/08/2009 18:15:05,0.0
14/08/2009 18:15:05,0.0
15/08/2009 18:15:05,0.0
16/08/2009 18:15:05,0.0
17/08/2009 18:15:05,0.0
18/08/2009 18:15:05,0.0
19/08/2009 18:15:05,0.0
20/08/2009 18:15:05,0.0
21/08/2009 18:15:05,0.0
22/08/2009 18:15:05,0.0
23/08/2009 18:15:05,0.0
24/08/2009 18:15:05,0.0
25/08/2009 18:15:05,0.0
26/08/2009 18:15:05,0.0
27/08/2009 18:15:05,0.0
28/08/2009 18:15:05,0.0
29/08/2009 18:15:05,0.0
30/08/2009 18:15:05,0.0
31/08/2009 18:15:05,0.0
01/09/2009 18:15:05,0.0
02/09/2009 18:15:05,0.0
03/09/2009 18:15:05,0.0
04/09/2009 18:15:05,0.0
05/09/2009 18:15:05,0.0
06/09/2009 18:15:05,0.0
07/09/2009 18:15:05,0.0
08/09/2009 18:15:05,0.0
09/09/2009 18:15:05,0.0
10/09/2009 18:15:05,0.0
11/09/2009 18:15:05,0.0
12/09/2009 18:15:05,0.0
13/09/2009 18:15:05,0.0
14/09/2009 18:15:05,0.0
15/09/2009 18:15:05,0.0
16/09/2009 18:15:05,0.0
17/09/2009 18:15:05,0.0
18/09/2009 18:15:05,0.0
19/09/2009 18:15:05,0.0
20/09/2009 18:15:05,0.0
21/09/2009 18:15:05,0.0
22/09/2009 18:15:05,0.0
23/09/2009 18:15:05,0.0
24/09/2009 18:15:05,0.0
25/09/2009 18:15:05,0.0
26/09/2009 18:15:05,0.0
27/09/2009 18:15:05,0.0
28/09/2009 18:15:05,0.0
29/09/2009 18:15:05,0.0
30/09/2009 18:15:05,0.0
01/10/2009 18:15:05,0.0
02/10/2009 18:15:05,0.0
03/10/2009 18:15:05,0.0
04/10/2009 18:15:05,0.0
05/10/2009 18:15:05,0.0
06/10/2009 18:15:05,0.0
07/10/2009 18:15:05,0.0
08/10/2009 18:15:05,0.0
09/10/2009 18:15:05,0.0
10/10/2009 18:15:05,0.0
11/10/2009 18:15:05,0.0
12/10/2009 18:15:05,0.0
13/10/2009 18:15:05,0.0
14/10/2009 18:15:05,0.0
15/10/2009 18:15:05,0.0
16/10/2009 18:15:05,0.0
17/10/2009 18:15:05,0.0
18/10/2009 18:15:05,0.0
19/10/2009 18:15:05,0.0
20/10/2009 18:15:05,0.0
21/10/2009 18:15:05,0.0
22/10/2009 18:15:05,0.0
23/10/2009 18:15:05,0.0
24/10/2009 18:15:05,0.0
25/10/2009 18:15:05,0.0
26/10/2009 18:15:05,0.0
27/10/2009 18:15:05,0.0
28/10/2009 18:15:05,0.0
29/10/2009 18:15:05,0.0
30/10/2009 18:15:05,0.0
31/10/2009 18:15:05,0.0
01/11/2009 18:15:05,0.0
02/11/2009 18:15:05,0.0
03/11/2009 18:15:05,0.0
04/11/2009 18:15:05,0.0
05/11/2009 18:15:05,0.0
06/11/2009 18:15:05,0.0
07/11/2009 18:15:05,0.0
08/11/2009 18:15:05,0.0
09/11/2009 18:15:05,0.0
10/11/2009 18:15:05,0.0
11/11/2009 18:15:05,0.0
12/11/2009 18:15:05,0.0
13/11/2009 18:15:05,0.0
14/11/2009 18:15:05,0.0
15/11/2009 18:15:05,0.0
16/11/2009 18:15:05,0.0
17/11/2009 18:15:05,0.0
18/11/2009 18:15:05,0.0
19/11/2009 18:15:05,0.0
20/11/2009 18:15:05,0.0
21/11/2009 18:15:05,0.0
22/11/2009 18:15:05,0.0
23/11/2009 18:15:05,0.0
24/11/2009 18:15:05,0.0
25/11/2009 18:15:05,0.0
26/11/2009 18:15:05,0.0
27/11/2009 18:15:05,0.0
28/11/2009 18:15:05,0.0
29/11/2009 18:15:05,0.0
30/11/2009 18:15:05,0.0
01/12/2009 18:15:05,0.0
02/12/2009 18:15:05,0.0
03/12/2009 18:15:05,0.0
04/12/2009 18:15:05,0.0
05/12/2009 18:15:05,0.0
06/12/2009 18:15:05,0.0
07/12/2009 18:15:05,0.0
08/12/2009 18:15:05,0.0
09/12/2009 18:15:05,0.0
10/12/2009 18:15:05,0.0
11/12/2009 18:15:05,0.0
12/12/2009 18:15:05,0.0
13/12/2009 18:15:05,0.0
14/12/2009 18:15:05,0.0
15/12/2009 18:15:05,0.0
16/12/2009 18:15:05,0.0
17/12/2009 18:15:05,0.0
18/12/2009 18:15:05,0.0
19/12/2009 18:15:05,0.0
20/12/2009 18:15:05,0.0
21/12/2009 18:15:05,0.0
22/12/2009 18:15:05,0.0
23/12/2009 18:15:05,0.0
24/12/2009 18:15:05,0.0
25/12/2009 18:15:05,0.0
26/12/2009 18:15:05,0.0
27/12/2009 18:15:05,0.0
28/12/2009 18:15:05,0.0
29/12/2009 18:15:05,0.0
30/12/2009 18:15:05,0.0
31/12/2009 18:15:05,0.0
01/01/2010 18:15:05,0.0
02/01/2010 18:15:05,0.0
03/01/2010 18:15:05,0.0
04/01/2010 18:15:05,0.0
05/01/2010 18:15:05,0.0
06/01/2010 18:15:05,0.0
07/01/2010 18:15:05,0.0
08/01/2010 18:15:05,0.0
09/01/2010 18:15:05,0.0
10/01/2010 18:15:05,0.0
11/01/2010 18:15:05,0.0
12/01/2010 18:15:05,0.0
13/01/2010 18:15:05,0.0
14/01/2010 18:15:05,0.0
15/01/2010 18:15:05,0.0
16/01/2010 18:15:05,0.0
17/01/2010 18:15:05,0.0
18/01/2010 18:15:05,0.0
19/01/2010 18:15:05,0.0
20/01/2010 18:15:05,0.0
21/01/2010 18:15:05,0.0
22/01/2010 18:15:05,0.0
23/01/2010 18:15:05,0.0
24/01/2010 18:15:05,0.0
25/01/2010 18:15:05,0.0
26/01/2010 18:15:05,0.0
27/01/2010 18:15:05,0.0
28/01/2010 18:15:05,0.0
29/01/2010 18:15:05,0.0
30/01/2010 18:15:05,0.0
31/01/2010 18:15:05,0.0
01/02/2010 18:15:05,0.0
02/02/2010 18:15:05,0.0
03/02/2010 18:15:05,0.0
04/02/2010 18:15:05,0.0
05/02/2010 18:15:05,0.0
06/02/2010 18:15:05,0.0
07/02/2010 18:15:05,0.0
08/02/2010 18:15:05,0.0
09/02/2010 18:15:05,0.0
10/02/2010 18:15:05,0.0
11/02/2010 18:15:05,0.0
12/02/2010 18:15:05,0.0
13/02/2010 18:15:05,0.0
14/02/2010 18:15:05,0.0
15/02/2010 18:15:05,0.0
16/02/2010 18:15:05,0.0
17/02/2010 18:15:05,0.0
18/02/2010 18:15:05,0.0
19/02/2010 18:15:05,0.0
20/02/2010 18:15:05,0.0
21/02/2010 18:15:05,0.0
22/02/2010 18:15:05,0.0
23/02/2010 18:15:05,0.0
24/02/2010 18:15:05,0.0
25/02/2010 18:15:05,0.0
26/02/2010 18:15:05,0.0
27/02/2010 18:15:05,0.0
28/02/2010 18:15:05,0.0
01/03/2010 18:15:05,0.0
02/03/2010 18:15:05,0.0
03/03/2010 18:15:05,0.0
04/03/2010 18:15:05,0.0
05/03/2010 18:15:05,0.0
06/03/2010 18:15:05,0.0
07/03/2010 18:15:05,0.0
08/03/2010 18:15:05,0.0
09/03/2010 18:15:05,0.0
10/03/2010 18:15:05,0.0
11/03/2010 18:15:05,0.0
12/03/2010 18:15:05,0.0
13/03/2010 18:15:05,0.0
14/03/2010 18:15:05,0.0
15/03/2010 18:15:05,0.0
16/03/2010 18:15:05,0.0
17/03/2010 18:15:05,0.0
18/03/2010 18:15:05,0.0
19/03/2010 18:15:05,0.0
20/03/2010 18:15:05,0.0
21/03/2010 18:15:05,0.0
22/03/2010 18:15:05,0.0
23/03/2010 18:15:05,0.0
24/03/2010 18:15:05,0.0
25/03/2010 18:15:05,0.0
26/03/2010 18:15:05,0.0
27/03/2010 18:15:05,0.0
28/03/2010 18:15:05,0.0
29/03/2010 18:15:05,0.0
30/03/2010 18:15:05,0.0
31/03/2010 18:15:05,0.0
01/04/2010 18:15:05,0.0
02/04/2010 18:15:05,0.0
03/04/2010 18:15:05,0.0
04/04/2010 18:15:05,0.0
05/04/2010 18:15:05,0.0
06/04/2010 18:15:05,0.0
07/04/2010 18:15:05,0.0
08/04/2010 18:15:05,0.0
09/04/2010 18:15:05,0.0
10/04/2010 18:15:05,0.0
11/04/2010 18:15:05,0.0
12/04/2010 18:15:05,0.0
13/04/2010 18:15:05,0.0
14/04/2010 18:15:05,0.0
15/04/2010 18:15:05,331091.0
16/04/2010 18:15:05,0.0
17/04/2010 18:15:05,0.0
18/04/2010 18:15:05,0.0
19/04/2010 18:15:05,0.0
20/04/2010 18:15:05,0.0
21/04/2010 18:15:05,0.0
22/04/2010 18:15:05,0.0
23/04/2010 18:15:05,0.0
24/04/2010 18:15:05,0.0
25/04/2010 18:15:05,0.0
26/04/2010 18:15:05,0.0
27/04/2010 18:15:05,0.0
28/04/2010 18:15:05,0.0
29/04/2010 18:15:05,0.0
30/04/2010 18:15:05,0.0
01/05/2010 18:15:05,0.0
02/05/2010 18:15:05,0.0
03/05/2010 18:15:05,0.0
04/05/2010 18:15:05,0.0
05/05/2010 18:15:05,0.0
06/05/2010 18:15:05,0.0
07/05/2010 18:15:05,0.0
08/05/2010 18:15:05,0.0
09/05/2010 18:15:05,0.0
10/05/2010 18:15:05,0.0
11/05/2010 18:15:05,0.0
12/05/2010 18:15:05,0.0
13/05/2010 18:15:05,0.0
14/05/2010 18:15:05,0.0
15/05/2010 18:15:05,0.0
16/05/2010 18:15:05,0.0
17/05/2010 18:15:05,0.0
18/05/2010 18:15:05,150661.0
19/05/2010 18:15:05,0.0
20/05/2010 18:15:05,0.0
21/05/2010 18:15:05,0.0
22/05/2010 18:15:05,0.0
23/05/2010 18:15:05,0.0
24/05/2010 18:15:05,0.0
25/05/2010 18:15:05,0.0
26/05/2010 18:15:05,0.0
27/05/2010 18:15:05,0.0
28/05/2010 18:15:05,0.0
29/05/2010 18:15:05,0.0
30/05/2010 18:15:05,0.0
31/05/2010 18:15:05,0.0
01/06/2010 18:15:05,0.0
02/06/2010 18:15:05,0.0
03/06/2010 18:15:05,0.0
04/06/2010 18:15:05,0.0
05/06/2010 18:15:05,0.0
06/06/2010 18:15:05,0.0
07/06/2010 18:15:05,0.0
08/06/2010 18:15:05,0.0
09/06/2010 18:15:05,0.0
10/06/2010 18:15:05,0.0
11/06/2010 18:15:05,0.0
12/06/2010 18:15:05,0.0
13/06/2010 18:15:05,0.0
14/06/2010 18:15:05,0.0
15/06/2010 18:15:05,0.0
16/06/2010 18:15:05,0.0
17/06/2010 18:15:05,0.0
18/06/2010 18:15:05,0.0
19/06/2010 18:15:05,0.0
20/06/2010 18:15:05,0.0
21/06/2010 18:15:05,0.0
22/06/2010 18:15:05,0.0
23/06/2010 18:15:05,0.0
24/06/2010 18:15:05,0.0
25/06/2010 18:15:05,0.0
26/06/2010 18:15:05,0.0
27/06/2010 18:15:05,0.0
28/06/2010 18:15:05,0.0
29/06/2010 18:15:05,0.0
30/06/2010 18:15:05,0.0
01/07/2010 18:15:05,0.0
02/07/2010 18:15:05,0.0
03/07/2010 18:15:05,0.0
04/07/2010 18:15:05,0.0
05/07/2010 18:15:05,0.0
06/07/2010 18:15:05,0.0
07/07/2010 18:15:05,0.0
08/07/2010 18:15:05,126088.0
09/07/2010 18:15:05,0.0
10/07/2010 18:15:05,0.0
11/07/2010 18:15:05,10844.0
12/07/2010 18:15:05,0.0
13/07/2010 18:15:05,0.0
14/07/2010 18:15:05,0.0
15/07/2010 18:15:05,47748.0
16/07/2010 18:15:05,0.0
17/07/2010 18:15:05,0.0
18/07/2010 18:15:05,0.0
19/07/2010 18:15:05,130297.0
20/07/2010 18:15:05,0.0
21/07/2010 18:15:05,11091.0
22/07/2010 18:15:05,0.0
23/07/2010 18:15:05,19312.0
24/07/2010 18:15:05,0.0
25/07/2010 18:15:05,0.0
26/07/2010 18:15:05,0.0
27/07/2010 18:15:05,0.0
28/07/2010 18:15:05,0.0
29/07/2010 18:15:05,22767.0
30/07/2010 18:15:05,0.0
31/07/2010 18:15:05,0.0
01/08/2010 18:15:05,0.0
02/08/2010 18:15:05,0.0
03/08/2010 18:15:05,0.0
04/08/2010 18:15:05,133213.0
05/08/2010 18:15:05,0.0
06/08/2010 18:15:05,0.0
07/08/2010 18:15:05,0.0
08/08/2010 18:15:05,0.0
09/08/2010 18:15:05,0.0
10/08/2010 18:15:05,0.0
11/08/2010 18:15:05,0.0
12/08/2010 18:15:05,0.0
13/08/2010 18:15:05,0.0
14/08/2010 18:15:05,0.0
15/08/2010 18:15:05,0.0
16/08/2010 18:15:05,0.0
17/08/2010 18:15:05,0.0
18/08/2010 18:15:05,0.0
19/08/2010 18:15:05,0.0
20/08/2010 18:15:05,0.0
21/08/2010 18:15:05,0.0
22/08/2010 18:15:05,0.0
23/08/2010 18:15:05,0.0
24/08/2010 18:15:05,0.0
25/08/2010 18:15:05,0.0
26/08/2010 18:15:05,0.0
27/08/2010 18:15:05,0.0
28/08/2010 18:15:05,0.0
29/08/2010 18:15:05,0.0
30/08/2010 18:15:05,0.0
31/08/2010 18:15:05,23806.0
01/09/2010 18:15:05,0.0
02/09/2010 18:15:05,0.0
03/09/2010 18:15:05,0.0
04/09/2010 18:15:05,0.0
05/09/2010 18:15:05,0.0
06/09/2010 18:15:05,0.0
07/09/2010 18:15:05,0.0
08/09/2010 18:15:05,0.0
09/09/2010 18:15:05,0.0
10/09/2010 18:15:05,0.0
11/09/2010 18:15:05,0.0
12/09/2010 18:15:05,0.0
13/09/2010 18:15:05,0.0
14/09/2010 18:15:05,0.0
15/09/2010 18:15:05,0.0
16/09/2010 18:15:05,0.0
17/09/2010 18:15:05,0.0
18/09/2010 18:15:05,6803901.0
19/09/2010 18:15:05,0.0
20/09/2010 18:15:05,0.0
21/09/2010 18:15:05,0.0
22/09/2010 18:15:05,0.0
23/09/2010 18:15:05,0.0
24/09/2010 18:15:05,0.0
25/09/2010 18:15:05,0.0
26/09/2010 18:15:05,0.0
27/09/2010 18:15:05,0.0
28/09/2010 18:15:05,0.0
29/09/2010 18:15:05,12998624
30/09/2010 18:15:05,0.0
01/10/2010 18:15:05,0.0
02/10/2010 18:15:05,0.0
03/10/2010 18:15:05,0.0
04/10/2010 18:15:05,0.0
05/10/2010 18:15:05,0.0
06/10/2010 18:15:05,0.0
07/10/2010 18:15:05,0.0
08/10/2010 18:15:05,0.0
09/10/2010 18:15:05,0.0
10/10/2010 18:15:05,0.0
11/10/2010 18:15:05,25987.0
12/10/2010 18:15:05,0.0
13/10/2010 18:15:05,0.0
14/10/2010 18:15:05,0.0
15/10/2010 18:15:05,0.0
16/10/2010 18:15:05,0.0
17/10/2010 18:15:05,0.0
18/10/2010 18:15:05,0.0
19/10/2010 18:15:05,0.0
20/10/2010 18:15:05,0.0
21/10/2010 18:15:05,0.0
22/10/2010 18:15:05,0.0
23/10/2010 18:15:05,0.0
24/10/2010 18:15:05,0.0
25/10/2010 18:15:05,0.0
26/10/2010 18:15:05,0.0
27/10/2010 18:15:05,0.0
28/10/2010 18:15:05,0.0
29/10/2010 18:15:05,0.0
30/10/2010 18:15:05,0.0
31/10/2010 18:15:05,0.0
01/11/2010 18:15:05,0.0
02/11/2010 18:15:05,0.0
03/11/2010 18:15:05,0.0
04/11/2010 18:15:05,0.0
05/11/2010 18:15:05,0.0
06/11/2010 18:15:05,0.0
07/11/2010 18:15:05,0.0
08/11/2010 18:15:05,0.0
09/11/2010 18:15:05,0.0
10/11/2010 18:15:05,0.0
11/11/2010 18:15:05,0.0
12/11/2010 18:15:05,0.0
13/11/2010 18:15:05,0.0
14/11/2010 18:15:05,0.0
15/11/2010 18:15:05,0.0
16/11/2010 18:15:05,0.0
17/11/2010 18:15:05,6737.0
18/11/2010 18:15:05,0.0
19/11/2010 18:15:05,64550.0
20/11/2010 18:15:05,0.0
21/11/2010 18:15:05,0.0
22/11/2010 18:15:05,0.0
23/11/2010 18:15:05,0.0
24/11/2010 18:15:05,0.0
25/11/2010 18:15:05,66967.0
26/11/2010 18:15:05,0.0
27/11/2010 18:15:05,64581.0
28/11/2010 18:15:05,129805.0
29/11/2010 18:15:05,0.0
30/11/2010 18:15:05,0.0
01/12/2010 18:15:05,0.0
02/12/2010 18:15:05,0.0
03/12/2010 18:15:05,0.0
04/12/2010 18:15:05,0.0
05/12/2010 18:15:05,0.0
06/12/2010 18:15:05,0.0
07/12/2010 18:15:05,85490.0
08/12/2010 18:15:05,0.0
09/12/2010 18:15:05,0.0
10/12/2010 18:15:05,0.0
11/12/2010 18:15:05,0.0
12/12/2010 18:15:05,0.0
13/12/2010 18:15:05,0.0
14/12/2010 18:15:05,0.0
15/12/2010 18:15:05,0.0
16/12/2010 18:15:05,0.0
17/12/2010 18:15:05,0.0
18/12/2010 18:15:05,0.0
19/12/2010 18:15:05,0.0
20/12/2010 18:15:05,0.0
21/12/2010 18:15:05,1689217.0
22/12/2010 18:15:05,0.0
23/12/2010 18:15:05,0.0
24/12/2010 18:15:05,0.0
25/12/2010 18:15:05,0.0
26/12/2010 18:15:05,0.0
27/12/2010 18:15:05,0.0
28/12/2010 18:15:05,0.0
29/12/2010 18:15:05,0.0
30/12/2010 18:15:05,0.0
31/12/2010 18:15:05,0.0
01/01/2011 18:15:05,0.0
02/01/2011 18:15:05,0.0
03/01/2011 18:15:05,762290.0
04/01/2011 18:15:05,0.0
05/01/2011 18:15:05,0.0
06/01/2011 18:15:05,24834.0
07/01/2011 18:15:05,57005.0
08/01/2011 18:15:05,0.0
09/01/2011 18:15:05,0.0
10/01/2011 18:15:05,0.0
11/01/2011 18:15:05,0.0
12/01/2011 18:15:05,0.0
13/01/2011 18:15:05,0.0
14/01/2011 18:15:05,0.0
15/01/2011 18:15:05,475495.0
16/01/2011 18:15:05,0.0
17/01/2011 18:15:05,0.0
18/01/2011 18:15:05,0.0
19/01/2011 18:15:05,1532890.0
20/01/2011 18:15:05,0.0
21/01/2011 18:15:05,0.0
22/01/2011 18:15:05,0.0
23/01/2011 18:15:05,0.0
24/01/2011 18:15:05,0.0
25/01/2011 18:15:05,0.0
26/01/2011 18:15:05,0.0
27/01/2011 18:15:05,0.0
28/01/2011 18:15:05,0.0
29/01/2011 18:15:05,0.0
30/01/2011 18:15:05,0.0
31/01/2011 18:15:05,0.0
01/02/2011 18:15:05,0.0
02/02/2011 18:15:05,0.0
03/02/2011 18:15:05,0.0
04/02/2011 18:15:05,57333.0
05/02/2011 18:15:05,0.0
06/02/2011 18:15:05,0.0
07/02/2011 18:15:05,274584.0
08/02/2011 18:15:05,37123.0
09/02/2011 18:15:05,0.0
10/02/2011 18:15:05,128387.0
11/02/2011 18:15:05,0.0
12/02/2011 18:15:05,37369.0
13/02/2011 18:15:05,0.0
14/02/2011 18:15:05,0.0
15/02/2011 18:15:05,2290516.0
16/02/2011 18:15:05,0.0
17/02/2011 18:15:05,0.0
18/02/2011 18:15:05,0.0
19/02/2011 18:15:05,118840.0
20/02/2011 18:15:05,75828.0
21/02/2011 18:15:05,0.0
22/02/2011 18:15:05,81457.0
23/02/2011 18:15:05,18982.0
24/02/2011 18:15:05,0.0
25/02/2011 18:15:05,473312.0
26/02/2011 18:15:05,0.0
27/02/2011 18:15:05,39866.0
28/02/2011 18:15:05,74681.0
01/03/2011 18:15:05,41855.0
02/03/2011 18:15:05,309570.0
03/03/2011 18:15:05,0.0
04/03/2011 18:15:05,0.0
05/03/2011 18:15:05,20.0
06/03/2011 18:15:05,0.0
07/03/2011 18:15:05,0.0
08/03/2011 18:15:05,0.0
09/03/2011 18:15:05,18464.0
10/03/2011 18:15:05,0.0
11/03/2011 18:15:05,0.0
12/03/2011 18:15:05,501240.0
13/03/2011 18:15:05,0.0
14/03/2011 18:15:05,20169.0
15/03/2011 18:15:05,0.0
16/03/2011 18:15:05,4157315.0
17/03/2011 18:15:05,0.0
18/03/2011 18:15:05,0.0
19/03/2011 18:15:05,0.0
20/03/2011 18:15:05,0.0
21/03/2011 18:15:05,243622.0
22/03/2011 18:15:05,481533.0
23/03/2011 18:15:05,178972.0
24/03/2011 18:15:05,65109.0
25/03/2011 18:15:05,88132.0
26/03/2011 18:15:05,20815.0
27/03/2011 18:15:05,0.0
28/03/2011 18:15:05,0.0
29/03/2011 18:15:05,136406.0
30/03/2011 18:15:05,22743.0
31/03/2011 18:15:05,23074.0
01/04/2011 18:15:05,257716.0
02/04/2011 18:15:05,0.0
03/04/2011 18:15:05,41344.0
04/04/2011 18:15:05,0.0
05/04/2011 18:15:05,286027.0
06/04/2011 18:15:05,1004076.0
07/04/2011 18:15:05,370816.0
08/04/2011 18:15:05,190433.0
09/04/2011 18:15:05,167419.0
10/04/2011 18:15:05,0.0
11/04/2011 18:15:05,77736.0
12/04/2011 18:15:05,832338.0
13/04/2011 18:15:05,135709.0
14/04/2011 18:15:05,586768.0
15/04/2011 18:15:05,2261939.0
16/04/2011 18:15:05,350802.0
17/04/2011 18:15:05,43742.0
18/04/2011 18:15:05,200594.0
19/04/2011 18:15:05,802390.0
20/04/2011 18:15:05,405464.0
21/04/2011 18:15:05,0.0
22/04/2011 18:15:05,166461.0
23/04/2011 18:15:05,246394.0
24/04/2011 18:15:05,2267263.0
25/04/2011 18:15:05,1165841.0
26/04/2011 18:15:05,205492.0
27/04/2011 18:15:05,564154.0
28/04/2011 18:15:05,1748088.0
29/04/2011 18:15:05,1240371.0
30/04/2011 18:15:05,748930.0
01/05/2011 18:15:05,708014.0
02/05/2011 18:15:05,924526.0
03/05/2011 18:15:05,437250.0
04/05/2011 18:15:05,91671.0
05/05/2011 18:15:05,348569.0
06/05/2011 18:15:05,641399.0
07/05/2011 18:15:05,495846.0
08/05/2011 18:15:05,0.0
09/05/2011 18:15:05,118538.0
10/05/2011 18:15:05,397588.0
11/05/2011 18:15:05,2068653.0
12/05/2011 18:15:05,1349329.0
13/05/2011 18:15:05,2349431.0
14/05/2011 18:15:05,311582.0
15/05/2011 18:15:05,23345.0
16/05/2011 18:15:05,127761.0
17/05/2011 18:15:05,79218.0
18/05/2011 18:15:05,0.0
19/05/2011 18:15:05,3508809.0
20/05/2011 18:15:05,333256.0
21/05/2011 18:15:05,80400.0
22/05/2011 18:15:05,48305.0
23/05/2011 18:15:05,61345.0
24/05/2011 18:15:05,273304.0
25/05/2011 18:15:05,1519170.0
26/05/2011 18:15:05,105332.0
27/05/2011 18:15:05,756169.0
28/05/2011 18:15:05,973092.0
29/05/2011 18:15:05,17993.0
30/05/2011 18:15:05,248353.0
31/05/2011 18:15:05,112943.0
01/06/2011 18:15:05,458522.0
02/06/2011 18:15:05,1027889.0
03/06/2011 18:15:05,17925952
04/06/2011 18:15:05,513193.0
05/06/2011 18:15:05,1015639.0
06/06/2011 18:15:05,1995873.0
07/06/2011 18:15:05,192943.0
08/06/2011 18:15:05,9105298.0
09/06/2011 18:15:05,6736309.0
10/06/2011 18:15:05,2594658.0
11/06/2011 18:15:05,17734648
12/06/2011 18:15:05,5906951.0
13/06/2011 18:15:05,12670126
14/06/2011 18:15:05,47664897
15/06/2011 18:15:05,963402.0
16/06/2011 18:15:05,2274459.0
17/06/2011 18:15:05,16927148
18/06/2011 18:15:05,379439.0
19/06/2011 18:15:05,5057421.0
20/06/2011 18:15:05,287638.0
21/06/2011 18:15:05,734571.0
22/06/2011 18:15:05,43996.0
23/06/2011 18:15:05,64526.0
24/06/2011 18:15:05,1517659.0
25/06/2011 18:15:05,561917.0
26/06/2011 18:15:05,622658.0
27/06/2011 18:15:05,1798741.0
28/06/2011 18:15:05,9385916.0
29/06/2011 18:15:05,537387.0
30/06/2011 18:15:05,115200.0
01/07/2011 18:15:05,495533.0
02/07/2011 18:15:05,56674.0
03/07/2011 18:15:05,681973.0
04/07/2011 18:15:05,106239.0
05/07/2011 18:15:05,2453616.0
06/07/2011 18:15:05,1639948.0
07/07/2011 18:15:05,160764.0
08/07/2011 18:15:05,548324.0
09/07/2011 18:15:05,171364.0
10/07/2011 18:15:05,568121.0
11/07/2011 18:15:05,563758.0
12/07/2011 18:15:05,33362.0
13/07/2011 18:15:05,28823.0
14/07/2011 18:15:05,406623.0
15/07/2011 18:15:05,23120.0
16/07/2011 18:15:05,64197.0
17/07/2011 18:15:05,244213.0
18/07/2011 18:15:05,649469.0
19/07/2011 18:15:05,506163.0
20/07/2011 18:15:05,1892.0
21/07/2011 18:15:05,74528.0
22/07/2011 18:15:05,18279.0
23/07/2011 18:15:05,175570.0
24/07/2011 18:15:05,21513.0
25/07/2011 18:15:05,267613.0
26/07/2011 18:15:05,199553.0
27/07/2011 18:15:05,43966.0
28/07/2011 18:15:05,100438.0
29/07/2011 18:15:05,209463.0
30/07/2011 18:15:05,801446.0
31/07/2011 18:15:05,17249.0
01/08/2011 18:15:05,496628.0
02/08/2011 18:15:05,163292.0
03/08/2011 18:15:05,40330.0
04/08/2011 18:15:05,1516.0
05/08/2011 18:15:05,19.0
06/08/2011 18:15:05,248552.0
07/08/2011 18:15:05,217608.0
08/08/2011 18:15:05,80566.0
09/08/2011 18:15:05,90158.0
10/08/2011 18:15:05,19002.0
11/08/2011 18:15:05,38969.0
12/08/2011 18:15:05,773.0
13/08/2011 18:15:05,292240.0
14/08/2011 18:15:05,1988.0
15/08/2011 18:15:05,38237.0
16/08/2011 18:15:05,0.0
17/08/2011 18:15:05,333875.0
18/08/2011 18:15:05,679173.0
19/08/2011 18:15:05,65538.0
20/08/2011 18:15:05,247698.0
21/08/2011 18:15:05,0.0
22/08/2011 18:15:05,295496.0
23/08/2011 18:15:05,18882.0
24/08/2011 18:15:05,2034.0
25/08/2011 18:15:05,181542.0
26/08/2011 18:15:05,3207812.0
27/08/2011 18:15:05,667024.0
28/08/2011 18:15:05,416483.0
29/08/2011 18:15:05,585581.0
30/08/2011 18:15:05,20000.0
31/08/2011 18:15:05,5658.0
01/09/2011 18:15:05,20.0
02/09/2011 18:15:05,939605.0
03/09/2011 18:15:05,44409.0
04/09/2011 18:15:05,29985.0
05/09/2011 18:15:05,933850.0
06/09/2011 18:15:05,1564101.0
07/09/2011 18:15:05,824231.0
08/09/2011 18:15:05,0.0
09/09/2011 18:15:05,732751.0
10/09/2011 18:15:05,21696.0
11/09/2011 18:15:05,74.0
12/09/2011 18:15:05,751738.0
13/09/2011 18:15:05,25920.0
14/09/2011 18:15:05,0.0
15/09/2011 18:15:05,937174.0
16/09/2011 18:15:05,67429.0
17/09/2011 18:15:05,1145287.0
18/09/2011 18:15:05,0.0
19/09/2011 18:15:05,87123.0
20/09/2011 18:15:05,974690.0
21/09/2011 18:15:05,0.0
22/09/2011 18:15:05,4417.0
23/09/2011 18:15:05,961895.0
24/09/2011 18:15:05,0.0
25/09/2011 18:15:05,0.0
26/09/2011 18:15:05,0.0
27/09/2011 18:15:05,1223329.0
28/09/2011 18:15:05,0.0
29/09/2011 18:15:05,0.0
30/09/2011 18:15:05,1127479.0
01/10/2011 18:15:05,62473.0
02/10/2011 18:15:05,0.0
03/10/2011 18:15:05,21501.0
04/10/2011 18:15:05,19502.0
05/10/2011 18:15:05,120599.0
06/10/2011 18:15:05,7168754.0
07/10/2011 18:15:05,22388.0
08/10/2011 18:15:05,169497.0
09/10/2011 18:15:05,1555874.0
10/10/2011 18:15:05,652338.0
11/10/2011 18:15:05,188.0
12/10/2011 18:15:05,0.0
13/10/2011 18:15:05,238386.0
14/10/2011 18:15:05,19605.0
15/10/2011 18:15:05,144361.0
16/10/2011 18:15:05,19870.0
17/10/2011 18:15:05,1630536.0
18/10/2011 18:15:05,70149.0
19/10/2011 18:15:05,1626342.0
20/10/2011 18:15:05,40635.0
21/10/2011 18:15:05,22803.0
22/10/2011 18:15:05,1578977.0
23/10/2011 18:15:05,46175.0
24/10/2011 18:15:05,184.0
25/10/2011 18:15:05,0.0
26/10/2011 18:15:05,67662.0
27/10/2011 18:15:05,1581209.0
28/10/2011 18:15:05,58252.0
29/10/2011 18:15:05,21.0
30/10/2011 18:15:05,1938446.0
31/10/2011 18:15:05,196.0
01/11/2011 18:15:05,1582136.0
02/11/2011 18:15:05,0.0
03/11/2011 18:15:05,2355884.0
04/11/2011 18:15:05,2011480.0
05/11/2011 18:15:05,0.0
06/11/2011 18:15:05,0.0
07/11/2011 18:15:05,0.0
08/11/2011 18:15:05,0.0
09/11/2011 18:15:05,3393928.0
10/11/2011 18:15:05,1589926.0
11/11/2011 18:15:05,41604.0
12/11/2011 18:15:05,3480911.0
13/11/2011 18:15:05,90840.0
14/11/2011 18:15:05,3538854.0
15/11/2011 18:15:05,3469723.0
16/11/2011 18:15:05,2014866.0
17/11/2011 18:15:05,1510679.0
18/11/2011 18:15:05,3548312.0
19/11/2011 18:15:05,93343.0
20/11/2011 18:15:05,2241516.0
21/11/2011 18:15:05,1417171.0
22/11/2011 18:15:05,4127023.0
23/11/2011 18:15:05,110758.0
24/11/2011 18:15:05,1734896.0
25/11/2011 18:15:05,3458348.0
26/11/2011 18:15:05,372359.0
27/11/2011 18:15:05,123731.0
28/11/2011 18:15:05,1778662.0
29/11/2011 18:15:05,3577831.0
30/11/2011 18:15:05,0.0
01/12/2011 18:15:05,5319296.0
02/12/2011 18:15:05,12786.0
03/12/2011 18:15:05,34855.0
04/12/2011 18:15:05,3521799.0
05/12/2011 18:15:05,1607612.0
06/12/2011 18:15:05,0.0
07/12/2011 18:15:05,24860.0
08/12/2011 18:15:05,4112240.0
09/12/2011 18:15:05,0.0
10/12/2011 18:15:05,0.0
11/12/2011 18:15:05,1609311.0
12/12/2011 18:15:05,3596849.0
13/12/2011 18:15:05,27400.0
14/12/2011 18:15:05,65714.0
15/12/2011 18:15:05,21082.0
16/12/2011 18:15:05,1852366.0
17/12/2011 18:15:05,1190.0
18/12/2011 18:15:05,60055.0
19/12/2011 18:15:05,5169407.0
20/12/2011 18:15:05,3715038.0
21/12/2011 18:15:05,47035.0
22/12/2011 18:15:05,90.0
23/12/2011 18:15:05,139431.0
24/12/2011 18:15:05,46438.0
25/12/2011 18:15:05,23.0
26/12/2011 18:15:05,1188944.0
27/12/2011 18:15:05,0.0
28/12/2011 18:15:05,1523471.0
29/12/2011 18:15:05,26.0
30/12/2011 18:15:05,601913.0
31/12/2011 18:15:05,160954.0
01/01/2012 18:15:05,185764.0
02/01/2012 18:15:05,54063.0
03/01/2012 18:15:05,90.0
04/01/2012 18:15:05,29713.0
05/01/2012 18:15:05,355032.0
06/01/2012 18:15:05,307789.0
07/01/2012 18:15:05,17597.0
08/01/2012 18:15:05,496.0
09/01/2012 18:15:05,204748.0
10/01/2012 18:15:05,108301.0
11/01/2012 18:15:05,68649.0
12/01/2012 18:15:05,1177557.0
13/01/2012 18:15:05,0.0
14/01/2012 18:15:05,0.0
15/01/2012 18:15:05,0.0
16/01/2012 18:15:05,105504.0
17/01/2012 18:15:05,20.0
18/01/2012 18:15:05,490387.0
19/01/2012 18:15:05,0.0
20/01/2012 18:15:05,20163.0
21/01/2012 18:15:05,8690.0
22/01/2012 18:15:05,18736.0
23/01/2012 18:15:05,372.0
24/01/2012 18:15:05,42.0
25/01/2012 18:15:05,101409.0
26/01/2012 18:15:05,389338.0
27/01/2012 18:15:05,167355.0
28/01/2012 18:15:05,62674.0
29/01/2012 18:15:05,53426.0
30/01/2012 18:15:05,383544.0
31/01/2012 18:15:05,0.0
01/02/2012 18:15:05,0.0
02/02/2012 18:15:05,442536.0
03/02/2012 18:15:05,0.0
04/02/2012 18:15:05,643711.0
05/02/2012 18:15:05,70863.0
06/02/2012 18:15:05,0.0
07/02/2012 18:15:05,315216.0
08/02/2012 18:15:05,0.0
09/02/2012 18:15:05,28.0
10/02/2012 18:15:05,0.0
11/02/2012 18:15:05,14290.0
12/02/2012 18:15:05,12142038
13/02/2012 18:15:05,185095.0
14/02/2012 18:15:05,850303.0
15/02/2012 18:15:05,210309.0
16/02/2012 18:15:05,92485.0
17/02/2012 18:15:05,866947.0
18/02/2012 18:15:05,365042.0
19/02/2012 18:15:05,186.0
20/02/2012 18:15:05,0.0
21/02/2012 18:15:05,74133.0
22/02/2012 18:15:05,7285.0
23/02/2012 18:15:05,95234.0
24/02/2012 18:15:05,121013.0
25/02/2012 18:15:05,235320.0
26/02/2012 18:15:05,0.0
27/02/2012 18:15:05,517.0
28/02/2012 18:15:05,482574.0
29/02/2012 18:15:05,52445.0
01/03/2012 18:15:05,3.0
02/03/2012 18:15:05,58764.0
03/03/2012 18:15:05,5978.0
04/03/2012 18:15:05,495.0
05/03/2012 18:15:05,3174.0
06/03/2012 18:15:05,9155.0
07/03/2012 18:15:05,109401.0
08/03/2012 18:15:05,385894.0
09/03/2012 18:15:05,169946.0
10/03/2012 18:15:05,80207.0
11/03/2012 18:15:05,263750.0
12/03/2012 18:15:05,4.0
13/03/2012 18:15:05,106.0
14/03/2012 18:15:05,382757.0
15/03/2012 18:15:05,451.0
16/03/2012 18:15:05,2061209.0
17/03/2012 18:15:05,367.0
18/03/2012 18:15:05,3435.0
19/03/2012 18:15:05,713598.0
20/03/2012 18:15:05,146466.0
21/03/2012 18:15:05,70643.0
22/03/2012 18:15:05,116943.0
23/03/2012 18:15:05,2279347.0
24/03/2012 18:15:05,46262.0
25/03/2012 18:15:05,56.0
26/03/2012 18:15:05,19.0
27/03/2012 18:15:05,0.0
28/03/2012 18:15:05,19512.0
29/03/2012 18:15:05,2904.0
30/03/2012 18:15:05,0.0
31/03/2012 18:15:05,39180.0
01/04/2012 18:15:05,700.0
02/04/2012 18:15:05,36968.0
03/04/2012 18:15:05,490727.0
04/04/2012 18:15:05,1129882.0
05/04/2012 18:15:05,21.0
06/04/2012 18:15:05,1873708.0
07/04/2012 18:15:05,4244.0
08/04/2012 18:15:05,63586.0
09/04/2012 18:15:05,79817.0
10/04/2012 18:15:05,973495.0
11/04/2012 18:15:05,1405217.0
12/04/2012 18:15:05,3381272.0
13/04/2012 18:15:05,836019.0
14/04/2012 18:15:05,20061.0
15/04/2012 18:15:05,964661.0
16/04/2012 18:15:05,1648747.0
17/04/2012 18:15:05,358495.0
18/04/2012 18:15:05,201420.0
19/04/2012 18:15:05,229318.0
20/04/2012 18:15:05,173099.0
21/04/2012 18:15:05,97848.0
22/04/2012 18:15:05,44304.0
23/04/2012 18:15:05,210874.0
24/04/2012 18:15:05,29923.0
25/04/2012 18:15:05,0.0
26/04/2012 18:15:05,128825.0
27/04/2012 18:15:05,46.0
28/04/2012 18:15:05,14218.0
29/04/2012 18:15:05,20700.0
30/04/2012 18:15:05,156894.0
01/05/2012 18:15:05,95194.0
02/05/2012 18:15:05,82.0
03/05/2012 18:15:05,58525.0
04/05/2012 18:15:05,315185.0
05/05/2012 18:15:05,41764.0
06/05/2012 18:15:05,14172.0
07/05/2012 18:15:05,82735.0
08/05/2012 18:15:05,1143.0
09/05/2012 18:15:05,1208927.0
10/05/2012 18:15:05,679688.0
11/05/2012 18:15:05,135248.0
12/05/2012 18:15:05,48128.0
13/05/2012 18:15:05,15794335
14/05/2012 18:15:05,3815261.0
15/05/2012 18:15:05,882319.0
16/05/2012 18:15:05,894811.0
17/05/2012 18:15:05,7149.0
18/05/2012 18:15:05,135569.0
19/05/2012 18:15:05,274712.0
20/05/2012 18:15:05,440278.0
21/05/2012 18:15:05,36259.0
22/05/2012 18:15:05,1783187.0
23/05/2012 18:15:05,377590.0
24/05/2012 18:15:05,30.0
25/05/2012 18:15:05,6650.0
26/05/2012 18:15:05,300803.0
27/05/2012 18:15:05,67871.0
28/05/2012 18:15:05,10163.0
29/05/2012 18:15:05,96650.0
30/05/2012 18:15:05,36879.0
31/05/2012 18:15:05,66048.0
01/06/2012 18:15:05,11916.0
02/06/2012 18:15:05,24431.0
03/06/2012 18:15:05,322162.0
04/06/2012 18:15:05,23704.0
05/06/2012 18:15:05,146822.0
06/06/2012 18:15:05,51148.0
07/06/2012 18:15:05,83612.0
08/06/2012 18:15:05,12172.0
09/06/2012 18:15:05,194100.0
10/06/2012 18:15:05,50332.0
11/06/2012 18:15:05,25405.0
12/06/2012 18:15:05,571228.0
13/06/2012 18:15:05,176543.0
14/06/2012 18:15:05,471743.0
15/06/2012 18:15:05,240018.0
16/06/2012 18:15:05,112020.0
17/06/2012 18:15:05,111809.0
18/06/2012 18:15:05,996061.0
19/06/2012 18:15:05,781724.0
20/06/2012 18:15:05,22185.0
21/06/2012 18:15:05,3324868.0
22/06/2012 18:15:05,434321.0
23/06/2012 18:15:05,63471.0
24/06/2012 18:15:05,3126225.0
25/06/2012 18:15:05,397444.0
26/06/2012 18:15:05,596914.0
27/06/2012 18:15:05,73335.0
28/06/2012 18:15:05,418783.0
29/06/2012 18:15:05,222186.0
30/06/2012 18:15:05,282485.0
01/07/2012 18:15:05,496425.0
02/07/2012 18:15:05,81768.0
03/07/2012 18:15:05,178690.0
04/07/2012 18:15:05,36667.0
05/07/2012 18:15:05,167971.0
06/07/2012 18:15:05,386765.0
07/07/2012 18:15:05,110570.0
08/07/2012 18:15:05,4133020.0
09/07/2012 18:15:05,468984.0
10/07/2012 18:15:05,134930.0
11/07/2012 18:15:05,20554048
12/07/2012 18:15:05,151220.0
13/07/2012 18:15:05,148257.0
14/07/2012 18:15:05,13606028
15/07/2012 18:15:05,303133.0
16/07/2012 18:15:05,988840.0
17/07/2012 18:15:05,448896.0
18/07/2012 18:15:05,403067.0
19/07/2012 18:15:05,719773.0
20/07/2012 18:15:05,346416.0
21/07/2012 18:15:05,1053028.0
22/07/2012 18:15:05,160137.0
23/07/2012 18:15:05,1004902.0
24/07/2012 18:15:05,767020.0
25/07/2012 18:15:05,445555.0
26/07/2012 18:15:05,571677.0
27/07/2012 18:15:05,263783.0
28/07/2012 18:15:05,189615.0
29/07/2012 18:15:05,199712.0
30/07/2012 18:15:05,132415.0
31/07/2012 18:15:05,524867.0
01/08/2012 18:15:05,481268.0
02/08/2012 18:15:05,1389095.0
03/08/2012 18:15:05,928895.0
04/08/2012 18:15:05,683313.0
05/08/2012 18:15:05,683611.0
06/08/2012 18:15:05,494525.0
07/08/2012 18:15:05,1378298.0
08/08/2012 18:15:05,1457733.0
09/08/2012 18:15:05,267240.0
10/08/2012 18:15:05,426737.0
11/08/2012 18:15:05,709479.0
12/08/2012 18:15:05,266159.0
13/08/2012 18:15:05,524674.0
14/08/2012 18:15:05,542421.0
15/08/2012 18:15:05,1414825.0
16/08/2012 18:15:05,738799.0
17/08/2012 18:15:05,7308704.0
18/08/2012 18:15:05,1677547.0
19/08/2012 18:15:05,232749.0
20/08/2012 18:15:05,496040.0
21/08/2012 18:15:05,301565.0
22/08/2012 18:15:05,171672.0
23/08/2012 18:15:05,667720.0
24/08/2012 18:15:05,1291235.0
25/08/2012 18:15:05,178317.0
26/08/2012 18:15:05,232931.0
27/08/2012 18:15:05,1596051.0
28/08/2012 18:15:05,4418510.0
29/08/2012 18:15:05,395661.0
30/08/2012 18:15:05,73892.0
31/08/2012 18:15:05,263521.0
01/09/2012 18:15:05,17377.0
02/09/2012 18:15:05,71790.0
03/09/2012 18:15:05,1183806.0
04/09/2012 18:15:05,208048.0
05/09/2012 18:15:05,351705.0
06/09/2012 18:15:05,278087.0
07/09/2012 18:15:05,506922.0
08/09/2012 18:15:05,75505.0
09/09/2012 18:15:05,159616.0
10/09/2012 18:15:05,225852.0
11/09/2012 18:15:05,204539.0
12/09/2012 18:15:05,51817.0
13/09/2012 18:15:05,825802.0
14/09/2012 18:15:05,256922.0
15/09/2012 18:15:05,447736.0
16/09/2012 18:15:05,548910.0
17/09/2012 18:15:05,5983896.0
18/09/2012 18:15:05,5294884.0
19/09/2012 18:15:05,3790218.0
20/09/2012 18:15:05,1535000.0
21/09/2012 18:15:05,1527759.0
22/09/2012 18:15:05,1428825.0
23/09/2012 18:15:05,1536199.0
24/09/2012 18:15:05,3846464.0
25/09/2012 18:15:05,242700.0
26/09/2012 18:15:05,1812343.0
27/09/2012 18:15:05,302223.0
28/09/2012 18:15:05,408668.0
29/09/2012 18:15:05,8272431.0
30/09/2012 18:15:05,170226.0
01/10/2012 18:15:05,169697.0
02/10/2012 18:15:05,219461.0
03/10/2012 18:15:05,1371704.0
04/10/2012 18:15:05,4737979.0
05/10/2012 18:15:05,763518.0
06/10/2012 18:15:05,277106.0
07/10/2012 18:15:05,42422.0
08/10/2012 18:15:05,379594.0
09/10/2012 18:15:05,203392.0
10/10/2012 18:15:05,1991119.0
11/10/2012 18:15:05,1067006.0
12/10/2012 18:15:05,470551.0
13/10/2012 18:15:05,55274.0
14/10/2012 18:15:05,5199774.0
15/10/2012 18:15:05,1507733.0
16/10/2012 18:15:05,287747.0
17/10/2012 18:15:05,8356350.0
18/10/2012 18:15:05,2155017.0
19/10/2012 18:15:05,1670045.0
20/10/2012 18:15:05,407487.0
21/10/2012 18:15:05,481280.0
22/10/2012 18:15:05,479247.0
23/10/2012 18:15:05,518135.0
24/10/2012 18:15:05,181560.0
25/10/2012 18:15:05,175690.0
26/10/2012 18:15:05,289501.0
27/10/2012 18:15:05,699570.0
28/10/2012 18:15:05,91474.0
29/10/2012 18:15:05,385685.0
30/10/2012 18:15:05,318531.0
31/10/2012 18:15:05,308476.0
01/11/2012 18:15:05,360755.0
02/11/2012 18:15:05,532430.0
03/11/2012 18:15:05,99087.0
04/11/2012 18:15:05,93607.0
05/11/2012 18:15:05,624879.0
06/11/2012 18:15:05,192844.0
07/11/2012 18:15:05,309729.0
08/11/2012 18:15:05,2494441.0
09/11/2012 18:15:05,637111.0
10/11/2012 18:15:05,134934.0
11/11/2012 18:15:05,1213011.0
12/11/2012 18:15:05,22337.0
13/11/2012 18:15:05,333768.0
14/11/2012 18:15:05,732847.0
15/11/2012 18:15:05,939346.0
16/11/2012 18:15:05,782258.0
17/11/2012 18:15:05,337727.0
18/11/2012 18:15:05,543602.0
19/11/2012 18:15:05,855542.0
20/11/2012 18:15:05,331979.0
21/11/2012 18:15:05,218213.0
22/11/2012 18:15:05,282987.0
23/11/2012 18:15:05,519378.0
24/11/2012 18:15:05,1441439.0
25/11/2012 18:15:05,1203332.0
26/11/2012 18:15:05,297355.0
27/11/2012 18:15:05,1082969.0
28/11/2012 18:15:05,978337.0
29/11/2012 18:15:05,253763.0
30/11/2012 18:15:05,470416.0
01/12/2012 18:15:05,1695677.0
02/12/2012 18:15:05,38601.0
03/12/2012 18:15:05,426867.0
04/12/2012 18:15:05,14707823
05/12/2012 18:15:05,4563570.0
06/12/2012 18:15:05,326118.0
07/12/2012 18:15:05,6992308.0
08/12/2012 18:15:05,455233.0
09/12/2012 18:15:05,396113.0
10/12/2012 18:15:05,1069641.0
11/12/2012 18:15:05,2230748.0
12/12/2012 18:15:05,2900177.0
13/12/2012 18:15:05,1140864.0
14/12/2012 18:15:05,242142.0
15/12/2012 18:15:05,539743.0
16/12/2012 18:15:05,180358.0
17/12/2012 18:15:05,282741.0
18/12/2012 18:15:05,284811.0
19/12/2012 18:15:05,183438.0
20/12/2012 18:15:05,3706019.0
21/12/2012 18:15:05,956920.0
22/12/2012 18:15:05,371537.0
23/12/2012 18:15:05,89610.0
24/12/2012 18:15:05,470265.0
25/12/2012 18:15:05,119884.0
26/12/2012 18:15:05,188632.0
27/12/2012 18:15:05,125707.0
28/12/2012 18:15:05,292373.0
29/12/2012 18:15:05,151508.0
30/12/2012 18:15:05,77165.0
31/12/2012 18:15:05,8497370.0
01/01/2013 18:15:05,547922.0
02/01/2013 18:15:05,194392.0
03/01/2013 18:15:05,712803.0
04/01/2013 18:15:05,531179.0
05/01/2013 18:15:05,218658.0
06/01/2013 18:15:05,249028.0
07/01/2013 18:15:05,329631.0
08/01/2013 18:15:05,511338.0
09/01/2013 18:15:05,1322805.0
10/01/2013 18:15:05,358275.0
11/01/2013 18:15:05,313271.0
12/01/2013 18:15:05,380484.0
13/01/2013 18:15:05,1303569.0
14/01/2013 18:15:05,860012.0
15/01/2013 18:15:05,458615.0
16/01/2013 18:15:05,890987.0
17/01/2013 18:15:05,1191021.0
18/01/2013 18:15:05,1363121.0
19/01/2013 18:15:05,427351.0
20/01/2013 18:15:05,454483.0
21/01/2013 18:15:05,1019859.0
22/01/2013 18:15:05,2732752.0
23/01/2013 18:15:05,2134273.0
24/01/2013 18:15:05,2299719.0
25/01/2013 18:15:05,1924590.0
26/01/2013 18:15:05,3369087.0
27/01/2013 18:15:05,371788.0
28/01/2013 18:15:05,2362816.0
29/01/2013 18:15:05,1426651.0
30/01/2013 18:15:05,2073952.0
31/01/2013 18:15:05,1270882.0
01/02/2013 18:15:05,22266779
02/02/2013 18:15:05,8442192.0
03/02/2013 18:15:05,1176196.0
04/02/2013 18:15:05,5768198.0
05/02/2013 18:15:05,4248985.0
06/02/2013 18:15:05,2060124.0
07/02/2013 18:15:05,1530161.0
08/02/2013 18:15:05,3883206.0
09/02/2013 18:15:05,1756213.0
10/02/2013 18:15:05,7807480.0
11/02/2013 18:15:05,1063475.0
12/02/2013 18:15:05,1986754.0
13/02/2013 18:15:05,1599371.0
14/02/2013 18:15:05,2531279.0
15/02/2013 18:15:05,4673039.0
16/02/2013 18:15:05,14653066
17/02/2013 18:15:05,1944270.0
18/02/2013 18:15:05,2944598.0
19/02/2013 18:15:05,2411026.0
20/02/2013 18:15:05,3004077.0
21/02/2013 18:15:05,5683681.0
22/02/2013 18:15:05,1689982.0
23/02/2013 18:15:05,1788035.0
24/02/2013 18:15:05,2222862.0
25/02/2013 18:15:05,11320580
26/02/2013 18:15:05,2132017.0
27/02/2013 18:15:05,2215583.0
28/02/2013 18:15:05,13249885
01/03/2013 18:15:05,2331703.0
02/03/2013 18:15:05,3070429.0
03/03/2013 18:15:05,1223815.0
04/03/2013 18:15:05,1284218.0
05/03/2013 18:15:05,5761915.0
06/03/2013 18:15:05,9621954.0
07/03/2013 18:15:05,11681961
08/03/2013 18:15:05,2073865.0
09/03/2013 18:15:05,6699265.0
10/03/2013 18:15:05,981671.0
11/03/2013 18:15:05,2612534.0
12/03/2013 18:15:05,3369309.0
13/03/2013 18:15:05,2732838.0
14/03/2013 18:15:05,3940594.0
15/03/2013 18:15:05,1286264.0
16/03/2013 18:15:05,2430856.0
17/03/2013 18:15:05,1332981.0
18/03/2013 18:15:05,2288675.0
19/03/2013 18:15:05,4558699.0
20/03/2013 18:15:05,3071864.0
21/03/2013 18:15:05,4978905.0
22/03/2013 18:15:05,5449665.0
23/03/2013 18:15:05,11032606
24/03/2013 18:15:05,2662175.0
25/03/2013 18:15:05,3138396.0
26/03/2013 18:15:05,5985664.0
27/03/2013 18:15:05,4107307.0
28/03/2013 18:15:05,6021216.0
29/03/2013 18:15:05,3716230.0
30/03/2013 18:15:05,4741195.0
31/03/2013 18:15:05,1879666.0
01/04/2013 18:15:05,5827628.0
02/04/2013 18:15:05,16600769
03/04/2013 18:15:05,15650132
04/04/2013 18:15:05,8786740.0
05/04/2013 18:15:05,18368965
06/04/2013 18:15:05,6603203.0
07/04/2013 18:15:05,3108391.0
08/04/2013 18:15:05,11462185
09/04/2013 18:15:05,11843775
10/04/2013 18:15:05,15657542
11/04/2013 18:15:05,26500207
12/04/2013 18:15:05,5559516.0
13/04/2013 18:15:05,7930834.0
14/04/2013 18:15:05,3133790.0
15/04/2013 18:15:05,8982461.0
16/04/2013 18:15:05,14626481
17/04/2013 18:15:05,1699001.0
18/04/2013 18:15:05,1697889.0
19/04/2013 18:15:05,2526352.0
20/04/2013 18:15:05,2442973.0
21/04/2013 18:15:05,7935769.0
22/04/2013 18:15:05,3793848.0
23/04/2013 18:15:05,8150398.0
24/04/2013 18:15:05,2080628.0
25/04/2013 18:15:05,2269382.0
26/04/2013 18:15:05,965476.0
27/04/2013 18:15:05,2628042.0
28/04/2013 18:15:05,1538683.0
29/04/2013 18:15:05,2567609.0
30/04/2013 18:15:05,1391040.0
01/05/2013 18:15:05,1824304.0
02/05/2013 18:15:05,2141414.0
03/05/2013 18:15:05,4992143.0
04/05/2013 18:15:05,598530.0
05/05/2013 18:15:05,1976443.0
06/05/2013 18:15:05,502004.0
07/05/2013 18:15:05,2031175.0
08/05/2013 18:15:05,1250807.0
09/05/2013 18:15:05,2374174.0
10/05/2013 18:15:05,1075684.0
11/05/2013 18:15:05,3594280.0
12/05/2013 18:15:05,563147.0
13/05/2013 18:15:05,451845.0
14/05/2013 18:15:05,1195086.0
15/05/2013 18:15:05,3217474.0
16/05/2013 18:15:05,1216393.0
17/05/2013 18:15:05,670479.0
18/05/2013 18:15:05,642041.0
19/05/2013 18:15:05,650049.0
20/05/2013 18:15:05,824764.0
21/05/2013 18:15:05,584350.0
22/05/2013 18:15:05,544195.0
23/05/2013 18:15:05,894889.0
24/05/2013 18:15:05,662608.0
25/05/2013 18:15:05,721295.0
26/05/2013 18:15:05,215326.0
27/05/2013 18:15:05,239424.0
28/05/2013 18:15:05,2485220.0
29/05/2013 18:15:05,444443.0
30/05/2013 18:15:05,2042099.0
31/05/2013 18:15:05,6762628.0
01/06/2013 18:15:05,1242820.0
02/06/2013 18:15:05,280318.0
03/06/2013 18:15:05,294249.0
04/06/2013 18:15:05,309751.0
05/06/2013 18:15:05,12486439
06/06/2013 18:15:05,439948.0
07/06/2013 18:15:05,1211572.0
08/06/2013 18:15:05,1954248.0
09/06/2013 18:15:05,5087647.0
10/06/2013 18:15:05,432449.0
11/06/2013 18:15:05,2907038.0
12/06/2013 18:15:05,2012327.0
13/06/2013 18:15:05,584919.0
14/06/2013 18:15:05,368959.0
15/06/2013 18:15:05,4085717.0
16/06/2013 18:15:05,2619397.0
17/06/2013 18:15:05,129480.0
18/06/2013 18:15:05,199436.0
19/06/2013 18:15:05,1114322.0
20/06/2013 18:15:05,449353.0
21/06/2013 18:15:05,228806.0
22/06/2013 18:15:05,186334.0
23/06/2013 18:15:05,920073.0
24/06/2013 18:15:05,98367.0
25/06/2013 18:15:05,1809483.0
26/06/2013 18:15:05,454261.0
27/06/2013 18:15:05,1626637.0
28/06/2013 18:15:05,2857606.0
29/06/2013 18:15:05,5064249.0
30/06/2013 18:15:05,2556609.0
01/07/2013 18:15:05,10285626
02/07/2013 18:15:05,4406173.0
03/07/2013 18:15:05,2463180.0
04/07/2013 18:15:05,5062625.0
05/07/2013 18:15:05,1814522.0
06/07/2013 18:15:05,793963.0
07/07/2013 18:15:05,311536.0
08/07/2013 18:15:05,220806.0
09/07/2013 18:15:05,1025313.0
10/07/2013 18:15:05,1815632.0
11/07/2013 18:15:05,517401.0
12/07/2013 18:15:05,308476.0
13/07/2013 18:15:05,466444.0
14/07/2013 18:15:05,338929.0
15/07/2013 18:15:05,667916.0
16/07/2013 18:15:05,359615.0
17/07/2013 18:15:05,513554.0
18/07/2013 18:15:05,34828.0
19/07/2013 18:15:05,318350.0
20/07/2013 18:15:05,1006474.0
21/07/2013 18:15:05,1004086.0
22/07/2013 18:15:05,1305864.0
23/07/2013 18:15:05,580574.0
24/07/2013 18:15:05,610796.0
25/07/2013 18:15:05,2369350.0
26/07/2013 18:15:05,911282.0
27/07/2013 18:15:05,224093.0
28/07/2013 18:15:05,543637.0
29/07/2013 18:15:05,1490234.0
30/07/2013 18:15:05,496703.0
31/07/2013 18:15:05,1214750.0
01/08/2013 18:15:05,1186508.0
02/08/2013 18:15:05,444152.0
03/08/2013 18:15:05,31067344
04/08/2013 18:15:05,235276.0
05/08/2013 18:15:05,526369.0
06/08/2013 18:15:05,170917.0
07/08/2013 18:15:05,439572.0
08/08/2013 18:15:05,812937.0
09/08/2013 18:15:05,1721962.0
10/08/2013 18:15:05,318128.0
11/08/2013 18:15:05,719265.0
12/08/2013 18:15:05,1843105.0
13/08/2013 18:15:05,20439520
14/08/2013 18:15:05,284369.0
15/08/2013 18:15:05,1583653.0
16/08/2013 18:15:05,492467.0
17/08/2013 18:15:05,2624514.0
18/08/2013 18:15:05,924762.0
19/08/2013 18:15:05,357004.0
20/08/2013 18:15:05,351017.0
21/08/2013 18:15:05,573889.0
22/08/2013 18:15:05,189252.0
23/08/2013 18:15:05,459450.0
24/08/2013 18:15:05,628121.0
25/08/2013 18:15:05,272180.0
26/08/2013 18:15:05,666716.0
27/08/2013 18:15:05,339121.0
28/08/2013 18:15:05,792360.0
29/08/2013 18:15:05,569093.0
30/08/2013 18:15:05,1907738.0
31/08/2013 18:15:05,773360.0
01/09/2013 18:15:05,1217271.0
02/09/2013 18:15:05,1820443.0
03/09/2013 18:15:05,1628807.0
04/09/2013 18:15:05,518327.0
05/09/2013 18:15:05,349071.0
06/09/2013 18:15:05,161547.0
07/09/2013 18:15:05,1558648.0
08/09/2013 18:15:05,109173.0
09/09/2013 18:15:05,799825.0
10/09/2013 18:15:05,6893998.0
11/09/2013 18:15:05,297795.0
12/09/2013 18:15:05,971045.0
13/09/2013 18:15:05,414367.0
14/09/2013 18:15:05,143020.0
15/09/2013 18:15:05,1273468.0
16/09/2013 18:15:05,309021.0
17/09/2013 18:15:05,835273.0
18/09/2013 18:15:05,4877308.0
19/09/2013 18:15:05,1045975.0
20/09/2013 18:15:05,351700.0
21/09/2013 18:15:05,80011.0
22/09/2013 18:15:05,272195.0
23/09/2013 18:15:05,197286.0
24/09/2013 18:15:05,842864.0
25/09/2013 18:15:05,781243.0
26/09/2013 18:15:05,513729.0
27/09/2013 18:15:05,420376.0
28/09/2013 18:15:05,315918.0
29/09/2013 18:15:05,1220764.0
30/09/2013 18:15:05,981782.0
01/10/2013 18:15:05,471955.0
02/10/2013 18:15:05,1663395.0
03/10/2013 18:15:05,1663835.0
04/10/2013 18:15:05,135805.0
05/10/2013 18:15:05,525200.0
06/10/2013 18:15:05,1586058.0
07/10/2013 18:15:05,68566.0
08/10/2013 18:15:05,7821923.0
09/10/2013 18:15:05,1184295.0
10/10/2013 18:15:05,1880359.0
11/10/2013 18:15:05,160553.0
12/10/2013 18:15:05,665150.0
13/10/2013 18:15:05,1203898.0
14/10/2013 18:15:05,1174659.0
15/10/2013 18:15:05,331405.0
16/10/2013 18:15:05,758812.0
17/10/2013 18:15:05,8852395.0
18/10/2013 18:15:05,607695.0
19/10/2013 18:15:05,2857033.0
20/10/2013 18:15:05,1837404.0
21/10/2013 18:15:05,34252751
22/10/2013 18:15:05,2362855.0
23/10/2013 18:15:05,898239.0
24/10/2013 18:15:05,3482823.0
25/10/2013 18:15:05,24164920
26/10/2013 18:15:05,2325411.0
27/10/2013 18:15:05,2542046.0
28/10/2013 18:15:05,2188444.0
29/10/2013 18:15:05,2556674.0
30/10/2013 18:15:05,259943.0
31/10/2013 18:15:05,3294718.0
01/11/2013 18:15:05,2819675.0
02/11/2013 18:15:05,2122550.0
03/11/2013 18:15:05,406087.0
04/11/2013 18:15:05,1699786.0
05/11/2013 18:15:05,2043245.0
06/11/2013 18:15:05,5288539.0
07/11/2013 18:15:05,8119936.0
08/11/2013 18:15:05,3198234.0
09/11/2013 18:15:05,5781669.0
10/11/2013 18:15:05,5666395.0
11/11/2013 18:15:05,6473144.0
12/11/2013 18:15:05,8747609.0
13/11/2013 18:15:05,7477441.0
14/11/2013 18:15:05,11408151
15/11/2013 18:15:05,11043030
16/11/2013 18:15:05,10198723
17/11/2013 18:15:05,11267382
18/11/2013 18:15:05,11770120
19/11/2013 18:15:05,14915750
20/11/2013 18:15:05,17920268
21/11/2013 18:15:05,3818215.0
22/11/2013 18:15:05,5748094.0
23/11/2013 18:15:05,4817468.0
24/11/2013 18:15:05,4981496.0
25/11/2013 18:15:05,35548464
26/11/2013 18:15:05,1726750.0
27/11/2013 18:15:05,17483599
28/11/2013 18:15:05,9732210.0
29/11/2013 18:15:05,10832975
30/11/2013 18:15:05,4621010.0
01/12/2013 18:15:05,3009734.0
02/12/2013 18:15:05,7055276.0
03/12/2013 18:15:05,1815284.0
04/12/2013 18:15:05,1842178.0
05/12/2013 18:15:05,3657038.0
06/12/2013 18:15:05,2846129.0
07/12/2013 18:15:05,2976849.0
08/12/2013 18:15:05,1510983.0
09/12/2013 18:15:05,1216288.0
10/12/2013 18:15:05,890498.0
11/12/2013 18:15:05,2431799.0
12/12/2013 18:15:05,1026828.0
13/12/2013 18:15:05,1910425.0
14/12/2013 18:15:05,1543534.0
15/12/2013 18:15:05,3697786.0
16/12/2013 18:15:05,11687167
17/12/2013 18:15:05,2135570.0
18/12/2013 18:15:05,10933231
19/12/2013 18:15:05,2957329.0
20/12/2013 18:15:05,1728154.0
21/12/2013 18:15:05,130990276
22/12/2013 18:15:05,174298.0
23/12/2013 18:15:05,1572243.0
24/12/2013 18:15:05,466159.0
25/12/2013 18:15:05,8543443.0
26/12/2013 18:15:05,1057462.0
27/12/2013 18:15:05,7467437.0
28/12/2013 18:15:05,327740.0
29/12/2013 18:15:05,1929206.0
30/12/2013 18:15:05,336726.0
31/12/2013 18:15:05,168754.0
01/01/2014 18:15:05,515116.0
02/01/2014 18:15:05,1714424.0
03/01/2014 18:15:05,805592.0
04/01/2014 18:15:05,2107558.0
05/01/2014 18:15:05,4674152.0
06/01/2014 18:15:05,778287.0
07/01/2014 18:15:05,1284108.0
08/01/2014 18:15:05,900127.0
09/01/2014 18:15:05,729144.0
10/01/2014 18:15:05,1446229.0
11/01/2014 18:15:05,722298.0
12/01/2014 18:15:05,11369874
13/01/2014 18:15:05,976912.0
14/01/2014 18:15:05,644132.0
15/01/2014 18:15:05,5118386.0
16/01/2014 18:15:05,2431022.0
17/01/2014 18:15:05,1234557.0
18/01/2014 18:15:05,1114804.0
19/01/2014 18:15:05,2341275.0
20/01/2014 18:15:05,3091756.0
21/01/2014 18:15:05,2020392.0
22/01/2014 18:15:05,2553448.0
23/01/2014 18:15:05,703819.0
24/01/2014 18:15:05,1243591.0
25/01/2014 18:15:05,1887922.0
26/01/2014 18:15:05,549914.0
27/01/2014 18:15:05,790959.0
28/01/2014 18:15:05,1223953.0
29/01/2014 18:15:05,1207938.0
30/01/2014 18:15:05,833885.0
31/01/2014 18:15:05,775933.0
01/02/2014 18:15:05,1381139.0
02/02/2014 18:15:05,454171.0
03/02/2014 18:15:05,796366.0
04/02/2014 18:15:05,813076.0
05/02/2014 18:15:05,1415234.0
06/02/2014 18:15:05,135368730
07/02/2014 18:15:05,1971967.0
08/02/2014 18:15:05,291451.0
09/02/2014 18:15:05,533299.0
10/02/2014 18:15:05,1302489.0
11/02/2014 18:15:05,1061241.0
12/02/2014 18:15:05,1492503.0
13/02/2014 18:15:05,891460.0
14/02/2014 18:15:05,1351757.0
15/02/2014 18:15:05,660384.0
16/02/2014 18:15:05,1075641.0
17/02/2014 18:15:05,155771.0
18/02/2014 18:15:05,939598.0
19/02/2014 18:15:05,4165603.0
20/02/2014 18:15:05,1551134.0
21/02/2014 18:15:05,1930476.0
22/02/2014 18:15:05,95251.0
23/02/2014 18:15:05,647135.0
24/02/2014 18:15:05,707166.0
25/02/2014 18:15:05,4190830.0
26/02/2014 18:15:05,1047062.0
27/02/2014 18:15:05,595962.0
28/02/2014 18:15:05,8093660.0
01/03/2014 18:15:05,8266983.0
02/03/2014 18:15:05,1693606.0
03/03/2014 18:15:05,711519.0
04/03/2014 18:15:05,2276238.0
05/03/2014 18:15:05,1694657.0
06/03/2014 18:15:05,1325702.0
07/03/2014 18:15:05,170236702
08/03/2014 18:15:05,777669.0
09/03/2014 18:15:05,999540.0
10/03/2014 18:15:05,101406000
11/03/2014 18:15:05,15137628
12/03/2014 18:15:05,250988.0
13/03/2014 18:15:05,736718.0
14/03/2014 18:15:05,482593.0
15/03/2014 18:15:05,285029.0
16/03/2014 18:15:05,627642.0
17/03/2014 18:15:05,1697809.0
18/03/2014 18:15:05,2476454.0
19/03/2014 18:15:05,992282.0
20/03/2014 18:15:05,2920892.0
21/03/2014 18:15:05,1659814.0
22/03/2014 18:15:05,3470526.0
23/03/2014 18:15:05,565030.0
24/03/2014 18:15:05,999485.0
25/03/2014 18:15:05,1246044.0
26/03/2014 18:15:05,586616.0
27/03/2014 18:15:05,1123719.0
28/03/2014 18:15:05,2456388.0
29/03/2014 18:15:05,1395109.0
30/03/2014 18:15:05,1361305.0
31/03/2014 18:15:05,445353.0
01/04/2014 18:15:05,627741.0
02/04/2014 18:15:05,206105.0
03/04/2014 18:15:05,11576702
04/04/2014 18:15:05,193309.0
05/04/2014 18:15:05,927487.0
06/04/2014 18:15:05,1048567.0
07/04/2014 18:15:05,5909575.0
08/04/2014 18:15:05,613052.0
09/04/2014 18:15:05,579223.0
10/04/2014 18:15:05,2349685.0
11/04/2014 18:15:05,1335971.0
12/04/2014 18:15:05,441652.0
13/04/2014 18:15:05,637372.0
14/04/2014 18:15:05,1210687.0
15/04/2014 18:15:05,513714.0
16/04/2014 18:15:05,14674042
17/04/2014 18:15:05,390814.0
18/04/2014 18:15:05,3104914.0
19/04/2014 18:15:05,0.0
20/04/2014 18:15:05,142773.0
21/04/2014 18:15:05,583052.0
22/04/2014 18:15:05,682430.0
23/04/2014 18:15:05,662353.0
24/04/2014 18:15:05,1884402.0
25/04/2014 18:15:05,868606.0
26/04/2014 18:15:05,471055.0
27/04/2014 18:15:05,647879.0
28/04/2014 18:15:05,780787.0
29/04/2014 18:15:05,1905597.0
30/04/2014 18:15:05,959921.0
01/05/2014 18:15:05,532846.0
02/05/2014 18:15:05,637999.0
03/05/2014 18:15:05,187051.0
04/05/2014 18:15:05,489090.0
05/05/2014 18:15:05,1207787.0
06/05/2014 18:15:05,545732.0
07/05/2014 18:15:05,982467.0
08/05/2014 18:15:05,826674.0
09/05/2014 18:15:05,519892.0
10/05/2014 18:15:05,556483.0
11/05/2014 18:15:05,979353.0
12/05/2014 18:15:05,662156.0
13/05/2014 18:15:05,155546.0
14/05/2014 18:15:05,571310.0
15/05/2014 18:15:05,888251.0
16/05/2014 18:15:05,105645.0
17/05/2014 18:15:05,191715.0
18/05/2014 18:15:05,1289783.0
19/05/2014 18:15:05,154142.0
20/05/2014 18:15:05,695010.0
21/05/2014 18:15:05,515200.0
22/05/2014 18:15:05,1625163.0
23/05/2014 18:15:05,408331.0
24/05/2014 18:15:05,271568.0
25/05/2014 18:15:05,2958174.0
26/05/2014 18:15:05,651290.0
27/05/2014 18:15:05,1792437.0
28/05/2014 18:15:05,26576350
29/05/2014 18:15:05,856222.0
30/05/2014 18:15:05,624870.0
31/05/2014 18:15:05,4364750.0
01/06/2014 18:15:05,997627.0
02/06/2014 18:15:05,1150468.0
03/06/2014 18:15:05,795968.0
04/06/2014 18:15:05,1225120.0
05/06/2014 18:15:05,506542.0
06/06/2014 18:15:05,1513428.0
07/06/2014 18:15:05,620279.0
08/06/2014 18:15:05,1499352.0
09/06/2014 18:15:05,980318.0
10/06/2014 18:15:05,2714013.0
11/06/2014 18:15:05,6220855.0
12/06/2014 18:15:05,1695419.0
13/06/2014 18:15:05,2143981.0
14/06/2014 18:15:05,600276.0
15/06/2014 18:15:05,216947.0
16/06/2014 18:15:05,2312777.0
17/06/2014 18:15:05,381715.0
18/06/2014 18:15:05,307837.0
19/06/2014 18:15:05,744306.0
20/06/2014 18:15:05,1023316.0
21/06/2014 18:15:05,401383.0
22/06/2014 18:15:05,1273471.0
23/06/2014 18:15:05,542494.0
24/06/2014 18:15:05,1943795.0
25/06/2014 18:15:05,357704.0
26/06/2014 18:15:05,145194.0
27/06/2014 18:15:05,881467.0
28/06/2014 18:15:05,200072.0
29/06/2014 18:15:05,13151406
30/06/2014 18:15:05,3350259.0
01/07/2014 18:15:05,236181.0
02/07/2014 18:15:05,2117343.0
03/07/2014 18:15:05,486351.0
04/07/2014 18:15:05,899065.0
05/07/2014 18:15:05,663837.0
06/07/2014 18:15:05,348660.0
07/07/2014 18:15:05,1033120.0
08/07/2014 18:15:05,266282.0
09/07/2014 18:15:05,3090088.0
10/07/2014 18:15:05,1842643.0
11/07/2014 18:15:05,317479.0
12/07/2014 18:15:05,649150.0
13/07/2014 18:15:05,403627.0
14/07/2014 18:15:05,710348.0
15/07/2014 18:15:05,157411.0
16/07/2014 18:15:05,1151772.0
17/07/2014 18:15:05,1334586.0
18/07/2014 18:15:05,1118530.0
19/07/2014 18:15:05,394832.0
20/07/2014 18:15:05,444421.0
21/07/2014 18:15:05,965284.0
22/07/2014 18:15:05,1260365.0
23/07/2014 18:15:05,823184.0
24/07/2014 18:15:05,6895115.0
25/07/2014 18:15:05,414354.0
26/07/2014 18:15:05,355492.0
27/07/2014 18:15:05,682704.0
28/07/2014 18:15:05,1857941.0
29/07/2014 18:15:05,619799.0
30/07/2014 18:15:05,314905.0
31/07/2014 18:15:05,639258.0
01/08/2014 18:15:05,1693260.0
02/08/2014 18:15:05,267145.0
03/08/2014 18:15:05,586798.0
04/08/2014 18:15:05,1685118.0
05/08/2014 18:15:05,986045.0
06/08/2014 18:15:05,1694078.0
07/08/2014 18:15:05,1374644.0
08/08/2014 18:15:05,548115.0
09/08/2014 18:15:05,1058532.0
10/08/2014 18:15:05,591800.0
11/08/2014 18:15:05,786743.0
12/08/2014 18:15:05,1377382.0
13/08/2014 18:15:05,1502988.0
14/08/2014 18:15:05,701989.0
15/08/2014 18:15:05,1122692.0
16/08/2014 18:15:05,2069867.0
17/08/2014 18:15:05,1408319.0
18/08/2014 18:15:05,2423333.0
19/08/2014 18:15:05,1194458.0
20/08/2014 18:15:05,853326.0
21/08/2014 18:15:05,2342058.0
22/08/2014 18:15:05,2642511.0
23/08/2014 18:15:05,2698246.0
24/08/2014 18:15:05,1287354.0
25/08/2014 18:15:05,1266513.0
26/08/2014 18:15:05,1404958.0
27/08/2014 18:15:05,1201419.0
28/08/2014 18:15:05,368377.0
29/08/2014 18:15:05,2010886.0
30/08/2014 18:15:05,1464927.0
31/08/2014 18:15:05,2418727.0
01/09/2014 18:15:05,826990.0
02/09/2014 18:15:05,421924.0
03/09/2014 18:15:05,707087.0
04/09/2014 18:15:05,1623776.0
05/09/2014 18:15:05,2968855.0
06/09/2014 18:15:05,10347511
07/09/2014 18:15:05,1424717.0
08/09/2014 18:15:05,591531.0
09/09/2014 18:15:05,3157942.0
10/09/2014 18:15:05,1835481.0
11/09/2014 18:15:05,1922935.0
12/09/2014 18:15:05,294112.0
13/09/2014 18:15:05,639944.0
14/09/2014 18:15:05,909981.0
15/09/2014 18:15:05,914071.0
16/09/2014 18:15:05,946780.0
17/09/2014 18:15:05,1098388.0
18/09/2014 18:15:05,1528186.0
19/09/2014 18:15:05,2968626.0
20/09/2014 18:15:05,726583.0
21/09/2014 18:15:05,2360912.0
22/09/2014 18:15:05,223050.0
23/09/2014 18:15:05,1665837.0
24/09/2014 18:15:05,481953.0
25/09/2014 18:15:05,838277.0
26/09/2014 18:15:05,928123.0
27/09/2014 18:15:05,256568.0
28/09/2014 18:15:05,2182960.0
29/09/2014 18:15:05,3388939.0
30/09/2014 18:15:05,2381571.0
01/10/2014 18:15:05,851440.0
02/10/2014 18:15:05,1285047.0
03/10/2014 18:15:05,1211811.0
04/10/2014 18:15:05,3643270.0
05/10/2014 18:15:05,19093607
06/10/2014 18:15:05,1645768.0
07/10/2014 18:15:05,1448778.0
08/10/2014 18:15:05,1175682.0
09/10/2014 18:15:05,3872013.0
10/10/2014 18:15:05,1043228.0
11/10/2014 18:15:05,158132.0
12/10/2014 18:15:05,512813.0
13/10/2014 18:15:05,2626945.0
14/10/2014 18:15:05,889669.0
15/10/2014 18:15:05,1153020.0
16/10/2014 18:15:05,2423962.0
17/10/2014 18:15:05,790315.0
18/10/2014 18:15:05,503331.0
19/10/2014 18:15:05,1478545.0
20/10/2014 18:15:05,335478.0
21/10/2014 18:15:05,206781.0
22/10/2014 18:15:05,279318.0
23/10/2014 18:15:05,2687821.0
24/10/2014 18:15:05,1756844.0
25/10/2014 18:15:05,519978.0
26/10/2014 18:15:05,276732.0
27/10/2014 18:15:05,215060.0
28/10/2014 18:15:05,1169559.0
29/10/2014 18:15:05,1449734.0
30/10/2014 18:15:05,414068.0
31/10/2014 18:15:05,313284.0
01/11/2014 18:15:05,1617155.0
02/11/2014 18:15:05,2429651.0
03/11/2014 18:15:05,328261.0
04/11/2014 18:15:05,870307.0
05/11/2014 18:15:05,1901469.0
06/11/2014 18:15:05,1125870.0
07/11/2014 18:15:05,14800183
08/11/2014 18:15:05,3844502.0
09/11/2014 18:15:05,1312815.0
10/11/2014 18:15:05,666353.0
11/11/2014 18:15:05,739521.0
12/11/2014 18:15:05,937726.0
13/11/2014 18:15:05,447106.0
14/11/2014 18:15:05,1058306.0
15/11/2014 18:15:05,1185370.0
16/11/2014 18:15:05,1015765.0
17/11/2014 18:15:05,464660.0
18/11/2014 18:15:05,628227.0
19/11/2014 18:15:05,889468.0
20/11/2014 18:15:05,492268.0
21/11/2014 18:15:05,272114.0
22/11/2014 18:15:05,384550.0
23/11/2014 18:15:05,560104.0
24/11/2014 18:15:05,438413.0
25/11/2014 18:15:05,904712.0
26/11/2014 18:15:05,316724.0
27/11/2014 18:15:05,1267014.0
28/11/2014 18:15:05,382465.0
29/11/2014 18:15:05,1533481.0
30/11/2014 18:15:05,1721342.0
01/12/2014 18:15:05,390405.0
02/12/2014 18:15:05,720170.0
03/12/2014 18:15:05,1485852.0
04/12/2014 18:15:05,1511427.0
05/12/2014 18:15:05,694829.0
06/12/2014 18:15:05,643991.0
07/12/2014 18:15:05,362630.0
08/12/2014 18:15:05,2720899.0
09/12/2014 18:15:05,17011436
10/12/2014 18:15:05,1544350.0
11/12/2014 18:15:05,1362102.0
12/12/2014 18:15:05,285560.0
13/12/2014 18:15:05,454549.0
14/12/2014 18:15:05,565802.0
15/12/2014 18:15:05,1078533.0
16/12/2014 18:15:05,1350635.0
17/12/2014 18:15:05,1188180.0
18/12/2014 18:15:05,2791390.0
19/12/2014 18:15:05,767158.0
20/12/2014 18:15:05,727852.0
21/12/2014 18:15:05,1397635.0
22/12/2014 18:15:05,1138232.0
23/12/2014 18:15:05,523902.0
24/12/2014 18:15:05,18561562
25/12/2014 18:15:05,1280909.0
26/12/2014 18:15:05,664249.0
27/12/2014 18:15:05,278576.0
28/12/2014 18:15:05,437186.0
29/12/2014 18:15:05,363065.0
30/12/2014 18:15:05,9523503.0
31/12/2014 18:15:05,14920218
01/01/2015 18:15:05,504826.0
02/01/2015 18:15:05,895280.0
03/01/2015 18:15:05,1176315.0
04/01/2015 18:15:05,2411212.0
05/01/2015 18:15:05,2522809.0
06/01/2015 18:15:05,1275043.0
07/01/2015 18:15:05,15342189
08/01/2015 18:15:05,9170692.0
09/01/2015 18:15:05,597120.0
10/01/2015 18:15:05,2084547.0
11/01/2015 18:15:05,4894929.0
12/01/2015 18:15:05,533820.0
13/01/2015 18:15:05,7945353.0
14/01/2015 18:15:05,5405997.0
15/01/2015 18:15:05,4236406.0
16/01/2015 18:15:05,9637604.0
17/01/2015 18:15:05,2023194.0
18/01/2015 18:15:05,1595481.0
19/01/2015 18:15:05,1545752.0
20/01/2015 18:15:05,979278.0
21/01/2015 18:15:05,6136786.0
22/01/2015 18:15:05,452485.0
23/01/2015 18:15:05,528085.0
24/01/2015 18:15:05,2523412.0
25/01/2015 18:15:05,418002.0
26/01/2015 18:15:05,2249629.0
27/01/2015 18:15:05,1238030.0
28/01/2015 18:15:05,523024.0
29/01/2015 18:15:05,1250151.0
30/01/2015 18:15:05,355088.0
31/01/2015 18:15:05,595212.0
01/02/2015 18:15:05,453157.0
02/02/2015 18:15:05,2504985.0
03/02/2015 18:15:05,2692754.0
04/02/2015 18:15:05,303016.0
05/02/2015 18:15:05,4185601.0
06/02/2015 18:15:05,1094086.0
07/02/2015 18:15:05,943313.0
08/02/2015 18:15:05,174903.0
09/02/2015 18:15:05,1261880.0
10/02/2015 18:15:05,1602477.0
11/02/2015 18:15:05,443998.0
12/02/2015 18:15:05,1174505.0
13/02/2015 18:15:05,1204907.0
14/02/2015 18:15:05,649772.0
15/02/2015 18:15:05,2544698.0
16/02/2015 18:15:05,450075.0
17/02/2015 18:15:05,948859.0
18/02/2015 18:15:05,403566.0
19/02/2015 18:15:05,2402844.0
20/02/2015 18:15:05,1553575.0
21/02/2015 18:15:05,27080982
22/02/2015 18:15:05,614587.0
23/02/2015 18:15:05,1067009.0
24/02/2015 18:15:05,1799256.0
25/02/2015 18:15:05,4561462.0
26/02/2015 18:15:05,1928989.0
27/02/2015 18:15:05,1042067.0
28/02/2015 18:15:05,6285035.0
01/03/2015 18:15:05,2479879.0
02/03/2015 18:15:05,15649971
03/03/2015 18:15:05,6385488.0
04/03/2015 18:15:05,6301645.0
05/03/2015 18:15:05,1508627.0
06/03/2015 18:15:05,8814052.0
07/03/2015 18:15:05,2943190.0
08/03/2015 18:15:05,8462886.0
09/03/2015 18:15:05,312469.0
10/03/2015 18:15:05,1395100.0
11/03/2015 18:15:05,21316459
12/03/2015 18:15:05,3698960.0
13/03/2015 18:15:05,6184944.0
14/03/2015 18:15:05,312975.0
15/03/2015 18:15:05,1536065.0
16/03/2015 18:15:05,1832787.0
17/03/2015 18:15:05,1522679.0
18/03/2015 18:15:05,2623557.0
19/03/2015 18:15:05,2348460.0
20/03/2015 18:15:05,1159032.0
21/03/2015 18:15:05,2035734.0
22/03/2015 18:15:05,443915.0
23/03/2015 18:15:05,392419.0
24/03/2015 18:15:05,1085321.0
25/03/2015 18:15:05,1959803.0
26/03/2015 18:15:05,204256.0
27/03/2015 18:15:05,1122973.0
28/03/2015 18:15:05,618464.0
29/03/2015 18:15:05,337273.0
30/03/2015 18:15:05,572850.0
31/03/2015 18:15:05,350228.0
01/04/2015 18:15:05,792491.0
02/04/2015 18:15:05,4906324.0
03/04/2015 18:15:05,8146204.0
04/04/2015 18:15:05,1289394.0
05/04/2015 18:15:05,526113.0
06/04/2015 18:15:05,637667.0
07/04/2015 18:15:05,760522.0
08/04/2015 18:15:05,2460405.0
09/04/2015 18:15:05,801259.0
10/04/2015 18:15:05,1254528.0
11/04/2015 18:15:05,489243.0
12/04/2015 18:15:05,2409258.0
13/04/2015 18:15:05,1070687.0
14/04/2015 18:15:05,875492.0
15/04/2015 18:15:05,13100594
16/04/2015 18:15:05,1320803.0
17/04/2015 18:15:05,480751.0
18/04/2015 18:15:05,451000.0
19/04/2015 18:15:05,224641.0
20/04/2015 18:15:05,399643.0
21/04/2015 18:15:05,369216.0
22/04/2015 18:15:05,1414747.0
23/04/2015 18:15:05,52616145
24/04/2015 18:15:05,673332.0
25/04/2015 18:15:05,689764.0
26/04/2015 18:15:05,2174588.0
27/04/2015 18:15:05,3101928.0
28/04/2015 18:15:05,883310.0
29/04/2015 18:15:05,2165829.0
30/04/2015 18:15:05,605541.0
01/05/2015 18:15:05,626818.0
02/05/2015 18:15:05,443806.0
03/05/2015 18:15:05,633251.0
04/05/2015 18:15:05,2243749.0
05/05/2015 18:15:05,1908006.0
06/05/2015 18:15:05,688932.0
07/05/2015 18:15:05,1203452.0
08/05/2015 18:15:05,689642.0
09/05/2015 18:15:05,1209880.0
10/05/2015 18:15:05,308217.0
11/05/2015 18:15:05,3750319.0
12/05/2015 18:15:05,1868550.0
13/05/2015 18:15:05,940054.0
14/05/2015 18:15:05,998277.0
15/05/2015 18:15:05,1289404.0
16/05/2015 18:15:05,564903.0
17/05/2015 18:15:05,745361.0
18/05/2015 18:15:05,744019.0
19/05/2015 18:15:05,3039496.0
20/05/2015 18:15:05,928765.0
21/05/2015 18:15:05,567254.0
22/05/2015 18:15:05,666009.0
23/05/2015 18:15:05,2807249.0
24/05/2015 18:15:05,853640.0
25/05/2015 18:15:05,372260.0
26/05/2015 18:15:05,959557.0
27/05/2015 18:15:05,962151.0
28/05/2015 18:15:05,1579432.0
29/05/2015 18:15:05,1731345.0
30/05/2015 18:15:05,1354393.0
31/05/2015 18:15:05,1178123.0
01/06/2015 18:15:05,1643520.0
02/06/2015 18:15:05,1314739.0
03/06/2015 18:15:05,919072.0
04/06/2015 18:15:05,776695.0
05/06/2015 18:15:05,1359413.0
06/06/2015 18:15:05,351002.0
07/06/2015 18:15:05,1628179.0
08/06/2015 18:15:05,867722.0
09/06/2015 18:15:05,862966.0
10/06/2015 18:15:05,2961612.0
11/06/2015 18:15:05,709894.0
12/06/2015 18:15:05,6721879.0
13/06/2015 18:15:05,1788214.0
14/06/2015 18:15:05,2593804.0
15/06/2015 18:15:05,1055055.0
16/06/2015 18:15:05,3178091.0
17/06/2015 18:15:05,3226334.0
18/06/2015 18:15:05,806528.0
19/06/2015 18:15:05,698976.0
20/06/2015 18:15:05,5378272.0
21/06/2015 18:15:05,9175174.0
22/06/2015 18:15:05,858861.0
23/06/2015 18:15:05,920125.0
24/06/2015 18:15:05,3652926.0
25/06/2015 18:15:05,1024461.0
26/06/2015 18:15:05,1156053.0
27/06/2015 18:15:05,1941207.0
28/06/2015 18:15:05,755271.0
29/06/2015 18:15:05,1179458.0
30/06/2015 18:15:05,2563347.0
01/07/2015 18:15:05,2029201.0
02/07/2015 18:15:05,2711955.0
03/07/2015 18:15:05,1093141.0
04/07/2015 18:15:05,779471.0
05/07/2015 18:15:05,2751127.0
06/07/2015 18:15:05,5094528.0
07/07/2015 18:15:05,6731482.0
08/07/2015 18:15:05,9834750.0
09/07/2015 18:15:05,6082617.0
10/07/2015 18:15:05,1983037.0
11/07/2015 18:15:05,1761300.0
12/07/2015 18:15:05,5470247.0
13/07/2015 18:15:05,1898817.0
14/07/2015 18:15:05,1160673.0
15/07/2015 18:15:05,1580461.0
16/07/2015 18:15:05,1513017.0
17/07/2015 18:15:05,6486815.0
18/07/2015 18:15:05,1070852.0
19/07/2015 18:15:05,886504.0
20/07/2015 18:15:05,1264997.0
21/07/2015 18:15:05,5441844.0
22/07/2015 18:15:05,843469.0
23/07/2015 18:15:05,605958.0
24/07/2015 18:15:05,668663.0
25/07/2015 18:15:05,1555906.0
26/07/2015 18:15:05,1453203.0
27/07/2015 18:15:05,1959907.0
28/07/2015 18:15:05,957249.0
29/07/2015 18:15:05,2319901.0
30/07/2015 18:15:05,596292.0
31/07/2015 18:15:05,1303300.0
01/08/2015 18:15:05,2974709.0
02/08/2015 18:15:05,872280.0
03/08/2015 18:15:05,385491.0
04/08/2015 18:15:05,829262.0
05/08/2015 18:15:05,3506518.0
06/08/2015 18:15:05,496311.0
07/08/2015 18:15:05,440882.0
08/08/2015 18:15:05,1180444.0
09/08/2015 18:15:05,21986569
10/08/2015 18:15:05,4144402.0
11/08/2015 18:15:05,2414868.0
12/08/2015 18:15:05,903662.0
13/08/2015 18:15:05,916516.0
14/08/2015 18:15:05,4653524.0
15/08/2015 18:15:05,918708.0
16/08/2015 18:15:05,4117828.0
17/08/2015 18:15:05,1525965.0
18/08/2015 18:15:05,1386097.0
19/08/2015 18:15:05,3069791.0
20/08/2015 18:15:05,1888979.0
21/08/2015 18:15:05,1971275.0
22/08/2015 18:15:05,2323880.0
23/08/2015 18:15:05,1720313.0
24/08/2015 18:15:05,24138383
25/08/2015 18:15:05,2750080.0
26/08/2015 18:15:05,23636756
27/08/2015 18:15:05,5087508.0
28/08/2015 18:15:05,1246357.0
29/08/2015 18:15:05,651565.0
30/08/2015 18:15:05,3075519.0
31/08/2015 18:15:05,1579926.0
01/09/2015 18:15:05,3035586.0
02/09/2015 18:15:05,3342783.0
03/09/2015 18:15:05,3829018.0
04/09/2015 18:15:05,2777641.0
05/09/2015 18:15:05,894171.0
06/09/2015 18:15:05,1263459.0
07/09/2015 18:15:05,659500.0
08/09/2015 18:15:05,1307564.0
09/09/2015 18:15:05,1606296.0
10/09/2015 18:15:05,16767124
11/09/2015 18:15:05,659000.0
12/09/2015 18:15:05,321233.0
13/09/2015 18:15:05,341842.0
14/09/2015 18:15:05,538864.0
15/09/2015 18:15:05,1075241.0
16/09/2015 18:15:05,1167746.0
17/09/2015 18:15:05,1380505.0
18/09/2015 18:15:05,667699.0
19/09/2015 18:15:05,465346.0
20/09/2015 18:15:05,1097114.0
21/09/2015 18:15:05,2732120.0
22/09/2015 18:15:05,8347169.0
23/09/2015 18:15:05,1291988.0
24/09/2015 18:15:05,605167.0
25/09/2015 18:15:05,923245.0
26/09/2015 18:15:05,469652.0
27/09/2015 18:15:05,314624.0
28/09/2015 18:15:05,1140290.0
29/09/2015 18:15:05,733445.0
30/09/2015 18:15:05,915295.0
01/10/2015 18:15:05,1023631.0
02/10/2015 18:15:05,981315.0
03/10/2015 18:15:05,699453.0
04/10/2015 18:15:05,388449.0
05/10/2015 18:15:05,1707009.0
06/10/2015 18:15:05,1524425.0
07/10/2015 18:15:05,4103512.0
08/10/2015 18:15:05,3066207.0
09/10/2015 18:15:05,728609.0
10/10/2015 18:15:05,1155933.0
11/10/2015 18:15:05,1284532.0
12/10/2015 18:15:05,6854913.0
13/10/2015 18:15:05,3133515.0
14/10/2015 18:15:05,2096672.0
15/10/2015 18:15:05,7796369.0
16/10/2015 18:15:05,1071582.0
17/10/2015 18:15:05,1155613.0
18/10/2015 18:15:05,916681.0
19/10/2015 18:15:05,2420724.0
20/10/2015 18:15:05,1490775.0
21/10/2015 18:15:05,1117742.0
22/10/2015 18:15:05,2515110.0
23/10/2015 18:15:05,1473318.0
24/10/2015 18:15:05,1082817.0
25/10/2015 18:15:05,858901.0
26/10/2015 18:15:05,1988435.0
27/10/2015 18:15:05,1750818.0
28/10/2015 18:15:05,1297809.0
29/10/2015 18:15:05,2381330.0
30/10/2015 18:15:05,3155522.0
31/10/2015 18:15:05,4655161.0
01/11/2015 18:15:05,19941247
02/11/2015 18:15:05,1141197.0
03/11/2015 18:15:05,9511537.0
04/11/2015 18:15:05,13748120
05/11/2015 18:15:05,6094283.0
06/11/2015 18:15:05,3431029.0
07/11/2015 18:15:05,22926715
08/11/2015 18:15:05,5592782.0
09/11/2015 18:15:05,3043634.0
10/11/2015 18:15:05,7508677.0
11/11/2015 18:15:05,3145227.0
12/11/2015 18:15:05,3430344.0
13/11/2015 18:15:05,1682922.0
14/11/2015 18:15:05,11511862
15/11/2015 18:15:05,1525127.0
16/11/2015 18:15:05,1425863.0
17/11/2015 18:15:05,2394641.0
18/11/2015 18:15:05,1732680.0
19/11/2015 18:15:05,2611178.0
20/11/2015 18:15:05,1537525.0
21/11/2015 18:15:05,1558404.0
22/11/2015 18:15:05,2285278.0
23/11/2015 18:15:05,3549947.0
24/11/2015 18:15:05,1052878.0
25/11/2015 18:15:05,1686108.0
26/11/2015 18:15:05,1738981.0
27/11/2015 18:15:05,2752244.0
28/11/2015 18:15:05,2310241.0
29/11/2015 18:15:05,922173.0
30/11/2015 18:15:05,1894502.0
01/12/2015 18:15:05,2077997.0
02/12/2015 18:15:05,1649277.0
03/12/2015 18:15:05,3524338.0
04/12/2015 18:15:05,2826685.0
05/12/2015 18:15:05,3026733.0
06/12/2015 18:15:05,2982498.0
07/12/2015 18:15:05,2313696.0
08/12/2015 18:15:05,1621958.0
09/12/2015 18:15:05,5050176.0
10/12/2015 18:15:05,3690541.0
11/12/2015 18:15:05,3893887.0
12/12/2015 18:15:05,4037203.0
13/12/2015 18:15:05,2127013.0
14/12/2015 18:15:05,18771924
15/12/2015 18:15:05,2945172.0
16/12/2015 18:15:05,2577919.0
17/12/2015 18:15:05,1937053.0
18/12/2015 18:15:05,1252154.0
19/12/2015 18:15:05,6013330.0
20/12/2015 18:15:05,827015.0
21/12/2015 18:15:05,1644217.0
22/12/2015 18:15:05,3933632.0
23/12/2015 18:15:05,1912271.0
24/12/2015 18:15:05,5762102.0
25/12/2015 18:15:05,1071025.0
26/12/2015 18:15:05,1976687.0
27/12/2015 18:15:05,2388123.0
28/12/2015 18:15:05,1311414.0
29/12/2015 18:15:05,1878308.0
30/12/2015 18:15:05,769771.0
31/12/2015 18:15:05,2112899.0
01/01/2016 18:15:05,651307.0
02/01/2016 18:15:05,1032999.0
03/01/2016 18:15:05,990278.0
04/01/2016 18:15:05,2006261.0
05/01/2016 18:15:05,1989964.0
06/01/2016 18:15:05,2128887.0
07/01/2016 18:15:05,3436992.0
08/01/2016 18:15:05,47974258
09/01/2016 18:15:05,1592705.0
10/01/2016 18:15:05,6524293.0
11/01/2016 18:15:05,1104203.0
12/01/2016 18:15:05,2870343.0
13/01/2016 18:15:05,7841141.0
14/01/2016 18:15:05,865050.0
15/01/2016 18:15:05,8647388.0
16/01/2016 18:15:05,7405128.0
17/01/2016 18:15:05,970189.0
18/01/2016 18:15:05,1843515.0
19/01/2016 18:15:05,4199196.0
20/01/2016 18:15:05,2133947.0
21/01/2016 18:15:05,2895216.0
22/01/2016 18:15:05,8882879.0
23/01/2016 18:15:05,47285851
24/01/2016 18:15:05,8055174.0
25/01/2016 18:15:05,7910990.0
26/01/2016 18:15:05,2715243.0
27/01/2016 18:15:05,6296405.0
28/01/2016 18:15:05,3432280.0
29/01/2016 18:15:05,4879906.0
30/01/2016 18:15:05,2083430.0
31/01/2016 18:15:05,988550.0
01/02/2016 18:15:05,6055137.0
02/02/2016 18:15:05,1737620.0
03/02/2016 18:15:05,1137568.0
04/02/2016 18:15:05,5344141.0
05/02/2016 18:15:05,2269912.0
06/02/2016 18:15:05,4381208.0
07/02/2016 18:15:05,762444.0
08/02/2016 18:15:05,3067603.0
09/02/2016 18:15:05,3543584.0
10/02/2016 18:15:05,4307476.0
11/02/2016 18:15:05,8763095.0
12/02/2016 18:15:05,4350442.0
13/02/2016 18:15:05,2999279.0
14/02/2016 18:15:05,2155892.0
15/02/2016 18:15:05,8827698.0
16/02/2016 18:15:05,5619197.0
17/02/2016 18:15:05,3042829.0
18/02/2016 18:15:05,1559006.0
19/02/2016 18:15:05,3953602.0
20/02/2016 18:15:05,4867312.0
21/02/2016 18:15:05,3261372.0
22/02/2016 18:15:05,2644214.0
23/02/2016 18:15:05,2630536.0
24/02/2016 18:15:05,3631851.0
25/02/2016 18:15:05,10205235
26/02/2016 18:15:05,2426597.0
27/02/2016 18:15:05,3156269.0
28/02/2016 18:15:05,7350174.0
29/02/2016 18:15:05,5789391.0
01/03/2016 18:15:05,32648445
02/03/2016 18:15:05,7548729.0
03/03/2016 18:15:05,10630981
04/03/2016 18:15:05,4687089.0
05/03/2016 18:15:05,26891128
06/03/2016 18:15:05,3897098.0
07/03/2016 18:15:05,10463599
08/03/2016 18:15:05,6640427.0
09/03/2016 18:15:05,6188275.0
10/03/2016 18:15:05,16397033
11/03/2016 18:15:05,2717059.0
12/03/2016 18:15:05,4620573.0
13/03/2016 18:15:05,5672032.0
14/03/2016 18:15:05,10437894
15/03/2016 18:15:05,3933204.0
16/03/2016 18:15:05,7830483.0
17/03/2016 18:15:05,3860511.0
18/03/2016 18:15:05,4072161.0
19/03/2016 18:15:05,3608052.0
20/03/2016 18:15:05,2517718.0
21/03/2016 18:15:05,8660648.0
22/03/2016 18:15:05,9417656.0
23/03/2016 18:15:05,1607492.0
24/03/2016 18:15:05,1087029.0
25/03/2016 18:15:05,2978088.0
26/03/2016 18:15:05,5252828.0
27/03/2016 18:15:05,1535384.0
28/03/2016 18:15:05,2167832.0
29/03/2016 18:15:05,2574474.0
30/03/2016 18:15:05,1826780.0
31/03/2016 18:15:05,5205466.0
01/04/2016 18:15:05,4762824.0
02/04/2016 18:15:05,4301483.0
03/04/2016 18:15:05,1898977.0
04/04/2016 18:15:05,2697960.0
05/04/2016 18:15:05,3606110.0
06/04/2016 18:15:05,2161677.0
07/04/2016 18:15:05,2542886.0
08/04/2016 18:15:05,2256682.0
09/04/2016 18:15:05,1858537.0
10/04/2016 18:15:05,4219500.0
11/04/2016 18:15:05,4169237.0
12/04/2016 18:15:05,5897739.0
13/04/2016 18:15:05,2957121.0
14/04/2016 18:15:05,1547041.0
15/04/2016 18:15:05,1684795.0
16/04/2016 18:15:05,1230042.0
17/04/2016 18:15:05,2980851.0
18/04/2016 18:15:05,2236791.0
19/04/2016 18:15:05,1812703.0
20/04/2016 18:15:05,3341334.0
21/04/2016 18:15:05,1574220.0
22/04/2016 18:15:05,3786984.0
23/04/2016 18:15:05,2285721.0
24/04/2016 18:15:05,2247042.0
25/04/2016 18:15:05,9605242.0
26/04/2016 18:15:05,3329093.0
27/04/2016 18:15:05,1821206.0
28/04/2016 18:15:05,2223911.0
29/04/2016 18:15:05,5416810.0
30/04/2016 18:15:05,2067144.0
01/05/2016 18:15:05,949703.0
02/05/2016 18:15:05,564667.0
03/05/2016 18:15:05,1124024.0
03/05/2016 22:36:38,0.0