Date,BitcoinDaysDestroyedMinWeek
03/01/2009 18:15:05,0.0
04/01/2009 18:15:05,0.0
05/01/2009 18:15:05,0.0
06/01/2009 18:15:05,0.0
07/01/2009 18:15:05,0.0
08/01/2009 18:15:05,0.0
09/01/2009 18:15:05,0.0
10/01/2009 18:15:05,0.0
11/01/2009 18:15:05,0.0
12/01/2009 18:15:05,0.0
13/01/2009 18:15:05,0.0
14/01/2009 18:15:05,0.0
15/01/2009 18:15:05,0.0
16/01/2009 18:15:05,0.0
17/01/2009 18:15:05,0.0
18/01/2009 18:15:05,0.0
19/01/2009 18:15:05,0.0
20/01/2009 18:15:05,0.0
21/01/2009 18:15:05,0.0
22/01/2009 18:15:05,795.0
23/01/2009 18:15:05,0.0
24/01/2009 18:15:05,408.0
25/01/2009 18:15:05,0.0
26/01/2009 18:15:05,0.0
27/01/2009 18:15:05,0.0
28/01/2009 18:15:05,0.0
29/01/2009 18:15:05,0.0
30/01/2009 18:15:05,0.0
31/01/2009 18:15:05,0.0
01/02/2009 18:15:05,12302.0
02/02/2009 18:15:05,0.0
03/02/2009 18:15:05,868.0
04/02/2009 18:15:05,658.0
05/02/2009 18:15:05,0.0
06/02/2009 18:15:05,0.0
07/02/2009 18:15:05,9303.0
08/02/2009 18:15:05,7863.0
09/02/2009 18:15:05,8793.0
10/02/2009 18:15:05,0.0
11/02/2009 18:15:05,0.0
12/02/2009 18:15:05,0.0
13/02/2009 18:15:05,0.0
14/02/2009 18:15:05,0.0
15/02/2009 18:15:05,2898.0
16/02/2009 18:15:05,0.0
17/02/2009 18:15:05,2289.0
18/02/2009 18:15:05,0.0
19/02/2009 18:15:05,0.0
20/02/2009 18:15:05,544.0
21/02/2009 18:15:05,0.0
22/02/2009 18:15:05,365.0
23/02/2009 18:15:05,0.0
24/02/2009 18:15:05,0.0
25/02/2009 18:15:05,0.0
26/02/2009 18:15:05,0.0
27/02/2009 18:15:05,0.0
28/02/2009 18:15:05,4123.0
01/03/2009 18:15:05,0.0
02/03/2009 18:15:05,0.0
03/03/2009 18:15:05,929.0
04/03/2009 18:15:05,0.0
05/03/2009 18:15:05,1990.0
06/03/2009 18:15:05,0.0
07/03/2009 18:15:05,0.0
08/03/2009 18:15:05,1394.0
09/03/2009 18:15:05,0.0
10/03/2009 18:15:05,0.0
11/03/2009 18:15:05,0.0
12/03/2009 18:15:05,0.0
13/03/2009 18:15:05,0.0
14/03/2009 18:15:05,0.0
15/03/2009 18:15:05,0.0
16/03/2009 18:15:05,14749.0
17/03/2009 18:15:05,0.0
18/03/2009 18:15:05,0.0
19/03/2009 18:15:05,352.0
20/03/2009 18:15:05,0.0
21/03/2009 18:15:05,0.0
22/03/2009 18:15:05,2856.0
23/03/2009 18:15:05,0.0
24/03/2009 18:15:05,0.0
25/03/2009 18:15:05,0.0
26/03/2009 18:15:05,0.0
27/03/2009 18:15:05,0.0
28/03/2009 18:15:05,1444.0
29/03/2009 18:15:05,0.0
30/03/2009 18:15:05,0.0
31/03/2009 18:15:05,636.0
01/04/2009 18:15:05,0.0
02/04/2009 18:15:05,0.0
03/04/2009 18:15:05,0.0
04/04/2009 18:15:05,0.0
05/04/2009 18:15:05,0.0
06/04/2009 18:15:05,742.0
07/04/2009 18:15:05,0.0
08/04/2009 18:15:05,0.0
09/04/2009 18:15:05,0.0
10/04/2009 18:15:05,0.0
11/04/2009 18:15:05,0.0
12/04/2009 18:15:05,0.0
13/04/2009 18:15:05,3040.0
14/04/2009 18:15:05,0.0
15/04/2009 18:15:05,0.0
16/04/2009 18:15:05,0.0
17/04/2009 18:15:05,0.0
18/04/2009 18:15:05,2712.0
19/04/2009 18:15:05,1989.0
20/04/2009 18:15:05,51586.0
21/04/2009 18:15:05,47353.0
22/04/2009 18:15:05,0.0
23/04/2009 18:15:05,0.0
24/04/2009 18:15:05,0.0
25/04/2009 18:15:05,0.0
26/04/2009 18:15:05,941.0
27/04/2009 18:15:05,0.0
28/04/2009 18:15:05,0.0
29/04/2009 18:15:05,0.0
30/04/2009 18:15:05,3167.0
01/05/2009 18:15:05,0.0
02/05/2009 18:15:05,461.0
03/05/2009 18:15:05,3037.0
04/05/2009 18:15:05,0.0
05/05/2009 18:15:05,0.0
06/05/2009 18:15:05,0.0
07/05/2009 18:15:05,0.0
08/05/2009 18:15:05,0.0
09/05/2009 18:15:05,0.0
10/05/2009 18:15:05,0.0
11/05/2009 18:15:05,0.0
12/05/2009 18:15:05,0.0
13/05/2009 18:15:05,0.0
14/05/2009 18:15:05,0.0
15/05/2009 18:15:05,0.0
16/05/2009 18:15:05,3934.0
17/05/2009 18:15:05,0.0
18/05/2009 18:15:05,0.0
19/05/2009 18:15:05,0.0
20/05/2009 18:15:05,0.0
21/05/2009 18:15:05,0.0
22/05/2009 18:15:05,0.0
23/05/2009 18:15:05,0.0
24/05/2009 18:15:05,0.0
25/05/2009 18:15:05,0.0
26/05/2009 18:15:05,0.0
27/05/2009 18:15:05,0.0
28/05/2009 18:15:05,0.0
29/05/2009 18:15:05,23119.0
30/05/2009 18:15:05,0.0
31/05/2009 18:15:05,0.0
01/06/2009 18:15:05,2101.0
02/06/2009 18:15:05,0.0
03/06/2009 18:15:05,0.0
04/06/2009 18:15:05,0.0
05/06/2009 18:15:05,0.0
06/06/2009 18:15:05,0.0
07/06/2009 18:15:05,0.0
08/06/2009 18:15:05,0.0
09/06/2009 18:15:05,0.0
10/06/2009 18:15:05,0.0
11/06/2009 18:15:05,0.0
12/06/2009 18:15:05,0.0
13/06/2009 18:15:05,0.0
14/06/2009 18:15:05,0.0
15/06/2009 18:15:05,0.0
16/06/2009 18:15:05,0.0
17/06/2009 18:15:05,0.0
18/06/2009 18:15:05,0.0
19/06/2009 18:15:05,0.0
20/06/2009 18:15:05,0.0
21/06/2009 18:15:05,0.0
22/06/2009 18:15:05,44682.0
23/06/2009 18:15:05,0.0
24/06/2009 18:15:05,6471.0
25/06/2009 18:15:05,0.0
26/06/2009 18:15:05,4735.0
27/06/2009 18:15:05,0.0
28/06/2009 18:15:05,0.0
29/06/2009 18:15:05,0.0
30/06/2009 18:15:05,0.0
01/07/2009 18:15:05,0.0
02/07/2009 18:15:05,0.0
03/07/2009 18:15:05,0.0
04/07/2009 18:15:05,0.0
05/07/2009 18:15:05,0.0
06/07/2009 18:15:05,0.0
07/07/2009 18:15:05,0.0
08/07/2009 18:15:05,0.0
09/07/2009 18:15:05,0.0
10/07/2009 18:15:05,0.0
11/07/2009 18:15:05,0.0
12/07/2009 18:15:05,0.0
13/07/2009 18:15:05,0.0
14/07/2009 18:15:05,0.0
15/07/2009 18:15:05,0.0
16/07/2009 18:15:05,0.0
17/07/2009 18:15:05,0.0
18/07/2009 18:15:05,0.0
19/07/2009 18:15:05,0.0
20/07/2009 18:15:05,0.0
21/07/2009 18:15:05,94497.0
22/07/2009 18:15:05,0.0
23/07/2009 18:15:05,0.0
24/07/2009 18:15:05,0.0
25/07/2009 18:15:05,0.0
26/07/2009 18:15:05,0.0
27/07/2009 18:15:05,0.0
28/07/2009 18:15:05,0.0
29/07/2009 18:15:05,0.0
30/07/2009 18:15:05,0.0
31/07/2009 18:15:05,0.0
01/08/2009 18:15:05,0.0
02/08/2009 18:15:05,0.0
03/08/2009 18:15:05,0.0
04/08/2009 18:15:05,0.0
05/08/2009 18:15:05,0.0
06/08/2009 18:15:05,0.0
07/08/2009 18:15:05,0.0
08/08/2009 18:15:05,59247.0
09/08/2009 18:15:05,0.0
10/08/2009 18:15:05,0.0
11/08/2009 18:15:05,0.0
12/08/2009 18:15:05,0.0
13/08/2009 18:15:05,0.0
14/08/2009 18:15:05,0.0
15/08/2009 18:15:05,0.0
16/08/2009 18:15:05,0.0
17/08/2009 18:15:05,0.0
18/08/2009 18:15:05,0.0
19/08/2009 18:15:05,0.0
20/08/2009 18:15:05,0.0
21/08/2009 18:15:05,0.0
22/08/2009 18:15:05,0.0
23/08/2009 18:15:05,0.0
24/08/2009 18:15:05,0.0
25/08/2009 18:15:05,0.0
26/08/2009 18:15:05,0.0
27/08/2009 18:15:05,39444.0
28/08/2009 18:15:05,0.0
29/08/2009 18:15:05,0.0
30/08/2009 18:15:05,0.0
31/08/2009 18:15:05,0.0
01/09/2009 18:15:05,0.0
02/09/2009 18:15:05,0.0
03/09/2009 18:15:05,0.0
04/09/2009 18:15:05,0.0
05/09/2009 18:15:05,0.0
06/09/2009 18:15:05,0.0
07/09/2009 18:15:05,0.0
08/09/2009 18:15:05,0.0
09/09/2009 18:15:05,0.0
10/09/2009 18:15:05,0.0
11/09/2009 18:15:05,0.0
12/09/2009 18:15:05,0.0
13/09/2009 18:15:05,0.0
14/09/2009 18:15:05,0.0
15/09/2009 18:15:05,0.0
16/09/2009 18:15:05,20.0
17/09/2009 18:15:05,56298.0
18/09/2009 18:15:05,0.0
19/09/2009 18:15:05,0.0
20/09/2009 18:15:05,0.0
21/09/2009 18:15:05,0.0
22/09/2009 18:15:05,3793.0
23/09/2009 18:15:05,13563.0
24/09/2009 18:15:05,0.0
25/09/2009 18:15:05,0.0
26/09/2009 18:15:05,0.0
27/09/2009 18:15:05,0.0
28/09/2009 18:15:05,0.0
29/09/2009 18:15:05,427.0
30/09/2009 18:15:05,0.0
01/10/2009 18:15:05,0.0
02/10/2009 18:15:05,0.0
03/10/2009 18:15:05,0.0
04/10/2009 18:15:05,0.0
05/10/2009 18:15:05,0.0
06/10/2009 18:15:05,0.0
07/10/2009 18:15:05,0.0
08/10/2009 18:15:05,0.0
09/10/2009 18:15:05,0.0
10/10/2009 18:15:05,0.0
11/10/2009 18:15:05,0.0
12/10/2009 18:15:05,326671.0
13/10/2009 18:15:05,0.0
14/10/2009 18:15:05,0.0
15/10/2009 18:15:05,0.0
16/10/2009 18:15:05,27144.0
17/10/2009 18:15:05,0.0
18/10/2009 18:15:05,0.0
19/10/2009 18:15:05,0.0
20/10/2009 18:15:05,0.0
21/10/2009 18:15:05,59552.0
22/10/2009 18:15:05,9307.0
23/10/2009 18:15:05,0.0
24/10/2009 18:15:05,0.0
25/10/2009 18:15:05,0.0
26/10/2009 18:15:05,0.0
27/10/2009 18:15:05,0.0
28/10/2009 18:15:05,0.0
29/10/2009 18:15:05,0.0
30/10/2009 18:15:05,4409.0
31/10/2009 18:15:05,0.0
01/11/2009 18:15:05,0.0
02/11/2009 18:15:05,0.0
03/11/2009 18:15:05,0.0
04/11/2009 18:15:05,0.0
05/11/2009 18:15:05,114663.0
06/11/2009 18:15:05,0.0
07/11/2009 18:15:05,0.0
08/11/2009 18:15:05,0.0
09/11/2009 18:15:05,0.0
10/11/2009 18:15:05,0.0
11/11/2009 18:15:05,4323.0
12/11/2009 18:15:05,0.0
13/11/2009 18:15:05,0.0
14/11/2009 18:15:05,0.0
15/11/2009 18:15:05,0.0
16/11/2009 18:15:05,0.0
17/11/2009 18:15:05,0.0
18/11/2009 18:15:05,0.0
19/11/2009 18:15:05,0.0
20/11/2009 18:15:05,159921.0
21/11/2009 18:15:05,0.0
22/11/2009 18:15:05,0.0
23/11/2009 18:15:05,0.0
24/11/2009 18:15:05,0.0
25/11/2009 18:15:05,0.0
26/11/2009 18:15:05,0.0
27/11/2009 18:15:05,0.0
28/11/2009 18:15:05,0.0
29/11/2009 18:15:05,0.0
30/11/2009 18:15:05,0.0
01/12/2009 18:15:05,0.0
02/12/2009 18:15:05,1113620.0
03/12/2009 18:15:05,0.0
04/12/2009 18:15:05,0.0
05/12/2009 18:15:05,0.0
06/12/2009 18:15:05,8211.0
07/12/2009 18:15:05,0.0
08/12/2009 18:15:05,0.0
09/12/2009 18:15:05,0.0
10/12/2009 18:15:05,0.0
11/12/2009 18:15:05,0.0
12/12/2009 18:15:05,0.0
13/12/2009 18:15:05,0.0
14/12/2009 18:15:05,185700.0
15/12/2009 18:15:05,0.0
16/12/2009 18:15:05,0.0
17/12/2009 18:15:05,41699.0
18/12/2009 18:15:05,0.0
19/12/2009 18:15:05,0.0
20/12/2009 18:15:05,0.0
21/12/2009 18:15:05,0.0
22/12/2009 18:15:05,0.0
23/12/2009 18:15:05,0.0
24/12/2009 18:15:05,0.0
25/12/2009 18:15:05,3712.0
26/12/2009 18:15:05,0.0
27/12/2009 18:15:05,366.0
28/12/2009 18:15:05,0.0
29/12/2009 18:15:05,0.0
30/12/2009 18:15:05,0.0
31/12/2009 18:15:05,0.0
01/01/2010 18:15:05,0.0
02/01/2010 18:15:05,0.0
03/01/2010 18:15:05,0.0
04/01/2010 18:15:05,434278.0
05/01/2010 18:15:05,0.0
06/01/2010 18:15:05,0.0
07/01/2010 18:15:05,0.0
08/01/2010 18:15:05,0.0
09/01/2010 18:15:05,0.0
10/01/2010 18:15:05,0.0
11/01/2010 18:15:05,0.0
12/01/2010 18:15:05,478970.0
13/01/2010 18:15:05,2052.0
14/01/2010 18:15:05,0.0
15/01/2010 18:15:05,5765.0
16/01/2010 18:15:05,0.0
17/01/2010 18:15:05,0.0
18/01/2010 18:15:05,0.0
19/01/2010 18:15:05,0.0
20/01/2010 18:15:05,0.0
21/01/2010 18:15:05,0.0
22/01/2010 18:15:05,0.0
23/01/2010 18:15:05,0.0
24/01/2010 18:15:05,0.0
25/01/2010 18:15:05,0.0
26/01/2010 18:15:05,0.0
27/01/2010 18:15:05,0.0
28/01/2010 18:15:05,0.0
29/01/2010 18:15:05,543.0
30/01/2010 18:15:05,0.0
31/01/2010 18:15:05,12144.0
01/02/2010 18:15:05,0.0
02/02/2010 18:15:05,0.0
03/02/2010 18:15:05,0.0
04/02/2010 18:15:05,1097.0
05/02/2010 18:15:05,183720.0
06/02/2010 18:15:05,0.0
07/02/2010 18:15:05,0.0
08/02/2010 18:15:05,190315.0
09/02/2010 18:15:05,2686.0
10/02/2010 18:15:05,2099019.0
11/02/2010 18:15:05,0.0
12/02/2010 18:15:05,3533.0
13/02/2010 18:15:05,878.0
14/02/2010 18:15:05,22780.0
15/02/2010 18:15:05,13524.0
16/02/2010 18:15:05,1387.0
17/02/2010 18:15:05,157661.0
18/02/2010 18:15:05,0.0
19/02/2010 18:15:05,1481.0
20/02/2010 18:15:05,0.0
21/02/2010 18:15:05,2582.0
22/02/2010 18:15:05,180577.0
23/02/2010 18:15:05,0.0
24/02/2010 18:15:05,117173.0
25/02/2010 18:15:05,27323.0
26/02/2010 18:15:05,1561.0
27/02/2010 18:15:05,1128.0
28/02/2010 18:15:05,79210.0
01/03/2010 18:15:05,0.0
02/03/2010 18:15:05,3541.0
03/03/2010 18:15:05,0.0
04/03/2010 18:15:05,20660.0
05/03/2010 18:15:05,1092609.0
06/03/2010 18:15:05,43241.0
07/03/2010 18:15:05,20721.0
08/03/2010 18:15:05,381594.0
09/03/2010 18:15:05,25859.0
10/03/2010 18:15:05,11414.0
11/03/2010 18:15:05,63238.0
12/03/2010 18:15:05,0.0
13/03/2010 18:15:05,29970.0
14/03/2010 18:15:05,0.0
15/03/2010 18:15:05,0.0
16/03/2010 18:15:05,653.0
17/03/2010 18:15:05,156490.0
18/03/2010 18:15:05,15573.0
19/03/2010 18:15:05,82418.0
20/03/2010 18:15:05,59745.0
21/03/2010 18:15:05,721.0
22/03/2010 18:15:05,5430.0
23/03/2010 18:15:05,130215.0
24/03/2010 18:15:05,2060.0
25/03/2010 18:15:05,190889.0
26/03/2010 18:15:05,2915.0
27/03/2010 18:15:05,17133.0
28/03/2010 18:15:05,61694.0
29/03/2010 18:15:05,6357.0
30/03/2010 18:15:05,3051.0
31/03/2010 18:15:05,1940.0
01/04/2010 18:15:05,1163.0
02/04/2010 18:15:05,0.0
03/04/2010 18:15:05,2860.0
04/04/2010 18:15:05,29300.0
05/04/2010 18:15:05,47389.0
06/04/2010 18:15:05,321113.0
07/04/2010 18:15:05,319939.0
08/04/2010 18:15:05,30714.0
09/04/2010 18:15:05,4729.0
10/04/2010 18:15:05,935771.0
11/04/2010 18:15:05,250267.0
12/04/2010 18:15:05,140172.0
13/04/2010 18:15:05,2287.0
14/04/2010 18:15:05,11664.0
15/04/2010 18:15:05,7560229.0
16/04/2010 18:15:05,1700780.0
17/04/2010 18:15:05,109152.0
18/04/2010 18:15:05,28608.0
19/04/2010 18:15:05,29531.0
20/04/2010 18:15:05,460818.0
21/04/2010 18:15:05,3265.0
22/04/2010 18:15:05,68388.0
23/04/2010 18:15:05,2466.0
24/04/2010 18:15:05,99871.0
25/04/2010 18:15:05,288361.0
26/04/2010 18:15:05,36059.0
27/04/2010 18:15:05,193845.0
28/04/2010 18:15:05,23648.0
29/04/2010 18:15:05,33132.0
30/04/2010 18:15:05,1238076.0
01/05/2010 18:15:05,1372.0
02/05/2010 18:15:05,3551.0
03/05/2010 18:15:05,30007.0
04/05/2010 18:15:05,41776.0
05/05/2010 18:15:05,329871.0
06/05/2010 18:15:05,229972.0
07/05/2010 18:15:05,466198.0
08/05/2010 18:15:05,14886.0
09/05/2010 18:15:05,369724.0
10/05/2010 18:15:05,41140.0
11/05/2010 18:15:05,51986.0
12/05/2010 18:15:05,200443.0
13/05/2010 18:15:05,126052.0
14/05/2010 18:15:05,144631.0
15/05/2010 18:15:05,17970.0
16/05/2010 18:15:05,6118.0
17/05/2010 18:15:05,67114.0
18/05/2010 18:15:05,258172.0
19/05/2010 18:15:05,120265.0
20/05/2010 18:15:05,2405.0
21/05/2010 18:15:05,19694.0
22/05/2010 18:15:05,667016.0
23/05/2010 18:15:05,53484.0
24/05/2010 18:15:05,6861.0
25/05/2010 18:15:05,2652.0
26/05/2010 18:15:05,184972.0
27/05/2010 18:15:05,35768.0
28/05/2010 18:15:05,3039175.0
29/05/2010 18:15:05,183699.0
30/05/2010 18:15:05,46517.0
31/05/2010 18:15:05,21213.0
01/06/2010 18:15:05,14948.0
02/06/2010 18:15:05,213747.0
03/06/2010 18:15:05,71460.0
04/06/2010 18:15:05,714312.0
05/06/2010 18:15:05,9699.0
06/06/2010 18:15:05,3086.0
07/06/2010 18:15:05,312383.0
08/06/2010 18:15:05,486576.0
09/06/2010 18:15:05,910449.0
10/06/2010 18:15:05,765864.0
11/06/2010 18:15:05,28419.0
12/06/2010 18:15:05,152770.0
13/06/2010 18:15:05,13103.0
14/06/2010 18:15:05,670020.0
15/06/2010 18:15:05,113085.0
16/06/2010 18:15:05,8534.0
17/06/2010 18:15:05,903785.0
18/06/2010 18:15:05,0.0
19/06/2010 18:15:05,1502979.0
20/06/2010 18:15:05,95189.0
21/06/2010 18:15:05,26772.0
22/06/2010 18:15:05,39268.0
23/06/2010 18:15:05,9662.0
24/06/2010 18:15:05,300878.0
25/06/2010 18:15:05,754029.0
26/06/2010 18:15:05,0.0
27/06/2010 18:15:05,241281.0
28/06/2010 18:15:05,13028.0
29/06/2010 18:15:05,622757.0
30/06/2010 18:15:05,589701.0
01/07/2010 18:15:05,724615.0
02/07/2010 18:15:05,3791.0
03/07/2010 18:15:05,601011.0
04/07/2010 18:15:05,49646.0
05/07/2010 18:15:05,353650.0
06/07/2010 18:15:05,326097.0
07/07/2010 18:15:05,645659.0
08/07/2010 18:15:05,199950.0
09/07/2010 18:15:05,10921.0
10/07/2010 18:15:05,136261.0
11/07/2010 18:15:05,225836.0
12/07/2010 18:15:05,2319452.0
13/07/2010 18:15:05,337871.0
14/07/2010 18:15:05,206705.0
15/07/2010 18:15:05,2880078.0
16/07/2010 18:15:05,466869.0
17/07/2010 18:15:05,574132.0
18/07/2010 18:15:05,1394057.0
19/07/2010 18:15:05,694784.0
20/07/2010 18:15:05,55780.0
21/07/2010 18:15:05,776548.0
22/07/2010 18:15:05,132989.0
23/07/2010 18:15:05,500858.0
24/07/2010 18:15:05,2262367.0
25/07/2010 18:15:05,608224.0
26/07/2010 18:15:05,434264.0
27/07/2010 18:15:05,5258835.0
28/07/2010 18:15:05,1290690.0
29/07/2010 18:15:05,140214.0
30/07/2010 18:15:05,101843.0
31/07/2010 18:15:05,478283.0
01/08/2010 18:15:05,531157.0
02/08/2010 18:15:05,27792.0
03/08/2010 18:15:05,305730.0
04/08/2010 18:15:05,848810.0
05/08/2010 18:15:05,58023.0
06/08/2010 18:15:05,84345.0
07/08/2010 18:15:05,476277.0
08/08/2010 18:15:05,764602.0
09/08/2010 18:15:05,662863.0
10/08/2010 18:15:05,452903.0
11/08/2010 18:15:05,490572.0
12/08/2010 18:15:05,220930.0
13/08/2010 18:15:05,407706.0
14/08/2010 18:15:05,37260.0
15/08/2010 18:15:05,143688.0
16/08/2010 18:15:05,91602.0
17/08/2010 18:15:05,385844.0
18/08/2010 18:15:05,343794.0
19/08/2010 18:15:05,224591.0
20/08/2010 18:15:05,101736.0
21/08/2010 18:15:05,125164.0
22/08/2010 18:15:05,808048.0
23/08/2010 18:15:05,35687.0
24/08/2010 18:15:05,119371.0
25/08/2010 18:15:05,16720.0
26/08/2010 18:15:05,31305.0
27/08/2010 18:15:05,322843.0
28/08/2010 18:15:05,182994.0
29/08/2010 18:15:05,81416.0
30/08/2010 18:15:05,81593.0
31/08/2010 18:15:05,1010185.0
01/09/2010 18:15:05,53872.0
02/09/2010 18:15:05,318602.0
03/09/2010 18:15:05,395573.0
04/09/2010 18:15:05,123781.0
05/09/2010 18:15:05,2030840.0
06/09/2010 18:15:05,329020.0
07/09/2010 18:15:05,492308.0
08/09/2010 18:15:05,45469.0
09/09/2010 18:15:05,918436.0
10/09/2010 18:15:05,64541.0
11/09/2010 18:15:05,76840.0
12/09/2010 18:15:05,114640.0
13/09/2010 18:15:05,283781.0
14/09/2010 18:15:05,227859.0
15/09/2010 18:15:05,785551.0
16/09/2010 18:15:05,360442.0
17/09/2010 18:15:05,810607.0
18/09/2010 18:15:05,10015652
19/09/2010 18:15:05,209616.0
20/09/2010 18:15:05,319320.0
21/09/2010 18:15:05,131387.0
22/09/2010 18:15:05,279373.0
23/09/2010 18:15:05,841877.0
24/09/2010 18:15:05,136925.0
25/09/2010 18:15:05,38156.0
26/09/2010 18:15:05,353786.0
27/09/2010 18:15:05,140156.0
28/09/2010 18:15:05,3194835.0
29/09/2010 18:15:05,19842435
30/09/2010 18:15:05,118285.0
01/10/2010 18:15:05,7733425.0
02/10/2010 18:15:05,694642.0
03/10/2010 18:15:05,11113364
04/10/2010 18:15:05,1173770.0
05/10/2010 18:15:05,6279241.0
06/10/2010 18:15:05,634511.0
07/10/2010 18:15:05,577830.0
08/10/2010 18:15:05,1995818.0
09/10/2010 18:15:05,1147639.0
10/10/2010 18:15:05,1081145.0
11/10/2010 18:15:05,397154.0
12/10/2010 18:15:05,386283.0
13/10/2010 18:15:05,123157.0
14/10/2010 18:15:05,4134476.0
15/10/2010 18:15:05,1329499.0
16/10/2010 18:15:05,4532993.0
17/10/2010 18:15:05,420585.0
18/10/2010 18:15:05,154797.0
19/10/2010 18:15:05,62035.0
20/10/2010 18:15:05,350214.0
21/10/2010 18:15:05,1426202.0
22/10/2010 18:15:05,46587.0
23/10/2010 18:15:05,713179.0
24/10/2010 18:15:05,1083933.0
25/10/2010 18:15:05,203917.0
26/10/2010 18:15:05,888248.0
27/10/2010 18:15:05,970055.0
28/10/2010 18:15:05,1056433.0
29/10/2010 18:15:05,2056379.0
30/10/2010 18:15:05,893605.0
31/10/2010 18:15:05,347060.0
01/11/2010 18:15:05,563222.0
02/11/2010 18:15:05,794481.0
03/11/2010 18:15:05,71753.0
04/11/2010 18:15:05,2332543.0
05/11/2010 18:15:05,534541.0
06/11/2010 18:15:05,7381195.0
07/11/2010 18:15:05,238174.0
08/11/2010 18:15:05,6076067.0
09/11/2010 18:15:05,805320.0
10/11/2010 18:15:05,54436.0
11/11/2010 18:15:05,135627.0
12/11/2010 18:15:05,43202.0
13/11/2010 18:15:05,587876.0
14/11/2010 18:15:05,896616.0
15/11/2010 18:15:05,330614.0
16/11/2010 18:15:05,9402724.0
17/11/2010 18:15:05,219658.0
18/11/2010 18:15:05,135599.0
19/11/2010 18:15:05,215733.0
20/11/2010 18:15:05,1301027.0
21/11/2010 18:15:05,315944.0
22/11/2010 18:15:05,162855.0
23/11/2010 18:15:05,767704.0
24/11/2010 18:15:05,251675.0
25/11/2010 18:15:05,1563653.0
26/11/2010 18:15:05,1554581.0
27/11/2010 18:15:05,425041.0
28/11/2010 18:15:05,345007.0
29/11/2010 18:15:05,121519.0
30/11/2010 18:15:05,315569.0
01/12/2010 18:15:05,1121722.0
02/12/2010 18:15:05,2419268.0
03/12/2010 18:15:05,197263.0
04/12/2010 18:15:05,421793.0
05/12/2010 18:15:05,532046.0
06/12/2010 18:15:05,3732462.0
07/12/2010 18:15:05,1168598.0
08/12/2010 18:15:05,954416.0
09/12/2010 18:15:05,341275.0
10/12/2010 18:15:05,452817.0
11/12/2010 18:15:05,789790.0
12/12/2010 18:15:05,218000.0
13/12/2010 18:15:05,1273317.0
14/12/2010 18:15:05,410120.0
15/12/2010 18:15:05,742199.0
16/12/2010 18:15:05,194270.0
17/12/2010 18:15:05,103934.0
18/12/2010 18:15:05,531730.0
19/12/2010 18:15:05,727619.0
20/12/2010 18:15:05,393862.0
21/12/2010 18:15:05,2772392.0
22/12/2010 18:15:05,7971181.0
23/12/2010 18:15:05,278521.0
24/12/2010 18:15:05,91486.0
25/12/2010 18:15:05,548867.0
26/12/2010 18:15:05,31388.0
27/12/2010 18:15:05,1011048.0
28/12/2010 18:15:05,722042.0
29/12/2010 18:15:05,1583440.0
30/12/2010 18:15:05,190000.0
31/12/2010 18:15:05,372840.0
01/01/2011 18:15:05,532852.0
02/01/2011 18:15:05,366817.0
03/01/2011 18:15:05,1197875.0
04/01/2011 18:15:05,544120.0
05/01/2011 18:15:05,134572.0
06/01/2011 18:15:05,708727.0
07/01/2011 18:15:05,328071.0
08/01/2011 18:15:05,943965.0
09/01/2011 18:15:05,470066.0
10/01/2011 18:15:05,1513467.0
11/01/2011 18:15:05,1861795.0
12/01/2011 18:15:05,7971768.0
13/01/2011 18:15:05,738821.0
14/01/2011 18:15:05,1656909.0
15/01/2011 18:15:05,1522809.0
16/01/2011 18:15:05,488245.0
17/01/2011 18:15:05,1954453.0
18/01/2011 18:15:05,535666.0
19/01/2011 18:15:05,2545236.0
20/01/2011 18:15:05,1898908.0
21/01/2011 18:15:05,529541.0
22/01/2011 18:15:05,506044.0
23/01/2011 18:15:05,1577085.0
24/01/2011 18:15:05,1838663.0
25/01/2011 18:15:05,846399.0
26/01/2011 18:15:05,2021950.0
27/01/2011 18:15:05,30280090
28/01/2011 18:15:05,923150.0
29/01/2011 18:15:05,1236530.0
30/01/2011 18:15:05,2819192.0
31/01/2011 18:15:05,534564.0
01/02/2011 18:15:05,2252428.0
02/02/2011 18:15:05,2551603.0
03/02/2011 18:15:05,594623.0
04/02/2011 18:15:05,788291.0
05/02/2011 18:15:05,730449.0
06/02/2011 18:15:05,1672061.0
07/02/2011 18:15:05,3953368.0
08/02/2011 18:15:05,1330455.0
09/02/2011 18:15:05,337775.0
10/02/2011 18:15:05,1902239.0
11/02/2011 18:15:05,2961974.0
12/02/2011 18:15:05,655529.0
13/02/2011 18:15:05,368309.0
14/02/2011 18:15:05,719270.0
15/02/2011 18:15:05,7753157.0
16/02/2011 18:15:05,384112.0
17/02/2011 18:15:05,179758.0
18/02/2011 18:15:05,617240.0
19/02/2011 18:15:05,781926.0
20/02/2011 18:15:05,524203.0
21/02/2011 18:15:05,728260.0
22/02/2011 18:15:05,955924.0
23/02/2011 18:15:05,643161.0
24/02/2011 18:15:05,465734.0
25/02/2011 18:15:05,1512036.0
26/02/2011 18:15:05,4383805.0
27/02/2011 18:15:05,1866410.0
28/02/2011 18:15:05,731057.0
01/03/2011 18:15:05,20943883
02/03/2011 18:15:05,906933.0
03/03/2011 18:15:05,120947.0
04/03/2011 18:15:05,734843.0
05/03/2011 18:15:05,466001.0
06/03/2011 18:15:05,1086641.0
07/03/2011 18:15:05,110199.0
08/03/2011 18:15:05,764511.0
09/03/2011 18:15:05,219930.0
10/03/2011 18:15:05,224523.0
11/03/2011 18:15:05,241928.0
12/03/2011 18:15:05,1846627.0
13/03/2011 18:15:05,566999.0
14/03/2011 18:15:05,2997115.0
15/03/2011 18:15:05,1197457.0
16/03/2011 18:15:05,5469397.0
17/03/2011 18:15:05,2069452.0
18/03/2011 18:15:05,76474.0
19/03/2011 18:15:05,672560.0
20/03/2011 18:15:05,67391.0
21/03/2011 18:15:05,453792.0
22/03/2011 18:15:05,1181488.0
23/03/2011 18:15:05,1508691.0
24/03/2011 18:15:05,3406825.0
25/03/2011 18:15:05,614652.0
26/03/2011 18:15:05,2993692.0
27/03/2011 18:15:05,760746.0
28/03/2011 18:15:05,1453703.0
29/03/2011 18:15:05,342044.0
30/03/2011 18:15:05,123386.0
31/03/2011 18:15:05,421716.0
01/04/2011 18:15:05,442683.0
02/04/2011 18:15:05,245521.0
03/04/2011 18:15:05,395378.0
04/04/2011 18:15:05,2316112.0
05/04/2011 18:15:05,2300474.0
06/04/2011 18:15:05,1328404.0
07/04/2011 18:15:05,628801.0
08/04/2011 18:15:05,817846.0
09/04/2011 18:15:05,301916.0
10/04/2011 18:15:05,186491.0
11/04/2011 18:15:05,412020.0
12/04/2011 18:15:05,1499207.0
13/04/2011 18:15:05,1292672.0
14/04/2011 18:15:05,1024467.0
15/04/2011 18:15:05,2955681.0
16/04/2011 18:15:05,2333243.0
17/04/2011 18:15:05,1051589.0
18/04/2011 18:15:05,2602910.0
19/04/2011 18:15:05,1768681.0
20/04/2011 18:15:05,1401593.0
21/04/2011 18:15:05,417191.0
22/04/2011 18:15:05,2958695.0
23/04/2011 18:15:05,1866519.0
24/04/2011 18:15:05,4464402.0
25/04/2011 18:15:05,1928001.0
26/04/2011 18:15:05,1156969.0
27/04/2011 18:15:05,2148441.0
28/04/2011 18:15:05,2962135.0
29/04/2011 18:15:05,27167407
30/04/2011 18:15:05,2979114.0
01/05/2011 18:15:05,2537110.0
02/05/2011 18:15:05,3323146.0
03/05/2011 18:15:05,3691126.0
04/05/2011 18:15:05,9469676.0
05/05/2011 18:15:05,1084413.0
06/05/2011 18:15:05,2504789.0
07/05/2011 18:15:05,3337169.0
08/05/2011 18:15:05,2480526.0
09/05/2011 18:15:05,1985658.0
10/05/2011 18:15:05,2438816.0
11/05/2011 18:15:05,5717846.0
12/05/2011 18:15:05,11511231
13/05/2011 18:15:05,6485280.0
14/05/2011 18:15:05,2592955.0
15/05/2011 18:15:05,4836986.0
16/05/2011 18:15:05,2054756.0
17/05/2011 18:15:05,13770104
18/05/2011 18:15:05,2237028.0
19/05/2011 18:15:05,4728069.0
20/05/2011 18:15:05,2836153.0
21/05/2011 18:15:05,4356489.0
22/05/2011 18:15:05,860485.0
23/05/2011 18:15:05,1207682.0
24/05/2011 18:15:05,1142170.0
25/05/2011 18:15:05,4086564.0
26/05/2011 18:15:05,3046245.0
27/05/2011 18:15:05,1691614.0
28/05/2011 18:15:05,1549462.0
29/05/2011 18:15:05,647282.0
30/05/2011 18:15:05,2481890.0
31/05/2011 18:15:05,2377922.0
01/06/2011 18:15:05,1169578.0
02/06/2011 18:15:05,4015149.0
03/06/2011 18:15:05,24538576
04/06/2011 18:15:05,3022935.0
05/06/2011 18:15:05,8822425.0
06/06/2011 18:15:05,10632851
07/06/2011 18:15:05,1601927.0
08/06/2011 18:15:05,16486170
09/06/2011 18:15:05,15890139
10/06/2011 18:15:05,8779762.0
11/06/2011 18:15:05,21202400
12/06/2011 18:15:05,16334341
13/06/2011 18:15:05,15386308
14/06/2011 18:15:05,53207248
15/06/2011 18:15:05,20294055
16/06/2011 18:15:05,5059321.0
17/06/2011 18:15:05,21409884
18/06/2011 18:15:05,3299831.0
19/06/2011 18:15:05,6756685.0
20/06/2011 18:15:05,13081609
21/06/2011 18:15:05,1937075.0
22/06/2011 18:15:05,1532178.0
23/06/2011 18:15:05,627346.0
24/06/2011 18:15:05,2343379.0
25/06/2011 18:15:05,1183442.0
26/06/2011 18:15:05,1206339.0
27/06/2011 18:15:05,8444992.0
28/06/2011 18:15:05,18003840
29/06/2011 18:15:05,2047049.0
30/06/2011 18:15:05,3059100.0
01/07/2011 18:15:05,1408122.0
02/07/2011 18:15:05,729335.0
03/07/2011 18:15:05,1026624.0
04/07/2011 18:15:05,701440.0
05/07/2011 18:15:05,4460433.0
06/07/2011 18:15:05,2652207.0
07/07/2011 18:15:05,1199881.0
08/07/2011 18:15:05,991718.0
09/07/2011 18:15:05,617609.0
10/07/2011 18:15:05,1190890.0
11/07/2011 18:15:05,5921140.0
12/07/2011 18:15:05,618198.0
13/07/2011 18:15:05,828361.0
14/07/2011 18:15:05,867686.0
15/07/2011 18:15:05,576337.0
16/07/2011 18:15:05,375643.0
17/07/2011 18:15:05,815351.0
18/07/2011 18:15:05,12905998
19/07/2011 18:15:05,2130139.0
20/07/2011 18:15:05,4665891.0
21/07/2011 18:15:05,325049.0
22/07/2011 18:15:05,396321.0
23/07/2011 18:15:05,515678.0
24/07/2011 18:15:05,624453.0
25/07/2011 18:15:05,705006.0
26/07/2011 18:15:05,726760.0
27/07/2011 18:15:05,552272.0
28/07/2011 18:15:05,1797568.0
29/07/2011 18:15:05,767769.0
30/07/2011 18:15:05,1715888.0
31/07/2011 18:15:05,1740146.0
01/08/2011 18:15:05,1072200.0
02/08/2011 18:15:05,1300768.0
03/08/2011 18:15:05,1987162.0
04/08/2011 18:15:05,1118263.0
05/08/2011 18:15:05,3091701.0
06/08/2011 18:15:05,1687973.0
07/08/2011 18:15:05,3162217.0
08/08/2011 18:15:05,2994132.0
09/08/2011 18:15:05,541913.0
10/08/2011 18:15:05,680722.0
11/08/2011 18:15:05,737834.0
12/08/2011 18:15:05,585598.0
13/08/2011 18:15:05,865480.0
14/08/2011 18:15:05,405067.0
15/08/2011 18:15:05,1235875.0
16/08/2011 18:15:05,373283.0
17/08/2011 18:15:05,1082143.0
18/08/2011 18:15:05,1135937.0
19/08/2011 18:15:05,796133.0
20/08/2011 18:15:05,813799.0
21/08/2011 18:15:05,261810.0
22/08/2011 18:15:05,1030754.0
23/08/2011 18:15:05,406136.0
24/08/2011 18:15:05,615449.0
25/08/2011 18:15:05,13524447
26/08/2011 18:15:05,6184887.0
27/08/2011 18:15:05,22611690
28/08/2011 18:15:05,619750.0
29/08/2011 18:15:05,3314605.0
30/08/2011 18:15:05,605184.0
31/08/2011 18:15:05,431345.0
01/09/2011 18:15:05,518451.0
02/09/2011 18:15:05,2222232.0
03/09/2011 18:15:05,414418.0
04/09/2011 18:15:05,334296.0
05/09/2011 18:15:05,2387837.0
06/09/2011 18:15:05,3300640.0
07/09/2011 18:15:05,2802551.0
08/09/2011 18:15:05,1497012.0
09/09/2011 18:15:05,6600369.0
10/09/2011 18:15:05,1791453.0
11/09/2011 18:15:05,10622052
12/09/2011 18:15:05,2083315.0
13/09/2011 18:15:05,6291806.0
14/09/2011 18:15:05,2784739.0
15/09/2011 18:15:05,1132341.0
16/09/2011 18:15:05,1412653.0
17/09/2011 18:15:05,1448251.0
18/09/2011 18:15:05,279569.0
19/09/2011 18:15:05,718221.0
20/09/2011 18:15:05,1820114.0
21/09/2011 18:15:05,561126.0
22/09/2011 18:15:05,675945.0
23/09/2011 18:15:05,1159429.0
24/09/2011 18:15:05,545734.0
25/09/2011 18:15:05,182360.0
26/09/2011 18:15:05,2955090.0
27/09/2011 18:15:05,1432712.0
28/09/2011 18:15:05,584964.0
29/09/2011 18:15:05,281865.0
30/09/2011 18:15:05,1291061.0
01/10/2011 18:15:05,1219877.0
02/10/2011 18:15:05,912966.0
03/10/2011 18:15:05,404340.0
04/10/2011 18:15:05,688785.0
05/10/2011 18:15:05,613179.0
06/10/2011 18:15:05,8069589.0
07/10/2011 18:15:05,576816.0
08/10/2011 18:15:05,1164205.0
09/10/2011 18:15:05,2087384.0
10/10/2011 18:15:05,1050267.0
11/10/2011 18:15:05,1267918.0
12/10/2011 18:15:05,1335470.0
13/10/2011 18:15:05,699569.0
14/10/2011 18:15:05,1155650.0
15/10/2011 18:15:05,727123.0
16/10/2011 18:15:05,399578.0
17/10/2011 18:15:05,4714004.0
18/10/2011 18:15:05,4714865.0
19/10/2011 18:15:05,3567467.0
20/10/2011 18:15:05,1436854.0
21/10/2011 18:15:05,574574.0
22/10/2011 18:15:05,2802072.0
23/10/2011 18:15:05,425782.0
24/10/2011 18:15:05,401294.0
25/10/2011 18:15:05,251943.0
26/10/2011 18:15:05,1513334.0
27/10/2011 18:15:05,2009188.0
28/10/2011 18:15:05,571578.0
29/10/2011 18:15:05,659715.0
30/10/2011 18:15:05,2169359.0
31/10/2011 18:15:05,250414.0
01/11/2011 18:15:05,2070477.0
02/11/2011 18:15:05,301391.0
03/11/2011 18:15:05,3476293.0
04/11/2011 18:15:05,2411228.0
05/11/2011 18:15:05,469463.0
06/11/2011 18:15:05,225794.0
07/11/2011 18:15:05,266032.0
08/11/2011 18:15:05,1140514.0
09/11/2011 18:15:05,14726763
10/11/2011 18:15:05,6188814.0
11/11/2011 18:15:05,625655.0
12/11/2011 18:15:05,4258079.0
13/11/2011 18:15:05,273091.0
14/11/2011 18:15:05,4354382.0
15/11/2011 18:15:05,4047576.0
16/11/2011 18:15:05,51949392
17/11/2011 18:15:05,2426828.0
18/11/2011 18:15:05,4376058.0
19/11/2011 18:15:05,2788495.0
20/11/2011 18:15:05,2781375.0
21/11/2011 18:15:05,2717684.0
22/11/2011 18:15:05,5074271.0
23/11/2011 18:15:05,771168.0
24/11/2011 18:15:05,2509703.0
25/11/2011 18:15:05,3782033.0
26/11/2011 18:15:05,2434715.0
27/11/2011 18:15:05,1895478.0
28/11/2011 18:15:05,7843327.0
29/11/2011 18:15:05,4841441.0
30/11/2011 18:15:05,629890.0
01/12/2011 18:15:05,6172105.0
02/12/2011 18:15:05,662831.0
03/12/2011 18:15:05,563762.0
04/12/2011 18:15:05,3985355.0
05/12/2011 18:15:05,2407658.0
06/12/2011 18:15:05,857664.0
07/12/2011 18:15:05,1831555.0
08/12/2011 18:15:05,6026729.0
09/12/2011 18:15:05,830013.0
10/12/2011 18:15:05,337057.0
11/12/2011 18:15:05,2210053.0
12/12/2011 18:15:05,4189949.0
13/12/2011 18:15:05,465483.0
14/12/2011 18:15:05,819248.0
15/12/2011 18:15:05,1083697.0
16/12/2011 18:15:05,2465661.0
17/12/2011 18:15:05,490135.0
18/12/2011 18:15:05,378088.0
19/12/2011 18:15:05,6285863.0
20/12/2011 18:15:05,5488691.0
21/12/2011 18:15:05,1197793.0
22/12/2011 18:15:05,959493.0
23/12/2011 18:15:05,710672.0
24/12/2011 18:15:05,1249933.0
25/12/2011 18:15:05,518803.0
26/12/2011 18:15:05,2746240.0
27/12/2011 18:15:05,574552.0
28/12/2011 18:15:05,2288865.0
29/12/2011 18:15:05,1360979.0
30/12/2011 18:15:05,1187340.0
31/12/2011 18:15:05,883525.0
01/01/2012 18:15:05,6388489.0
02/01/2012 18:15:05,3463888.0
03/01/2012 18:15:05,1479422.0
04/01/2012 18:15:05,2013072.0
05/01/2012 18:15:05,3078205.0
06/01/2012 18:15:05,3138432.0
07/01/2012 18:15:05,2147777.0
08/01/2012 18:15:05,1773856.0
09/01/2012 18:15:05,3071039.0
10/01/2012 18:15:05,2005314.0
11/01/2012 18:15:05,3328654.0
12/01/2012 18:15:05,2309954.0
13/01/2012 18:15:05,8982891.0
14/01/2012 18:15:05,2073062.0
15/01/2012 18:15:05,2539715.0
16/01/2012 18:15:05,1795498.0
17/01/2012 18:15:05,2992885.0
18/01/2012 18:15:05,2467112.0
19/01/2012 18:15:05,1162299.0
20/01/2012 18:15:05,2775796.0
21/01/2012 18:15:05,821966.0
22/01/2012 18:15:05,682930.0
23/01/2012 18:15:05,1212433.0
24/01/2012 18:15:05,798997.0
25/01/2012 18:15:05,1957508.0
26/01/2012 18:15:05,3248425.0
27/01/2012 18:15:05,1482156.0
28/01/2012 18:15:05,1822499.0
29/01/2012 18:15:05,1179599.0
30/01/2012 18:15:05,1535920.0
31/01/2012 18:15:05,1353715.0
01/02/2012 18:15:05,1087448.0
02/02/2012 18:15:05,2356005.0
03/02/2012 18:15:05,1087401.0
04/02/2012 18:15:05,1612705.0
05/02/2012 18:15:05,967433.0
06/02/2012 18:15:05,1827606.0
07/02/2012 18:15:05,1396186.0
08/02/2012 18:15:05,978569.0
09/02/2012 18:15:05,690627.0
10/02/2012 18:15:05,1892772.0
11/02/2012 18:15:05,1218808.0
12/02/2012 18:15:05,12722287
13/02/2012 18:15:05,1444060.0
14/02/2012 18:15:05,29424426
15/02/2012 18:15:05,1411249.0
16/02/2012 18:15:05,1310595.0
17/02/2012 18:15:05,1892256.0
18/02/2012 18:15:05,2337382.0
19/02/2012 18:15:05,787694.0
20/02/2012 18:15:05,850462.0
21/02/2012 18:15:05,877661.0
22/02/2012 18:15:05,1181536.0
23/02/2012 18:15:05,1467743.0
24/02/2012 18:15:05,1712651.0
25/02/2012 18:15:05,2609296.0
26/02/2012 18:15:05,628310.0
27/02/2012 18:15:05,1135204.0
28/02/2012 18:15:05,1368803.0
29/02/2012 18:15:05,877911.0
01/03/2012 18:15:05,6810028.0
02/03/2012 18:15:05,1923326.0
03/03/2012 18:15:05,3058849.0
04/03/2012 18:15:05,1921585.0
05/03/2012 18:15:05,1041675.0
06/03/2012 18:15:05,1242667.0
07/03/2012 18:15:05,1071923.0
08/03/2012 18:15:05,1459162.0
09/03/2012 18:15:05,1133316.0
10/03/2012 18:15:05,2097434.0
11/03/2012 18:15:05,2058702.0
12/03/2012 18:15:05,843744.0
13/03/2012 18:15:05,1705381.0
14/03/2012 18:15:05,1781637.0
15/03/2012 18:15:05,1949548.0
16/03/2012 18:15:05,3624228.0
17/03/2012 18:15:05,1449017.0
18/03/2012 18:15:05,3737501.0
19/03/2012 18:15:05,1641234.0
20/03/2012 18:15:05,2134070.0
21/03/2012 18:15:05,2969636.0
22/03/2012 18:15:05,1311091.0
23/03/2012 18:15:05,3638703.0
24/03/2012 18:15:05,1996666.0
25/03/2012 18:15:05,1065826.0
26/03/2012 18:15:05,1228210.0
27/03/2012 18:15:05,1551365.0
28/03/2012 18:15:05,1212867.0
29/03/2012 18:15:05,1541193.0
30/03/2012 18:15:05,15350483
31/03/2012 18:15:05,1073944.0
01/04/2012 18:15:05,815077.0
02/04/2012 18:15:05,1031263.0
03/04/2012 18:15:05,4688111.0
04/04/2012 18:15:05,2792270.0
05/04/2012 18:15:05,1328205.0
06/04/2012 18:15:05,3839497.0
07/04/2012 18:15:05,1448085.0
08/04/2012 18:15:05,853107.0
09/04/2012 18:15:05,3933398.0
10/04/2012 18:15:05,2129207.0
11/04/2012 18:15:05,3528769.0
12/04/2012 18:15:05,6800493.0
13/04/2012 18:15:05,2347652.0
14/04/2012 18:15:05,1355956.0
15/04/2012 18:15:05,2253100.0
16/04/2012 18:15:05,2784831.0
17/04/2012 18:15:05,1711715.0
18/04/2012 18:15:05,1943601.0
19/04/2012 18:15:05,1800414.0
20/04/2012 18:15:05,2089140.0
21/04/2012 18:15:05,1866847.0
22/04/2012 18:15:05,2366169.0
23/04/2012 18:15:05,1991051.0
24/04/2012 18:15:05,1751749.0
25/04/2012 18:15:05,2390854.0
26/04/2012 18:15:05,19256692
27/04/2012 18:15:05,2120769.0
28/04/2012 18:15:05,1196222.0
29/04/2012 18:15:05,851131.0
30/04/2012 18:15:05,3983030.0
01/05/2012 18:15:05,1919697.0
02/05/2012 18:15:05,1585040.0
03/05/2012 18:15:05,1698457.0
04/05/2012 18:15:05,2096127.0
05/05/2012 18:15:05,1146399.0
06/05/2012 18:15:05,2048502.0
07/05/2012 18:15:05,5818141.0
08/05/2012 18:15:05,1247949.0
09/05/2012 18:15:05,2597833.0
10/05/2012 18:15:05,2671326.0
11/05/2012 18:15:05,1762362.0
12/05/2012 18:15:05,1236527.0
13/05/2012 18:15:05,17504423
14/05/2012 18:15:05,5315951.0
15/05/2012 18:15:05,3834159.0
16/05/2012 18:15:05,1618391.0
17/05/2012 18:15:05,4591066.0
18/05/2012 18:15:05,3086987.0
19/05/2012 18:15:05,3505770.0
20/05/2012 18:15:05,2808605.0
21/05/2012 18:15:05,2891182.0
22/05/2012 18:15:05,5152549.0
23/05/2012 18:15:05,3524182.0
24/05/2012 18:15:05,1026368.0
25/05/2012 18:15:05,3060697.0
26/05/2012 18:15:05,2999986.0
27/05/2012 18:15:05,2089782.0
28/05/2012 18:15:05,1734407.0
29/05/2012 18:15:05,1547577.0
30/05/2012 18:15:05,1369245.0
31/05/2012 18:15:05,1010050.0
01/06/2012 18:15:05,14686848
02/06/2012 18:15:05,1355553.0
03/06/2012 18:15:05,1959079.0
04/06/2012 18:15:05,4197534.0
05/06/2012 18:15:05,2251095.0
06/06/2012 18:15:05,2656902.0
07/06/2012 18:15:05,1406067.0
08/06/2012 18:15:05,1741593.0
09/06/2012 18:15:05,1010441.0
10/06/2012 18:15:05,640473.0
11/06/2012 18:15:05,1380097.0
12/06/2012 18:15:05,2020080.0
13/06/2012 18:15:05,2613078.0
14/06/2012 18:15:05,2158687.0
15/06/2012 18:15:05,1201417.0
16/06/2012 18:15:05,1964041.0
17/06/2012 18:15:05,1237988.0
18/06/2012 18:15:05,2682812.0
19/06/2012 18:15:05,2368947.0
20/06/2012 18:15:05,3649740.0
21/06/2012 18:15:05,4367910.0
22/06/2012 18:15:05,2367606.0
23/06/2012 18:15:05,1241138.0
24/06/2012 18:15:05,6074138.0
25/06/2012 18:15:05,2210618.0
26/06/2012 18:15:05,2728241.0
27/06/2012 18:15:05,1131726.0
28/06/2012 18:15:05,1905474.0
29/06/2012 18:15:05,1035634.0
30/06/2012 18:15:05,1639167.0
01/07/2012 18:15:05,1207898.0
02/07/2012 18:15:05,1167520.0
03/07/2012 18:15:05,1628375.0
04/07/2012 18:15:05,1940665.0
05/07/2012 18:15:05,2386098.0
06/07/2012 18:15:05,2008817.0
07/07/2012 18:15:05,2055171.0
08/07/2012 18:15:05,6033976.0
09/07/2012 18:15:05,2421579.0
10/07/2012 18:15:05,2740804.0
11/07/2012 18:15:05,21917454
12/07/2012 18:15:05,1213028.0
13/07/2012 18:15:05,3518473.0
14/07/2012 18:15:05,15548655
15/07/2012 18:15:05,1583834.0
16/07/2012 18:15:05,3280692.0
17/07/2012 18:15:05,15040935
18/07/2012 18:15:05,4418989.0
19/07/2012 18:15:05,4330378.0
20/07/2012 18:15:05,2005954.0
21/07/2012 18:15:05,3321110.0
22/07/2012 18:15:05,2088257.0
23/07/2012 18:15:05,2250396.0
24/07/2012 18:15:05,2171101.0
25/07/2012 18:15:05,1889209.0
26/07/2012 18:15:05,3386710.0
27/07/2012 18:15:05,1551165.0
28/07/2012 18:15:05,2193217.0
29/07/2012 18:15:05,1683795.0
30/07/2012 18:15:05,2699708.0
31/07/2012 18:15:05,3272774.0
01/08/2012 18:15:05,2110125.0
02/08/2012 18:15:05,3191738.0
03/08/2012 18:15:05,4751406.0
04/08/2012 18:15:05,3879140.0
05/08/2012 18:15:05,1663572.0
06/08/2012 18:15:05,3505260.0
07/08/2012 18:15:05,3030573.0
08/08/2012 18:15:05,6772885.0
09/08/2012 18:15:05,2044988.0
10/08/2012 18:15:05,1785414.0
11/08/2012 18:15:05,1433933.0
12/08/2012 18:15:05,1228784.0
13/08/2012 18:15:05,1696120.0
14/08/2012 18:15:05,2772341.0
15/08/2012 18:15:05,3169163.0
16/08/2012 18:15:05,3906845.0
17/08/2012 18:15:05,11268589
18/08/2012 18:15:05,13138925
19/08/2012 18:15:05,14218113
20/08/2012 18:15:05,11098125
21/08/2012 18:15:05,2656959.0
22/08/2012 18:15:05,4580079.0
23/08/2012 18:15:05,2098756.0
24/08/2012 18:15:05,2535980.0
25/08/2012 18:15:05,960775.0
26/08/2012 18:15:05,1112456.0
27/08/2012 18:15:05,14285056
28/08/2012 18:15:05,5357577.0
29/08/2012 18:15:05,2091124.0
30/08/2012 18:15:05,874166.0
31/08/2012 18:15:05,20596502
01/09/2012 18:15:05,1151266.0
02/09/2012 18:15:05,757779.0
03/09/2012 18:15:05,1981204.0
04/09/2012 18:15:05,1945557.0
05/09/2012 18:15:05,1100875.0
06/09/2012 18:15:05,2593053.0
07/09/2012 18:15:05,1880274.0
08/09/2012 18:15:05,1001442.0
09/09/2012 18:15:05,3701013.0
10/09/2012 18:15:05,20847846
11/09/2012 18:15:05,845264.0
12/09/2012 18:15:05,1237883.0
13/09/2012 18:15:05,1963496.0
14/09/2012 18:15:05,969602.0
15/09/2012 18:15:05,3093142.0
16/09/2012 18:15:05,1052956.0
17/09/2012 18:15:05,8235020.0
18/09/2012 18:15:05,6176280.0
19/09/2012 18:15:05,5590326.0
20/09/2012 18:15:05,6005025.0
21/09/2012 18:15:05,5579033.0
22/09/2012 18:15:05,4511521.0
23/09/2012 18:15:05,2345786.0
24/09/2012 18:15:05,6035063.0
25/09/2012 18:15:05,2763659.0
26/09/2012 18:15:05,3458641.0
27/09/2012 18:15:05,3041948.0
28/09/2012 18:15:05,2326336.0
29/09/2012 18:15:05,10505958
30/09/2012 18:15:05,1862380.0
01/10/2012 18:15:05,2633532.0
02/10/2012 18:15:05,2103174.0
03/10/2012 18:15:05,3466478.0
04/10/2012 18:15:05,6986862.0
05/10/2012 18:15:05,2190251.0
06/10/2012 18:15:05,1068762.0
07/10/2012 18:15:05,1442486.0
08/10/2012 18:15:05,10659821
09/10/2012 18:15:05,1060003.0
10/10/2012 18:15:05,3653115.0
11/10/2012 18:15:05,1825757.0
12/10/2012 18:15:05,3006689.0
13/10/2012 18:15:05,816887.0
14/10/2012 18:15:05,6000667.0
15/10/2012 18:15:05,3701109.0
16/10/2012 18:15:05,1489952.0
17/10/2012 18:15:05,11138130
18/10/2012 18:15:05,4215570.0
19/10/2012 18:15:05,2725091.0
20/10/2012 18:15:05,1261188.0
21/10/2012 18:15:05,5562143.0
22/10/2012 18:15:05,1393990.0
23/10/2012 18:15:05,2160071.0
24/10/2012 18:15:05,1567025.0
25/10/2012 18:15:05,6982694.0
26/10/2012 18:15:05,4604401.0
27/10/2012 18:15:05,5132975.0
28/10/2012 18:15:05,1036419.0
29/10/2012 18:15:05,1773980.0
30/10/2012 18:15:05,3523442.0
31/10/2012 18:15:05,3235429.0
01/11/2012 18:15:05,2694099.0
02/11/2012 18:15:05,3000143.0
03/11/2012 18:15:05,996108.0
04/11/2012 18:15:05,2528682.0
05/11/2012 18:15:05,2528376.0
06/11/2012 18:15:05,2015421.0
07/11/2012 18:15:05,2142885.0
08/11/2012 18:15:05,4141001.0
09/11/2012 18:15:05,2449186.0
10/11/2012 18:15:05,784783.0
11/11/2012 18:15:05,3161628.0
12/11/2012 18:15:05,4566047.0
13/11/2012 18:15:05,1451548.0
14/11/2012 18:15:05,4732137.0
15/11/2012 18:15:05,2513524.0
16/11/2012 18:15:05,6517435.0
17/11/2012 18:15:05,2847230.0
18/11/2012 18:15:05,1862652.0
19/11/2012 18:15:05,3346434.0
20/11/2012 18:15:05,1787921.0
21/11/2012 18:15:05,2768570.0
22/11/2012 18:15:05,2063894.0
23/11/2012 18:15:05,1889683.0
24/11/2012 18:15:05,2674876.0
25/11/2012 18:15:05,1948392.0
26/11/2012 18:15:05,5050963.0
27/11/2012 18:15:05,4130132.0
28/11/2012 18:15:05,3475830.0
29/11/2012 18:15:05,1754623.0
30/11/2012 18:15:05,4049730.0
01/12/2012 18:15:05,2871544.0
02/12/2012 18:15:05,1259881.0
03/12/2012 18:15:05,2101796.0
04/12/2012 18:15:05,17466304
05/12/2012 18:15:05,7966403.0
06/12/2012 18:15:05,2222312.0
07/12/2012 18:15:05,8921748.0
08/12/2012 18:15:05,1430291.0
09/12/2012 18:15:05,1900207.0
10/12/2012 18:15:05,4159153.0
11/12/2012 18:15:05,4252583.0
12/12/2012 18:15:05,6163631.0
13/12/2012 18:15:05,3999861.0
14/12/2012 18:15:05,6775593.0
15/12/2012 18:15:05,2456679.0
16/12/2012 18:15:05,2568347.0
17/12/2012 18:15:05,1433419.0
18/12/2012 18:15:05,2598555.0
19/12/2012 18:15:05,2946078.0
20/12/2012 18:15:05,6071491.0
21/12/2012 18:15:05,3286030.0
22/12/2012 18:15:05,1836724.0
23/12/2012 18:15:05,794237.0
24/12/2012 18:15:05,1884319.0
25/12/2012 18:15:05,1065812.0
26/12/2012 18:15:05,1264364.0
27/12/2012 18:15:05,1124565.0
28/12/2012 18:15:05,1865381.0
29/12/2012 18:15:05,1741615.0
30/12/2012 18:15:05,1345443.0
31/12/2012 18:15:05,11340816
01/01/2013 18:15:05,2511013.0
02/01/2013 18:15:05,1553401.0
03/01/2013 18:15:05,2306357.0
04/01/2013 18:15:05,3282676.0
05/01/2013 18:15:05,2959188.0
06/01/2013 18:15:05,917618.0
07/01/2013 18:15:05,1472844.0
08/01/2013 18:15:05,3772833.0
09/01/2013 18:15:05,5224680.0
10/01/2013 18:15:05,4681026.0
11/01/2013 18:15:05,2158264.0
12/01/2013 18:15:05,1837307.0
13/01/2013 18:15:05,2832708.0
14/01/2013 18:15:05,2687632.0
15/01/2013 18:15:05,3474032.0
16/01/2013 18:15:05,2703657.0
17/01/2013 18:15:05,4478134.0
18/01/2013 18:15:05,4521794.0
19/01/2013 18:15:05,2463320.0
20/01/2013 18:15:05,1815033.0
21/01/2013 18:15:05,2952825.0
22/01/2013 18:15:05,12956338
23/01/2013 18:15:05,5785943.0
24/01/2013 18:15:05,6939100.0
25/01/2013 18:15:05,6207547.0
26/01/2013 18:15:05,5991333.0
27/01/2013 18:15:05,11451440
28/01/2013 18:15:05,3477522.0
29/01/2013 18:15:05,13167822
30/01/2013 18:15:05,11634350
31/01/2013 18:15:05,12512643
01/02/2013 18:15:05,29258608
02/02/2013 18:15:05,12875503
03/02/2013 18:15:05,2699650.0
04/02/2013 18:15:05,7861076.0
05/02/2013 18:15:05,6612133.0
06/02/2013 18:15:05,3716692.0
07/02/2013 18:15:05,4427576.0
08/02/2013 18:15:05,8496365.0
09/02/2013 18:15:05,3556426.0
10/02/2013 18:15:05,9687234.0
11/02/2013 18:15:05,3103593.0
12/02/2013 18:15:05,5721575.0
13/02/2013 18:15:05,7640784.0
14/02/2013 18:15:05,5933114.0
15/02/2013 18:15:05,9311396.0
16/02/2013 18:15:05,16831904
17/02/2013 18:15:05,7336059.0
18/02/2013 18:15:05,5307736.0
19/02/2013 18:15:05,5675868.0
20/02/2013 18:15:05,5789777.0
21/02/2013 18:15:05,7685767.0
22/02/2013 18:15:05,4919906.0
23/02/2013 18:15:05,4568777.0
24/02/2013 18:15:05,4764508.0
25/02/2013 18:15:05,30440923
26/02/2013 18:15:05,4849824.0
27/02/2013 18:15:05,6103379.0
28/02/2013 18:15:05,20136439
01/03/2013 18:15:05,5599103.0
02/03/2013 18:15:05,5285928.0
03/03/2013 18:15:05,3411315.0
04/03/2013 18:15:05,3386068.0
05/03/2013 18:15:05,10775483
06/03/2013 18:15:05,15446161
07/03/2013 18:15:05,17487602
08/03/2013 18:15:05,4841258.0
09/03/2013 18:15:05,9256680.0
10/03/2013 18:15:05,2714221.0
11/03/2013 18:15:05,5105614.0
12/03/2013 18:15:05,6485895.0
13/03/2013 18:15:05,8261598.0
14/03/2013 18:15:05,6441337.0
15/03/2013 18:15:05,4399296.0
16/03/2013 18:15:05,5181265.0
17/03/2013 18:15:05,3043513.0
18/03/2013 18:15:05,5601878.0
19/03/2013 18:15:05,7599820.0
20/03/2013 18:15:05,5779107.0
21/03/2013 18:15:05,10095547
22/03/2013 18:15:05,13663586
23/03/2013 18:15:05,14111698
24/03/2013 18:15:05,7593965.0
25/03/2013 18:15:05,11064910
26/03/2013 18:15:05,10816163
27/03/2013 18:15:05,8829549.0
28/03/2013 18:15:05,9507458.0
29/03/2013 18:15:05,8015769.0
30/03/2013 18:15:05,15843168
31/03/2013 18:15:05,3351857.0
01/04/2013 18:15:05,8736998.0
02/04/2013 18:15:05,25453504
03/04/2013 18:15:05,23446504
04/04/2013 18:15:05,22993117
05/04/2013 18:15:05,34316011
06/04/2013 18:15:05,9304233.0
07/04/2013 18:15:05,8808098.0
08/04/2013 18:15:05,15125993
09/04/2013 18:15:05,21210749
10/04/2013 18:15:05,51676672
11/04/2013 18:15:05,37852553
12/04/2013 18:15:05,13603808
13/04/2013 18:15:05,10234094
14/04/2013 18:15:05,5506913.0
15/04/2013 18:15:05,11124774
16/04/2013 18:15:05,25087435
17/04/2013 18:15:05,7060916.0
18/04/2013 18:15:05,5522755.0
19/04/2013 18:15:05,4518260.0
20/04/2013 18:15:05,4385817.0
21/04/2013 18:15:05,10324445
22/04/2013 18:15:05,4796169.0
23/04/2013 18:15:05,10002572
24/04/2013 18:15:05,6114277.0
25/04/2013 18:15:05,12978099
26/04/2013 18:15:05,2925244.0
27/04/2013 18:15:05,6088234.0
28/04/2013 18:15:05,2971087.0
29/04/2013 18:15:05,4970638.0
30/04/2013 18:15:05,3552074.0
01/05/2013 18:15:05,7201070.0
02/05/2013 18:15:05,5262643.0
03/05/2013 18:15:05,14332151
04/05/2013 18:15:05,3832375.0
05/05/2013 18:15:05,4298027.0
06/05/2013 18:15:05,2365716.0
07/05/2013 18:15:05,4295415.0
08/05/2013 18:15:05,2212630.0
09/05/2013 18:15:05,3442297.0
10/05/2013 18:15:05,4781125.0
11/05/2013 18:15:05,7083259.0
12/05/2013 18:15:05,2084724.0
13/05/2013 18:15:05,1828322.0
14/05/2013 18:15:05,2778043.0
15/05/2013 18:15:05,6966618.0
16/05/2013 18:15:05,2780085.0
17/05/2013 18:15:05,2166209.0
18/05/2013 18:15:05,6502860.0
19/05/2013 18:15:05,1809241.0
20/05/2013 18:15:05,1957076.0
21/05/2013 18:15:05,1611673.0
22/05/2013 18:15:05,1897397.0
23/05/2013 18:15:05,2551749.0
24/05/2013 18:15:05,2752411.0
25/05/2013 18:15:05,14665280
26/05/2013 18:15:05,849836.0
27/05/2013 18:15:05,1264476.0
28/05/2013 18:15:05,3997489.0
29/05/2013 18:15:05,4002129.0
30/05/2013 18:15:05,4772383.0
31/05/2013 18:15:05,8097378.0
01/06/2013 18:15:05,2513695.0
02/06/2013 18:15:05,2509728.0
03/06/2013 18:15:05,2889065.0
04/06/2013 18:15:05,2146540.0
05/06/2013 18:15:05,13827195
06/06/2013 18:15:05,8790613.0
07/06/2013 18:15:05,4521681.0
08/06/2013 18:15:05,3806389.0
09/06/2013 18:15:05,8684061.0
10/06/2013 18:15:05,1624559.0
11/06/2013 18:15:05,4138974.0
12/06/2013 18:15:05,3294239.0
13/06/2013 18:15:05,1535138.0
14/06/2013 18:15:05,2526653.0
15/06/2013 18:15:05,5204787.0
16/06/2013 18:15:05,3658991.0
17/06/2013 18:15:05,1229214.0
18/06/2013 18:15:05,1467106.0
19/06/2013 18:15:05,2549911.0
20/06/2013 18:15:05,1995330.0
21/06/2013 18:15:05,1514727.0
22/06/2013 18:15:05,1840680.0
23/06/2013 18:15:05,1823114.0
24/06/2013 18:15:05,2784708.0
25/06/2013 18:15:05,4981181.0
26/06/2013 18:15:05,3960916.0
27/06/2013 18:15:05,4001658.0
28/06/2013 18:15:05,4368544.0
29/06/2013 18:15:05,6742176.0
30/06/2013 18:15:05,3829711.0
01/07/2013 18:15:05,12784719
02/07/2013 18:15:05,9385283.0
03/07/2013 18:15:05,5242140.0
04/07/2013 18:15:05,7537330.0
05/07/2013 18:15:05,5506344.0
06/07/2013 18:15:05,5427261.0
07/07/2013 18:15:05,2387392.0
08/07/2013 18:15:05,1724869.0
09/07/2013 18:15:05,2461154.0
10/07/2013 18:15:05,7854316.0
11/07/2013 18:15:05,2839376.0
12/07/2013 18:15:05,5520694.0
13/07/2013 18:15:05,6162441.0
14/07/2013 18:15:05,1742103.0
15/07/2013 18:15:05,1828058.0
16/07/2013 18:15:05,2697103.0
17/07/2013 18:15:05,3787706.0
18/07/2013 18:15:05,2769935.0
19/07/2013 18:15:05,2246024.0
20/07/2013 18:15:05,2746091.0
21/07/2013 18:15:05,2606500.0
22/07/2013 18:15:05,2940884.0
23/07/2013 18:15:05,2677536.0
24/07/2013 18:15:05,2383481.0
25/07/2013 18:15:05,3499101.0
26/07/2013 18:15:05,2441148.0
27/07/2013 18:15:05,1343705.0
28/07/2013 18:15:05,1908443.0
29/07/2013 18:15:05,6129017.0
30/07/2013 18:15:05,4511430.0
31/07/2013 18:15:05,5435399.0
01/08/2013 18:15:05,3643610.0
02/08/2013 18:15:05,5037845.0
03/08/2013 18:15:05,32254394
04/08/2013 18:15:05,1511389.0
05/08/2013 18:15:05,3973523.0
06/08/2013 18:15:05,1887705.0
07/08/2013 18:15:05,2648362.0
08/08/2013 18:15:05,3760603.0
09/08/2013 18:15:05,3210421.0
10/08/2013 18:15:05,1983809.0
11/08/2013 18:15:05,3269892.0
12/08/2013 18:15:05,4310674.0
13/08/2013 18:15:05,24890814
14/08/2013 18:15:05,4330273.0
15/08/2013 18:15:05,6153067.0
16/08/2013 18:15:05,2360708.0
17/08/2013 18:15:05,5676273.0
18/08/2013 18:15:05,2235085.0
19/08/2013 18:15:05,2857137.0
20/08/2013 18:15:05,2909152.0
21/08/2013 18:15:05,5685019.0
22/08/2013 18:15:05,3380893.0
23/08/2013 18:15:05,3291901.0
24/08/2013 18:15:05,1722494.0
25/08/2013 18:15:05,1036833.0
26/08/2013 18:15:05,2881504.0
27/08/2013 18:15:05,2644478.0
28/08/2013 18:15:05,2637360.0
29/08/2013 18:15:05,10434095
30/08/2013 18:15:05,4099951.0
31/08/2013 18:15:05,4363734.0
01/09/2013 18:15:05,3612964.0
02/09/2013 18:15:05,4271938.0
03/09/2013 18:15:05,5322247.0
04/09/2013 18:15:05,4589938.0
05/09/2013 18:15:05,2528726.0
06/09/2013 18:15:05,1838462.0
07/09/2013 18:15:05,2943553.0
08/09/2013 18:15:05,1892681.0
09/09/2013 18:15:05,2838679.0
10/09/2013 18:15:05,8071511.0
11/09/2013 18:15:05,2661037.0
12/09/2013 18:15:05,4296116.0
13/09/2013 18:15:05,6780638.0
14/09/2013 18:15:05,5213343.0
15/09/2013 18:15:05,2752323.0
16/09/2013 18:15:05,2161063.0
17/09/2013 18:15:05,3070307.0
18/09/2013 18:15:05,6173398.0
19/09/2013 18:15:05,10853278
20/09/2013 18:15:05,2012908.0
21/09/2013 18:15:05,2631399.0
22/09/2013 18:15:05,3996851.0
23/09/2013 18:15:05,2259656.0
24/09/2013 18:15:05,3212415.0
25/09/2013 18:15:05,2894645.0
26/09/2013 18:15:05,3508901.0
27/09/2013 18:15:05,2703327.0
28/09/2013 18:15:05,1458955.0
29/09/2013 18:15:05,2712593.0
30/09/2013 18:15:05,2516755.0
01/10/2013 18:15:05,3474182.0
02/10/2013 18:15:05,7033371.0
03/10/2013 18:15:05,7329797.0
04/10/2013 18:15:05,1384871.0
05/10/2013 18:15:05,1912739.0
06/10/2013 18:15:05,3660692.0
07/10/2013 18:15:05,11386987
08/10/2013 18:15:05,9057505.0
09/10/2013 18:15:05,5628241.0
10/10/2013 18:15:05,4450632.0
11/10/2013 18:15:05,1955334.0
12/10/2013 18:15:05,2606367.0
13/10/2013 18:15:05,1951192.0
14/10/2013 18:15:05,3540215.0
15/10/2013 18:15:05,3129048.0
16/10/2013 18:15:05,5998534.0
17/10/2013 18:15:05,11389482
18/10/2013 18:15:05,4864246.0
19/10/2013 18:15:05,7199492.0
20/10/2013 18:15:05,4015529.0
21/10/2013 18:15:05,38679839
22/10/2013 18:15:05,19568092
23/10/2013 18:15:05,15128741
24/10/2013 18:15:05,11801548
25/10/2013 18:15:05,56776415
26/10/2013 18:15:05,4176327.0
27/10/2013 18:15:05,3616633.0
28/10/2013 18:15:05,4033598.0
29/10/2013 18:15:05,6816121.0
30/10/2013 18:15:05,3981518.0
31/10/2013 18:15:05,5509271.0
01/11/2013 18:15:05,5515863.0
02/11/2013 18:15:05,3761618.0
03/11/2013 18:15:05,2125698.0
04/11/2013 18:15:05,7152353.0
05/11/2013 18:15:05,19268609
06/11/2013 18:15:05,11476604
07/11/2013 18:15:05,16243143
08/11/2013 18:15:05,13667201
09/11/2013 18:15:05,15303569
10/11/2013 18:15:05,10772109
11/11/2013 18:15:05,11069136
12/11/2013 18:15:05,16541145
13/11/2013 18:15:05,11328367
14/11/2013 18:15:05,20934286
15/11/2013 18:15:05,18946674
16/11/2013 18:15:05,14253150
17/11/2013 18:15:05,14475213
18/11/2013 18:15:05,19680533
19/11/2013 18:15:05,28037118
20/11/2013 18:15:05,25128424
21/11/2013 18:15:05,10633722
22/11/2013 18:15:05,16722855
23/11/2013 18:15:05,16002225
24/11/2013 18:15:05,8627868.0
25/11/2013 18:15:05,38788586
26/11/2013 18:15:05,45656039
27/11/2013 18:15:05,25798309
28/11/2013 18:15:05,18071306
29/11/2013 18:15:05,21706034
30/11/2013 18:15:05,9378123.0
01/12/2013 18:15:05,7987820.0
02/12/2013 18:15:05,11594552
03/12/2013 18:15:05,8444677.0
04/12/2013 18:15:05,5783692.0
05/12/2013 18:15:05,8329277.0
06/12/2013 18:15:05,7623706.0
07/12/2013 18:15:05,10432132
08/12/2013 18:15:05,3572015.0
09/12/2013 18:15:05,3023563.0
10/12/2013 18:15:05,3572857.0
11/12/2013 18:15:05,7881634.0
12/12/2013 18:15:05,2931019.0
13/12/2013 18:15:05,5025471.0
14/12/2013 18:15:05,4327186.0
15/12/2013 18:15:05,6922435.0
16/12/2013 18:15:05,13903503
17/12/2013 18:15:05,5461122.0
18/12/2013 18:15:05,18161605
19/12/2013 18:15:05,6296065.0
20/12/2013 18:15:05,4354327.0
21/12/2013 18:15:05,133907618
22/12/2013 18:15:05,1255601.0
23/12/2013 18:15:05,4696706.0
24/12/2013 18:15:05,3202363.0
25/12/2013 18:15:05,30427000
26/12/2013 18:15:05,2617847.0
27/12/2013 18:15:05,9587684.0
28/12/2013 18:15:05,2153448.0
29/12/2013 18:15:05,2529310.0
30/12/2013 18:15:05,1496236.0
31/12/2013 18:15:05,2675077.0
01/01/2014 18:15:05,1986912.0
02/01/2014 18:15:05,3847058.0
03/01/2014 18:15:05,3797907.0
04/01/2014 18:15:05,11986095
05/01/2014 18:15:05,7391243.0
06/01/2014 18:15:05,3656581.0
07/01/2014 18:15:05,4091259.0
08/01/2014 18:15:05,7936884.0
09/01/2014 18:15:05,2304290.0
10/01/2014 18:15:05,2548584.0
11/01/2014 18:15:05,4037066.0
12/01/2014 18:15:05,13435969
13/01/2014 18:15:05,4578203.0
14/01/2014 18:15:05,3801673.0
15/01/2014 18:15:05,8900100.0
16/01/2014 18:15:05,4797602.0
17/01/2014 18:15:05,3202751.0
18/01/2014 18:15:05,2000704.0
19/01/2014 18:15:05,3150963.0
20/01/2014 18:15:05,4388208.0
21/01/2014 18:15:05,3898390.0
22/01/2014 18:15:05,5344226.0
23/01/2014 18:15:05,2495217.0
24/01/2014 18:15:05,5130681.0
25/01/2014 18:15:05,3747160.0
26/01/2014 18:15:05,1347659.0
27/01/2014 18:15:05,3849304.0
28/01/2014 18:15:05,3996324.0
29/01/2014 18:15:05,4251714.0
30/01/2014 18:15:05,3107723.0
31/01/2014 18:15:05,2237870.0
01/02/2014 18:15:05,4772341.0
02/02/2014 18:15:05,2091651.0
03/02/2014 18:15:05,1719579.0
04/02/2014 18:15:05,3988183.0
05/02/2014 18:15:05,13096032
06/02/2014 18:15:05,138486680
07/02/2014 18:15:05,6174557.0
08/02/2014 18:15:05,1873108.0
09/02/2014 18:15:05,3355929.0
10/02/2014 18:15:05,3950663.0
11/02/2014 18:15:05,5789493.0
12/02/2014 18:15:05,5873237.0
13/02/2014 18:15:05,2446976.0
14/02/2014 18:15:05,4464590.0
15/02/2014 18:15:05,2687300.0
16/02/2014 18:15:05,3997074.0
17/02/2014 18:15:05,2288145.0
18/02/2014 18:15:05,4814725.0
19/02/2014 18:15:05,5868473.0
20/02/2014 18:15:05,4401474.0
21/02/2014 18:15:05,5439234.0
22/02/2014 18:15:05,1311989.0
23/02/2014 18:15:05,1724697.0
24/02/2014 18:15:05,7454844.0
25/02/2014 18:15:05,12772070
26/02/2014 18:15:05,2830781.0
27/02/2014 18:15:05,3176689.0
28/02/2014 18:15:05,11220404
01/03/2014 18:15:05,9755658.0
02/03/2014 18:15:05,4976189.0
03/03/2014 18:15:05,6773150.0
04/03/2014 18:15:05,6653826.0
05/03/2014 18:15:05,7210775.0
06/03/2014 18:15:05,3381154.0
07/03/2014 18:15:05,173071835
08/03/2014 18:15:05,3424706.0
09/03/2014 18:15:05,2825323.0
10/03/2014 18:15:05,103312718
11/03/2014 18:15:05,16904675
12/03/2014 18:15:05,3389133.0
13/03/2014 18:15:05,5697583.0
14/03/2014 18:15:05,2987495.0
15/03/2014 18:15:05,1417028.0
16/03/2014 18:15:05,1629426.0
17/03/2014 18:15:05,3003417.0
18/03/2014 18:15:05,5216629.0
19/03/2014 18:15:05,4721369.0
20/03/2014 18:15:05,7957443.0
21/03/2014 18:15:05,5393768.0
22/03/2014 18:15:05,15202016
23/03/2014 18:15:05,1283466.0
24/03/2014 18:15:05,2712833.0
25/03/2014 18:15:05,5367062.0
26/03/2014 18:15:05,1780620.0
27/03/2014 18:15:05,6175350.0
28/03/2014 18:15:05,5423814.0
29/03/2014 18:15:05,3430554.0
30/03/2014 18:15:05,4145390.0
31/03/2014 18:15:05,2997622.0
01/04/2014 18:15:05,2769848.0
02/04/2014 18:15:05,2211072.0
03/04/2014 18:15:05,13897122
04/04/2014 18:15:05,1495041.0
05/04/2014 18:15:05,11057363
06/04/2014 18:15:05,2503308.0
07/04/2014 18:15:05,7146078.0
08/04/2014 18:15:05,1604350.0
09/04/2014 18:15:05,2821278.0
10/04/2014 18:15:05,13327667
11/04/2014 18:15:05,6406909.0
12/04/2014 18:15:05,1220078.0
13/04/2014 18:15:05,1486487.0
14/04/2014 18:15:05,2725122.0
15/04/2014 18:15:05,3072892.0
16/04/2014 18:15:05,17889064
17/04/2014 18:15:05,3419553.0
18/04/2014 18:15:05,5046381.0
19/04/2014 18:15:05,0.0
20/04/2014 18:15:05,278506.0
21/04/2014 18:15:05,1594179.0
22/04/2014 18:15:05,2746251.0
23/04/2014 18:15:05,5609917.0
24/04/2014 18:15:05,3314347.0
25/04/2014 18:15:05,2005454.0
26/04/2014 18:15:05,1644784.0
27/04/2014 18:15:05,1551008.0
28/04/2014 18:15:05,1657543.0
29/04/2014 18:15:05,3592875.0
30/04/2014 18:15:05,2280337.0
01/05/2014 18:15:05,1983072.0
02/05/2014 18:15:05,1731744.0
03/05/2014 18:15:05,884542.0
04/05/2014 18:15:05,1228571.0
05/05/2014 18:15:05,2891075.0
06/05/2014 18:15:05,1837857.0
07/05/2014 18:15:05,2620071.0
08/05/2014 18:15:05,2380603.0
09/05/2014 18:15:05,1492710.0
10/05/2014 18:15:05,1213050.0
11/05/2014 18:15:05,1661168.0
12/05/2014 18:15:05,1512484.0
13/05/2014 18:15:05,1307980.0
14/05/2014 18:15:05,7074029.0
15/05/2014 18:15:05,2267174.0
16/05/2014 18:15:05,1503276.0
17/05/2014 18:15:05,1120211.0
18/05/2014 18:15:05,2057661.0
19/05/2014 18:15:05,1403615.0
20/05/2014 18:15:05,1483237.0
21/05/2014 18:15:05,3121349.0
22/05/2014 18:15:05,3433054.0
23/05/2014 18:15:05,2850334.0
24/05/2014 18:15:05,11347066
25/05/2014 18:15:05,5347474.0
26/05/2014 18:15:05,4323663.0
27/05/2014 18:15:05,3750882.0
28/05/2014 18:15:05,28420408
29/05/2014 18:15:05,2775590.0
30/05/2014 18:15:05,4374729.0
31/05/2014 18:15:05,5991540.0
01/06/2014 18:15:05,3677387.0
02/06/2014 18:15:05,2852755.0
03/06/2014 18:15:05,4387425.0
04/06/2014 18:15:05,2826265.0
05/06/2014 18:15:05,3715874.0
06/06/2014 18:15:05,3165275.0
07/06/2014 18:15:05,2052353.0
08/06/2014 18:15:05,2416402.0
09/06/2014 18:15:05,2372539.0
10/06/2014 18:15:05,11968073
11/06/2014 18:15:05,13862985
12/06/2014 18:15:05,9539999.0
13/06/2014 18:15:05,45234077
14/06/2014 18:15:05,1779113.0
15/06/2014 18:15:05,992442.0
16/06/2014 18:15:05,3245230.0
17/06/2014 18:15:05,1853277.0
18/06/2014 18:15:05,2285648.0
19/06/2014 18:15:05,2916631.0
20/06/2014 18:15:05,2286924.0
21/06/2014 18:15:05,1267505.0
22/06/2014 18:15:05,2531237.0
23/06/2014 18:15:05,2770642.0
24/06/2014 18:15:05,8713049.0
25/06/2014 18:15:05,1745082.0
26/06/2014 18:15:05,4080372.0
27/06/2014 18:15:05,2387377.0
28/06/2014 18:15:05,1139531.0
29/06/2014 18:15:05,13658011
30/06/2014 18:15:05,4648756.0
01/07/2014 18:15:05,2837270.0
02/07/2014 18:15:05,7461709.0
03/07/2014 18:15:05,4962588.0
04/07/2014 18:15:05,2864791.0
05/07/2014 18:15:05,1753496.0
06/07/2014 18:15:05,1395827.0
07/07/2014 18:15:05,2075766.0
08/07/2014 18:15:05,1690086.0
09/07/2014 18:15:05,6253429.0
10/07/2014 18:15:05,2912717.0
11/07/2014 18:15:05,1544290.0
12/07/2014 18:15:05,1763615.0
13/07/2014 18:15:05,1234283.0
14/07/2014 18:15:05,1672093.0
15/07/2014 18:15:05,1599130.0
16/07/2014 18:15:05,2449656.0
17/07/2014 18:15:05,3172979.0
18/07/2014 18:15:05,2953952.0
19/07/2014 18:15:05,3426966.0
20/07/2014 18:15:05,3201200.0
21/07/2014 18:15:05,3269743.0
22/07/2014 18:15:05,4674879.0
23/07/2014 18:15:05,2723784.0
24/07/2014 18:15:05,8857953.0
25/07/2014 18:15:05,2975016.0
26/07/2014 18:15:05,1932979.0
27/07/2014 18:15:05,2602692.0
28/07/2014 18:15:05,3418017.0
29/07/2014 18:15:05,4935577.0
30/07/2014 18:15:05,4151517.0
31/07/2014 18:15:05,3006218.0
01/08/2014 18:15:05,7881997.0
02/08/2014 18:15:05,2831715.0
03/08/2014 18:15:05,1738100.0
04/08/2014 18:15:05,6523729.0
05/08/2014 18:15:05,16456116
06/08/2014 18:15:05,13022346
07/08/2014 18:15:05,4312982.0
08/08/2014 18:15:05,2073642.0
09/08/2014 18:15:05,2521662.0
10/08/2014 18:15:05,1817004.0
11/08/2014 18:15:05,2289409.0
12/08/2014 18:15:05,2759878.0
13/08/2014 18:15:05,5107151.0
14/08/2014 18:15:05,2803726.0
15/08/2014 18:15:05,3703308.0
16/08/2014 18:15:05,3262145.0
17/08/2014 18:15:05,2536966.0
18/08/2014 18:15:05,6738056.0
19/08/2014 18:15:05,2603713.0
20/08/2014 18:15:05,2632442.0
21/08/2014 18:15:05,5115095.0
22/08/2014 18:15:05,7557000.0
23/08/2014 18:15:05,4950483.0
24/08/2014 18:15:05,5668024.0
25/08/2014 18:15:05,4996638.0
26/08/2014 18:15:05,3983034.0
27/08/2014 18:15:05,2909008.0
28/08/2014 18:15:05,10544975
29/08/2014 18:15:05,3374405.0
30/08/2014 18:15:05,9847127.0
31/08/2014 18:15:05,3610024.0
01/09/2014 18:15:05,2740802.0
02/09/2014 18:15:05,6061318.0
03/09/2014 18:15:05,2583404.0
04/09/2014 18:15:05,3519527.0
05/09/2014 18:15:05,4828420.0
06/09/2014 18:15:05,12147856
07/09/2014 18:15:05,2839154.0
08/09/2014 18:15:05,3740798.0
09/09/2014 18:15:05,5834080.0
10/09/2014 18:15:05,8845863.0
11/09/2014 18:15:05,3358291.0
12/09/2014 18:15:05,2761882.0
13/09/2014 18:15:05,2882994.0
14/09/2014 18:15:05,1945205.0
15/09/2014 18:15:05,4811102.0
16/09/2014 18:15:05,2382699.0
17/09/2014 18:15:05,3428305.0
18/09/2014 18:15:05,5357878.0
19/09/2014 18:15:05,7182336.0
20/09/2014 18:15:05,13913794
21/09/2014 18:15:05,4406651.0
22/09/2014 18:15:05,1254765.0
23/09/2014 18:15:05,3771094.0
24/09/2014 18:15:05,2732065.0
25/09/2014 18:15:05,2491918.0
26/09/2014 18:15:05,5115667.0
27/09/2014 18:15:05,1705028.0
28/09/2014 18:15:05,3201832.0
29/09/2014 18:15:05,9170203.0
30/09/2014 18:15:05,5122543.0
01/10/2014 18:15:05,3889054.0
02/10/2014 18:15:05,3691860.0
03/10/2014 18:15:05,7596190.0
04/10/2014 18:15:05,6817594.0
05/10/2014 18:15:05,23456800
06/10/2014 18:15:05,9640377.0
07/10/2014 18:15:05,5382420.0
08/10/2014 18:15:05,5879362.0
09/10/2014 18:15:05,7668988.0
10/10/2014 18:15:05,7765761.0
11/10/2014 18:15:05,1253857.0
12/10/2014 18:15:05,6659340.0
13/10/2014 18:15:05,3581510.0
14/10/2014 18:15:05,4656082.0
15/10/2014 18:15:05,7131048.0
16/10/2014 18:15:05,4154610.0
17/10/2014 18:15:05,4165848.0
18/10/2014 18:15:05,1567628.0
19/10/2014 18:15:05,2162416.0
20/10/2014 18:15:05,1923347.0
21/10/2014 18:15:05,1227059.0
22/10/2014 18:15:05,3541685.0
23/10/2014 18:15:05,4239891.0
24/10/2014 18:15:05,7716105.0
25/10/2014 18:15:05,2823086.0
26/10/2014 18:15:05,985500.0
27/10/2014 18:15:05,2129795.0
28/10/2014 18:15:05,2614244.0
29/10/2014 18:15:05,3989317.0
30/10/2014 18:15:05,1873420.0
31/10/2014 18:15:05,2985413.0
01/11/2014 18:15:05,5537050.0
02/11/2014 18:15:05,3722960.0
03/11/2014 18:15:05,2451805.0
04/11/2014 18:15:05,3007096.0
05/11/2014 18:15:05,4959472.0
06/11/2014 18:15:05,2565205.0
07/11/2014 18:15:05,16971194
08/11/2014 18:15:05,6177763.0
09/11/2014 18:15:05,5337065.0
10/11/2014 18:15:05,3435964.0
11/11/2014 18:15:05,2696702.0
12/11/2014 18:15:05,4666454.0
13/11/2014 18:15:05,6360902.0
14/11/2014 18:15:05,6149330.0
15/11/2014 18:15:05,3289630.0
16/11/2014 18:15:05,1955720.0
17/11/2014 18:15:05,1581063.0
18/11/2014 18:15:05,4205165.0
19/11/2014 18:15:05,4490095.0
20/11/2014 18:15:05,2949227.0
21/11/2014 18:15:05,5713508.0
22/11/2014 18:15:05,1347025.0
23/11/2014 18:15:05,1170510.0
24/11/2014 18:15:05,1723190.0
25/11/2014 18:15:05,3111242.0
26/11/2014 18:15:05,2162871.0
27/11/2014 18:15:05,4238800.0
28/11/2014 18:15:05,44002641
29/11/2014 18:15:05,11935598
30/11/2014 18:15:05,2666296.0
01/12/2014 18:15:05,4351061.0
02/12/2014 18:15:05,5313149.0
03/12/2014 18:15:05,4168509.0
04/12/2014 18:15:05,3350433.0
05/12/2014 18:15:05,16947873
06/12/2014 18:15:05,2236126.0
07/12/2014 18:15:05,1360350.0
08/12/2014 18:15:05,31380316
09/12/2014 18:15:05,22654967
10/12/2014 18:15:05,5700478.0
11/12/2014 18:15:05,3428903.0
12/12/2014 18:15:05,1512802.0
13/12/2014 18:15:05,2882409.0
14/12/2014 18:15:05,1295555.0
15/12/2014 18:15:05,2459004.0
16/12/2014 18:15:05,3494872.0
17/12/2014 18:15:05,3100842.0
18/12/2014 18:15:05,4765341.0
19/12/2014 18:15:05,4304001.0
20/12/2014 18:15:05,1646727.0
21/12/2014 18:15:05,4125898.0
22/12/2014 18:15:05,5276996.0
23/12/2014 18:15:05,3560121.0
24/12/2014 18:15:05,26667965
25/12/2014 18:15:05,2021208.0
26/12/2014 18:15:05,1604995.0
27/12/2014 18:15:05,1099755.0
28/12/2014 18:15:05,1062442.0
29/12/2014 18:15:05,3401866.0
30/12/2014 18:15:05,16566700
31/12/2014 18:15:05,25506384
01/01/2015 18:15:05,965987.0
02/01/2015 18:15:05,1954077.0
03/01/2015 18:15:05,3115710.0
04/01/2015 18:15:05,7087895.0
05/01/2015 18:15:05,5315823.0
06/01/2015 18:15:05,5053144.0
07/01/2015 18:15:05,17711659
08/01/2015 18:15:05,11454658
09/01/2015 18:15:05,5784134.0
10/01/2015 18:15:05,7709244.0
11/01/2015 18:15:05,6371389.0
12/01/2015 18:15:05,2673796.0
13/01/2015 18:15:05,12693262
14/01/2015 18:15:05,12185463
15/01/2015 18:15:05,6547525.0
16/01/2015 18:15:05,12067944
17/01/2015 18:15:05,3056331.0
18/01/2015 18:15:05,2618574.0
19/01/2015 18:15:05,2425371.0
20/01/2015 18:15:05,2601454.0
21/01/2015 18:15:05,13509650
22/01/2015 18:15:05,3797242.0
23/01/2015 18:15:05,1954011.0
24/01/2015 18:15:05,3556497.0
25/01/2015 18:15:05,1223628.0
26/01/2015 18:15:05,17692598
27/01/2015 18:15:05,3399559.0
28/01/2015 18:15:05,2114017.0
29/01/2015 18:15:05,3572312.0
30/01/2015 18:15:05,2228484.0
31/01/2015 18:15:05,3350919.0
01/02/2015 18:15:05,1598822.0
02/02/2015 18:15:05,3739947.0
03/02/2015 18:15:05,4288681.0
04/02/2015 18:15:05,2360243.0
05/02/2015 18:15:05,5667072.0
06/02/2015 18:15:05,3255534.0
07/02/2015 18:15:05,1663997.0
08/02/2015 18:15:05,1683618.0
09/02/2015 18:15:05,2541190.0
10/02/2015 18:15:05,3607377.0
11/02/2015 18:15:05,1775752.0
12/02/2015 18:15:05,3705316.0
13/02/2015 18:15:05,4012766.0
14/02/2015 18:15:05,2811722.0
15/02/2015 18:15:05,4006397.0
16/02/2015 18:15:05,2010350.0
17/02/2015 18:15:05,2326019.0
18/02/2015 18:15:05,1475421.0
19/02/2015 18:15:05,8951752.0
20/02/2015 18:15:05,2630996.0
21/02/2015 18:15:05,27950758
22/02/2015 18:15:05,1484406.0
23/02/2015 18:15:05,3072541.0
24/02/2015 18:15:05,3648119.0
25/02/2015 18:15:05,6073514.0
26/02/2015 18:15:05,3387918.0
27/02/2015 18:15:05,2849496.0
28/02/2015 18:15:05,7057571.0
01/03/2015 18:15:05,3220759.0
02/03/2015 18:15:05,17025398
03/03/2015 18:15:05,13452829
04/03/2015 18:15:05,7901607.0
05/03/2015 18:15:05,7365627.0
06/03/2015 18:15:05,10488762
07/03/2015 18:15:05,7523176.0
08/03/2015 18:15:05,16874073
09/03/2015 18:15:05,10714822
10/03/2015 18:15:05,3901765.0
11/03/2015 18:15:05,24131451
12/03/2015 18:15:05,12644973
13/03/2015 18:15:05,7296930.0
14/03/2015 18:15:05,1048265.0
15/03/2015 18:15:05,2279136.0
16/03/2015 18:15:05,3095784.0
17/03/2015 18:15:05,4761669.0
18/03/2015 18:15:05,5026740.0
19/03/2015 18:15:05,5168424.0
20/03/2015 18:15:05,2821856.0
21/03/2015 18:15:05,3696758.0
22/03/2015 18:15:05,1903271.0
23/03/2015 18:15:05,2228296.0
24/03/2015 18:15:05,3093222.0
25/03/2015 18:15:05,3532867.0
26/03/2015 18:15:05,2932608.0
27/03/2015 18:15:05,4681556.0
28/03/2015 18:15:05,1823203.0
29/03/2015 18:15:05,1193275.0
30/03/2015 18:15:05,2478280.0
31/03/2015 18:15:05,1822870.0
01/04/2015 18:15:05,5198695.0
02/04/2015 18:15:05,11986800
03/04/2015 18:15:05,9343934.0
04/04/2015 18:15:05,1950503.0
05/04/2015 18:15:05,1294936.0
06/04/2015 18:15:05,1667655.0
07/04/2015 18:15:05,2335624.0
08/04/2015 18:15:05,3453271.0
09/04/2015 18:15:05,4761137.0
10/04/2015 18:15:05,2871935.0
11/04/2015 18:15:05,9772160.0
12/04/2015 18:15:05,3227024.0
13/04/2015 18:15:05,3093574.0
14/04/2015 18:15:05,2865666.0
15/04/2015 18:15:05,15503606
16/04/2015 18:15:05,3179479.0
17/04/2015 18:15:05,2180127.0
18/04/2015 18:15:05,1096951.0
19/04/2015 18:15:05,723062.0
20/04/2015 18:15:05,1278044.0
21/04/2015 18:15:05,2676773.0
22/04/2015 18:15:05,4469463.0
23/04/2015 18:15:05,53735900
24/04/2015 18:15:05,1853527.0
25/04/2015 18:15:05,1868193.0
26/04/2015 18:15:05,3455256.0
27/04/2015 18:15:05,4843127.0
28/04/2015 18:15:05,2334023.0
29/04/2015 18:15:05,3677249.0
30/04/2015 18:15:05,1849698.0
01/05/2015 18:15:05,2175619.0
02/05/2015 18:15:05,1226925.0
03/05/2015 18:15:05,1562315.0
04/05/2015 18:15:05,4257596.0
05/05/2015 18:15:05,3277022.0
06/05/2015 18:15:05,1628031.0
07/05/2015 18:15:05,2494118.0
08/05/2015 18:15:05,2609753.0
09/05/2015 18:15:05,2205862.0
10/05/2015 18:15:05,1482760.0
11/05/2015 18:15:05,5978846.0
12/05/2015 18:15:05,3976823.0
13/05/2015 18:15:05,2452914.0
14/05/2015 18:15:05,2263994.0
15/05/2015 18:15:05,3655158.0
16/05/2015 18:15:05,1509063.0
17/05/2015 18:15:05,1357162.0
18/05/2015 18:15:05,1767389.0
19/05/2015 18:15:05,4697868.0
20/05/2015 18:15:05,2393181.0
21/05/2015 18:15:05,2176695.0
22/05/2015 18:15:05,1948860.0
23/05/2015 18:15:05,8194654.0
24/05/2015 18:15:05,1602171.0
25/05/2015 18:15:05,1498289.0
26/05/2015 18:15:05,3920107.0
27/05/2015 18:15:05,3540066.0
28/05/2015 18:15:05,4383055.0
29/05/2015 18:15:05,4204526.0
30/05/2015 18:15:05,14352638
31/05/2015 18:15:05,2453581.0
01/06/2015 18:15:05,4776292.0
02/06/2015 18:15:05,5872788.0
03/06/2015 18:15:05,3156792.0
04/06/2015 18:15:05,2924782.0
05/06/2015 18:15:05,2590346.0
06/06/2015 18:15:05,1116031.0
07/06/2015 18:15:05,2869316.0
08/06/2015 18:15:05,1972679.0
09/06/2015 18:15:05,2517439.0
10/06/2015 18:15:05,4655277.0
11/06/2015 18:15:05,3513187.0
12/06/2015 18:15:05,8725161.0
13/06/2015 18:15:05,2957576.0
14/06/2015 18:15:05,3594042.0
15/06/2015 18:15:05,2394374.0
16/06/2015 18:15:05,7084115.0
17/06/2015 18:15:05,6651496.0
18/06/2015 18:15:05,4268612.0
19/06/2015 18:15:05,8634232.0
20/06/2015 18:15:05,6983233.0
21/06/2015 18:15:05,9910897.0
22/06/2015 18:15:05,1839654.0
23/06/2015 18:15:05,3158985.0
24/06/2015 18:15:05,5101981.0
25/06/2015 18:15:05,2379164.0
26/06/2015 18:15:05,3732588.0
27/06/2015 18:15:05,2701371.0
28/06/2015 18:15:05,1744913.0
29/06/2015 18:15:05,3220619.0
30/06/2015 18:15:05,5316101.0
01/07/2015 18:15:05,4092535.0
02/07/2015 18:15:05,3891335.0
03/07/2015 18:15:05,7612517.0
04/07/2015 18:15:05,1400444.0
05/07/2015 18:15:05,3844579.0
06/07/2015 18:15:05,9402508.0
07/07/2015 18:15:05,9255343.0
08/07/2015 18:15:05,11370106
09/07/2015 18:15:05,8336776.0
10/07/2015 18:15:05,7050945.0
11/07/2015 18:15:05,4979343.0
12/07/2015 18:15:05,9629522.0
13/07/2015 18:15:05,3463634.0
14/07/2015 18:15:05,2774355.0
15/07/2015 18:15:05,3317746.0
16/07/2015 18:15:05,3929352.0
17/07/2015 18:15:05,7951008.0
18/07/2015 18:15:05,2825040.0
19/07/2015 18:15:05,1449739.0
20/07/2015 18:15:05,2657913.0
21/07/2015 18:15:05,7881405.0
22/07/2015 18:15:05,1983885.0
23/07/2015 18:15:05,2609412.0
24/07/2015 18:15:05,2041872.0
25/07/2015 18:15:05,4029856.0
26/07/2015 18:15:05,3815845.0
27/07/2015 18:15:05,3331969.0
28/07/2015 18:15:05,2931447.0
29/07/2015 18:15:05,4132791.0
30/07/2015 18:15:05,2294006.0
31/07/2015 18:15:05,3130410.0
01/08/2015 18:15:05,3955074.0
02/08/2015 18:15:05,2088311.0
03/08/2015 18:15:05,2284073.0
04/08/2015 18:15:05,2410525.0
05/08/2015 18:15:05,5311332.0
06/08/2015 18:15:05,1665847.0
07/08/2015 18:15:05,2873507.0
08/08/2015 18:15:05,7486008.0
09/08/2015 18:15:05,40470184
10/08/2015 18:15:05,7699865.0
11/08/2015 18:15:05,3690346.0
12/08/2015 18:15:05,2906518.0
13/08/2015 18:15:05,3359064.0
14/08/2015 18:15:05,6220091.0
15/08/2015 18:15:05,2263122.0
16/08/2015 18:15:05,5385026.0
17/08/2015 18:15:05,5061226.0
18/08/2015 18:15:05,3410708.0
19/08/2015 18:15:05,8178822.0
20/08/2015 18:15:05,6455237.0
21/08/2015 18:15:05,3537955.0
22/08/2015 18:15:05,3946340.0
23/08/2015 18:15:05,2679342.0
24/08/2015 18:15:05,27578636
25/08/2015 18:15:05,7258175.0
26/08/2015 18:15:05,38805087
27/08/2015 18:15:05,6663506.0
28/08/2015 18:15:05,4051489.0
29/08/2015 18:15:05,3172178.0
30/08/2015 18:15:05,4231220.0
31/08/2015 18:15:05,2642157.0
01/09/2015 18:15:05,5093618.0
02/09/2015 18:15:05,4640106.0
03/09/2015 18:15:05,6117800.0
04/09/2015 18:15:05,4166531.0
05/09/2015 18:15:05,2105477.0
06/09/2015 18:15:05,2375425.0
07/09/2015 18:15:05,3154409.0
08/09/2015 18:15:05,2492508.0
09/09/2015 18:15:05,3628317.0
10/09/2015 18:15:05,18045200
11/09/2015 18:15:05,1854814.0
12/09/2015 18:15:05,1371085.0
13/09/2015 18:15:05,1392846.0
14/09/2015 18:15:05,1275700.0
15/09/2015 18:15:05,3992207.0
16/09/2015 18:15:05,2778807.0
17/09/2015 18:15:05,2550326.0
18/09/2015 18:15:05,2065306.0
19/09/2015 18:15:05,2603463.0
20/09/2015 18:15:05,1782634.0
21/09/2015 18:15:05,4001106.0
22/09/2015 18:15:05,10784442
23/09/2015 18:15:05,8466511.0
24/09/2015 18:15:05,1818321.0
25/09/2015 18:15:05,3057583.0
26/09/2015 18:15:05,1589698.0
27/09/2015 18:15:05,1929003.0
28/09/2015 18:15:05,4904709.0
29/09/2015 18:15:05,2106946.0
30/09/2015 18:15:05,4025126.0
01/10/2015 18:15:05,3858400.0
02/10/2015 18:15:05,2999667.0
03/10/2015 18:15:05,3454456.0
04/10/2015 18:15:05,1555037.0
05/10/2015 18:15:05,3498993.0
06/10/2015 18:15:05,3468018.0
07/10/2015 18:15:05,13515259
08/10/2015 18:15:05,4547802.0
09/10/2015 18:15:05,2397150.0
10/10/2015 18:15:05,2669081.0
11/10/2015 18:15:05,2339166.0
12/10/2015 18:15:05,8689665.0
13/10/2015 18:15:05,4920003.0
14/10/2015 18:15:05,4199963.0
15/10/2015 18:15:05,11245646
16/10/2015 18:15:05,2969972.0
17/10/2015 18:15:05,4176344.0
18/10/2015 18:15:05,2663374.0
19/10/2015 18:15:05,3998158.0
20/10/2015 18:15:05,5799361.0
21/10/2015 18:15:05,2782460.0
22/10/2015 18:15:05,7399271.0
23/10/2015 18:15:05,3612553.0
24/10/2015 18:15:05,1973451.0
25/10/2015 18:15:05,3644778.0
26/10/2015 18:15:05,3773081.0
27/10/2015 18:15:05,5280757.0
28/10/2015 18:15:05,39564096
29/10/2015 18:15:05,7110253.0
30/10/2015 18:15:05,10442424
31/10/2015 18:15:05,12488338
01/11/2015 18:15:05,22068804
02/11/2015 18:15:05,4105189.0
03/11/2015 18:15:05,15164811
04/11/2015 18:15:05,31523581
05/11/2015 18:15:05,13582641
06/11/2015 18:15:05,8717411.0
07/11/2015 18:15:05,24541314
08/11/2015 18:15:05,7054504.0
09/11/2015 18:15:05,19201324
10/11/2015 18:15:05,11614635
11/11/2015 18:15:05,7530122.0
12/11/2015 18:15:05,6359569.0
13/11/2015 18:15:05,5609931.0
14/11/2015 18:15:05,15093273
15/11/2015 18:15:05,3107125.0
16/11/2015 18:15:05,3563378.0
17/11/2015 18:15:05,5480779.0
18/11/2015 18:15:05,6281957.0
19/11/2015 18:15:05,5106127.0
20/11/2015 18:15:05,3586296.0
21/11/2015 18:15:05,2922755.0
22/11/2015 18:15:05,3321857.0
23/11/2015 18:15:05,4928427.0
24/11/2015 18:15:05,2749601.0
25/11/2015 18:15:05,3730977.0
26/11/2015 18:15:05,3722593.0
27/11/2015 18:15:05,8182265.0
28/11/2015 18:15:05,3696827.0
29/11/2015 18:15:05,1624241.0
30/11/2015 18:15:05,4777778.0
01/12/2015 18:15:05,3929003.0
02/12/2015 18:15:05,6866230.0
03/12/2015 18:15:05,5290737.0
04/12/2015 18:15:05,6652576.0
05/12/2015 18:15:05,6588492.0
06/12/2015 18:15:05,10106624
07/12/2015 18:15:05,4732882.0
08/12/2015 18:15:05,3624635.0
09/12/2015 18:15:05,10417373
10/12/2015 18:15:05,13606300
11/12/2015 18:15:05,6793968.0
12/12/2015 18:15:05,6790617.0
13/12/2015 18:15:05,5821291.0
14/12/2015 18:15:05,20283851
15/12/2015 18:15:05,7952137.0
16/12/2015 18:15:05,4861656.0
17/12/2015 18:15:05,3902234.0
18/12/2015 18:15:05,2426609.0
19/12/2015 18:15:05,15356613
20/12/2015 18:15:05,1783666.0
21/12/2015 18:15:05,4641603.0
22/12/2015 18:15:05,5885343.0
23/12/2015 18:15:05,5242926.0
24/12/2015 18:15:05,7968207.0
25/12/2015 18:15:05,12913195
26/12/2015 18:15:05,2725240.0
27/12/2015 18:15:05,3147949.0
28/12/2015 18:15:05,2920025.0
29/12/2015 18:15:05,2996536.0
30/12/2015 18:15:05,2248973.0
31/12/2015 18:15:05,3905178.0
01/01/2016 18:15:05,1766713.0
02/01/2016 18:15:05,1694452.0
03/01/2016 18:15:05,2318274.0
04/01/2016 18:15:05,4025069.0
05/01/2016 18:15:05,3521931.0
06/01/2016 18:15:05,4455099.0
07/01/2016 18:15:05,5449895.0
08/01/2016 18:15:05,50518778
09/01/2016 18:15:05,2642623.0
10/01/2016 18:15:05,11532974
11/01/2016 18:15:05,4152000.0
12/01/2016 18:15:05,4855163.0
13/01/2016 18:15:05,10050983
14/01/2016 18:15:05,3793959.0
15/01/2016 18:15:05,12831752
16/01/2016 18:15:05,11182813
17/01/2016 18:15:05,2883074.0
18/01/2016 18:15:05,3817062.0
19/01/2016 18:15:05,6538444.0
20/01/2016 18:15:05,6455320.0
21/01/2016 18:15:05,5771203.0
22/01/2016 18:15:05,11911373
23/01/2016 18:15:05,48605332
24/01/2016 18:15:05,9499686.0
25/01/2016 18:15:05,16309784
26/01/2016 18:15:05,6540278.0
27/01/2016 18:15:05,9105549.0
28/01/2016 18:15:05,6743883.0
29/01/2016 18:15:05,8212535.0
30/01/2016 18:15:05,9144626.0
31/01/2016 18:15:05,5837128.0
01/02/2016 18:15:05,11267947
02/02/2016 18:15:05,4995166.0
03/02/2016 18:15:05,3017300.0
04/02/2016 18:15:05,7501673.0
05/02/2016 18:15:05,3605864.0
06/02/2016 18:15:05,7453173.0
07/02/2016 18:15:05,2336010.0
08/02/2016 18:15:05,4315628.0
09/02/2016 18:15:05,5578754.0
10/02/2016 18:15:05,5789941.0
11/02/2016 18:15:05,11850273
12/02/2016 18:15:05,5839794.0
13/02/2016 18:15:05,5149829.0
14/02/2016 18:15:05,3835076.0
15/02/2016 18:15:05,11387332
16/02/2016 18:15:05,11334264
17/02/2016 18:15:05,8585569.0
18/02/2016 18:15:05,3171181.0
19/02/2016 18:15:05,6935990.0
20/02/2016 18:15:05,7716607.0
21/02/2016 18:15:05,5201801.0
22/02/2016 18:15:05,4965904.0
23/02/2016 18:15:05,4875211.0
24/02/2016 18:15:05,5812353.0
25/02/2016 18:15:05,13211625
26/02/2016 18:15:05,4218766.0
27/02/2016 18:15:05,5250887.0
28/02/2016 18:15:05,9055818.0
29/02/2016 18:15:05,11493650
01/03/2016 18:15:05,39179031
02/03/2016 18:15:05,9758924.0
03/03/2016 18:15:05,14960058
04/03/2016 18:15:05,7817351.0
05/03/2016 18:15:05,31554426
06/03/2016 18:15:05,6366048.0
07/03/2016 18:15:05,14407349
08/03/2016 18:15:05,9353190.0
09/03/2016 18:15:05,7764815.0
10/03/2016 18:15:05,20198242
11/03/2016 18:15:05,4949036.0
12/03/2016 18:15:05,6562504.0
13/03/2016 18:15:05,6929971.0
14/03/2016 18:15:05,12378276
15/03/2016 18:15:05,6853005.0
16/03/2016 18:15:05,9321761.0
17/03/2016 18:15:05,7796197.0
18/03/2016 18:15:05,7024337.0
19/03/2016 18:15:05,5221479.0
20/03/2016 18:15:05,3387836.0
21/03/2016 18:15:05,11281007
22/03/2016 18:15:05,11363349
23/03/2016 18:15:05,3436808.0
24/03/2016 18:15:05,4869276.0
25/03/2016 18:15:05,7025744.0
26/03/2016 18:15:05,8266913.0
27/03/2016 18:15:05,4156194.0
28/03/2016 18:15:05,5133649.0
29/03/2016 18:15:05,6139806.0
30/03/2016 18:15:05,5846448.0
31/03/2016 18:15:05,9209581.0
01/04/2016 18:15:05,7571134.0
02/04/2016 18:15:05,5815879.0
03/04/2016 18:15:05,3813101.0
04/04/2016 18:15:05,5354652.0
05/04/2016 18:15:05,5616912.0
06/04/2016 18:15:05,6933310.0
07/04/2016 18:15:05,23945696
08/04/2016 18:15:05,4453636.0
09/04/2016 18:15:05,3840690.0
10/04/2016 18:15:05,8270543.0
11/04/2016 18:15:05,8745756.0
12/04/2016 18:15:05,9161556.0
13/04/2016 18:15:05,5100098.0
14/04/2016 18:15:05,3527449.0
15/04/2016 18:15:05,4128831.0
16/04/2016 18:15:05,3668054.0
17/04/2016 18:15:05,4102208.0
18/04/2016 18:15:05,4031194.0
19/04/2016 18:15:05,3976936.0
20/04/2016 18:15:05,5417186.0
21/04/2016 18:15:05,4083494.0
22/04/2016 18:15:05,5555036.0
23/04/2016 18:15:05,4534803.0
24/04/2016 18:15:05,6011661.0
25/04/2016 18:15:05,12856448
26/04/2016 18:15:05,7526508.0
27/04/2016 18:15:05,5537663.0
28/04/2016 18:15:05,5184343.0
29/04/2016 18:15:05,7020727.0
30/04/2016 18:15:05,3492807.0
01/05/2016 18:15:05,5496576.0
02/05/2016 18:15:05,2824310.0
03/05/2016 18:15:05,2259070.0
03/05/2016 22:36:38,0.0