Date,BitcoinDaysDestroyedMinMonth
03/01/2009 18:15:05,0.0
04/01/2009 18:15:05,0.0
05/01/2009 18:15:05,0.0
06/01/2009 18:15:05,0.0
07/01/2009 18:15:05,0.0
08/01/2009 18:15:05,0.0
09/01/2009 18:15:05,0.0
10/01/2009 18:15:05,0.0
11/01/2009 18:15:05,0.0
12/01/2009 18:15:05,0.0
13/01/2009 18:15:05,0.0
14/01/2009 18:15:05,0.0
15/01/2009 18:15:05,0.0
16/01/2009 18:15:05,0.0
17/01/2009 18:15:05,0.0
18/01/2009 18:15:05,0.0
19/01/2009 18:15:05,0.0
20/01/2009 18:15:05,0.0
21/01/2009 18:15:05,0.0
22/01/2009 18:15:05,0.0
23/01/2009 18:15:05,0.0
24/01/2009 18:15:05,0.0
25/01/2009 18:15:05,0.0
26/01/2009 18:15:05,0.0
27/01/2009 18:15:05,0.0
28/01/2009 18:15:05,0.0
29/01/2009 18:15:05,0.0
30/01/2009 18:15:05,0.0
31/01/2009 18:15:05,0.0
01/02/2009 18:15:05,0.0
02/02/2009 18:15:05,0.0
03/02/2009 18:15:05,0.0
04/02/2009 18:15:05,0.0
05/02/2009 18:15:05,0.0
06/02/2009 18:15:05,0.0
07/02/2009 18:15:05,0.0
08/02/2009 18:15:05,0.0
09/02/2009 18:15:05,0.0
10/02/2009 18:15:05,0.0
11/02/2009 18:15:05,0.0
12/02/2009 18:15:05,0.0
13/02/2009 18:15:05,0.0
14/02/2009 18:15:05,0.0
15/02/2009 18:15:05,0.0
16/02/2009 18:15:05,0.0
17/02/2009 18:15:05,0.0
18/02/2009 18:15:05,0.0
19/02/2009 18:15:05,0.0
20/02/2009 18:15:05,0.0
21/02/2009 18:15:05,0.0
22/02/2009 18:15:05,0.0
23/02/2009 18:15:05,0.0
24/02/2009 18:15:05,0.0
25/02/2009 18:15:05,0.0
26/02/2009 18:15:05,0.0
27/02/2009 18:15:05,0.0
28/02/2009 18:15:05,0.0
01/03/2009 18:15:05,0.0
02/03/2009 18:15:05,0.0
03/03/2009 18:15:05,0.0
04/03/2009 18:15:05,0.0
05/03/2009 18:15:05,0.0
06/03/2009 18:15:05,0.0
07/03/2009 18:15:05,0.0
08/03/2009 18:15:05,0.0
09/03/2009 18:15:05,0.0
10/03/2009 18:15:05,0.0
11/03/2009 18:15:05,0.0
12/03/2009 18:15:05,0.0
13/03/2009 18:15:05,0.0
14/03/2009 18:15:05,0.0
15/03/2009 18:15:05,0.0
16/03/2009 18:15:05,0.0
17/03/2009 18:15:05,0.0
18/03/2009 18:15:05,0.0
19/03/2009 18:15:05,0.0
20/03/2009 18:15:05,0.0
21/03/2009 18:15:05,0.0
22/03/2009 18:15:05,0.0
23/03/2009 18:15:05,0.0
24/03/2009 18:15:05,0.0
25/03/2009 18:15:05,0.0
26/03/2009 18:15:05,0.0
27/03/2009 18:15:05,0.0
28/03/2009 18:15:05,0.0
29/03/2009 18:15:05,0.0
30/03/2009 18:15:05,0.0
31/03/2009 18:15:05,0.0
01/04/2009 18:15:05,0.0
02/04/2009 18:15:05,0.0
03/04/2009 18:15:05,0.0
04/04/2009 18:15:05,0.0
05/04/2009 18:15:05,0.0
06/04/2009 18:15:05,0.0
07/04/2009 18:15:05,0.0
08/04/2009 18:15:05,0.0
09/04/2009 18:15:05,0.0
10/04/2009 18:15:05,0.0
11/04/2009 18:15:05,0.0
12/04/2009 18:15:05,0.0
13/04/2009 18:15:05,0.0
14/04/2009 18:15:05,0.0
15/04/2009 18:15:05,0.0
16/04/2009 18:15:05,0.0
17/04/2009 18:15:05,0.0
18/04/2009 18:15:05,2712.0
19/04/2009 18:15:05,0.0
20/04/2009 18:15:05,34685.0
21/04/2009 18:15:05,0.0
22/04/2009 18:15:05,0.0
23/04/2009 18:15:05,0.0
24/04/2009 18:15:05,0.0
25/04/2009 18:15:05,0.0
26/04/2009 18:15:05,0.0
27/04/2009 18:15:05,0.0
28/04/2009 18:15:05,0.0
29/04/2009 18:15:05,0.0
30/04/2009 18:15:05,0.0
01/05/2009 18:15:05,0.0
02/05/2009 18:15:05,0.0
03/05/2009 18:15:05,0.0
04/05/2009 18:15:05,0.0
05/05/2009 18:15:05,0.0
06/05/2009 18:15:05,0.0
07/05/2009 18:15:05,0.0
08/05/2009 18:15:05,0.0
09/05/2009 18:15:05,0.0
10/05/2009 18:15:05,0.0
11/05/2009 18:15:05,0.0
12/05/2009 18:15:05,0.0
13/05/2009 18:15:05,0.0
14/05/2009 18:15:05,0.0
15/05/2009 18:15:05,0.0
16/05/2009 18:15:05,0.0
17/05/2009 18:15:05,0.0
18/05/2009 18:15:05,0.0
19/05/2009 18:15:05,0.0
20/05/2009 18:15:05,0.0
21/05/2009 18:15:05,0.0
22/05/2009 18:15:05,0.0
23/05/2009 18:15:05,0.0
24/05/2009 18:15:05,0.0
25/05/2009 18:15:05,0.0
26/05/2009 18:15:05,0.0
27/05/2009 18:15:05,0.0
28/05/2009 18:15:05,0.0
29/05/2009 18:15:05,0.0
30/05/2009 18:15:05,0.0
31/05/2009 18:15:05,0.0
01/06/2009 18:15:05,2101.0
02/06/2009 18:15:05,0.0
03/06/2009 18:15:05,0.0
04/06/2009 18:15:05,0.0
05/06/2009 18:15:05,0.0
06/06/2009 18:15:05,0.0
07/06/2009 18:15:05,0.0
08/06/2009 18:15:05,0.0
09/06/2009 18:15:05,0.0
10/06/2009 18:15:05,0.0
11/06/2009 18:15:05,0.0
12/06/2009 18:15:05,0.0
13/06/2009 18:15:05,0.0
14/06/2009 18:15:05,0.0
15/06/2009 18:15:05,0.0
16/06/2009 18:15:05,0.0
17/06/2009 18:15:05,0.0
18/06/2009 18:15:05,0.0
19/06/2009 18:15:05,0.0
20/06/2009 18:15:05,0.0
21/06/2009 18:15:05,0.0
22/06/2009 18:15:05,0.0
23/06/2009 18:15:05,0.0
24/06/2009 18:15:05,5303.0
25/06/2009 18:15:05,0.0
26/06/2009 18:15:05,0.0
27/06/2009 18:15:05,0.0
28/06/2009 18:15:05,0.0
29/06/2009 18:15:05,0.0
30/06/2009 18:15:05,0.0
01/07/2009 18:15:05,0.0
02/07/2009 18:15:05,0.0
03/07/2009 18:15:05,0.0
04/07/2009 18:15:05,0.0
05/07/2009 18:15:05,0.0
06/07/2009 18:15:05,0.0
07/07/2009 18:15:05,0.0
08/07/2009 18:15:05,0.0
09/07/2009 18:15:05,0.0
10/07/2009 18:15:05,0.0
11/07/2009 18:15:05,0.0
12/07/2009 18:15:05,0.0
13/07/2009 18:15:05,0.0
14/07/2009 18:15:05,0.0
15/07/2009 18:15:05,0.0
16/07/2009 18:15:05,0.0
17/07/2009 18:15:05,0.0
18/07/2009 18:15:05,0.0
19/07/2009 18:15:05,0.0
20/07/2009 18:15:05,0.0
21/07/2009 18:15:05,6853.0
22/07/2009 18:15:05,0.0
23/07/2009 18:15:05,0.0
24/07/2009 18:15:05,0.0
25/07/2009 18:15:05,0.0
26/07/2009 18:15:05,0.0
27/07/2009 18:15:05,0.0
28/07/2009 18:15:05,0.0
29/07/2009 18:15:05,0.0
30/07/2009 18:15:05,0.0
31/07/2009 18:15:05,0.0
01/08/2009 18:15:05,0.0
02/08/2009 18:15:05,0.0
03/08/2009 18:15:05,0.0
04/08/2009 18:15:05,0.0
05/08/2009 18:15:05,0.0
06/08/2009 18:15:05,0.0
07/08/2009 18:15:05,0.0
08/08/2009 18:15:05,11328.0
09/08/2009 18:15:05,0.0
10/08/2009 18:15:05,0.0
11/08/2009 18:15:05,0.0
12/08/2009 18:15:05,0.0
13/08/2009 18:15:05,0.0
14/08/2009 18:15:05,0.0
15/08/2009 18:15:05,0.0
16/08/2009 18:15:05,0.0
17/08/2009 18:15:05,0.0
18/08/2009 18:15:05,0.0
19/08/2009 18:15:05,0.0
20/08/2009 18:15:05,0.0
21/08/2009 18:15:05,0.0
22/08/2009 18:15:05,0.0
23/08/2009 18:15:05,0.0
24/08/2009 18:15:05,0.0
25/08/2009 18:15:05,0.0
26/08/2009 18:15:05,0.0
27/08/2009 18:15:05,0.0
28/08/2009 18:15:05,0.0
29/08/2009 18:15:05,0.0
30/08/2009 18:15:05,0.0
31/08/2009 18:15:05,0.0
01/09/2009 18:15:05,0.0
02/09/2009 18:15:05,0.0
03/09/2009 18:15:05,0.0
04/09/2009 18:15:05,0.0
05/09/2009 18:15:05,0.0
06/09/2009 18:15:05,0.0
07/09/2009 18:15:05,0.0
08/09/2009 18:15:05,0.0
09/09/2009 18:15:05,0.0
10/09/2009 18:15:05,0.0
11/09/2009 18:15:05,0.0
12/09/2009 18:15:05,0.0
13/09/2009 18:15:05,0.0
14/09/2009 18:15:05,0.0
15/09/2009 18:15:05,0.0
16/09/2009 18:15:05,0.0
17/09/2009 18:15:05,0.0
18/09/2009 18:15:05,0.0
19/09/2009 18:15:05,0.0
20/09/2009 18:15:05,0.0
21/09/2009 18:15:05,0.0
22/09/2009 18:15:05,0.0
23/09/2009 18:15:05,0.0
24/09/2009 18:15:05,0.0
25/09/2009 18:15:05,0.0
26/09/2009 18:15:05,0.0
27/09/2009 18:15:05,0.0
28/09/2009 18:15:05,0.0
29/09/2009 18:15:05,0.0
30/09/2009 18:15:05,0.0
01/10/2009 18:15:05,0.0
02/10/2009 18:15:05,0.0
03/10/2009 18:15:05,0.0
04/10/2009 18:15:05,0.0
05/10/2009 18:15:05,0.0
06/10/2009 18:15:05,0.0
07/10/2009 18:15:05,0.0
08/10/2009 18:15:05,0.0
09/10/2009 18:15:05,0.0
10/10/2009 18:15:05,0.0
11/10/2009 18:15:05,0.0
12/10/2009 18:15:05,290977.0
13/10/2009 18:15:05,0.0
14/10/2009 18:15:05,0.0
15/10/2009 18:15:05,0.0
16/10/2009 18:15:05,0.0
17/10/2009 18:15:05,0.0
18/10/2009 18:15:05,0.0
19/10/2009 18:15:05,0.0
20/10/2009 18:15:05,0.0
21/10/2009 18:15:05,1659.0
22/10/2009 18:15:05,0.0
23/10/2009 18:15:05,0.0
24/10/2009 18:15:05,0.0
25/10/2009 18:15:05,0.0
26/10/2009 18:15:05,0.0
27/10/2009 18:15:05,0.0
28/10/2009 18:15:05,0.0
29/10/2009 18:15:05,0.0
30/10/2009 18:15:05,0.0
31/10/2009 18:15:05,0.0
01/11/2009 18:15:05,0.0
02/11/2009 18:15:05,0.0
03/11/2009 18:15:05,0.0
04/11/2009 18:15:05,0.0
05/11/2009 18:15:05,0.0
06/11/2009 18:15:05,0.0
07/11/2009 18:15:05,0.0
08/11/2009 18:15:05,0.0
09/11/2009 18:15:05,0.0
10/11/2009 18:15:05,0.0
11/11/2009 18:15:05,0.0
12/11/2009 18:15:05,0.0
13/11/2009 18:15:05,0.0
14/11/2009 18:15:05,0.0
15/11/2009 18:15:05,0.0
16/11/2009 18:15:05,0.0
17/11/2009 18:15:05,0.0
18/11/2009 18:15:05,0.0
19/11/2009 18:15:05,0.0
20/11/2009 18:15:05,0.0
21/11/2009 18:15:05,0.0
22/11/2009 18:15:05,0.0
23/11/2009 18:15:05,0.0
24/11/2009 18:15:05,0.0
25/11/2009 18:15:05,0.0
26/11/2009 18:15:05,0.0
27/11/2009 18:15:05,0.0
28/11/2009 18:15:05,0.0
29/11/2009 18:15:05,0.0
30/11/2009 18:15:05,0.0
01/12/2009 18:15:05,0.0
02/12/2009 18:15:05,1106665.0
03/12/2009 18:15:05,0.0
04/12/2009 18:15:05,0.0
05/12/2009 18:15:05,0.0
06/12/2009 18:15:05,0.0
07/12/2009 18:15:05,0.0
08/12/2009 18:15:05,0.0
09/12/2009 18:15:05,0.0
10/12/2009 18:15:05,0.0
11/12/2009 18:15:05,0.0
12/12/2009 18:15:05,0.0
13/12/2009 18:15:05,0.0
14/12/2009 18:15:05,0.0
15/12/2009 18:15:05,0.0
16/12/2009 18:15:05,0.0
17/12/2009 18:15:05,41699.0
18/12/2009 18:15:05,0.0
19/12/2009 18:15:05,0.0
20/12/2009 18:15:05,0.0
21/12/2009 18:15:05,0.0
22/12/2009 18:15:05,0.0
23/12/2009 18:15:05,0.0
24/12/2009 18:15:05,0.0
25/12/2009 18:15:05,3712.0
26/12/2009 18:15:05,0.0
27/12/2009 18:15:05,0.0
28/12/2009 18:15:05,0.0
29/12/2009 18:15:05,0.0
30/12/2009 18:15:05,0.0
31/12/2009 18:15:05,0.0
01/01/2010 18:15:05,0.0
02/01/2010 18:15:05,0.0
03/01/2010 18:15:05,0.0
04/01/2010 18:15:05,6282.0
05/01/2010 18:15:05,0.0
06/01/2010 18:15:05,0.0
07/01/2010 18:15:05,0.0
08/01/2010 18:15:05,0.0
09/01/2010 18:15:05,0.0
10/01/2010 18:15:05,0.0
11/01/2010 18:15:05,0.0
12/01/2010 18:15:05,467261.0
13/01/2010 18:15:05,1823.0
14/01/2010 18:15:05,0.0
15/01/2010 18:15:05,0.0
16/01/2010 18:15:05,0.0
17/01/2010 18:15:05,0.0
18/01/2010 18:15:05,0.0
19/01/2010 18:15:05,0.0
20/01/2010 18:15:05,0.0
21/01/2010 18:15:05,0.0
22/01/2010 18:15:05,0.0
23/01/2010 18:15:05,0.0
24/01/2010 18:15:05,0.0
25/01/2010 18:15:05,0.0
26/01/2010 18:15:05,0.0
27/01/2010 18:15:05,0.0
28/01/2010 18:15:05,0.0
29/01/2010 18:15:05,0.0
30/01/2010 18:15:05,0.0
31/01/2010 18:15:05,12144.0
01/02/2010 18:15:05,0.0
02/02/2010 18:15:05,0.0
03/02/2010 18:15:05,0.0
04/02/2010 18:15:05,0.0
05/02/2010 18:15:05,45862.0
06/02/2010 18:15:05,0.0
07/02/2010 18:15:05,0.0
08/02/2010 18:15:05,175546.0
09/02/2010 18:15:05,1832.0
10/02/2010 18:15:05,1795519.0
11/02/2010 18:15:05,0.0
12/02/2010 18:15:05,2462.0
13/02/2010 18:15:05,0.0
14/02/2010 18:15:05,4143.0
15/02/2010 18:15:05,10032.0
16/02/2010 18:15:05,0.0
17/02/2010 18:15:05,0.0
18/02/2010 18:15:05,0.0
19/02/2010 18:15:05,0.0
20/02/2010 18:15:05,0.0
21/02/2010 18:15:05,0.0
22/02/2010 18:15:05,0.0
23/02/2010 18:15:05,0.0
24/02/2010 18:15:05,37210.0
25/02/2010 18:15:05,27323.0
26/02/2010 18:15:05,0.0
27/02/2010 18:15:05,0.0
28/02/2010 18:15:05,0.0
01/03/2010 18:15:05,0.0
02/03/2010 18:15:05,0.0
03/03/2010 18:15:05,0.0
04/03/2010 18:15:05,0.0
05/03/2010 18:15:05,1038200.0
06/03/2010 18:15:05,7263.0
07/03/2010 18:15:05,1779.0
08/03/2010 18:15:05,365310.0
09/03/2010 18:15:05,0.0
10/03/2010 18:15:05,0.0
11/03/2010 18:15:05,43559.0
12/03/2010 18:15:05,0.0
13/03/2010 18:15:05,0.0
14/03/2010 18:15:05,0.0
15/03/2010 18:15:05,0.0
16/03/2010 18:15:05,0.0
17/03/2010 18:15:05,153299.0
18/03/2010 18:15:05,15573.0
19/03/2010 18:15:05,0.0
20/03/2010 18:15:05,23013.0
21/03/2010 18:15:05,0.0
22/03/2010 18:15:05,0.0
23/03/2010 18:15:05,123333.0
24/03/2010 18:15:05,2060.0
25/03/2010 18:15:05,52074.0
26/03/2010 18:15:05,1834.0
27/03/2010 18:15:05,0.0
28/03/2010 18:15:05,57161.0
29/03/2010 18:15:05,0.0
30/03/2010 18:15:05,1908.0
31/03/2010 18:15:05,0.0
01/04/2010 18:15:05,0.0
02/04/2010 18:15:05,0.0
03/04/2010 18:15:05,0.0
04/04/2010 18:15:05,29300.0
05/04/2010 18:15:05,29450.0
06/04/2010 18:15:05,296475.0
07/04/2010 18:15:05,308949.0
08/04/2010 18:15:05,17138.0
09/04/2010 18:15:05,0.0
10/04/2010 18:15:05,842804.0
11/04/2010 18:15:05,246577.0
12/04/2010 18:15:05,4857.0
13/04/2010 18:15:05,2287.0
14/04/2010 18:15:05,1875.0
15/04/2010 18:15:05,7553241.0
16/04/2010 18:15:05,1687224.0
17/04/2010 18:15:05,63494.0
18/04/2010 18:15:05,21726.0
19/04/2010 18:15:05,3763.0
20/04/2010 18:15:05,281876.0
21/04/2010 18:15:05,0.0
22/04/2010 18:15:05,1793.0
23/04/2010 18:15:05,0.0
24/04/2010 18:15:05,45552.0
25/04/2010 18:15:05,188357.0
26/04/2010 18:15:05,5473.0
27/04/2010 18:15:05,192417.0
28/04/2010 18:15:05,1718.0
29/04/2010 18:15:05,24551.0
30/04/2010 18:15:05,1155280.0
01/05/2010 18:15:05,0.0
02/05/2010 18:15:05,0.0
03/05/2010 18:15:05,0.0
04/05/2010 18:15:05,0.0
05/05/2010 18:15:05,175263.0
06/05/2010 18:15:05,176250.0
07/05/2010 18:15:05,275559.0
08/05/2010 18:15:05,0.0
09/05/2010 18:15:05,233613.0
10/05/2010 18:15:05,4927.0
11/05/2010 18:15:05,24013.0
12/05/2010 18:15:05,162534.0
13/05/2010 18:15:05,30057.0
14/05/2010 18:15:05,119845.0
15/05/2010 18:15:05,8705.0
16/05/2010 18:15:05,0.0
17/05/2010 18:15:05,1793.0
18/05/2010 18:15:05,222316.0
19/05/2010 18:15:05,62843.0
20/05/2010 18:15:05,0.0
21/05/2010 18:15:05,5016.0
22/05/2010 18:15:05,329400.0
23/05/2010 18:15:05,18326.0
24/05/2010 18:15:05,6050.0
25/05/2010 18:15:05,0.0
26/05/2010 18:15:05,124767.0
27/05/2010 18:15:05,23736.0
28/05/2010 18:15:05,2968341.0
29/05/2010 18:15:05,141570.0
30/05/2010 18:15:05,34395.0
31/05/2010 18:15:05,4291.0
01/06/2010 18:15:05,5636.0
02/06/2010 18:15:05,129299.0
03/06/2010 18:15:05,34140.0
04/06/2010 18:15:05,709783.0
05/06/2010 18:15:05,0.0
06/06/2010 18:15:05,0.0
07/06/2010 18:15:05,242724.0
08/06/2010 18:15:05,470773.0
09/06/2010 18:15:05,850349.0
10/06/2010 18:15:05,669225.0
11/06/2010 18:15:05,0.0
12/06/2010 18:15:05,140263.0
13/06/2010 18:15:05,10861.0
14/06/2010 18:15:05,653558.0
15/06/2010 18:15:05,36219.0
16/06/2010 18:15:05,4978.0
17/06/2010 18:15:05,634626.0
18/06/2010 18:15:05,0.0
19/06/2010 18:15:05,1248703.0
20/06/2010 18:15:05,0.0
21/06/2010 18:15:05,3979.0
22/06/2010 18:15:05,29689.0
23/06/2010 18:15:05,0.0
24/06/2010 18:15:05,18940.0
25/06/2010 18:15:05,741672.0
26/06/2010 18:15:05,0.0
27/06/2010 18:15:05,0.0
28/06/2010 18:15:05,11552.0
29/06/2010 18:15:05,555259.0
30/06/2010 18:15:05,390199.0
01/07/2010 18:15:05,530022.0
02/07/2010 18:15:05,1347.0
03/07/2010 18:15:05,520682.0
04/07/2010 18:15:05,19970.0
05/07/2010 18:15:05,278254.0
06/07/2010 18:15:05,316217.0
07/07/2010 18:15:05,561851.0
08/07/2010 18:15:05,192134.0
09/07/2010 18:15:05,3621.0
10/07/2010 18:15:05,38239.0
11/07/2010 18:15:05,164880.0
12/07/2010 18:15:05,1804262.0
13/07/2010 18:15:05,3080.0
14/07/2010 18:15:05,171118.0
15/07/2010 18:15:05,2649991.0
16/07/2010 18:15:05,351002.0
17/07/2010 18:15:05,516484.0
18/07/2010 18:15:05,1321870.0
19/07/2010 18:15:05,520243.0
20/07/2010 18:15:05,10608.0
21/07/2010 18:15:05,740623.0
22/07/2010 18:15:05,122228.0
23/07/2010 18:15:05,361867.0
24/07/2010 18:15:05,2249888.0
25/07/2010 18:15:05,551995.0
26/07/2010 18:15:05,370258.0
27/07/2010 18:15:05,5024592.0
28/07/2010 18:15:05,1264061.0
29/07/2010 18:15:05,82639.0
30/07/2010 18:15:05,49585.0
31/07/2010 18:15:05,463277.0
01/08/2010 18:15:05,522797.0
02/08/2010 18:15:05,0.0
03/08/2010 18:15:05,268092.0
04/08/2010 18:15:05,795463.0
05/08/2010 18:15:05,1752.0
06/08/2010 18:15:05,40218.0
07/08/2010 18:15:05,425585.0
08/08/2010 18:15:05,751189.0
09/08/2010 18:15:05,600217.0
10/08/2010 18:15:05,192537.0
11/08/2010 18:15:05,387899.0
12/08/2010 18:15:05,196702.0
13/08/2010 18:15:05,335811.0
14/08/2010 18:15:05,35929.0
15/08/2010 18:15:05,140500.0
16/08/2010 18:15:05,14930.0
17/08/2010 18:15:05,193001.0
18/08/2010 18:15:05,279965.0
19/08/2010 18:15:05,127761.0
20/08/2010 18:15:05,69038.0
21/08/2010 18:15:05,104817.0
22/08/2010 18:15:05,767300.0
23/08/2010 18:15:05,3182.0
24/08/2010 18:15:05,60172.0
25/08/2010 18:15:05,9736.0
26/08/2010 18:15:05,7496.0
27/08/2010 18:15:05,246356.0
28/08/2010 18:15:05,21404.0
29/08/2010 18:15:05,31983.0
30/08/2010 18:15:05,49981.0
31/08/2010 18:15:05,809016.0
01/09/2010 18:15:05,24090.0
02/09/2010 18:15:05,95390.0
03/09/2010 18:15:05,287140.0
04/09/2010 18:15:05,27718.0
05/09/2010 18:15:05,1990148.0
06/09/2010 18:15:05,218690.0
07/09/2010 18:15:05,298643.0
08/09/2010 18:15:05,37355.0
09/09/2010 18:15:05,846634.0
10/09/2010 18:15:05,31781.0
11/09/2010 18:15:05,4758.0
12/09/2010 18:15:05,40515.0
13/09/2010 18:15:05,265631.0
14/09/2010 18:15:05,94803.0
15/09/2010 18:15:05,670149.0
16/09/2010 18:15:05,278482.0
17/09/2010 18:15:05,798827.0
18/09/2010 18:15:05,10008834
19/09/2010 18:15:05,72211.0
20/09/2010 18:15:05,170113.0
21/09/2010 18:15:05,48619.0
22/09/2010 18:15:05,220714.0
23/09/2010 18:15:05,266125.0
24/09/2010 18:15:05,84840.0
25/09/2010 18:15:05,4040.0
26/09/2010 18:15:05,330236.0
27/09/2010 18:15:05,87385.0
28/09/2010 18:15:05,3157300.0
29/09/2010 18:15:05,19654379
30/09/2010 18:15:05,104501.0
01/10/2010 18:15:05,7489610.0
02/10/2010 18:15:05,606609.0
03/10/2010 18:15:05,10739947
04/10/2010 18:15:05,805004.0
05/10/2010 18:15:05,5755835.0
06/10/2010 18:15:05,80640.0
07/10/2010 18:15:05,314350.0
08/10/2010 18:15:05,1936468.0
09/10/2010 18:15:05,933282.0
10/10/2010 18:15:05,1044274.0
11/10/2010 18:15:05,375533.0
12/10/2010 18:15:05,300480.0
13/10/2010 18:15:05,15912.0
14/10/2010 18:15:05,4097438.0
15/10/2010 18:15:05,1306689.0
16/10/2010 18:15:05,3713250.0
17/10/2010 18:15:05,408672.0
18/10/2010 18:15:05,34744.0
19/10/2010 18:15:05,31564.0
20/10/2010 18:15:05,199434.0
21/10/2010 18:15:05,529699.0
22/10/2010 18:15:05,15933.0
23/10/2010 18:15:05,683236.0
24/10/2010 18:15:05,769981.0
25/10/2010 18:15:05,154458.0
26/10/2010 18:15:05,680766.0
27/10/2010 18:15:05,630460.0
28/10/2010 18:15:05,200395.0
29/10/2010 18:15:05,1790290.0
30/10/2010 18:15:05,837579.0
31/10/2010 18:15:05,187362.0
01/11/2010 18:15:05,494169.0
02/11/2010 18:15:05,789828.0
03/11/2010 18:15:05,16814.0
04/11/2010 18:15:05,948112.0
05/11/2010 18:15:05,487817.0
06/11/2010 18:15:05,7201626.0
07/11/2010 18:15:05,31995.0
08/11/2010 18:15:05,4229599.0
09/11/2010 18:15:05,744498.0
10/11/2010 18:15:05,5790.0
11/11/2010 18:15:05,36883.0
12/11/2010 18:15:05,23987.0
13/11/2010 18:15:05,514021.0
14/11/2010 18:15:05,872620.0
15/11/2010 18:15:05,265125.0
16/11/2010 18:15:05,9333791.0
17/11/2010 18:15:05,16298.0
18/11/2010 18:15:05,67938.0
19/11/2010 18:15:05,92342.0
20/11/2010 18:15:05,983302.0
21/11/2010 18:15:05,251922.0
22/11/2010 18:15:05,48956.0
23/11/2010 18:15:05,591942.0
24/11/2010 18:15:05,33602.0
25/11/2010 18:15:05,1439526.0
26/11/2010 18:15:05,481339.0
27/11/2010 18:15:05,382379.0
28/11/2010 18:15:05,166581.0
29/11/2010 18:15:05,82035.0
30/11/2010 18:15:05,169542.0
01/12/2010 18:15:05,608551.0
02/12/2010 18:15:05,2269678.0
03/12/2010 18:15:05,74347.0
04/12/2010 18:15:05,143168.0
05/12/2010 18:15:05,469296.0
06/12/2010 18:15:05,2626700.0
07/12/2010 18:15:05,1110513.0
08/12/2010 18:15:05,865624.0
09/12/2010 18:15:05,274136.0
10/12/2010 18:15:05,394245.0
11/12/2010 18:15:05,647762.0
12/12/2010 18:15:05,182036.0
13/12/2010 18:15:05,1054380.0
14/12/2010 18:15:05,303284.0
15/12/2010 18:15:05,663451.0
16/12/2010 18:15:05,103840.0
17/12/2010 18:15:05,80977.0
18/12/2010 18:15:05,419472.0
19/12/2010 18:15:05,118880.0
20/12/2010 18:15:05,353730.0
21/12/2010 18:15:05,2725120.0
22/12/2010 18:15:05,7853416.0
23/12/2010 18:15:05,192357.0
24/12/2010 18:15:05,53582.0
25/12/2010 18:15:05,381744.0
26/12/2010 18:15:05,6126.0
27/12/2010 18:15:05,973150.0
28/12/2010 18:15:05,456324.0
29/12/2010 18:15:05,359836.0
30/12/2010 18:15:05,90056.0
31/12/2010 18:15:05,301017.0
01/01/2011 18:15:05,508227.0
02/01/2011 18:15:05,293080.0
03/01/2011 18:15:05,1153887.0
04/01/2011 18:15:05,345659.0
05/01/2011 18:15:05,28114.0
06/01/2011 18:15:05,658777.0
07/01/2011 18:15:05,229732.0
08/01/2011 18:15:05,823916.0
09/01/2011 18:15:05,446009.0
10/01/2011 18:15:05,1361266.0
11/01/2011 18:15:05,1712379.0
12/01/2011 18:15:05,7821750.0
13/01/2011 18:15:05,567676.0
14/01/2011 18:15:05,1398820.0
15/01/2011 18:15:05,1298082.0
16/01/2011 18:15:05,455141.0
17/01/2011 18:15:05,1395649.0
18/01/2011 18:15:05,191147.0
19/01/2011 18:15:05,2432534.0
20/01/2011 18:15:05,1691536.0
21/01/2011 18:15:05,418834.0
22/01/2011 18:15:05,279955.0
23/01/2011 18:15:05,1352884.0
24/01/2011 18:15:05,1771045.0
25/01/2011 18:15:05,650786.0
26/01/2011 18:15:05,1973808.0
27/01/2011 18:15:05,28875906
28/01/2011 18:15:05,897364.0
29/01/2011 18:15:05,1162596.0
30/01/2011 18:15:05,2758200.0
31/01/2011 18:15:05,479496.0
01/02/2011 18:15:05,2093708.0
02/02/2011 18:15:05,2144554.0
03/02/2011 18:15:05,503750.0
04/02/2011 18:15:05,703166.0
05/02/2011 18:15:05,488014.0
06/02/2011 18:15:05,1648430.0
07/02/2011 18:15:05,3540962.0
08/02/2011 18:15:05,1192836.0
09/02/2011 18:15:05,229186.0
10/02/2011 18:15:05,1613305.0
11/02/2011 18:15:05,2861586.0
12/02/2011 18:15:05,554830.0
13/02/2011 18:15:05,335331.0
14/02/2011 18:15:05,542886.0
15/02/2011 18:15:05,7633594.0
16/02/2011 18:15:05,352089.0
17/02/2011 18:15:05,158719.0
18/02/2011 18:15:05,548345.0
19/02/2011 18:15:05,663777.0
20/02/2011 18:15:05,359646.0
21/02/2011 18:15:05,646454.0
22/02/2011 18:15:05,863042.0
23/02/2011 18:15:05,532160.0
24/02/2011 18:15:05,321099.0
25/02/2011 18:15:05,1387817.0
26/02/2011 18:15:05,4227135.0
27/02/2011 18:15:05,1441266.0
28/02/2011 18:15:05,456672.0
01/03/2011 18:15:05,18303894
02/03/2011 18:15:05,784376.0
03/03/2011 18:15:05,75990.0
04/03/2011 18:15:05,676866.0
05/03/2011 18:15:05,386438.0
06/03/2011 18:15:05,1013669.0
07/03/2011 18:15:05,48100.0
08/03/2011 18:15:05,738045.0
09/03/2011 18:15:05,135132.0
10/03/2011 18:15:05,144234.0
11/03/2011 18:15:05,171632.0
12/03/2011 18:15:05,1785060.0
13/03/2011 18:15:05,549624.0
14/03/2011 18:15:05,2369890.0
15/03/2011 18:15:05,990184.0
16/03/2011 18:15:05,5408733.0
17/03/2011 18:15:05,1972030.0
18/03/2011 18:15:05,37002.0
19/03/2011 18:15:05,545220.0
20/03/2011 18:15:05,11501.0
21/03/2011 18:15:05,357486.0
22/03/2011 18:15:05,1094430.0
23/03/2011 18:15:05,1283852.0
24/03/2011 18:15:05,3305234.0
25/03/2011 18:15:05,504554.0
26/03/2011 18:15:05,2812989.0
27/03/2011 18:15:05,627745.0
28/03/2011 18:15:05,1344362.0
29/03/2011 18:15:05,285448.0
30/03/2011 18:15:05,88168.0
31/03/2011 18:15:05,323265.0
01/04/2011 18:15:05,372545.0
02/04/2011 18:15:05,187689.0
03/04/2011 18:15:05,191149.0
04/04/2011 18:15:05,2268948.0
05/04/2011 18:15:05,2187185.0
06/04/2011 18:15:05,1284513.0
07/04/2011 18:15:05,557873.0
08/04/2011 18:15:05,667694.0
09/04/2011 18:15:05,269354.0
10/04/2011 18:15:05,93870.0
11/04/2011 18:15:05,324533.0
12/04/2011 18:15:05,1305985.0
13/04/2011 18:15:05,836610.0
14/04/2011 18:15:05,928072.0
15/04/2011 18:15:05,2569439.0
16/04/2011 18:15:05,2163039.0
17/04/2011 18:15:05,938339.0
18/04/2011 18:15:05,2452911.0
19/04/2011 18:15:05,1162504.0
20/04/2011 18:15:05,1250864.0
21/04/2011 18:15:05,244561.0
22/04/2011 18:15:05,2822968.0
23/04/2011 18:15:05,1751550.0
24/04/2011 18:15:05,4111406.0
25/04/2011 18:15:05,1868139.0
26/04/2011 18:15:05,1108012.0
27/04/2011 18:15:05,2027052.0
28/04/2011 18:15:05,2826873.0
29/04/2011 18:15:05,26972653
30/04/2011 18:15:05,2191762.0
01/05/2011 18:15:05,2262831.0
02/05/2011 18:15:05,3249526.0
03/05/2011 18:15:05,3520520.0
04/05/2011 18:15:05,8979317.0
05/05/2011 18:15:05,1005144.0
06/05/2011 18:15:05,2351468.0
07/05/2011 18:15:05,3305219.0
08/05/2011 18:15:05,894726.0
09/05/2011 18:15:05,1844171.0
10/05/2011 18:15:05,2260151.0
11/05/2011 18:15:05,5557462.0
12/05/2011 18:15:05,11420378
13/05/2011 18:15:05,6089944.0
14/05/2011 18:15:05,2417619.0
15/05/2011 18:15:05,2896325.0
16/05/2011 18:15:05,1960132.0
17/05/2011 18:15:05,13608616
18/05/2011 18:15:05,2109020.0
19/05/2011 18:15:05,4577707.0
20/05/2011 18:15:05,2480312.0
21/05/2011 18:15:05,2126424.0
22/05/2011 18:15:05,837826.0
23/05/2011 18:15:05,1075631.0
24/05/2011 18:15:05,1031584.0
25/05/2011 18:15:05,4008110.0
26/05/2011 18:15:05,2830113.0
27/05/2011 18:15:05,1544496.0
28/05/2011 18:15:05,1489239.0
29/05/2011 18:15:05,458766.0
30/05/2011 18:15:05,2398340.0
31/05/2011 18:15:05,2166966.0
01/06/2011 18:15:05,1021578.0
02/06/2011 18:15:05,3727391.0
03/06/2011 18:15:05,24143273
04/06/2011 18:15:05,2633341.0
05/06/2011 18:15:05,8602126.0
06/06/2011 18:15:05,10385861
07/06/2011 18:15:05,1463228.0
08/06/2011 18:15:05,15837884
09/06/2011 18:15:05,15383963
10/06/2011 18:15:05,8119296.0
11/06/2011 18:15:05,20966704
12/06/2011 18:15:05,10237360
13/06/2011 18:15:05,15260602
14/06/2011 18:15:05,53013542
15/06/2011 18:15:05,19282267
16/06/2011 18:15:05,4861570.0
17/06/2011 18:15:05,21240891
18/06/2011 18:15:05,2989452.0
19/06/2011 18:15:05,6594062.0
20/06/2011 18:15:05,8469109.0
21/06/2011 18:15:05,1823629.0
22/06/2011 18:15:05,1371477.0
23/06/2011 18:15:05,533997.0
24/06/2011 18:15:05,2146118.0
25/06/2011 18:15:05,1096805.0
26/06/2011 18:15:05,1097802.0
27/06/2011 18:15:05,7785100.0
28/06/2011 18:15:05,17587040
29/06/2011 18:15:05,1950561.0
30/06/2011 18:15:05,2905010.0
01/07/2011 18:15:05,1012392.0
02/07/2011 18:15:05,238980.0
03/07/2011 18:15:05,930065.0
04/07/2011 18:15:05,593284.0
05/07/2011 18:15:05,4139994.0
06/07/2011 18:15:05,2228842.0
07/07/2011 18:15:05,1012408.0
08/07/2011 18:15:05,899185.0
09/07/2011 18:15:05,265024.0
10/07/2011 18:15:05,1074080.0
11/07/2011 18:15:05,5775920.0
12/07/2011 18:15:05,510223.0
13/07/2011 18:15:05,757527.0
14/07/2011 18:15:05,760966.0
15/07/2011 18:15:05,490127.0
16/07/2011 18:15:05,300037.0
17/07/2011 18:15:05,732289.0
18/07/2011 18:15:05,1600767.0
19/07/2011 18:15:05,1980408.0
20/07/2011 18:15:05,4526075.0
21/07/2011 18:15:05,191404.0
22/07/2011 18:15:05,302351.0
23/07/2011 18:15:05,423493.0
24/07/2011 18:15:05,570072.0
25/07/2011 18:15:05,571422.0
26/07/2011 18:15:05,607386.0
27/07/2011 18:15:05,397910.0
28/07/2011 18:15:05,1454256.0
29/07/2011 18:15:05,594476.0
30/07/2011 18:15:05,1660402.0
31/07/2011 18:15:05,112263.0
01/08/2011 18:15:05,655900.0
02/08/2011 18:15:05,1032666.0
03/08/2011 18:15:05,1685933.0
04/08/2011 18:15:05,869021.0
05/08/2011 18:15:05,3018704.0
06/08/2011 18:15:05,1605315.0
07/08/2011 18:15:05,3079563.0
08/08/2011 18:15:05,2082125.0
09/08/2011 18:15:05,424238.0
10/08/2011 18:15:05,599837.0
11/08/2011 18:15:05,629535.0
12/08/2011 18:15:05,507585.0
13/08/2011 18:15:05,830902.0
14/08/2011 18:15:05,307646.0
15/08/2011 18:15:05,1143882.0
16/08/2011 18:15:05,182654.0
17/08/2011 18:15:05,859633.0
18/08/2011 18:15:05,975053.0
19/08/2011 18:15:05,701160.0
20/08/2011 18:15:05,754789.0
21/08/2011 18:15:05,217250.0
22/08/2011 18:15:05,869238.0
23/08/2011 18:15:05,326189.0
24/08/2011 18:15:05,557303.0
25/08/2011 18:15:05,13280011
26/08/2011 18:15:05,6063354.0
27/08/2011 18:15:05,20372520
28/08/2011 18:15:05,572222.0
29/08/2011 18:15:05,3280459.0
30/08/2011 18:15:05,534417.0
31/08/2011 18:15:05,332574.0
01/09/2011 18:15:05,406799.0
02/09/2011 18:15:05,2073697.0
03/09/2011 18:15:05,255882.0
04/09/2011 18:15:05,230649.0
05/09/2011 18:15:05,1959034.0
06/09/2011 18:15:05,3207300.0
07/09/2011 18:15:05,2566498.0
08/09/2011 18:15:05,1281495.0
09/09/2011 18:15:05,6451974.0
10/09/2011 18:15:05,1618703.0
11/09/2011 18:15:05,287839.0
12/09/2011 18:15:05,1837504.0
13/09/2011 18:15:05,6215306.0
14/09/2011 18:15:05,2312906.0
15/09/2011 18:15:05,1083776.0
16/09/2011 18:15:05,1310378.0
17/09/2011 18:15:05,1265838.0
18/09/2011 18:15:05,175511.0
19/09/2011 18:15:05,532444.0
20/09/2011 18:15:05,1724703.0
21/09/2011 18:15:05,278599.0
22/09/2011 18:15:05,620992.0
23/09/2011 18:15:05,1088153.0
24/09/2011 18:15:05,240450.0
25/09/2011 18:15:05,125590.0
26/09/2011 18:15:05,2849798.0
27/09/2011 18:15:05,1366153.0
28/09/2011 18:15:05,431473.0
29/09/2011 18:15:05,220252.0
30/09/2011 18:15:05,1209660.0
01/10/2011 18:15:05,1093581.0
02/10/2011 18:15:05,856934.0
03/10/2011 18:15:05,331085.0
04/10/2011 18:15:05,568797.0
05/10/2011 18:15:05,484094.0
06/10/2011 18:15:05,7410956.0
07/10/2011 18:15:05,430078.0
08/10/2011 18:15:05,998083.0
09/10/2011 18:15:05,1981292.0
10/10/2011 18:15:05,967985.0
11/10/2011 18:15:05,1077415.0
12/10/2011 18:15:05,1054376.0
13/10/2011 18:15:05,621152.0
14/10/2011 18:15:05,1055406.0
15/10/2011 18:15:05,577874.0
16/10/2011 18:15:05,276688.0
17/10/2011 18:15:05,4396751.0
18/10/2011 18:15:05,4541221.0
19/10/2011 18:15:05,3505443.0
20/10/2011 18:15:05,1392038.0
21/10/2011 18:15:05,509686.0
22/10/2011 18:15:05,2722841.0
23/10/2011 18:15:05,364909.0
24/10/2011 18:15:05,315559.0
25/10/2011 18:15:05,162759.0
26/10/2011 18:15:05,1406415.0
27/10/2011 18:15:05,1884250.0
28/10/2011 18:15:05,317112.0
29/10/2011 18:15:05,463974.0
30/10/2011 18:15:05,2112171.0
31/10/2011 18:15:05,197853.0
01/11/2011 18:15:05,1997541.0
02/11/2011 18:15:05,218484.0
03/11/2011 18:15:05,3366223.0
04/11/2011 18:15:05,2324314.0
05/11/2011 18:15:05,357770.0
06/11/2011 18:15:05,158421.0
07/11/2011 18:15:05,127975.0
08/11/2011 18:15:05,1071555.0
09/11/2011 18:15:05,14644934
10/11/2011 18:15:05,6103910.0
11/11/2011 18:15:05,513704.0
12/11/2011 18:15:05,4080482.0
13/11/2011 18:15:05,199199.0
14/11/2011 18:15:05,4059949.0
15/11/2011 18:15:05,3908027.0
16/11/2011 18:15:05,51758745
17/11/2011 18:15:05,2322043.0
18/11/2011 18:15:05,4287804.0
19/11/2011 18:15:05,2650212.0
20/11/2011 18:15:05,2715250.0
21/11/2011 18:15:05,2368873.0
22/11/2011 18:15:05,4902743.0
23/11/2011 18:15:05,604673.0
24/11/2011 18:15:05,2364408.0
25/11/2011 18:15:05,3702836.0
26/11/2011 18:15:05,2339064.0
27/11/2011 18:15:05,1839732.0
28/11/2011 18:15:05,7737102.0
29/11/2011 18:15:05,4507902.0
30/11/2011 18:15:05,451734.0
01/12/2011 18:15:05,5972635.0
02/12/2011 18:15:05,535297.0
03/12/2011 18:15:05,471607.0
04/12/2011 18:15:05,3870358.0
05/12/2011 18:15:05,2300891.0
06/12/2011 18:15:05,465973.0
07/12/2011 18:15:05,1697395.0
08/12/2011 18:15:05,5772223.0
09/12/2011 18:15:05,280163.0
10/12/2011 18:15:05,246841.0
11/12/2011 18:15:05,2008909.0
12/12/2011 18:15:05,4031156.0
13/12/2011 18:15:05,339544.0
14/12/2011 18:15:05,699004.0
15/12/2011 18:15:05,821729.0
16/12/2011 18:15:05,2168375.0
17/12/2011 18:15:05,244866.0
18/12/2011 18:15:05,272517.0
19/12/2011 18:15:05,5948699.0
20/12/2011 18:15:05,5031473.0
21/12/2011 18:15:05,706566.0
22/12/2011 18:15:05,693522.0
23/12/2011 18:15:05,391418.0
24/12/2011 18:15:05,952870.0
25/12/2011 18:15:05,282363.0
26/12/2011 18:15:05,2445920.0
27/12/2011 18:15:05,257330.0
28/12/2011 18:15:05,1971318.0
29/12/2011 18:15:05,986043.0
30/12/2011 18:15:05,886721.0
31/12/2011 18:15:05,565552.0
01/01/2012 18:15:05,6181300.0
02/01/2012 18:15:05,3064908.0
03/01/2012 18:15:05,1105104.0
04/01/2012 18:15:05,1525633.0
05/01/2012 18:15:05,2290993.0
06/01/2012 18:15:05,2411348.0
07/01/2012 18:15:05,1758042.0
08/01/2012 18:15:05,1426029.0
09/01/2012 18:15:05,2403391.0
10/01/2012 18:15:05,1570379.0
11/01/2012 18:15:05,2826442.0
12/01/2012 18:15:05,1979054.0
13/01/2012 18:15:05,8491044.0
14/01/2012 18:15:05,1575263.0
15/01/2012 18:15:05,2229903.0
16/01/2012 18:15:05,1376063.0
17/01/2012 18:15:05,2087204.0
18/01/2012 18:15:05,1684319.0
19/01/2012 18:15:05,674668.0
20/01/2012 18:15:05,2138946.0
21/01/2012 18:15:05,484653.0
22/01/2012 18:15:05,437422.0
23/01/2012 18:15:05,661356.0
24/01/2012 18:15:05,351737.0
25/01/2012 18:15:05,1393226.0
26/01/2012 18:15:05,2644893.0
27/01/2012 18:15:05,934219.0
28/01/2012 18:15:05,1405184.0
29/01/2012 18:15:05,734200.0
30/01/2012 18:15:05,1185238.0
31/01/2012 18:15:05,791593.0
01/02/2012 18:15:05,412621.0
02/02/2012 18:15:05,1695501.0
03/02/2012 18:15:05,510609.0
04/02/2012 18:15:05,1031942.0
05/02/2012 18:15:05,588123.0
06/02/2012 18:15:05,1503660.0
07/02/2012 18:15:05,930141.0
08/02/2012 18:15:05,539161.0
09/02/2012 18:15:05,291728.0
10/02/2012 18:15:05,1491666.0
11/02/2012 18:15:05,742531.0
12/02/2012 18:15:05,12474935
13/02/2012 18:15:05,966593.0
14/02/2012 18:15:05,28525868
15/02/2012 18:15:05,850803.0
16/02/2012 18:15:05,774570.0
17/02/2012 18:15:05,1398040.0
18/02/2012 18:15:05,1999547.0
19/02/2012 18:15:05,487078.0
20/02/2012 18:15:05,571641.0
21/02/2012 18:15:05,540743.0
22/02/2012 18:15:05,638777.0
23/02/2012 18:15:05,1016807.0
24/02/2012 18:15:05,1097754.0
25/02/2012 18:15:05,2006376.0
26/02/2012 18:15:05,319225.0
27/02/2012 18:15:05,783082.0
28/02/2012 18:15:05,915896.0
29/02/2012 18:15:05,429166.0
01/03/2012 18:15:05,6054450.0
02/03/2012 18:15:05,915700.0
03/03/2012 18:15:05,2675227.0
04/03/2012 18:15:05,1567746.0
05/03/2012 18:15:05,637936.0
06/03/2012 18:15:05,678469.0
07/03/2012 18:15:05,638550.0
08/03/2012 18:15:05,1057313.0
09/03/2012 18:15:05,653384.0
10/03/2012 18:15:05,1561568.0
11/03/2012 18:15:05,1808245.0
12/03/2012 18:15:05,583284.0
13/03/2012 18:15:05,1142966.0
14/03/2012 18:15:05,1242959.0
15/03/2012 18:15:05,910261.0
16/03/2012 18:15:05,3067624.0
17/03/2012 18:15:05,866674.0
18/03/2012 18:15:05,3432077.0
19/03/2012 18:15:05,1232930.0
20/03/2012 18:15:05,1540507.0
21/03/2012 18:15:05,2361604.0
22/03/2012 18:15:05,566567.0
23/03/2012 18:15:05,3213713.0
24/03/2012 18:15:05,1560823.0
25/03/2012 18:15:05,719335.0
26/03/2012 18:15:05,789852.0
27/03/2012 18:15:05,837906.0
28/03/2012 18:15:05,711639.0
29/03/2012 18:15:05,1052143.0
30/03/2012 18:15:05,14845807
31/03/2012 18:15:05,664006.0
01/04/2012 18:15:05,540132.0
02/04/2012 18:15:05,679585.0
03/04/2012 18:15:05,4048910.0
04/04/2012 18:15:05,2211196.0
05/04/2012 18:15:05,616944.0
06/04/2012 18:15:05,3140388.0
07/04/2012 18:15:05,1076928.0
08/04/2012 18:15:05,562123.0
09/04/2012 18:15:05,3580265.0
10/04/2012 18:15:05,1716821.0
11/04/2012 18:15:05,3015148.0
12/04/2012 18:15:05,6028030.0
13/04/2012 18:15:05,1788862.0
14/04/2012 18:15:05,958630.0
15/04/2012 18:15:05,1946858.0
16/04/2012 18:15:05,2437403.0
17/04/2012 18:15:05,1116329.0
18/04/2012 18:15:05,1261212.0
19/04/2012 18:15:05,1241732.0
20/04/2012 18:15:05,1522021.0
21/04/2012 18:15:05,1446963.0
22/04/2012 18:15:05,2078744.0
23/04/2012 18:15:05,1727481.0
24/04/2012 18:15:05,1382541.0
25/04/2012 18:15:05,1922394.0
26/04/2012 18:15:05,18709981
27/04/2012 18:15:05,1798487.0
28/04/2012 18:15:05,746914.0
29/04/2012 18:15:05,426641.0
30/04/2012 18:15:05,3681550.0
01/05/2012 18:15:05,1512872.0
02/05/2012 18:15:05,1118310.0
03/05/2012 18:15:05,1247728.0
04/05/2012 18:15:05,897977.0
05/05/2012 18:15:05,721293.0
06/05/2012 18:15:05,1362677.0
07/05/2012 18:15:05,5400040.0
08/05/2012 18:15:05,727980.0
09/05/2012 18:15:05,2069052.0
10/05/2012 18:15:05,2044997.0
11/05/2012 18:15:05,1346471.0
12/05/2012 18:15:05,755355.0
13/05/2012 18:15:05,17174322
14/05/2012 18:15:05,5029306.0
15/05/2012 18:15:05,3442499.0
16/05/2012 18:15:05,1273959.0
17/05/2012 18:15:05,3963758.0
18/05/2012 18:15:05,1889291.0
19/05/2012 18:15:05,3105044.0
20/05/2012 18:15:05,2595281.0
21/05/2012 18:15:05,2387834.0
22/05/2012 18:15:05,4640335.0
23/05/2012 18:15:05,3080889.0
24/05/2012 18:15:05,711576.0
25/05/2012 18:15:05,2670547.0
26/05/2012 18:15:05,2577622.0
27/05/2012 18:15:05,1845031.0
28/05/2012 18:15:05,1360098.0
29/05/2012 18:15:05,1003221.0
30/05/2012 18:15:05,1032855.0
31/05/2012 18:15:05,603052.0
01/06/2012 18:15:05,14345117
02/06/2012 18:15:05,1077982.0
03/06/2012 18:15:05,1705143.0
04/06/2012 18:15:05,2677755.0
05/06/2012 18:15:05,1713921.0
06/06/2012 18:15:05,2328881.0
07/06/2012 18:15:05,893981.0
08/06/2012 18:15:05,1327560.0
09/06/2012 18:15:05,724712.0
10/06/2012 18:15:05,372649.0
11/06/2012 18:15:05,1072747.0
12/06/2012 18:15:05,1214436.0
13/06/2012 18:15:05,1943132.0
14/06/2012 18:15:05,1803797.0
15/06/2012 18:15:05,883490.0
16/06/2012 18:15:05,1305432.0
17/06/2012 18:15:05,760454.0
18/06/2012 18:15:05,2326498.0
19/06/2012 18:15:05,2089286.0
20/06/2012 18:15:05,2895604.0
21/06/2012 18:15:05,3912489.0
22/06/2012 18:15:05,2059905.0
23/06/2012 18:15:05,956896.0
24/06/2012 18:15:05,5717779.0
25/06/2012 18:15:05,1919637.0
26/06/2012 18:15:05,2186869.0
27/06/2012 18:15:05,721826.0
28/06/2012 18:15:05,1616802.0
29/06/2012 18:15:05,629043.0
30/06/2012 18:15:05,1322308.0
01/07/2012 18:15:05,1019873.0
02/07/2012 18:15:05,861434.0
03/07/2012 18:15:05,1138816.0
04/07/2012 18:15:05,1659700.0
05/07/2012 18:15:05,2058297.0
06/07/2012 18:15:05,1696013.0
07/07/2012 18:15:05,1555468.0
08/07/2012 18:15:05,5794146.0
09/07/2012 18:15:05,2122051.0
10/07/2012 18:15:05,2275432.0
11/07/2012 18:15:05,21662645
12/07/2012 18:15:05,988433.0
13/07/2012 18:15:05,3127841.0
14/07/2012 18:15:05,15151377
15/07/2012 18:15:05,1467807.0
16/07/2012 18:15:05,2840636.0
17/07/2012 18:15:05,14187568
18/07/2012 18:15:05,4011742.0
19/07/2012 18:15:05,4120435.0
20/07/2012 18:15:05,1787558.0
21/07/2012 18:15:05,2975261.0
22/07/2012 18:15:05,1758738.0
23/07/2012 18:15:05,1853491.0
24/07/2012 18:15:05,1898913.0
25/07/2012 18:15:05,1635469.0
26/07/2012 18:15:05,2849348.0
27/07/2012 18:15:05,1289424.0
28/07/2012 18:15:05,1949679.0
29/07/2012 18:15:05,1388398.0
30/07/2012 18:15:05,2533651.0
31/07/2012 18:15:05,2542601.0
01/08/2012 18:15:05,1704561.0
02/08/2012 18:15:05,2855338.0
03/08/2012 18:15:05,3375765.0
04/08/2012 18:15:05,3606781.0
05/08/2012 18:15:05,1490091.0
06/08/2012 18:15:05,1993559.0
07/08/2012 18:15:05,2769082.0
08/08/2012 18:15:05,6580162.0
09/08/2012 18:15:05,1712978.0
10/08/2012 18:15:05,1555778.0
11/08/2012 18:15:05,1275360.0
12/08/2012 18:15:05,1135626.0
13/08/2012 18:15:05,1382732.0
14/08/2012 18:15:05,2430636.0
15/08/2012 18:15:05,3013210.0
16/08/2012 18:15:05,3599548.0
17/08/2012 18:15:05,10900471
18/08/2012 18:15:05,12741995
19/08/2012 18:15:05,13285705
20/08/2012 18:15:05,9914315.0
21/08/2012 18:15:05,2283107.0
22/08/2012 18:15:05,4109952.0
23/08/2012 18:15:05,1868379.0
24/08/2012 18:15:05,2405762.0
25/08/2012 18:15:05,840577.0
26/08/2012 18:15:05,860888.0
27/08/2012 18:15:05,13579111
28/08/2012 18:15:05,5140612.0
29/08/2012 18:15:05,1733088.0
30/08/2012 18:15:05,535650.0
31/08/2012 18:15:05,19842238
01/09/2012 18:15:05,946702.0
02/09/2012 18:15:05,565235.0
03/09/2012 18:15:05,1744546.0
04/09/2012 18:15:05,1467613.0
05/09/2012 18:15:05,1004698.0
06/09/2012 18:15:05,2250934.0
07/09/2012 18:15:05,1636683.0
08/09/2012 18:15:05,515307.0
09/09/2012 18:15:05,736048.0
10/09/2012 18:15:05,20549121
11/09/2012 18:15:05,647659.0
12/09/2012 18:15:05,933236.0
13/09/2012 18:15:05,1773369.0
14/09/2012 18:15:05,825392.0
15/09/2012 18:15:05,2985365.0
16/09/2012 18:15:05,854096.0
17/09/2012 18:15:05,8083857.0
18/09/2012 18:15:05,6012577.0
19/09/2012 18:15:05,5325314.0
20/09/2012 18:15:05,3230758.0
21/09/2012 18:15:05,4345318.0
22/09/2012 18:15:05,3707898.0
23/09/2012 18:15:05,2082732.0
24/09/2012 18:15:05,5174257.0
25/09/2012 18:15:05,1689144.0
26/09/2012 18:15:05,2639637.0
27/09/2012 18:15:05,1844885.0
28/09/2012 18:15:05,1281680.0
29/09/2012 18:15:05,9543335.0
30/09/2012 18:15:05,887377.0
01/10/2012 18:15:05,1549580.0
02/10/2012 18:15:05,1492736.0
03/10/2012 18:15:05,2678241.0
04/10/2012 18:15:05,6283986.0
05/10/2012 18:15:05,1616971.0
06/10/2012 18:15:05,919614.0
07/10/2012 18:15:05,935826.0
08/10/2012 18:15:05,10280354
09/10/2012 18:15:05,545178.0
10/10/2012 18:15:05,3468490.0
11/10/2012 18:15:05,1479573.0
12/10/2012 18:15:05,2499584.0
13/10/2012 18:15:05,577929.0
14/10/2012 18:15:05,5716464.0
15/10/2012 18:15:05,3426118.0
16/10/2012 18:15:05,1133755.0
17/10/2012 18:15:05,10325840
18/10/2012 18:15:05,3916253.0
19/10/2012 18:15:05,2520390.0
20/10/2012 18:15:05,981001.0
21/10/2012 18:15:05,5457150.0
22/10/2012 18:15:05,1089633.0
23/10/2012 18:15:05,1703060.0
24/10/2012 18:15:05,1236721.0
25/10/2012 18:15:05,6496373.0
26/10/2012 18:15:05,4152465.0
27/10/2012 18:15:05,4781494.0
28/10/2012 18:15:05,764046.0
29/10/2012 18:15:05,1401159.0
30/10/2012 18:15:05,2871181.0
31/10/2012 18:15:05,2940087.0
01/11/2012 18:15:05,2122106.0
02/11/2012 18:15:05,2224147.0
03/11/2012 18:15:05,664703.0
04/11/2012 18:15:05,2293678.0
05/11/2012 18:15:05,2163597.0
06/11/2012 18:15:05,1589856.0
07/11/2012 18:15:05,1624204.0
08/11/2012 18:15:05,3763006.0
09/11/2012 18:15:05,2178506.0
10/11/2012 18:15:05,421547.0
11/11/2012 18:15:05,2973416.0
12/11/2012 18:15:05,4203254.0
13/11/2012 18:15:05,1171112.0
14/11/2012 18:15:05,3128486.0
15/11/2012 18:15:05,2038988.0
16/11/2012 18:15:05,5517522.0
17/11/2012 18:15:05,2345117.0
18/11/2012 18:15:05,1533984.0
19/11/2012 18:15:05,2976384.0
20/11/2012 18:15:05,1495377.0
21/11/2012 18:15:05,2273139.0
22/11/2012 18:15:05,1639134.0
23/11/2012 18:15:05,1612541.0
24/11/2012 18:15:05,2056435.0
25/11/2012 18:15:05,1752891.0
26/11/2012 18:15:05,4734013.0
27/11/2012 18:15:05,3639623.0
28/11/2012 18:15:05,2867355.0
29/11/2012 18:15:05,1351157.0
30/11/2012 18:15:05,3514174.0
01/12/2012 18:15:05,2322739.0
02/12/2012 18:15:05,952176.0
03/12/2012 18:15:05,1426421.0
04/12/2012 18:15:05,16897988
05/12/2012 18:15:05,6742441.0
06/12/2012 18:15:05,1633525.0
07/12/2012 18:15:05,8447053.0
08/12/2012 18:15:05,1085678.0
09/12/2012 18:15:05,1600642.0
10/12/2012 18:15:05,3271755.0
11/12/2012 18:15:05,3706904.0
12/12/2012 18:15:05,5775896.0
13/12/2012 18:15:05,3536087.0
14/12/2012 18:15:05,6176343.0
15/12/2012 18:15:05,2077014.0
16/12/2012 18:15:05,2195744.0
17/12/2012 18:15:05,1042281.0
18/12/2012 18:15:05,1393883.0
19/12/2012 18:15:05,2462848.0
20/12/2012 18:15:05,5711704.0
21/12/2012 18:15:05,2813944.0
22/12/2012 18:15:05,1387302.0
23/12/2012 18:15:05,568263.0
24/12/2012 18:15:05,1362589.0
25/12/2012 18:15:05,655169.0
26/12/2012 18:15:05,1063609.0
27/12/2012 18:15:05,899189.0
28/12/2012 18:15:05,1509711.0
29/12/2012 18:15:05,949885.0
30/12/2012 18:15:05,1031235.0
31/12/2012 18:15:05,11048661
01/01/2013 18:15:05,2243144.0
02/01/2013 18:15:05,1209130.0
03/01/2013 18:15:05,1826388.0
04/01/2013 18:15:05,2447827.0
05/01/2013 18:15:05,2634887.0
06/01/2013 18:15:05,657834.0
07/01/2013 18:15:05,1229456.0
08/01/2013 18:15:05,3141386.0
09/01/2013 18:15:05,4829182.0
10/01/2013 18:15:05,4327514.0
11/01/2013 18:15:05,1847189.0
12/01/2013 18:15:05,1662731.0
13/01/2013 18:15:05,2580813.0
14/01/2013 18:15:05,2348887.0
15/01/2013 18:15:05,2887548.0
16/01/2013 18:15:05,2329209.0
17/01/2013 18:15:05,4147725.0
18/01/2013 18:15:05,4206908.0
19/01/2013 18:15:05,2235447.0
20/01/2013 18:15:05,1733736.0
21/01/2013 18:15:05,2694480.0
22/01/2013 18:15:05,12087219
23/01/2013 18:15:05,5374910.0
24/01/2013 18:15:05,6577015.0
25/01/2013 18:15:05,5847922.0
26/01/2013 18:15:05,5412187.0
27/01/2013 18:15:05,11219960
28/01/2013 18:15:05,3222466.0
29/01/2013 18:15:05,12856669
30/01/2013 18:15:05,11403506
31/01/2013 18:15:05,11800858
01/02/2013 18:15:05,28615435
02/02/2013 18:15:05,12561706
03/02/2013 18:15:05,2369649.0
04/02/2013 18:15:05,7596165.0
05/02/2013 18:15:05,6125135.0
06/02/2013 18:15:05,3314014.0
07/02/2013 18:15:05,4129238.0
08/02/2013 18:15:05,8244899.0
09/02/2013 18:15:05,3212508.0
10/02/2013 18:15:05,9531137.0
11/02/2013 18:15:05,2851145.0
12/02/2013 18:15:05,5227837.0
13/02/2013 18:15:05,7251709.0
14/02/2013 18:15:05,5510541.0
15/02/2013 18:15:05,8925491.0
16/02/2013 18:15:05,16500448
17/02/2013 18:15:05,6770853.0
18/02/2013 18:15:05,4803305.0
19/02/2013 18:15:05,4993812.0
20/02/2013 18:15:05,5279844.0
21/02/2013 18:15:05,7469147.0
22/02/2013 18:15:05,4427853.0
23/02/2013 18:15:05,4148367.0
24/02/2013 18:15:05,4113524.0
25/02/2013 18:15:05,29572209
26/02/2013 18:15:05,4572553.0
27/02/2013 18:15:05,5747032.0
28/02/2013 18:15:05,19687966
01/03/2013 18:15:05,5051781.0
02/03/2013 18:15:05,4911284.0
03/03/2013 18:15:05,3226736.0
04/03/2013 18:15:05,2529709.0
05/03/2013 18:15:05,10414136
06/03/2013 18:15:05,14708930
07/03/2013 18:15:05,16758380
08/03/2013 18:15:05,4189927.0
09/03/2013 18:15:05,8630303.0
10/03/2013 18:15:05,2552719.0
11/03/2013 18:15:05,4739460.0
12/03/2013 18:15:05,5987566.0
13/03/2013 18:15:05,7991945.0
14/03/2013 18:15:05,5912749.0
15/03/2013 18:15:05,3791990.0
16/03/2013 18:15:05,4884391.0
17/03/2013 18:15:05,2415798.0
18/03/2013 18:15:05,4646310.0
19/03/2013 18:15:05,6560742.0
20/03/2013 18:15:05,5313705.0
21/03/2013 18:15:05,9472082.0
22/03/2013 18:15:05,12883327
23/03/2013 18:15:05,13747237
24/03/2013 18:15:05,7298905.0
25/03/2013 18:15:05,10378695
26/03/2013 18:15:05,10338575
27/03/2013 18:15:05,8293820.0
28/03/2013 18:15:05,8670670.0
29/03/2013 18:15:05,6980759.0
30/03/2013 18:15:05,15387778
31/03/2013 18:15:05,3095048.0
01/04/2013 18:15:05,8209234.0
02/04/2013 18:15:05,24227806
03/04/2013 18:15:05,22567792
04/04/2013 18:15:05,22458967
05/04/2013 18:15:05,33625402
06/04/2013 18:15:05,9024272.0
07/04/2013 18:15:05,8494839.0
08/04/2013 18:15:05,14483126
09/04/2013 18:15:05,20250285
10/04/2013 18:15:05,50773661
11/04/2013 18:15:05,35803618
12/04/2013 18:15:05,12656163
13/04/2013 18:15:05,9930904.0
14/04/2013 18:15:05,5263795.0
15/04/2013 18:15:05,10782948
16/04/2013 18:15:05,23784617
17/04/2013 18:15:05,6620727.0
18/04/2013 18:15:05,5230352.0
19/04/2013 18:15:05,3624484.0
20/04/2013 18:15:05,3877484.0
21/04/2013 18:15:05,9954250.0
22/04/2013 18:15:05,4467851.0
23/04/2013 18:15:05,9616578.0
24/04/2013 18:15:05,5392219.0
25/04/2013 18:15:05,10687374
26/04/2013 18:15:05,2248089.0
27/04/2013 18:15:05,5522759.0
28/04/2013 18:15:05,2581902.0
29/04/2013 18:15:05,3810789.0
30/04/2013 18:15:05,3004404.0
01/05/2013 18:15:05,6428325.0
02/05/2013 18:15:05,4399946.0
03/05/2013 18:15:05,13252541
04/05/2013 18:15:05,3541128.0
05/05/2013 18:15:05,3995178.0
06/05/2013 18:15:05,1919561.0
07/05/2013 18:15:05,3827837.0
08/05/2013 18:15:05,1848679.0
09/05/2013 18:15:05,3027048.0
10/05/2013 18:15:05,3959147.0
11/05/2013 18:15:05,6597428.0
12/05/2013 18:15:05,1770874.0
13/05/2013 18:15:05,1432213.0
14/05/2013 18:15:05,2189396.0
15/05/2013 18:15:05,5596762.0
16/05/2013 18:15:05,2144023.0
17/05/2013 18:15:05,1721791.0
18/05/2013 18:15:05,6051781.0
19/05/2013 18:15:05,1464222.0
20/05/2013 18:15:05,1598415.0
21/05/2013 18:15:05,1314378.0
22/05/2013 18:15:05,1464536.0
23/05/2013 18:15:05,2162316.0
24/05/2013 18:15:05,2257267.0
25/05/2013 18:15:05,14164446
26/05/2013 18:15:05,622697.0
27/05/2013 18:15:05,1030522.0
28/05/2013 18:15:05,3396650.0
29/05/2013 18:15:05,3531748.0
30/05/2013 18:15:05,4361070.0
31/05/2013 18:15:05,7689059.0
01/06/2013 18:15:05,2086447.0
02/06/2013 18:15:05,2145574.0
03/06/2013 18:15:05,2368801.0
04/06/2013 18:15:05,1836504.0
05/06/2013 18:15:05,13495316
06/06/2013 18:15:05,8513776.0
07/06/2013 18:15:05,3632985.0
08/06/2013 18:15:05,3491961.0
09/06/2013 18:15:05,8085242.0
10/06/2013 18:15:05,1318120.0
11/06/2013 18:15:05,3888797.0
12/06/2013 18:15:05,3052035.0
13/06/2013 18:15:05,1324960.0
14/06/2013 18:15:05,2029362.0
15/06/2013 18:15:05,5005580.0
16/06/2013 18:15:05,3506440.0
17/06/2013 18:15:05,1065290.0
18/06/2013 18:15:05,1089641.0
19/06/2013 18:15:05,2147593.0
20/06/2013 18:15:05,1605115.0
21/06/2013 18:15:05,1280320.0
22/06/2013 18:15:05,1633556.0
23/06/2013 18:15:05,1565838.0
24/06/2013 18:15:05,2517233.0
25/06/2013 18:15:05,4781041.0
26/06/2013 18:15:05,3616385.0
27/06/2013 18:15:05,3587270.0
28/06/2013 18:15:05,3912788.0
29/06/2013 18:15:05,6527507.0
30/06/2013 18:15:05,3677739.0
01/07/2013 18:15:05,12422509
02/07/2013 18:15:05,9018927.0
03/07/2013 18:15:05,4783964.0
04/07/2013 18:15:05,7199661.0
05/07/2013 18:15:05,4824798.0
06/07/2013 18:15:05,5173784.0
07/07/2013 18:15:05,2210542.0
08/07/2013 18:15:05,1496358.0
09/07/2013 18:15:05,2239721.0
10/07/2013 18:15:05,7425469.0
11/07/2013 18:15:05,2462928.0
12/07/2013 18:15:05,5258907.0
13/07/2013 18:15:05,5785715.0
14/07/2013 18:15:05,1509531.0
15/07/2013 18:15:05,1578742.0
16/07/2013 18:15:05,2454125.0
17/07/2013 18:15:05,3512916.0
18/07/2013 18:15:05,2405071.0
19/07/2013 18:15:05,1927692.0
20/07/2013 18:15:05,2537729.0
21/07/2013 18:15:05,2464597.0
22/07/2013 18:15:05,2704569.0
23/07/2013 18:15:05,2349107.0
24/07/2013 18:15:05,2148678.0
25/07/2013 18:15:05,3237516.0
26/07/2013 18:15:05,2103438.0
27/07/2013 18:15:05,1211745.0
28/07/2013 18:15:05,1619245.0
29/07/2013 18:15:05,5741096.0
30/07/2013 18:15:05,4037824.0
31/07/2013 18:15:05,4590333.0
01/08/2013 18:15:05,2951409.0
02/08/2013 18:15:05,4742798.0
03/08/2013 18:15:05,31927760
04/08/2013 18:15:05,1388184.0
05/08/2013 18:15:05,3721922.0
06/08/2013 18:15:05,1635492.0
07/08/2013 18:15:05,2348062.0
08/08/2013 18:15:05,3279725.0
09/08/2013 18:15:05,2908501.0
10/08/2013 18:15:05,1746362.0
11/08/2013 18:15:05,2958217.0
12/08/2013 18:15:05,3777826.0
13/08/2013 18:15:05,24091869
14/08/2013 18:15:05,3961274.0
15/08/2013 18:15:05,5903279.0
16/08/2013 18:15:05,2188242.0
17/08/2013 18:15:05,5234987.0
18/08/2013 18:15:05,1976162.0
19/08/2013 18:15:05,2344337.0
20/08/2013 18:15:05,2332887.0
21/08/2013 18:15:05,5260069.0
22/08/2013 18:15:05,3065807.0
23/08/2013 18:15:05,3090672.0
24/08/2013 18:15:05,1487136.0
25/08/2013 18:15:05,840347.0
26/08/2013 18:15:05,2450061.0
27/08/2013 18:15:05,2236041.0
28/08/2013 18:15:05,2304735.0
29/08/2013 18:15:05,10046053
30/08/2013 18:15:05,3740327.0
31/08/2013 18:15:05,3976897.0
01/09/2013 18:15:05,3267849.0
02/09/2013 18:15:05,3881088.0
03/09/2013 18:15:05,4969131.0
04/09/2013 18:15:05,4016867.0
05/09/2013 18:15:05,2151089.0
06/09/2013 18:15:05,1265546.0
07/09/2013 18:15:05,2840199.0
08/09/2013 18:15:05,1662480.0
09/09/2013 18:15:05,2527122.0
10/09/2013 18:15:05,7770592.0
11/09/2013 18:15:05,2443525.0
12/09/2013 18:15:05,4006461.0
13/09/2013 18:15:05,6511458.0
14/09/2013 18:15:05,4989276.0
15/09/2013 18:15:05,2572467.0
16/09/2013 18:15:05,1805989.0
17/09/2013 18:15:05,2829842.0
18/09/2013 18:15:05,5748378.0
19/09/2013 18:15:05,10447998
20/09/2013 18:15:05,1742305.0
21/09/2013 18:15:05,2434123.0
22/09/2013 18:15:05,3754857.0
23/09/2013 18:15:05,1704070.0
24/09/2013 18:15:05,2720168.0
25/09/2013 18:15:05,2624773.0
26/09/2013 18:15:05,3164205.0
27/09/2013 18:15:05,2209265.0
28/09/2013 18:15:05,1225166.0
29/09/2013 18:15:05,2525938.0
30/09/2013 18:15:05,2142419.0
01/10/2013 18:15:05,2374035.0
02/10/2013 18:15:05,6271666.0
03/10/2013 18:15:05,6545339.0
04/10/2013 18:15:05,1175537.0
05/10/2013 18:15:05,1770756.0
06/10/2013 18:15:05,3552675.0
07/10/2013 18:15:05,11067290
08/10/2013 18:15:05,8719164.0
09/10/2013 18:15:05,5297199.0
10/10/2013 18:15:05,3996595.0
11/10/2013 18:15:05,1725567.0
12/10/2013 18:15:05,2372980.0
13/10/2013 18:15:05,1842227.0
14/10/2013 18:15:05,3037492.0
15/10/2013 18:15:05,2799240.0
16/10/2013 18:15:05,5610802.0
17/10/2013 18:15:05,11049606
18/10/2013 18:15:05,4475671.0
19/10/2013 18:15:05,6798547.0
20/10/2013 18:15:05,3856645.0
21/10/2013 18:15:05,38431294
22/10/2013 18:15:05,19157088
23/10/2013 18:15:05,14649238
24/10/2013 18:15:05,11339609
25/10/2013 18:15:05,56421802
26/10/2013 18:15:05,3915795.0
27/10/2013 18:15:05,3435948.0
28/10/2013 18:15:05,3866301.0
29/10/2013 18:15:05,5664886.0
30/10/2013 18:15:05,3649093.0
31/10/2013 18:15:05,5171828.0
01/11/2013 18:15:05,4804611.0
02/11/2013 18:15:05,3527032.0
03/11/2013 18:15:05,1967563.0
04/11/2013 18:15:05,6610177.0
05/11/2013 18:15:05,18426547
06/11/2013 18:15:05,11011473
07/11/2013 18:15:05,15567128
08/11/2013 18:15:05,12835247
09/11/2013 18:15:05,14731016
10/11/2013 18:15:05,10451747
11/11/2013 18:15:05,10717424
12/11/2013 18:15:05,16135975
13/11/2013 18:15:05,10891843
14/11/2013 18:15:05,20498322
15/11/2013 18:15:05,18321124
16/11/2013 18:15:05,13961380
17/11/2013 18:15:05,14148085
18/11/2013 18:15:05,18875399
19/11/2013 18:15:05,26965413
20/11/2013 18:15:05,24636495
21/11/2013 18:15:05,10005281
22/11/2013 18:15:05,14610291
23/11/2013 18:15:05,15439796
24/11/2013 18:15:05,8411787.0
25/11/2013 18:15:05,38424175
26/11/2013 18:15:05,44734666
27/11/2013 18:15:05,25033759
28/11/2013 18:15:05,17233289
29/11/2013 18:15:05,21309131
30/11/2013 18:15:05,8420323.0
01/12/2013 18:15:05,7623486.0
02/12/2013 18:15:05,11015847
03/12/2013 18:15:05,8156445.0
04/12/2013 18:15:05,4326951.0
05/12/2013 18:15:05,7452999.0
06/12/2013 18:15:05,6469697.0
07/12/2013 18:15:05,9704052.0
08/12/2013 18:15:05,3081877.0
09/12/2013 18:15:05,2723921.0
10/12/2013 18:15:05,2870820.0
11/12/2013 18:15:05,7156751.0
12/12/2013 18:15:05,2695456.0
13/12/2013 18:15:05,4684838.0
14/12/2013 18:15:05,3019955.0
15/12/2013 18:15:05,6578465.0
16/12/2013 18:15:05,13297513
17/12/2013 18:15:05,4749336.0
18/12/2013 18:15:05,17143157
19/12/2013 18:15:05,5382373.0
20/12/2013 18:15:05,3485567.0
21/12/2013 18:15:05,133048690
22/12/2013 18:15:05,1006149.0
23/12/2013 18:15:05,2564109.0
24/12/2013 18:15:05,2960115.0
25/12/2013 18:15:05,30057210
26/12/2013 18:15:05,2414516.0
27/12/2013 18:15:05,9205080.0
28/12/2013 18:15:05,1914339.0
29/12/2013 18:15:05,2285533.0
30/12/2013 18:15:05,1290723.0
31/12/2013 18:15:05,836501.0
01/01/2014 18:15:05,1226734.0
02/01/2014 18:15:05,3507344.0
03/01/2014 18:15:05,3378317.0
04/01/2014 18:15:05,11507190
05/01/2014 18:15:05,7086355.0
06/01/2014 18:15:05,3001235.0
07/01/2014 18:15:05,3798436.0
08/01/2014 18:15:05,7569791.0
09/01/2014 18:15:05,2052535.0
10/01/2014 18:15:05,2264716.0
11/01/2014 18:15:05,3834092.0
12/01/2014 18:15:05,13301381
13/01/2014 18:15:05,4361034.0
14/01/2014 18:15:05,3415136.0
15/01/2014 18:15:05,8449913.0
16/01/2014 18:15:05,4403195.0
17/01/2014 18:15:05,2469259.0
18/01/2014 18:15:05,1800633.0
19/01/2014 18:15:05,2975218.0
20/01/2014 18:15:05,4126089.0
21/01/2014 18:15:05,3617675.0
22/01/2014 18:15:05,5153917.0
23/01/2014 18:15:05,2244219.0
24/01/2014 18:15:05,4405008.0
25/01/2014 18:15:05,3543988.0
26/01/2014 18:15:05,1187184.0
27/01/2014 18:15:05,3601248.0
28/01/2014 18:15:05,3658050.0
29/01/2014 18:15:05,3875691.0
30/01/2014 18:15:05,2871752.0
31/01/2014 18:15:05,2076092.0
01/02/2014 18:15:05,4462855.0
02/02/2014 18:15:05,1944878.0
03/02/2014 18:15:05,1544679.0
04/02/2014 18:15:05,3638826.0
05/02/2014 18:15:05,12910550
06/02/2014 18:15:05,138147818
07/02/2014 18:15:05,5705842.0
08/02/2014 18:15:05,1609411.0
09/02/2014 18:15:05,3150818.0
10/02/2014 18:15:05,3582467.0
11/02/2014 18:15:05,5434430.0
12/02/2014 18:15:05,4686778.0
13/02/2014 18:15:05,2275924.0
14/02/2014 18:15:05,4243283.0
15/02/2014 18:15:05,2563038.0
16/02/2014 18:15:05,3705592.0
17/02/2014 18:15:05,1931805.0
18/02/2014 18:15:05,4518558.0
19/02/2014 18:15:05,5415138.0
20/02/2014 18:15:05,4217261.0
21/02/2014 18:15:05,5253021.0
22/02/2014 18:15:05,1087906.0
23/02/2014 18:15:05,1572807.0
24/02/2014 18:15:05,7049828.0
25/02/2014 18:15:05,12042031
26/02/2014 18:15:05,2140649.0
27/02/2014 18:15:05,2314181.0
28/02/2014 18:15:05,11040975
01/03/2014 18:15:05,9430708.0
02/03/2014 18:15:05,4827530.0
03/03/2014 18:15:05,6209577.0
04/03/2014 18:15:05,5698553.0
05/03/2014 18:15:05,5573585.0
06/03/2014 18:15:05,2878784.0
07/03/2014 18:15:05,172746388
08/03/2014 18:15:05,3199461.0
09/03/2014 18:15:05,2662558.0
10/03/2014 18:15:05,103062823
11/03/2014 18:15:05,16683168
12/03/2014 18:15:05,2905708.0
13/03/2014 18:15:05,5402016.0
14/03/2014 18:15:05,2610333.0
15/03/2014 18:15:05,1260098.0
16/03/2014 18:15:05,1371622.0
17/03/2014 18:15:05,2777884.0
18/03/2014 18:15:05,4905611.0
19/03/2014 18:15:05,4460661.0
20/03/2014 18:15:05,7629142.0
21/03/2014 18:15:05,5154098.0
22/03/2014 18:15:05,14383760
23/03/2014 18:15:05,1149363.0
24/03/2014 18:15:05,2380315.0
25/03/2014 18:15:05,5123612.0
26/03/2014 18:15:05,1582371.0
27/03/2014 18:15:05,5820138.0
28/03/2014 18:15:05,5137564.0
29/03/2014 18:15:05,2774448.0
30/03/2014 18:15:05,3957450.0
31/03/2014 18:15:05,2634994.0
01/04/2014 18:15:05,2549035.0
02/04/2014 18:15:05,1945404.0
03/04/2014 18:15:05,13397074
04/04/2014 18:15:05,1294874.0
05/04/2014 18:15:05,10946143
06/04/2014 18:15:05,2403922.0
07/04/2014 18:15:05,6945943.0
08/04/2014 18:15:05,1405183.0
09/04/2014 18:15:05,2499508.0
10/04/2014 18:15:05,12591771
11/04/2014 18:15:05,6113295.0
12/04/2014 18:15:05,975456.0
13/04/2014 18:15:05,1404642.0
14/04/2014 18:15:05,2466589.0
15/04/2014 18:15:05,2728997.0
16/04/2014 18:15:05,17516136
17/04/2014 18:15:05,2259594.0
18/04/2014 18:15:05,4869280.0
19/04/2014 18:15:05,0.0
20/04/2014 18:15:05,254936.0
21/04/2014 18:15:05,1363162.0
22/04/2014 18:15:05,2425775.0
23/04/2014 18:15:05,4871069.0
24/04/2014 18:15:05,3072779.0
25/04/2014 18:15:05,1755985.0
26/04/2014 18:15:05,1531638.0
27/04/2014 18:15:05,1433910.0
28/04/2014 18:15:05,1379482.0
29/04/2014 18:15:05,3383653.0
30/04/2014 18:15:05,1690782.0
01/05/2014 18:15:05,1802083.0
02/05/2014 18:15:05,1501844.0
03/05/2014 18:15:05,742567.0
04/05/2014 18:15:05,1066242.0
05/05/2014 18:15:05,2757375.0
06/05/2014 18:15:05,1613178.0
07/05/2014 18:15:05,2175716.0
08/05/2014 18:15:05,2033128.0
09/05/2014 18:15:05,1250214.0
10/05/2014 18:15:05,1090882.0
11/05/2014 18:15:05,1554068.0
12/05/2014 18:15:05,1378369.0
13/05/2014 18:15:05,1067024.0
14/05/2014 18:15:05,6535522.0
15/05/2014 18:15:05,2008772.0
16/05/2014 18:15:05,1231363.0
17/05/2014 18:15:05,1004361.0
18/05/2014 18:15:05,1972656.0
19/05/2014 18:15:05,1023333.0
20/05/2014 18:15:05,1333103.0
21/05/2014 18:15:05,2692126.0
22/05/2014 18:15:05,3108885.0
23/05/2014 18:15:05,2486569.0
24/05/2014 18:15:05,9679828.0
25/05/2014 18:15:05,4985972.0
26/05/2014 18:15:05,4109947.0
27/05/2014 18:15:05,3552026.0
28/05/2014 18:15:05,28184433
29/05/2014 18:15:05,2605285.0
30/05/2014 18:15:05,4162720.0
31/05/2014 18:15:05,5869840.0
01/06/2014 18:15:05,3494612.0
02/06/2014 18:15:05,2595711.0
03/06/2014 18:15:05,4094976.0
04/06/2014 18:15:05,2425830.0
05/06/2014 18:15:05,3513410.0
06/06/2014 18:15:05,2704307.0
07/06/2014 18:15:05,1922584.0
08/06/2014 18:15:05,2252153.0
09/06/2014 18:15:05,2187061.0
10/06/2014 18:15:05,11463847
11/06/2014 18:15:05,13615339
12/06/2014 18:15:05,9311359.0
13/06/2014 18:15:05,44720810
14/06/2014 18:15:05,1627981.0
15/06/2014 18:15:05,782841.0
16/06/2014 18:15:05,3028795.0
17/06/2014 18:15:05,1660341.0
18/06/2014 18:15:05,2027407.0
19/06/2014 18:15:05,2598103.0
20/06/2014 18:15:05,1849265.0
21/06/2014 18:15:05,1048062.0
22/06/2014 18:15:05,2419539.0
23/06/2014 18:15:05,2402794.0
24/06/2014 18:15:05,8426156.0
25/06/2014 18:15:05,1383176.0
26/06/2014 18:15:05,3657497.0
27/06/2014 18:15:05,2218629.0
28/06/2014 18:15:05,896629.0
29/06/2014 18:15:05,13534710
30/06/2014 18:15:05,4396758.0
01/07/2014 18:15:05,2385353.0
02/07/2014 18:15:05,3597986.0
03/07/2014 18:15:05,4781214.0
04/07/2014 18:15:05,2046355.0
05/07/2014 18:15:05,1650448.0
06/07/2014 18:15:05,1282963.0
07/07/2014 18:15:05,1848594.0
08/07/2014 18:15:05,1018162.0
09/07/2014 18:15:05,5904022.0
10/07/2014 18:15:05,2643455.0
11/07/2014 18:15:05,1369213.0
12/07/2014 18:15:05,1588077.0
13/07/2014 18:15:05,1094678.0
14/07/2014 18:15:05,1508627.0
15/07/2014 18:15:05,1314964.0
16/07/2014 18:15:05,1934117.0
17/07/2014 18:15:05,2985515.0
18/07/2014 18:15:05,2730899.0
19/07/2014 18:15:05,3265607.0
20/07/2014 18:15:05,3067398.0
21/07/2014 18:15:05,3054230.0
22/07/2014 18:15:05,4372212.0
23/07/2014 18:15:05,2432710.0
24/07/2014 18:15:05,8553980.0
25/07/2014 18:15:05,2686631.0
26/07/2014 18:15:05,1842716.0
27/07/2014 18:15:05,2502835.0
28/07/2014 18:15:05,3047202.0
29/07/2014 18:15:05,4681392.0
30/07/2014 18:15:05,4004478.0
31/07/2014 18:15:05,2822412.0
01/08/2014 18:15:05,7511936.0
02/08/2014 18:15:05,2542740.0
03/08/2014 18:15:05,1562362.0
04/08/2014 18:15:05,6332713.0
05/08/2014 18:15:05,15944038
06/08/2014 18:15:05,12634853
07/08/2014 18:15:05,3997605.0
08/08/2014 18:15:05,1838404.0
09/08/2014 18:15:05,2417374.0
10/08/2014 18:15:05,1677860.0
11/08/2014 18:15:05,2067961.0
12/08/2014 18:15:05,2539711.0
13/08/2014 18:15:05,4733011.0
14/08/2014 18:15:05,2415754.0
15/08/2014 18:15:05,3492254.0
16/08/2014 18:15:05,3056304.0
17/08/2014 18:15:05,2459525.0
18/08/2014 18:15:05,6405721.0
19/08/2014 18:15:05,2382394.0
20/08/2014 18:15:05,2460819.0
21/08/2014 18:15:05,4840785.0
22/08/2014 18:15:05,7213207.0
23/08/2014 18:15:05,4794031.0
24/08/2014 18:15:05,4811468.0
25/08/2014 18:15:05,4822345.0
26/08/2014 18:15:05,3696955.0
27/08/2014 18:15:05,2580692.0
28/08/2014 18:15:05,10221285
29/08/2014 18:15:05,3143399.0
30/08/2014 18:15:05,9740349.0
31/08/2014 18:15:05,3521042.0
01/09/2014 18:15:05,2585121.0
02/09/2014 18:15:05,5653114.0
03/09/2014 18:15:05,2350044.0
04/09/2014 18:15:05,3278988.0
05/09/2014 18:15:05,4634713.0
06/09/2014 18:15:05,11914281
07/09/2014 18:15:05,2680159.0
08/09/2014 18:15:05,3469650.0
09/09/2014 18:15:05,5560416.0
10/09/2014 18:15:05,8436366.0
11/09/2014 18:15:05,3175973.0
12/09/2014 18:15:05,2537141.0
13/09/2014 18:15:05,2636362.0
14/09/2014 18:15:05,1804638.0
15/09/2014 18:15:05,4620374.0
16/09/2014 18:15:05,2176262.0
17/09/2014 18:15:05,3147779.0
18/09/2014 18:15:05,5056881.0
19/09/2014 18:15:05,6124796.0
20/09/2014 18:15:05,13657346
21/09/2014 18:15:05,4191975.0
22/09/2014 18:15:05,1094142.0
23/09/2014 18:15:05,3275940.0
24/09/2014 18:15:05,2495589.0
25/09/2014 18:15:05,2327886.0
26/09/2014 18:15:05,4854325.0
27/09/2014 18:15:05,1604881.0
28/09/2014 18:15:05,3031784.0
29/09/2014 18:15:05,8720146.0
30/09/2014 18:15:05,4886438.0
01/10/2014 18:15:05,3616622.0
02/10/2014 18:15:05,3493216.0
03/10/2014 18:15:05,7304956.0
04/10/2014 18:15:05,6504764.0
05/10/2014 18:15:05,22866644
06/10/2014 18:15:05,9326134.0
07/10/2014 18:15:05,5186543.0
08/10/2014 18:15:05,5713826.0
09/10/2014 18:15:05,6979713.0
10/10/2014 18:15:05,7510356.0
11/10/2014 18:15:05,1107399.0
12/10/2014 18:15:05,6530523.0
13/10/2014 18:15:05,3388522.0
14/10/2014 18:15:05,4283177.0
15/10/2014 18:15:05,6701814.0
16/10/2014 18:15:05,3945639.0
17/10/2014 18:15:05,3962066.0
18/10/2014 18:15:05,1371655.0
19/10/2014 18:15:05,1985354.0
20/10/2014 18:15:05,1637410.0
21/10/2014 18:15:05,982250.0
22/10/2014 18:15:05,2923541.0
23/10/2014 18:15:05,3850769.0
24/10/2014 18:15:05,7370900.0
25/10/2014 18:15:05,2504792.0
26/10/2014 18:15:05,802294.0
27/10/2014 18:15:05,1964644.0
28/10/2014 18:15:05,2387939.0
29/10/2014 18:15:05,3651335.0
30/10/2014 18:15:05,1504207.0
31/10/2014 18:15:05,2641330.0
01/11/2014 18:15:05,2969735.0
02/11/2014 18:15:05,3540789.0
03/11/2014 18:15:05,2098571.0
04/11/2014 18:15:05,2745430.0
05/11/2014 18:15:05,4302766.0
06/11/2014 18:15:05,2230269.0
07/11/2014 18:15:05,16614346
08/11/2014 18:15:05,5950038.0
09/11/2014 18:15:05,5124345.0
10/11/2014 18:15:05,2874574.0
11/11/2014 18:15:05,2369737.0
12/11/2014 18:15:05,4207723.0
13/11/2014 18:15:05,4988761.0
14/11/2014 18:15:05,4246298.0
15/11/2014 18:15:05,3062975.0
16/11/2014 18:15:05,1753389.0
17/11/2014 18:15:05,1401293.0
18/11/2014 18:15:05,3685542.0
19/11/2014 18:15:05,4237113.0
20/11/2014 18:15:05,2776531.0
21/11/2014 18:15:05,5500282.0
22/11/2014 18:15:05,1153944.0
23/11/2014 18:15:05,1008633.0
24/11/2014 18:15:05,1516428.0
25/11/2014 18:15:05,2820799.0
26/11/2014 18:15:05,1845662.0
27/11/2014 18:15:05,4029877.0
28/11/2014 18:15:05,43528741
29/11/2014 18:15:05,11381504
30/11/2014 18:15:05,2502752.0
01/12/2014 18:15:05,4094523.0
02/12/2014 18:15:05,2589295.0
03/12/2014 18:15:05,3727081.0
04/12/2014 18:15:05,3007860.0
05/12/2014 18:15:05,16359049
06/12/2014 18:15:05,1675096.0
07/12/2014 18:15:05,1229809.0
08/12/2014 18:15:05,30970759
09/12/2014 18:15:05,22380495
10/12/2014 18:15:05,3655515.0
11/12/2014 18:15:05,3165770.0
12/12/2014 18:15:05,1341049.0
13/12/2014 18:15:05,2678820.0
14/12/2014 18:15:05,1209855.0
15/12/2014 18:15:05,2196607.0
16/12/2014 18:15:05,3320599.0
17/12/2014 18:15:05,2725377.0
18/12/2014 18:15:05,4325402.0
19/12/2014 18:15:05,3972495.0
20/12/2014 18:15:05,1373362.0
21/12/2014 18:15:05,3886335.0
22/12/2014 18:15:05,3171965.0
23/12/2014 18:15:05,3331862.0
24/12/2014 18:15:05,26395816
25/12/2014 18:15:05,1767275.0
26/12/2014 18:15:05,1493802.0
27/12/2014 18:15:05,931952.0
28/12/2014 18:15:05,944262.0
29/12/2014 18:15:05,3246382.0
30/12/2014 18:15:05,16301224
31/12/2014 18:15:05,25106898
01/01/2015 18:15:05,862577.0
02/01/2015 18:15:05,1733289.0
03/01/2015 18:15:05,2448718.0
04/01/2015 18:15:05,6234233.0
05/01/2015 18:15:05,4791059.0
06/01/2015 18:15:05,4689955.0
07/01/2015 18:15:05,17369726
08/01/2015 18:15:05,10942934
09/01/2015 18:15:05,4250602.0
10/01/2015 18:15:05,4819752.0
11/01/2015 18:15:05,6142126.0
12/01/2015 18:15:05,2499919.0
13/01/2015 18:15:05,12366662
14/01/2015 18:15:05,11720544
15/01/2015 18:15:05,6275423.0
16/01/2015 18:15:05,11800724
17/01/2015 18:15:05,2977077.0
18/01/2015 18:15:05,2508265.0
19/01/2015 18:15:05,2260176.0
20/01/2015 18:15:05,2239166.0
21/01/2015 18:15:05,11594918
22/01/2015 18:15:05,3513717.0
23/01/2015 18:15:05,1573898.0
24/01/2015 18:15:05,3188561.0
25/01/2015 18:15:05,1104157.0
26/01/2015 18:15:05,17403001
27/01/2015 18:15:05,3024671.0
28/01/2015 18:15:05,1834673.0
29/01/2015 18:15:05,3057420.0
30/01/2015 18:15:05,1972753.0
31/01/2015 18:15:05,3104655.0
01/02/2015 18:15:05,1231824.0
02/02/2015 18:15:05,3385288.0
03/02/2015 18:15:05,3728544.0
04/02/2015 18:15:05,2018301.0
05/02/2015 18:15:05,5396682.0
06/02/2015 18:15:05,3063323.0
07/02/2015 18:15:05,1406463.0
08/02/2015 18:15:05,1478632.0
09/02/2015 18:15:05,2327250.0
10/02/2015 18:15:05,3345659.0
11/02/2015 18:15:05,1369638.0
12/02/2015 18:15:05,3269825.0
13/02/2015 18:15:05,3525876.0
14/02/2015 18:15:05,2401022.0
15/02/2015 18:15:05,3728866.0
16/02/2015 18:15:05,1711747.0
17/02/2015 18:15:05,2063380.0
18/02/2015 18:15:05,1100728.0
19/02/2015 18:15:05,8689803.0
20/02/2015 18:15:05,2378101.0
21/02/2015 18:15:05,27665629
22/02/2015 18:15:05,1384024.0
23/02/2015 18:15:05,2836986.0
24/02/2015 18:15:05,3408725.0
25/02/2015 18:15:05,5521505.0
26/02/2015 18:15:05,3012916.0
27/02/2015 18:15:05,2445535.0
28/02/2015 18:15:05,6899996.0
01/03/2015 18:15:05,3100969.0
02/03/2015 18:15:05,16797372
03/03/2015 18:15:05,13117081
04/03/2015 18:15:05,7547626.0
05/03/2015 18:15:05,7122908.0
06/03/2015 18:15:05,10269596
07/03/2015 18:15:05,7125825.0
08/03/2015 18:15:05,16779101
09/03/2015 18:15:05,10538890
10/03/2015 18:15:05,3371758.0
11/03/2015 18:15:05,23519698
12/03/2015 18:15:05,12447906
13/03/2015 18:15:05,7069373.0
14/03/2015 18:15:05,934239.0
15/03/2015 18:15:05,2170477.0
16/03/2015 18:15:05,2923276.0
17/03/2015 18:15:05,4526623.0
18/03/2015 18:15:05,4664942.0
19/03/2015 18:15:05,4814081.0
20/03/2015 18:15:05,2522890.0
21/03/2015 18:15:05,3382264.0
22/03/2015 18:15:05,1826652.0
23/03/2015 18:15:05,1496143.0
24/03/2015 18:15:05,2292959.0
25/03/2015 18:15:05,3276239.0
26/03/2015 18:15:05,2581381.0
27/03/2015 18:15:05,4063556.0
28/03/2015 18:15:05,1712039.0
29/03/2015 18:15:05,1071748.0
30/03/2015 18:15:05,2205742.0
31/03/2015 18:15:05,1430032.0
01/04/2015 18:15:05,4821524.0
02/04/2015 18:15:05,11575276
03/04/2015 18:15:05,9085985.0
04/04/2015 18:15:05,1833292.0
05/04/2015 18:15:05,1180746.0
06/04/2015 18:15:05,1493102.0
07/04/2015 18:15:05,1998087.0
08/04/2015 18:15:05,3213304.0
09/04/2015 18:15:05,4513088.0
10/04/2015 18:15:05,2609453.0
11/04/2015 18:15:05,9458668.0
12/04/2015 18:15:05,3054257.0
13/04/2015 18:15:05,2789279.0
14/04/2015 18:15:05,2534543.0
15/04/2015 18:15:05,15276764
16/04/2015 18:15:05,2892992.0
17/04/2015 18:15:05,1844178.0
18/04/2015 18:15:05,948855.0
19/04/2015 18:15:05,603526.0
20/04/2015 18:15:05,1096103.0
21/04/2015 18:15:05,2431518.0
22/04/2015 18:15:05,4100492.0
23/04/2015 18:15:05,53514593
24/04/2015 18:15:05,1609639.0
25/04/2015 18:15:05,1763026.0
26/04/2015 18:15:05,3233478.0
27/04/2015 18:15:05,4514933.0
28/04/2015 18:15:05,1926304.0
29/04/2015 18:15:05,3172032.0
30/04/2015 18:15:05,1637248.0
01/05/2015 18:15:05,1960843.0
02/05/2015 18:15:05,1104063.0
03/05/2015 18:15:05,1370534.0
04/05/2015 18:15:05,3986967.0
05/05/2015 18:15:05,2913184.0
06/05/2015 18:15:05,1408190.0
07/05/2015 18:15:05,2153984.0
08/05/2015 18:15:05,2431385.0
09/05/2015 18:15:05,1971147.0
10/05/2015 18:15:05,1311366.0
11/05/2015 18:15:05,5610925.0
12/05/2015 18:15:05,3687219.0
13/05/2015 18:15:05,2232504.0
14/05/2015 18:15:05,1980971.0
15/05/2015 18:15:05,3382858.0
16/05/2015 18:15:05,1295486.0
17/05/2015 18:15:05,1252866.0
18/05/2015 18:15:05,1617776.0
19/05/2015 18:15:05,4295296.0
20/05/2015 18:15:05,2070062.0
21/05/2015 18:15:05,1811544.0
22/05/2015 18:15:05,1742913.0
23/05/2015 18:15:05,8014743.0
24/05/2015 18:15:05,1464211.0
25/05/2015 18:15:05,1301090.0
26/05/2015 18:15:05,3630397.0
27/05/2015 18:15:05,3272555.0
28/05/2015 18:15:05,4113725.0
29/05/2015 18:15:05,3981431.0
30/05/2015 18:15:05,13943301
31/05/2015 18:15:05,2284729.0
01/06/2015 18:15:05,4420435.0
02/06/2015 18:15:05,5293181.0
03/06/2015 18:15:05,2785232.0
04/06/2015 18:15:05,2768191.0
05/06/2015 18:15:05,2247369.0
06/06/2015 18:15:05,978521.0
07/06/2015 18:15:05,2765454.0
08/06/2015 18:15:05,1731941.0
09/06/2015 18:15:05,2264860.0
10/06/2015 18:15:05,4395214.0
11/06/2015 18:15:05,2995247.0
12/06/2015 18:15:05,8519872.0
13/06/2015 18:15:05,2796111.0
14/06/2015 18:15:05,3450638.0
15/06/2015 18:15:05,2178860.0
16/06/2015 18:15:05,6415421.0
17/06/2015 18:15:05,6176045.0
18/06/2015 18:15:05,3903714.0
19/06/2015 18:15:05,6868583.0
20/06/2015 18:15:05,6757332.0
21/06/2015 18:15:05,9771421.0
22/06/2015 18:15:05,1531560.0
23/06/2015 18:15:05,2830924.0
24/06/2015 18:15:05,4735786.0
25/06/2015 18:15:05,2136657.0
26/06/2015 18:15:05,3503715.0
27/06/2015 18:15:05,2523644.0
28/06/2015 18:15:05,1593389.0
29/06/2015 18:15:05,2787385.0
30/06/2015 18:15:05,4774407.0
01/07/2015 18:15:05,3717901.0
02/07/2015 18:15:05,3580473.0
03/07/2015 18:15:05,7338791.0
04/07/2015 18:15:05,1265101.0
05/07/2015 18:15:05,3631369.0
06/07/2015 18:15:05,8988863.0
07/07/2015 18:15:05,8908854.0
08/07/2015 18:15:05,11009766
09/07/2015 18:15:05,7990843.0
10/07/2015 18:15:05,6603661.0
11/07/2015 18:15:05,4775012.0
12/07/2015 18:15:05,9293253.0
13/07/2015 18:15:05,3268971.0
14/07/2015 18:15:05,2454755.0
15/07/2015 18:15:05,2963613.0
16/07/2015 18:15:05,3611918.0
17/07/2015 18:15:05,7766306.0
18/07/2015 18:15:05,2673978.0
19/07/2015 18:15:05,1314072.0
20/07/2015 18:15:05,2368666.0
21/07/2015 18:15:05,7600380.0
22/07/2015 18:15:05,1557002.0
23/07/2015 18:15:05,2258071.0
24/07/2015 18:15:05,1605580.0
25/07/2015 18:15:05,3723781.0
26/07/2015 18:15:05,3677743.0
27/07/2015 18:15:05,2930493.0
28/07/2015 18:15:05,2536369.0
29/07/2015 18:15:05,3830202.0
30/07/2015 18:15:05,1951384.0
31/07/2015 18:15:05,2929130.0
01/08/2015 18:15:05,3824519.0
02/08/2015 18:15:05,1955666.0
03/08/2015 18:15:05,1798930.0
04/08/2015 18:15:05,2132005.0
05/08/2015 18:15:05,4727243.0
06/08/2015 18:15:05,1323904.0
07/08/2015 18:15:05,2581333.0
08/08/2015 18:15:05,7120945.0
09/08/2015 18:15:05,40270363
10/08/2015 18:15:05,7371134.0
11/08/2015 18:15:05,3431456.0
12/08/2015 18:15:05,2626761.0
13/08/2015 18:15:05,3117305.0
14/08/2015 18:15:05,5912110.0
15/08/2015 18:15:05,2092085.0
16/08/2015 18:15:05,5192024.0
17/08/2015 18:15:05,4852932.0
18/08/2015 18:15:05,3104185.0
19/08/2015 18:15:05,7801855.0
20/08/2015 18:15:05,6241885.0
21/08/2015 18:15:05,3222516.0
22/08/2015 18:15:05,3792816.0
23/08/2015 18:15:05,2445267.0
24/08/2015 18:15:05,27292170
25/08/2015 18:15:05,6806493.0
26/08/2015 18:15:05,38489949
27/08/2015 18:15:05,6419718.0
28/08/2015 18:15:05,3793474.0
29/08/2015 18:15:05,2996025.0
30/08/2015 18:15:05,4076015.0
31/08/2015 18:15:05,2389548.0
01/09/2015 18:15:05,4586198.0
02/09/2015 18:15:05,4417102.0
03/09/2015 18:15:05,5778862.0
04/09/2015 18:15:05,3954984.0
05/09/2015 18:15:05,1863938.0
06/09/2015 18:15:05,2087667.0
07/09/2015 18:15:05,2897581.0
08/09/2015 18:15:05,2205144.0
09/09/2015 18:15:05,3188443.0
10/09/2015 18:15:05,17623791
11/09/2015 18:15:05,1594449.0
12/09/2015 18:15:05,1197595.0
13/09/2015 18:15:05,1252809.0
14/09/2015 18:15:05,1099861.0
15/09/2015 18:15:05,3784481.0
16/09/2015 18:15:05,2396257.0
17/09/2015 18:15:05,2272892.0
18/09/2015 18:15:05,1803587.0
19/09/2015 18:15:05,2131380.0
20/09/2015 18:15:05,1647773.0
21/09/2015 18:15:05,3761933.0
22/09/2015 18:15:05,10461848
23/09/2015 18:15:05,8240270.0
24/09/2015 18:15:05,1438008.0
25/09/2015 18:15:05,2598725.0
26/09/2015 18:15:05,1372819.0
27/09/2015 18:15:05,1725605.0
28/09/2015 18:15:05,4518059.0
29/09/2015 18:15:05,1696123.0
30/09/2015 18:15:05,3727333.0
01/10/2015 18:15:05,3583360.0
02/10/2015 18:15:05,2669300.0
03/10/2015 18:15:05,3124663.0
04/10/2015 18:15:05,1288017.0
05/10/2015 18:15:05,3299484.0
06/10/2015 18:15:05,3164454.0
07/10/2015 18:15:05,13122569
08/10/2015 18:15:05,4332522.0
09/10/2015 18:15:05,2041530.0
10/10/2015 18:15:05,2448746.0
11/10/2015 18:15:05,2138534.0
12/10/2015 18:15:05,8383306.0
13/10/2015 18:15:05,4404990.0
14/10/2015 18:15:05,3765335.0
15/10/2015 18:15:05,10750615
16/10/2015 18:15:05,2686648.0
17/10/2015 18:15:05,3607969.0
18/10/2015 18:15:05,2376053.0
19/10/2015 18:15:05,3462219.0
20/10/2015 18:15:05,5223123.0
21/10/2015 18:15:05,2428941.0
22/10/2015 18:15:05,7061481.0
23/10/2015 18:15:05,3213153.0
24/10/2015 18:15:05,1685510.0
25/10/2015 18:15:05,3306109.0
26/10/2015 18:15:05,3445411.0
27/10/2015 18:15:05,4876329.0
28/10/2015 18:15:05,39077741
29/10/2015 18:15:05,6625058.0
30/10/2015 18:15:05,9810292.0
31/10/2015 18:15:05,12085330
01/11/2015 18:15:05,21662194
02/11/2015 18:15:05,3575331.0
03/11/2015 18:15:05,14453705
04/11/2015 18:15:05,30859447
05/11/2015 18:15:05,12001212
06/11/2015 18:15:05,8429287.0
07/11/2015 18:15:05,24358989
08/11/2015 18:15:05,6896363.0
09/11/2015 18:15:05,18940680
10/11/2015 18:15:05,11283653
11/11/2015 18:15:05,6957967.0
12/11/2015 18:15:05,6077193.0
13/11/2015 18:15:05,5212466.0
14/11/2015 18:15:05,14911859
15/11/2015 18:15:05,2887754.0
16/11/2015 18:15:05,3077706.0
17/11/2015 18:15:05,5062607.0
18/11/2015 18:15:05,5846963.0
19/11/2015 18:15:05,4812219.0
20/11/2015 18:15:05,3322827.0
21/11/2015 18:15:05,2734460.0
22/11/2015 18:15:05,3106860.0
23/11/2015 18:15:05,4660478.0
24/11/2015 18:15:05,2422598.0
25/11/2015 18:15:05,3108927.0
26/11/2015 18:15:05,2914568.0
27/11/2015 18:15:05,5355603.0
28/11/2015 18:15:05,3337501.0
29/11/2015 18:15:05,1378681.0
30/11/2015 18:15:05,3996421.0
01/12/2015 18:15:05,3558719.0
02/12/2015 18:15:05,6358345.0
03/12/2015 18:15:05,4488141.0
04/12/2015 18:15:05,6084419.0
05/12/2015 18:15:05,6090488.0
06/12/2015 18:15:05,9499929.0
07/12/2015 18:15:05,4187531.0
08/12/2015 18:15:05,3016125.0
09/12/2015 18:15:05,10058076
10/12/2015 18:15:05,12845057
11/12/2015 18:15:05,6453946.0
12/12/2015 18:15:05,6315483.0
13/12/2015 18:15:05,5671852.0
14/12/2015 18:15:05,19841458
15/12/2015 18:15:05,7633483.0
16/12/2015 18:15:05,4454541.0
17/12/2015 18:15:05,3542717.0
18/12/2015 18:15:05,2150765.0
19/12/2015 18:15:05,15205738
20/12/2015 18:15:05,1650492.0
21/12/2015 18:15:05,4176357.0
22/12/2015 18:15:05,5573680.0
23/12/2015 18:15:05,4950341.0
24/12/2015 18:15:05,7451633.0
25/12/2015 18:15:05,12711450
26/12/2015 18:15:05,2513214.0
27/12/2015 18:15:05,2971722.0
28/12/2015 18:15:05,2301637.0
29/12/2015 18:15:05,2676406.0
30/12/2015 18:15:05,1894391.0
31/12/2015 18:15:05,3708298.0
01/01/2016 18:15:05,1215702.0
02/01/2016 18:15:05,1490217.0
03/01/2016 18:15:05,1996407.0
04/01/2016 18:15:05,3663117.0
05/01/2016 18:15:05,2963639.0
06/01/2016 18:15:05,3786486.0
07/01/2016 18:15:05,4735113.0
08/01/2016 18:15:05,50112980
09/01/2016 18:15:05,2343804.0
10/01/2016 18:15:05,10995430
11/01/2016 18:15:05,3691948.0
12/01/2016 18:15:05,4480537.0
13/01/2016 18:15:05,9787386.0
14/01/2016 18:15:05,3464158.0
15/01/2016 18:15:05,12333808
16/01/2016 18:15:05,10863508
17/01/2016 18:15:05,2685074.0
18/01/2016 18:15:05,3532954.0
19/01/2016 18:15:05,6280270.0
20/01/2016 18:15:05,5760536.0
21/01/2016 18:15:05,4998951.0
22/01/2016 18:15:05,11487353
23/01/2016 18:15:05,48315427
24/01/2016 18:15:05,9234853.0
25/01/2016 18:15:05,15795921
26/01/2016 18:15:05,6278290.0
27/01/2016 18:15:05,8776484.0
28/01/2016 18:15:05,6253026.0
29/01/2016 18:15:05,7770506.0
30/01/2016 18:15:05,8928289.0
31/01/2016 18:15:05,5343852.0
01/02/2016 18:15:05,10845321
02/02/2016 18:15:05,4379448.0
03/02/2016 18:15:05,2723827.0
04/02/2016 18:15:05,7045627.0
05/02/2016 18:15:05,3232441.0
06/02/2016 18:15:05,6327037.0
07/02/2016 18:15:05,2025246.0
08/02/2016 18:15:05,3897326.0
09/02/2016 18:15:05,5034126.0
10/02/2016 18:15:05,5392430.0
11/02/2016 18:15:05,11224817
12/02/2016 18:15:05,5365496.0
13/02/2016 18:15:05,4608628.0
14/02/2016 18:15:05,3507691.0
15/02/2016 18:15:05,10822459
16/02/2016 18:15:05,10723689
17/02/2016 18:15:05,7998177.0
18/02/2016 18:15:05,2775066.0
19/02/2016 18:15:05,6571383.0
20/02/2016 18:15:05,7245284.0
21/02/2016 18:15:05,4901684.0
22/02/2016 18:15:05,4550824.0
23/02/2016 18:15:05,4380120.0
24/02/2016 18:15:05,5308504.0
25/02/2016 18:15:05,12516390
26/02/2016 18:15:05,3886889.0
27/02/2016 18:15:05,4829203.0
28/02/2016 18:15:05,8469708.0
29/02/2016 18:15:05,10405649
01/03/2016 18:15:05,38658151
02/03/2016 18:15:05,9171328.0
03/03/2016 18:15:05,14113845
04/03/2016 18:15:05,7118750.0
05/03/2016 18:15:05,30376001
06/03/2016 18:15:05,5769418.0
07/03/2016 18:15:05,14037686
08/03/2016 18:15:05,8911219.0
09/03/2016 18:15:05,7365703.0
10/03/2016 18:15:05,19779145
11/03/2016 18:15:05,4454821.0
12/03/2016 18:15:05,6126938.0
13/03/2016 18:15:05,6654725.0
14/03/2016 18:15:05,11890504
15/03/2016 18:15:05,6158204.0
16/03/2016 18:15:05,8914471.0
17/03/2016 18:15:05,7400183.0
18/03/2016 18:15:05,6666556.0
19/03/2016 18:15:05,4900436.0
20/03/2016 18:15:05,3146702.0
21/03/2016 18:15:05,10750102
22/03/2016 18:15:05,10777466
23/03/2016 18:15:05,2781388.0
24/03/2016 18:15:05,3816856.0
25/03/2016 18:15:05,5987045.0
26/03/2016 18:15:05,7717127.0
27/03/2016 18:15:05,3634657.0
28/03/2016 18:15:05,4290898.0
29/03/2016 18:15:05,5532458.0
30/03/2016 18:15:05,5202709.0
31/03/2016 18:15:05,8767948.0
01/04/2016 18:15:05,6837726.0
02/04/2016 18:15:05,5407403.0
03/04/2016 18:15:05,3573071.0
04/04/2016 18:15:05,4686141.0
05/04/2016 18:15:05,4958963.0
06/04/2016 18:15:05,6383802.0
07/04/2016 18:15:05,23445706
08/04/2016 18:15:05,3837941.0
09/04/2016 18:15:05,3069999.0
10/04/2016 18:15:05,7689017.0
11/04/2016 18:15:05,8108048.0
12/04/2016 18:15:05,8630584.0
13/04/2016 18:15:05,4386964.0
14/04/2016 18:15:05,2944643.0
15/04/2016 18:15:05,3580897.0
16/04/2016 18:15:05,2953908.0
17/04/2016 18:15:05,3861755.0
18/04/2016 18:15:05,3598068.0
19/04/2016 18:15:05,3301927.0
20/04/2016 18:15:05,4728528.0
21/04/2016 18:15:05,3447094.0
22/04/2016 18:15:05,5059349.0
23/04/2016 18:15:05,4359719.0
24/04/2016 18:15:05,5599689.0
25/04/2016 18:15:05,11814286
26/04/2016 18:15:05,5487133.0
27/04/2016 18:15:05,5176128.0
28/04/2016 18:15:05,4773624.0
29/04/2016 18:15:05,6624579.0
30/04/2016 18:15:05,3261839.0
01/05/2016 18:15:05,5290453.0
02/05/2016 18:15:05,2222355.0
03/05/2016 18:15:05,1960490.0
03/05/2016 22:36:38,0.0