Date,BlockSize
03/01/2009 18:15:05,0.0
04/01/2009 18:15:05,0.0
05/01/2009 18:15:05,0.0
06/01/2009 18:15:05,0.0
07/01/2009 18:15:05,0.0
08/01/2009 18:15:05,0.0
09/01/2009 18:15:05,0.0
10/01/2009 18:15:05,0.0
11/01/2009 18:15:05,0.0
12/01/2009 18:15:05,0.0
13/01/2009 18:15:05,0.0
14/01/2009 18:15:05,0.0
15/01/2009 18:15:05,0.0
16/01/2009 18:15:05,0.0
17/01/2009 18:15:05,0.0
18/01/2009 18:15:05,0.0
19/01/2009 18:15:05,0.0
20/01/2009 18:15:05,0.0
21/01/2009 18:15:05,0.0
22/01/2009 18:15:05,0.0
23/01/2009 18:15:05,0.0
24/01/2009 18:15:05,0.0
25/01/2009 18:15:05,0.0
26/01/2009 18:15:05,0.0
27/01/2009 18:15:05,0.0
28/01/2009 18:15:05,0.0
29/01/2009 18:15:05,0.0
30/01/2009 18:15:05,0.0
31/01/2009 18:15:05,0.0
01/02/2009 18:15:05,0.0
02/02/2009 18:15:05,0.0
03/02/2009 18:15:05,0.0
04/02/2009 18:15:05,0.0
05/02/2009 18:15:05,0.0
06/02/2009 18:15:05,0.0
07/02/2009 18:15:05,0.0
08/02/2009 18:15:05,0.0
09/02/2009 18:15:05,0.0
10/02/2009 18:15:05,0.0
11/02/2009 18:15:05,0.0
12/02/2009 18:15:05,0.0
13/02/2009 18:15:05,0.0
14/02/2009 18:15:05,0.0
15/02/2009 18:15:05,0.0
16/02/2009 18:15:05,0.0
17/02/2009 18:15:05,0.0
18/02/2009 18:15:05,0.0
19/02/2009 18:15:05,0.0
20/02/2009 18:15:05,0.0
21/02/2009 18:15:05,0.0
22/02/2009 18:15:05,0.0
23/02/2009 18:15:05,0.0
24/02/2009 18:15:05,0.0
25/02/2009 18:15:05,0.0
26/02/2009 18:15:05,0.0
27/02/2009 18:15:05,0.0
28/02/2009 18:15:05,0.0
01/03/2009 18:15:05,0.0
02/03/2009 18:15:05,0.0
03/03/2009 18:15:05,0.0
04/03/2009 18:15:05,0.0
05/03/2009 18:15:05,0.0
06/03/2009 18:15:05,0.0
07/03/2009 18:15:05,0.0
08/03/2009 18:15:05,0.0
09/03/2009 18:15:05,0.0
10/03/2009 18:15:05,0.0
11/03/2009 18:15:05,0.0
12/03/2009 18:15:05,0.0
13/03/2009 18:15:05,0.0
14/03/2009 18:15:05,0.0
15/03/2009 18:15:05,0.0
16/03/2009 18:15:05,0.0
17/03/2009 18:15:05,0.0
18/03/2009 18:15:05,0.0
19/03/2009 18:15:05,0.0
20/03/2009 18:15:05,0.0
21/03/2009 18:15:05,0.0
22/03/2009 18:15:05,0.0
23/03/2009 18:15:05,0.0
24/03/2009 18:15:05,0.0
25/03/2009 18:15:05,0.0
26/03/2009 18:15:05,0.0
27/03/2009 18:15:05,0.0
28/03/2009 18:15:05,0.0
29/03/2009 18:15:05,0.0
30/03/2009 18:15:05,0.0
31/03/2009 18:15:05,0.0
01/04/2009 18:15:05,0.0
02/04/2009 18:15:05,0.0
03/04/2009 18:15:05,0.0
04/04/2009 18:15:05,0.0
05/04/2009 18:15:05,0.0
06/04/2009 18:15:05,0.0
07/04/2009 18:15:05,0.0
08/04/2009 18:15:05,0.0
09/04/2009 18:15:05,0.0
10/04/2009 18:15:05,0.0
11/04/2009 18:15:05,0.0
12/04/2009 18:15:05,0.0
13/04/2009 18:15:05,0.0
14/04/2009 18:15:05,0.0
15/04/2009 18:15:05,0.0
16/04/2009 18:15:05,0.0
17/04/2009 18:15:05,0.0
18/04/2009 18:15:05,0.0
19/04/2009 18:15:05,0.0
20/04/2009 18:15:05,0.0
21/04/2009 18:15:05,0.0
22/04/2009 18:15:05,0.0
23/04/2009 18:15:05,0.0
24/04/2009 18:15:05,0.0
25/04/2009 18:15:05,0.0
26/04/2009 18:15:05,0.0
27/04/2009 18:15:05,0.0
28/04/2009 18:15:05,0.0
29/04/2009 18:15:05,0.0
30/04/2009 18:15:05,0.0
01/05/2009 18:15:05,0.0
02/05/2009 18:15:05,0.0
03/05/2009 18:15:05,0.0
04/05/2009 18:15:05,0.0
05/05/2009 18:15:05,0.0
06/05/2009 18:15:05,0.0
07/05/2009 18:15:05,0.0
08/05/2009 18:15:05,0.0
09/05/2009 18:15:05,0.0
10/05/2009 18:15:05,0.0
11/05/2009 18:15:05,0.0
12/05/2009 18:15:05,0.0
13/05/2009 18:15:05,0.0
14/05/2009 18:15:05,0.0
15/05/2009 18:15:05,0.0
16/05/2009 18:15:05,0.0
17/05/2009 18:15:05,0.0
18/05/2009 18:15:05,0.0
19/05/2009 18:15:05,0.0
20/05/2009 18:15:05,0.0
21/05/2009 18:15:05,0.0
22/05/2009 18:15:05,0.0
23/05/2009 18:15:05,0.0
24/05/2009 18:15:05,0.0
25/05/2009 18:15:05,0.0
26/05/2009 18:15:05,0.0
27/05/2009 18:15:05,0.0
28/05/2009 18:15:05,0.0
29/05/2009 18:15:05,0.0
30/05/2009 18:15:05,0.0
31/05/2009 18:15:05,0.0
01/06/2009 18:15:05,0.0
02/06/2009 18:15:05,0.0
03/06/2009 18:15:05,0.0
04/06/2009 18:15:05,0.0
05/06/2009 18:15:05,0.0
06/06/2009 18:15:05,0.0
07/06/2009 18:15:05,0.0
08/06/2009 18:15:05,0.0
09/06/2009 18:15:05,0.0
10/06/2009 18:15:05,0.0
11/06/2009 18:15:05,0.0
12/06/2009 18:15:05,0.0
13/06/2009 18:15:05,0.0
14/06/2009 18:15:05,0.0
15/06/2009 18:15:05,0.0
16/06/2009 18:15:05,0.0
17/06/2009 18:15:05,0.0
18/06/2009 18:15:05,0.0
19/06/2009 18:15:05,0.0
20/06/2009 18:15:05,0.0
21/06/2009 18:15:05,0.0
22/06/2009 18:15:05,0.0
23/06/2009 18:15:05,0.0
24/06/2009 18:15:05,0.0
25/06/2009 18:15:05,0.0
26/06/2009 18:15:05,0.0
27/06/2009 18:15:05,0.0
28/06/2009 18:15:05,0.0
29/06/2009 18:15:05,0.0
30/06/2009 18:15:05,0.0
01/07/2009 18:15:05,0.0
02/07/2009 18:15:05,0.0
03/07/2009 18:15:05,0.0
04/07/2009 18:15:05,0.0
05/07/2009 18:15:05,0.0
06/07/2009 18:15:05,0.0
07/07/2009 18:15:05,0.0
08/07/2009 18:15:05,0.0
09/07/2009 18:15:05,0.0
10/07/2009 18:15:05,0.0
11/07/2009 18:15:05,0.0
12/07/2009 18:15:05,0.0
13/07/2009 18:15:05,0.0
14/07/2009 18:15:05,0.0
15/07/2009 18:15:05,0.0
16/07/2009 18:15:05,0.0
17/07/2009 18:15:05,0.0
18/07/2009 18:15:05,0.0
19/07/2009 18:15:05,0.0
20/07/2009 18:15:05,0.0
21/07/2009 18:15:05,0.0
22/07/2009 18:15:05,0.0
23/07/2009 18:15:05,0.0
24/07/2009 18:15:05,0.0
25/07/2009 18:15:05,0.0
26/07/2009 18:15:05,0.0
27/07/2009 18:15:05,0.0
28/07/2009 18:15:05,0.0
29/07/2009 18:15:05,0.0
30/07/2009 18:15:05,0.0
31/07/2009 18:15:05,0.0
01/08/2009 18:15:05,0.0
02/08/2009 18:15:05,0.0
03/08/2009 18:15:05,0.0
04/08/2009 18:15:05,0.0
05/08/2009 18:15:05,0.0
06/08/2009 18:15:05,0.0
07/08/2009 18:15:05,0.0
08/08/2009 18:15:05,0.0
09/08/2009 18:15:05,0.0
10/08/2009 18:15:05,0.0
11/08/2009 18:15:05,0.0
12/08/2009 18:15:05,0.0
13/08/2009 18:15:05,0.0
14/08/2009 18:15:05,0.0
15/08/2009 18:15:05,0.0
16/08/2009 18:15:05,0.0
17/08/2009 18:15:05,0.0
18/08/2009 18:15:05,0.0
19/08/2009 18:15:05,0.0
20/08/2009 18:15:05,0.0
21/08/2009 18:15:05,0.0
22/08/2009 18:15:05,0.0
23/08/2009 18:15:05,0.0
24/08/2009 18:15:05,0.0
25/08/2009 18:15:05,0.0
26/08/2009 18:15:05,0.0
27/08/2009 18:15:05,0.0
28/08/2009 18:15:05,0.0
29/08/2009 18:15:05,0.0
30/08/2009 18:15:05,0.0
31/08/2009 18:15:05,0.0
01/09/2009 18:15:05,0.0
02/09/2009 18:15:05,0.0
03/09/2009 18:15:05,0.0
04/09/2009 18:15:05,0.0
05/09/2009 18:15:05,0.0
06/09/2009 18:15:05,0.0
07/09/2009 18:15:05,0.0
08/09/2009 18:15:05,0.0
09/09/2009 18:15:05,0.0
10/09/2009 18:15:05,0.0
11/09/2009 18:15:05,0.0
12/09/2009 18:15:05,0.0
13/09/2009 18:15:05,0.0
14/09/2009 18:15:05,0.0
15/09/2009 18:15:05,0.0
16/09/2009 18:15:05,0.0
17/09/2009 18:15:05,0.0
18/09/2009 18:15:05,0.0
19/09/2009 18:15:05,0.0
20/09/2009 18:15:05,0.0
21/09/2009 18:15:05,0.0
22/09/2009 18:15:05,0.0
23/09/2009 18:15:05,0.0
24/09/2009 18:15:05,0.0
25/09/2009 18:15:05,0.0
26/09/2009 18:15:05,0.0
27/09/2009 18:15:05,0.0
28/09/2009 18:15:05,0.0
29/09/2009 18:15:05,0.0
30/09/2009 18:15:05,0.0
01/10/2009 18:15:05,0.0
02/10/2009 18:15:05,0.0
03/10/2009 18:15:05,0.0
04/10/2009 18:15:05,0.0
05/10/2009 18:15:05,0.0
06/10/2009 18:15:05,0.0
07/10/2009 18:15:05,0.0
08/10/2009 18:15:05,0.0
09/10/2009 18:15:05,0.0
10/10/2009 18:15:05,0.0
11/10/2009 18:15:05,0.0
12/10/2009 18:15:05,0.0
13/10/2009 18:15:05,0.0
14/10/2009 18:15:05,0.0
15/10/2009 18:15:05,0.0
16/10/2009 18:15:05,0.0
17/10/2009 18:15:05,0.0
18/10/2009 18:15:05,0.0
19/10/2009 18:15:05,0.0
20/10/2009 18:15:05,0.0
21/10/2009 18:15:05,0.0
22/10/2009 18:15:05,0.0
23/10/2009 18:15:05,0.0
24/10/2009 18:15:05,0.0
25/10/2009 18:15:05,0.0
26/10/2009 18:15:05,0.0
27/10/2009 18:15:05,0.0
28/10/2009 18:15:05,0.0
29/10/2009 18:15:05,0.0
30/10/2009 18:15:05,0.0
31/10/2009 18:15:05,0.0
01/11/2009 18:15:05,0.0
02/11/2009 18:15:05,0.0
03/11/2009 18:15:05,0.0
04/11/2009 18:15:05,0.0
05/11/2009 18:15:05,0.0
06/11/2009 18:15:05,0.0
07/11/2009 18:15:05,0.0
08/11/2009 18:15:05,0.0
09/11/2009 18:15:05,0.0
10/11/2009 18:15:05,0.0
11/11/2009 18:15:05,0.0
12/11/2009 18:15:05,0.0
13/11/2009 18:15:05,0.0
14/11/2009 18:15:05,0.0
15/11/2009 18:15:05,0.0
16/11/2009 18:15:05,0.0
17/11/2009 18:15:05,0.0
18/11/2009 18:15:05,0.0
19/11/2009 18:15:05,0.0
20/11/2009 18:15:05,0.0
21/11/2009 18:15:05,0.0
22/11/2009 18:15:05,0.0
23/11/2009 18:15:05,0.0
24/11/2009 18:15:05,0.0
25/11/2009 18:15:05,0.0
26/11/2009 18:15:05,0.0
27/11/2009 18:15:05,0.0
28/11/2009 18:15:05,0.0
29/11/2009 18:15:05,0.0
30/11/2009 18:15:05,0.0
01/12/2009 18:15:05,0.0
02/12/2009 18:15:05,0.0
03/12/2009 18:15:05,0.0
04/12/2009 18:15:05,0.0
05/12/2009 18:15:05,0.0
06/12/2009 18:15:05,0.0
07/12/2009 18:15:05,0.0
08/12/2009 18:15:05,0.0
09/12/2009 18:15:05,0.0
10/12/2009 18:15:05,0.0
11/12/2009 18:15:05,0.0
12/12/2009 18:15:05,0.0
13/12/2009 18:15:05,0.0
14/12/2009 18:15:05,0.0
15/12/2009 18:15:05,0.0
16/12/2009 18:15:05,0.0
17/12/2009 18:15:05,0.0
18/12/2009 18:15:05,0.0
19/12/2009 18:15:05,0.0
20/12/2009 18:15:05,0.0
21/12/2009 18:15:05,0.0
22/12/2009 18:15:05,0.0
23/12/2009 18:15:05,0.0
24/12/2009 18:15:05,0.0
25/12/2009 18:15:05,0.0
26/12/2009 18:15:05,0.0
27/12/2009 18:15:05,0.0
28/12/2009 18:15:05,0.0
29/12/2009 18:15:05,0.0
30/12/2009 18:15:05,0.0
31/12/2009 18:15:05,0.0
01/01/2010 18:15:05,0.0
02/01/2010 18:15:05,0.0
03/01/2010 18:15:05,0.0
04/01/2010 18:15:05,0.0
05/01/2010 18:15:05,0.0
06/01/2010 18:15:05,0.0
07/01/2010 18:15:05,0.0
08/01/2010 18:15:05,0.0
09/01/2010 18:15:05,0.0
10/01/2010 18:15:05,0.0
11/01/2010 18:15:05,0.0
12/01/2010 18:15:05,0.0
13/01/2010 18:15:05,0.0
14/01/2010 18:15:05,0.0
15/01/2010 18:15:05,0.0
16/01/2010 18:15:05,0.0
17/01/2010 18:15:05,0.0
18/01/2010 18:15:05,0.0
19/01/2010 18:15:05,0.0
20/01/2010 18:15:05,0.0
21/01/2010 18:15:05,0.0
22/01/2010 18:15:05,0.0
23/01/2010 18:15:05,0.0
24/01/2010 18:15:05,0.0
25/01/2010 18:15:05,0.0
26/01/2010 18:15:05,0.0
27/01/2010 18:15:05,0.0
28/01/2010 18:15:05,0.0
29/01/2010 18:15:05,0.0
30/01/2010 18:15:05,0.0
31/01/2010 18:15:05,0.0
01/02/2010 18:15:05,0.0
02/02/2010 18:15:05,0.0
03/02/2010 18:15:05,0.0
04/02/2010 18:15:05,0.0
05/02/2010 18:15:05,0.0
06/02/2010 18:15:05,0.0
07/02/2010 18:15:05,0.0
08/02/2010 18:15:05,0.0
09/02/2010 18:15:05,0.0
10/02/2010 18:15:05,0.0
11/02/2010 18:15:05,0.0
12/02/2010 18:15:05,0.0
13/02/2010 18:15:05,0.0
14/02/2010 18:15:05,0.0
15/02/2010 18:15:05,0.0
16/02/2010 18:15:05,0.0
17/02/2010 18:15:05,0.0
18/02/2010 18:15:05,0.0
19/02/2010 18:15:05,0.0
20/02/2010 18:15:05,0.0
21/02/2010 18:15:05,0.0
22/02/2010 18:15:05,0.0
23/02/2010 18:15:05,0.0
24/02/2010 18:15:05,0.0
25/02/2010 18:15:05,0.0
26/02/2010 18:15:05,0.0
27/02/2010 18:15:05,0.0
28/02/2010 18:15:05,0.0
01/03/2010 18:15:05,0.0
02/03/2010 18:15:05,0.0
03/03/2010 18:15:05,0.0
04/03/2010 18:15:05,0.0
05/03/2010 18:15:05,0.0
06/03/2010 18:15:05,0.0
07/03/2010 18:15:05,0.0
08/03/2010 18:15:05,0.0
09/03/2010 18:15:05,0.0
10/03/2010 18:15:05,0.0
11/03/2010 18:15:05,0.0
12/03/2010 18:15:05,0.0
13/03/2010 18:15:05,0.0
14/03/2010 18:15:05,0.0
15/03/2010 18:15:05,0.0
16/03/2010 18:15:05,0.0
17/03/2010 18:15:05,0.0
18/03/2010 18:15:05,0.0
19/03/2010 18:15:05,0.0
20/03/2010 18:15:05,0.0
21/03/2010 18:15:05,0.0
22/03/2010 18:15:05,0.0
23/03/2010 18:15:05,0.0
24/03/2010 18:15:05,0.0
25/03/2010 18:15:05,0.0
26/03/2010 18:15:05,0.0
27/03/2010 18:15:05,0.0
28/03/2010 18:15:05,0.0
29/03/2010 18:15:05,0.0
30/03/2010 18:15:05,0.0
31/03/2010 18:15:05,0.0
01/04/2010 18:15:05,0.0
02/04/2010 18:15:05,0.0
03/04/2010 18:15:05,0.0
04/04/2010 18:15:05,0.0
05/04/2010 18:15:05,0.0
06/04/2010 18:15:05,0.0
07/04/2010 18:15:05,0.0
08/04/2010 18:15:05,0.0
09/04/2010 18:15:05,0.0
10/04/2010 18:15:05,0.0
11/04/2010 18:15:05,0.0
12/04/2010 18:15:05,0.0
13/04/2010 18:15:05,0.0
14/04/2010 18:15:05,0.0
15/04/2010 18:15:05,0.0
16/04/2010 18:15:05,0.0
17/04/2010 18:15:05,0.0
18/04/2010 18:15:05,0.0
19/04/2010 18:15:05,0.0
20/04/2010 18:15:05,0.0
21/04/2010 18:15:05,0.0
22/04/2010 18:15:05,0.0
23/04/2010 18:15:05,0.0
24/04/2010 18:15:05,0.0
25/04/2010 18:15:05,0.0
26/04/2010 18:15:05,0.0
27/04/2010 18:15:05,0.0
28/04/2010 18:15:05,0.0
29/04/2010 18:15:05,0.0
30/04/2010 18:15:05,0.0
01/05/2010 18:15:05,0.0
02/05/2010 18:15:05,0.0
03/05/2010 18:15:05,0.0
04/05/2010 18:15:05,0.0
05/05/2010 18:15:05,0.0
06/05/2010 18:15:05,0.0
07/05/2010 18:15:05,0.0
08/05/2010 18:15:05,0.0
09/05/2010 18:15:05,0.0
10/05/2010 18:15:05,0.0
11/05/2010 18:15:05,0.0
12/05/2010 18:15:05,0.0
13/05/2010 18:15:05,0.0
14/05/2010 18:15:05,0.0
15/05/2010 18:15:05,0.0
16/05/2010 18:15:05,0.0
17/05/2010 18:15:05,0.0
18/05/2010 18:15:05,0.0
19/05/2010 18:15:05,0.0
20/05/2010 18:15:05,0.0
21/05/2010 18:15:05,0.0
22/05/2010 18:15:05,0.0
23/05/2010 18:15:05,0.0
24/05/2010 18:15:05,0.0
25/05/2010 18:15:05,0.0
26/05/2010 18:15:05,0.0
27/05/2010 18:15:05,0.0
28/05/2010 18:15:05,0.0
29/05/2010 18:15:05,0.0
30/05/2010 18:15:05,0.0
31/05/2010 18:15:05,0.0
01/06/2010 18:15:05,0.0
02/06/2010 18:15:05,0.0
03/06/2010 18:15:05,0.0
04/06/2010 18:15:05,0.0
05/06/2010 18:15:05,0.0
06/06/2010 18:15:05,0.0
07/06/2010 18:15:05,0.0
08/06/2010 18:15:05,0.0
09/06/2010 18:15:05,0.0
10/06/2010 18:15:05,0.0
11/06/2010 18:15:05,0.0
12/06/2010 18:15:05,0.0
13/06/2010 18:15:05,0.0
14/06/2010 18:15:05,0.0
15/06/2010 18:15:05,0.0
16/06/2010 18:15:05,0.0
17/06/2010 18:15:05,0.0
18/06/2010 18:15:05,0.0
19/06/2010 18:15:05,0.0
20/06/2010 18:15:05,0.0
21/06/2010 18:15:05,0.0
22/06/2010 18:15:05,0.0
23/06/2010 18:15:05,0.0
24/06/2010 18:15:05,0.0
25/06/2010 18:15:05,0.0
26/06/2010 18:15:05,0.0
27/06/2010 18:15:05,0.0
28/06/2010 18:15:05,0.0
29/06/2010 18:15:05,0.0
30/06/2010 18:15:05,0.0
01/07/2010 18:15:05,0.0
02/07/2010 18:15:05,0.0
03/07/2010 18:15:05,0.0
04/07/2010 18:15:05,0.0
05/07/2010 18:15:05,0.0
06/07/2010 18:15:05,0.0
07/07/2010 18:15:05,0.0
08/07/2010 18:15:05,0.0
09/07/2010 18:15:05,0.0
10/07/2010 18:15:05,0.0
11/07/2010 18:15:05,0.0
12/07/2010 18:15:05,0.0
13/07/2010 18:15:05,0.0
14/07/2010 18:15:05,1.0
15/07/2010 18:15:05,1.0
16/07/2010 18:15:05,1.0
17/07/2010 18:15:05,1.0
18/07/2010 18:15:05,1.0
19/07/2010 18:15:05,1.0
20/07/2010 18:15:05,1.0
21/07/2010 18:15:05,1.0
22/07/2010 18:15:05,1.0
23/07/2010 18:15:05,1.0
24/07/2010 18:15:05,1.0
25/07/2010 18:15:05,1.0
26/07/2010 18:15:05,1.0
27/07/2010 18:15:05,1.0
28/07/2010 18:15:05,1.0
29/07/2010 18:15:05,1.0
30/07/2010 18:15:05,1.0
31/07/2010 18:15:05,1.0
01/08/2010 18:15:05,1.0
02/08/2010 18:15:05,1.0
03/08/2010 18:15:05,1.0
04/08/2010 18:15:05,1.0
05/08/2010 18:15:05,1.0
06/08/2010 18:15:05,1.0
07/08/2010 18:15:05,1.0
08/08/2010 18:15:05,1.0
09/08/2010 18:15:05,1.0
10/08/2010 18:15:05,1.0
11/08/2010 18:15:05,1.0
12/08/2010 18:15:05,1.0
13/08/2010 18:15:05,1.0
14/08/2010 18:15:05,1.0
15/08/2010 18:15:05,1.0
16/08/2010 18:15:05,1.0
17/08/2010 18:15:05,1.0
18/08/2010 18:15:05,1.0
19/08/2010 18:15:05,1.0
20/08/2010 18:15:05,1.0
21/08/2010 18:15:05,1.0
22/08/2010 18:15:05,1.0
23/08/2010 18:15:05,1.0
24/08/2010 18:15:05,1.0
25/08/2010 18:15:05,1.0
26/08/2010 18:15:05,1.0
27/08/2010 18:15:05,1.0
28/08/2010 18:15:05,1.0
29/08/2010 18:15:05,1.0
30/08/2010 18:15:05,1.0
31/08/2010 18:15:05,1.0
01/09/2010 18:15:05,1.0
02/09/2010 18:15:05,1.0
03/09/2010 18:15:05,1.0
04/09/2010 18:15:05,1.0
05/09/2010 18:15:05,1.0
06/09/2010 18:15:05,1.0
07/09/2010 18:15:05,1.0
08/09/2010 18:15:05,1.0
09/09/2010 18:15:05,1.0
10/09/2010 18:15:05,1.0
11/09/2010 18:15:05,1.0
12/09/2010 18:15:05,1.0
13/09/2010 18:15:05,1.0
14/09/2010 18:15:05,1.0
15/09/2010 18:15:05,1.0
16/09/2010 18:15:05,1.0
17/09/2010 18:15:05,1.0
18/09/2010 18:15:05,1.0
19/09/2010 18:15:05,1.0
20/09/2010 18:15:05,1.0
21/09/2010 18:15:05,1.0
22/09/2010 18:15:05,1.0
23/09/2010 18:15:05,1.0
24/09/2010 18:15:05,1.0
25/09/2010 18:15:05,1.0
26/09/2010 18:15:05,1.0
27/09/2010 18:15:05,1.0
28/09/2010 18:15:05,1.0
29/09/2010 18:15:05,1.0
30/09/2010 18:15:05,1.0
01/10/2010 18:15:05,1.0
02/10/2010 18:15:05,1.0
03/10/2010 18:15:05,1.0
04/10/2010 18:15:05,1.0
05/10/2010 18:15:05,1.0
06/10/2010 18:15:05,1.0
07/10/2010 18:15:05,1.0
08/10/2010 18:15:05,1.0
09/10/2010 18:15:05,1.0
10/10/2010 18:15:05,1.0
11/10/2010 18:15:05,1.0
12/10/2010 18:15:05,1.0
13/10/2010 18:15:05,1.0
14/10/2010 18:15:05,1.0
15/10/2010 18:15:05,1.0
16/10/2010 18:15:05,1.0
17/10/2010 18:15:05,1.0
18/10/2010 18:15:05,1.0
19/10/2010 18:15:05,1.0
20/10/2010 18:15:05,1.0
21/10/2010 18:15:05,1.0
22/10/2010 18:15:05,1.0
23/10/2010 18:15:05,1.0
24/10/2010 18:15:05,1.0
25/10/2010 18:15:05,1.0
26/10/2010 18:15:05,1.0
27/10/2010 18:15:05,1.0
28/10/2010 18:15:05,1.0
29/10/2010 18:15:05,1.0
30/10/2010 18:15:05,1.0
31/10/2010 18:15:05,1.0
01/11/2010 18:15:05,1.0
02/11/2010 18:15:05,1.0
03/11/2010 18:15:05,1.0
04/11/2010 18:15:05,1.0
05/11/2010 18:15:05,1.0
06/11/2010 18:15:05,1.0
07/11/2010 18:15:05,1.0
08/11/2010 18:15:05,1.0
09/11/2010 18:15:05,1.0
10/11/2010 18:15:05,1.0
11/11/2010 18:15:05,1.0
12/11/2010 18:15:05,1.0
13/11/2010 18:15:05,1.0
14/11/2010 18:15:05,1.0
15/11/2010 18:15:05,1.0
16/11/2010 18:15:05,4.0
17/11/2010 18:15:05,4.0
18/11/2010 18:15:05,4.0
19/11/2010 18:15:05,5.0
20/11/2010 18:15:05,7.0
21/11/2010 18:15:05,9.0
22/11/2010 18:15:05,9.0
23/11/2010 18:15:05,9.0
24/11/2010 18:15:05,9.0
25/11/2010 18:15:05,10.0
26/11/2010 18:15:05,10.0
27/11/2010 18:15:05,10.0
28/11/2010 18:15:05,10.0
29/11/2010 18:15:05,10.0
30/11/2010 18:15:05,10.0
01/12/2010 18:15:05,10.0
02/12/2010 18:15:05,10.0
03/12/2010 18:15:05,10.0
04/12/2010 18:15:05,10.0
05/12/2010 18:15:05,10.0
06/12/2010 18:15:05,10.0
07/12/2010 18:15:05,10.0
08/12/2010 18:15:05,10.0
09/12/2010 18:15:05,10.0
10/12/2010 18:15:05,10.0
11/12/2010 18:15:05,10.0
12/12/2010 18:15:05,10.0
13/12/2010 18:15:05,10.0
14/12/2010 18:15:05,10.0
15/12/2010 18:15:05,10.0
16/12/2010 18:15:05,10.0
17/12/2010 18:15:05,10.0
18/12/2010 18:15:05,10.0
19/12/2010 18:15:05,10.0
20/12/2010 18:15:05,10.0
21/12/2010 18:15:05,10.0
22/12/2010 18:15:05,10.0
23/12/2010 18:15:05,10.0
24/12/2010 18:15:05,10.0
25/12/2010 18:15:05,10.0
26/12/2010 18:15:05,10.0
27/12/2010 18:15:05,10.0
28/12/2010 18:15:05,10.0
29/12/2010 18:15:05,10.0
30/12/2010 18:15:05,10.0
31/12/2010 18:15:05,10.0
01/01/2011 18:15:05,10.0
02/01/2011 18:15:05,10.0
03/01/2011 18:15:05,10.0
04/01/2011 18:15:05,10.0
05/01/2011 18:15:05,10.0
06/01/2011 18:15:05,10.0
07/01/2011 18:15:05,10.0
08/01/2011 18:15:05,10.0
09/01/2011 18:15:05,10.0
10/01/2011 18:15:05,10.0
11/01/2011 18:15:05,10.0
12/01/2011 18:15:05,10.0
13/01/2011 18:15:05,10.0
14/01/2011 18:15:05,10.0
15/01/2011 18:15:05,10.0
16/01/2011 18:15:05,10.0
17/01/2011 18:15:05,10.0
18/01/2011 18:15:05,10.0
19/01/2011 18:15:05,10.0
20/01/2011 18:15:05,10.0
21/01/2011 18:15:05,10.0
22/01/2011 18:15:05,10.0
23/01/2011 18:15:05,10.0
24/01/2011 18:15:05,10.0
25/01/2011 18:15:05,10.0
26/01/2011 18:15:05,10.0
27/01/2011 18:15:05,10.0
28/01/2011 18:15:05,10.0
29/01/2011 18:15:05,10.0
30/01/2011 18:15:05,10.0
31/01/2011 18:15:05,10.0
01/02/2011 18:15:05,10.0
02/02/2011 18:15:05,10.0
03/02/2011 18:15:05,10.0
04/02/2011 18:15:05,10.0
05/02/2011 18:15:05,10.0
06/02/2011 18:15:05,10.0
07/02/2011 18:15:05,10.0
08/02/2011 18:15:05,10.0
09/02/2011 18:15:05,10.0
10/02/2011 18:15:05,10.0
11/02/2011 18:15:05,10.0
12/02/2011 18:15:05,10.0
13/02/2011 18:15:05,10.0
14/02/2011 18:15:05,10.0
15/02/2011 18:15:05,10.0
16/02/2011 18:15:05,10.0
17/02/2011 18:15:05,10.0
18/02/2011 18:15:05,10.0
19/02/2011 18:15:05,10.0
20/02/2011 18:15:05,10.0
21/02/2011 18:15:05,10.0
22/02/2011 18:15:05,10.0
23/02/2011 18:15:05,10.0
24/02/2011 18:15:05,10.0
25/02/2011 18:15:05,10.0
26/02/2011 18:15:05,10.0
27/02/2011 18:15:05,10.0
28/02/2011 18:15:05,10.0
01/03/2011 18:15:05,10.0
02/03/2011 18:15:05,10.0
03/03/2011 18:15:05,10.0
04/03/2011 18:15:05,10.0
05/03/2011 18:15:05,10.0
06/03/2011 18:15:05,10.0
07/03/2011 18:15:05,10.0
08/03/2011 18:15:05,10.0
09/03/2011 18:15:05,10.0
10/03/2011 18:15:05,10.0
11/03/2011 18:15:05,10.0
12/03/2011 18:15:05,10.0
13/03/2011 18:15:05,10.0
14/03/2011 18:15:05,10.0
15/03/2011 18:15:05,10.0
16/03/2011 18:15:05,10.0
17/03/2011 18:15:05,10.0
18/03/2011 18:15:05,10.0
19/03/2011 18:15:05,10.0
20/03/2011 18:15:05,10.0
21/03/2011 18:15:05,12.0
22/03/2011 18:15:05,12.0
23/03/2011 18:15:05,13.0
24/03/2011 18:15:05,13.0
25/03/2011 18:15:05,13.0
26/03/2011 18:15:05,14.0
27/03/2011 18:15:05,14.0
28/03/2011 18:15:05,15.0
29/03/2011 18:15:05,15.0
30/03/2011 18:15:05,15.0
31/03/2011 18:15:05,15.0
01/04/2011 18:15:05,15.0
02/04/2011 18:15:05,15.0
03/04/2011 18:15:05,15.0
04/04/2011 18:15:05,15.0
05/04/2011 18:15:05,15.0
06/04/2011 18:15:05,15.0
07/04/2011 18:15:05,15.0
08/04/2011 18:15:05,15.0
09/04/2011 18:15:05,15.0
10/04/2011 18:15:05,15.0
11/04/2011 18:15:05,15.0
12/04/2011 18:15:05,15.0
13/04/2011 18:15:05,15.0
14/04/2011 18:15:05,16.0
15/04/2011 18:15:05,16.0
16/04/2011 18:15:05,17.0
17/04/2011 18:15:05,17.0
18/04/2011 18:15:05,17.0
19/04/2011 18:15:05,18.0
20/04/2011 18:15:05,19.0
21/04/2011 18:15:05,19.0
22/04/2011 18:15:05,19.0
23/04/2011 18:15:05,19.0
24/04/2011 18:15:05,20.0
25/04/2011 18:15:05,21.0
26/04/2011 18:15:05,22.0
27/04/2011 18:15:05,23.0
28/04/2011 18:15:05,24.0
29/04/2011 18:15:05,25.0
30/04/2011 18:15:05,26.0
01/05/2011 18:15:05,27.0
02/05/2011 18:15:05,28.0
03/05/2011 18:15:05,29.0
04/05/2011 18:15:05,30.0
05/05/2011 18:15:05,31.0
06/05/2011 18:15:05,32.0
07/05/2011 18:15:05,33.0
08/05/2011 18:15:05,34.0
09/05/2011 18:15:05,35.0
10/05/2011 18:15:05,36.0
11/05/2011 18:15:05,37.0
12/05/2011 18:15:05,38.0
13/05/2011 18:15:05,40.0
14/05/2011 18:15:05,41.0
15/05/2011 18:15:05,42.0
16/05/2011 18:15:05,43.0
17/05/2011 18:15:05,44.0
18/05/2011 18:15:05,46.0
19/05/2011 18:15:05,48.0
20/05/2011 18:15:05,50.0
21/05/2011 18:15:05,51.0
22/05/2011 18:15:05,53.0
23/05/2011 18:15:05,55.0
24/05/2011 18:15:05,57.0
25/05/2011 18:15:05,59.0
26/05/2011 18:15:05,61.0
27/05/2011 18:15:05,63.0
28/05/2011 18:15:05,64.0
29/05/2011 18:15:05,65.0
30/05/2011 18:15:05,66.0
31/05/2011 18:15:05,68.0
01/06/2011 18:15:05,70.0
02/06/2011 18:15:05,73.0
03/06/2011 18:15:05,77.0
04/06/2011 18:15:05,80.0
05/06/2011 18:15:05,83.0
06/06/2011 18:15:05,86.0
07/06/2011 18:15:05,89.0
08/06/2011 18:15:05,94.0
09/06/2011 18:15:05,99.0
10/06/2011 18:15:05,103.0
11/06/2011 18:15:05,107.0
12/06/2011 18:15:05,111.0
13/06/2011 18:15:05,116.0
14/06/2011 18:15:05,121.0
15/06/2011 18:15:05,126.0
16/06/2011 18:15:05,131.0
17/06/2011 18:15:05,136.0
18/06/2011 18:15:05,140.0
19/06/2011 18:15:05,144.0
20/06/2011 18:15:05,148.0
21/06/2011 18:15:05,151.0
22/06/2011 18:15:05,155.0
23/06/2011 18:15:05,159.0
24/06/2011 18:15:05,163.0
25/06/2011 18:15:05,167.0
26/06/2011 18:15:05,171.0
27/06/2011 18:15:05,176.0
28/06/2011 18:15:05,180.0
29/06/2011 18:15:05,184.0
30/06/2011 18:15:05,188.0
01/07/2011 18:15:05,192.0
02/07/2011 18:15:05,196.0
03/07/2011 18:15:05,199.0
04/07/2011 18:15:05,202.0
05/07/2011 18:15:05,205.0
06/07/2011 18:15:05,209.0
07/07/2011 18:15:05,213.0
08/07/2011 18:15:05,216.0
09/07/2011 18:15:05,219.0
10/07/2011 18:15:05,222.0
11/07/2011 18:15:05,226.0
12/07/2011 18:15:05,229.0
13/07/2011 18:15:05,232.0
14/07/2011 18:15:05,235.0
15/07/2011 18:15:05,238.0
16/07/2011 18:15:05,241.0
17/07/2011 18:15:05,244.0
18/07/2011 18:15:05,248.0
19/07/2011 18:15:05,252.0
20/07/2011 18:15:05,255.0
21/07/2011 18:15:05,258.0
22/07/2011 18:15:05,261.0
23/07/2011 18:15:05,264.0
24/07/2011 18:15:05,267.0
25/07/2011 18:15:05,271.0
26/07/2011 18:15:05,274.0
27/07/2011 18:15:05,277.0
28/07/2011 18:15:05,280.0
29/07/2011 18:15:05,283.0
30/07/2011 18:15:05,285.0
31/07/2011 18:15:05,288.0
01/08/2011 18:15:05,291.0
02/08/2011 18:15:05,294.0
03/08/2011 18:15:05,297.0
04/08/2011 18:15:05,300.0
05/08/2011 18:15:05,303.0
06/08/2011 18:15:05,306.0
07/08/2011 18:15:05,308.0
08/08/2011 18:15:05,311.0
09/08/2011 18:15:05,314.0
10/08/2011 18:15:05,317.0
11/08/2011 18:15:05,320.0
12/08/2011 18:15:05,322.0
13/08/2011 18:15:05,325.0
14/08/2011 18:15:05,328.0
15/08/2011 18:15:05,331.0
16/08/2011 18:15:05,334.0
17/08/2011 18:15:05,337.0
18/08/2011 18:15:05,340.0
19/08/2011 18:15:05,343.0
20/08/2011 18:15:05,346.0
21/08/2011 18:15:05,349.0
22/08/2011 18:15:05,352.0
23/08/2011 18:15:05,355.0
24/08/2011 18:15:05,358.0
25/08/2011 18:15:05,361.0
26/08/2011 18:15:05,364.0
27/08/2011 18:15:05,367.0
28/08/2011 18:15:05,369.0
29/08/2011 18:15:05,372.0
30/08/2011 18:15:05,375.0
31/08/2011 18:15:05,377.0
01/09/2011 18:15:05,380.0
02/09/2011 18:15:05,382.0
03/09/2011 18:15:05,384.0
04/09/2011 18:15:05,389.0
05/09/2011 18:15:05,392.0
06/09/2011 18:15:05,395.0
07/09/2011 18:15:05,398.0
08/09/2011 18:15:05,400.0
09/09/2011 18:15:05,403.0
10/09/2011 18:15:05,406.0
11/09/2011 18:15:05,408.0
12/09/2011 18:15:05,411.0
13/09/2011 18:15:05,413.0
14/09/2011 18:15:05,415.0
15/09/2011 18:15:05,417.0
16/09/2011 18:15:05,419.0
17/09/2011 18:15:05,421.0
18/09/2011 18:15:05,423.0
19/09/2011 18:15:05,425.0
20/09/2011 18:15:05,428.0
21/09/2011 18:15:05,431.0
22/09/2011 18:15:05,433.0
23/09/2011 18:15:05,435.0
24/09/2011 18:15:05,437.0
25/09/2011 18:15:05,439.0
26/09/2011 18:15:05,441.0
27/09/2011 18:15:05,443.0
28/09/2011 18:15:05,445.0
29/09/2011 18:15:05,447.0
30/09/2011 18:15:05,449.0
01/10/2011 18:15:05,451.0
02/10/2011 18:15:05,453.0
03/10/2011 18:15:05,455.0
04/10/2011 18:15:05,457.0
05/10/2011 18:15:05,459.0
06/10/2011 18:15:05,461.0
07/10/2011 18:15:05,463.0
08/10/2011 18:15:05,465.0
09/10/2011 18:15:05,467.0
10/10/2011 18:15:05,469.0
11/10/2011 18:15:05,471.0
12/10/2011 18:15:05,473.0
13/10/2011 18:15:05,475.0
14/10/2011 18:15:05,477.0
15/10/2011 18:15:05,479.0
16/10/2011 18:15:05,481.0
17/10/2011 18:15:05,483.0
18/10/2011 18:15:05,485.0
19/10/2011 18:15:05,487.0
20/10/2011 18:15:05,488.0
21/10/2011 18:15:05,490.0
22/10/2011 18:15:05,491.0
23/10/2011 18:15:05,493.0
24/10/2011 18:15:05,495.0
25/10/2011 18:15:05,497.0
26/10/2011 18:15:05,499.0
27/10/2011 18:15:05,500.0
28/10/2011 18:15:05,502.0
29/10/2011 18:15:05,504.0
30/10/2011 18:15:05,505.0
31/10/2011 18:15:05,507.0
01/11/2011 18:15:05,509.0
02/11/2011 18:15:05,511.0
03/11/2011 18:15:05,513.0
04/11/2011 18:15:05,515.0
05/11/2011 18:15:05,517.0
06/11/2011 18:15:05,519.0
07/11/2011 18:15:05,521.0
08/11/2011 18:15:05,523.0
09/11/2011 18:15:05,525.0
10/11/2011 18:15:05,527.0
11/11/2011 18:15:05,529.0
12/11/2011 18:15:05,531.0
13/11/2011 18:15:05,533.0
14/11/2011 18:15:05,535.0
15/11/2011 18:15:05,537.0
16/11/2011 18:15:05,539.0
17/11/2011 18:15:05,541.0
18/11/2011 18:15:05,543.0
19/11/2011 18:15:05,545.0
20/11/2011 18:15:05,547.0
21/11/2011 18:15:05,549.0
22/11/2011 18:15:05,551.0
23/11/2011 18:15:05,553.0
24/11/2011 18:15:05,555.0
25/11/2011 18:15:05,557.0
26/11/2011 18:15:05,559.0
27/11/2011 18:15:05,560.0
28/11/2011 18:15:05,562.0
29/11/2011 18:15:05,565.0
30/11/2011 18:15:05,567.0
01/12/2011 18:15:05,570.0
02/12/2011 18:15:05,572.0
03/12/2011 18:15:05,574.0
04/12/2011 18:15:05,576.0
05/12/2011 18:15:05,578.0
06/12/2011 18:15:05,580.0
07/12/2011 18:15:05,583.0
08/12/2011 18:15:05,585.0
09/12/2011 18:15:05,587.0
10/12/2011 18:15:05,589.0
11/12/2011 18:15:05,591.0
12/12/2011 18:15:05,593.0
13/12/2011 18:15:05,595.0
14/12/2011 18:15:05,597.0
15/12/2011 18:15:05,599.0
16/12/2011 18:15:05,601.0
17/12/2011 18:15:05,603.0
18/12/2011 18:15:05,605.0
19/12/2011 18:15:05,607.0
20/12/2011 18:15:05,610.0
21/12/2011 18:15:05,612.0
22/12/2011 18:15:05,614.0
23/12/2011 18:15:05,616.0
24/12/2011 18:15:05,617.0
25/12/2011 18:15:05,619.0
26/12/2011 18:15:05,621.0
27/12/2011 18:15:05,623.0
28/12/2011 18:15:05,625.0
29/12/2011 18:15:05,627.0
30/12/2011 18:15:05,629.0
31/12/2011 18:15:05,631.0
01/01/2012 18:15:05,633.0
02/01/2012 18:15:05,636.0
03/01/2012 18:15:05,638.0
04/01/2012 18:15:05,640.0
05/01/2012 18:15:05,643.0
06/01/2012 18:15:05,646.0
07/01/2012 18:15:05,649.0
08/01/2012 18:15:05,652.0
09/01/2012 18:15:05,655.0
10/01/2012 18:15:05,658.0
11/01/2012 18:15:05,662.0
12/01/2012 18:15:05,665.0
13/01/2012 18:15:05,668.0
14/01/2012 18:15:05,670.0
15/01/2012 18:15:05,673.0
16/01/2012 18:15:05,676.0
17/01/2012 18:15:05,678.0
18/01/2012 18:15:05,681.0
19/01/2012 18:15:05,684.0
20/01/2012 18:15:05,687.0
21/01/2012 18:15:05,690.0
22/01/2012 18:15:05,692.0
23/01/2012 18:15:05,694.0
24/01/2012 18:15:05,697.0
25/01/2012 18:15:05,700.0
26/01/2012 18:15:05,702.0
27/01/2012 18:15:05,705.0
28/01/2012 18:15:05,707.0
29/01/2012 18:15:05,710.0
30/01/2012 18:15:05,712.0
31/01/2012 18:15:05,714.0
01/02/2012 18:15:05,717.0
02/02/2012 18:15:05,720.0
03/02/2012 18:15:05,723.0
04/02/2012 18:15:05,726.0
05/02/2012 18:15:05,728.0
06/02/2012 18:15:05,730.0
07/02/2012 18:15:05,732.0
08/02/2012 18:15:05,734.0
09/02/2012 18:15:05,737.0
10/02/2012 18:15:05,740.0
11/02/2012 18:15:05,743.0
12/02/2012 18:15:05,746.0
13/02/2012 18:15:05,749.0
14/02/2012 18:15:05,753.0
15/02/2012 18:15:05,757.0
16/02/2012 18:15:05,761.0
17/02/2012 18:15:05,764.0
18/02/2012 18:15:05,766.0
19/02/2012 18:15:05,768.0
20/02/2012 18:15:05,770.0
21/02/2012 18:15:05,772.0
22/02/2012 18:15:05,775.0
23/02/2012 18:15:05,778.0
24/02/2012 18:15:05,781.0
25/02/2012 18:15:05,784.0
26/02/2012 18:15:05,786.0
27/02/2012 18:15:05,789.0
28/02/2012 18:15:05,792.0
29/02/2012 18:15:05,795.0
01/03/2012 18:15:05,798.0
02/03/2012 18:15:05,801.0
03/03/2012 18:15:05,803.0
04/03/2012 18:15:05,805.0
05/03/2012 18:15:05,808.0
06/03/2012 18:15:05,811.0
07/03/2012 18:15:05,814.0
08/03/2012 18:15:05,817.0
09/03/2012 18:15:05,819.0
10/03/2012 18:15:05,822.0
11/03/2012 18:15:05,824.0
12/03/2012 18:15:05,826.0
13/03/2012 18:15:05,829.0
14/03/2012 18:15:05,833.0
15/03/2012 18:15:05,836.0
16/03/2012 18:15:05,838.0
17/03/2012 18:15:05,841.0
18/03/2012 18:15:05,843.0
19/03/2012 18:15:05,846.0
20/03/2012 18:15:05,848.0
21/03/2012 18:15:05,851.0
22/03/2012 18:15:05,854.0
23/03/2012 18:15:05,856.0
24/03/2012 18:15:05,858.0
25/03/2012 18:15:05,860.0
26/03/2012 18:15:05,863.0
27/03/2012 18:15:05,865.0
28/03/2012 18:15:05,868.0
29/03/2012 18:15:05,871.0
30/03/2012 18:15:05,874.0
31/03/2012 18:15:05,876.0
01/04/2012 18:15:05,878.0
02/04/2012 18:15:05,880.0
03/04/2012 18:15:05,883.0
04/04/2012 18:15:05,886.0
05/04/2012 18:15:05,889.0
06/04/2012 18:15:05,892.0
07/04/2012 18:15:05,894.0
08/04/2012 18:15:05,896.0
09/04/2012 18:15:05,898.0
10/04/2012 18:15:05,901.0
11/04/2012 18:15:05,904.0
12/04/2012 18:15:05,907.0
13/04/2012 18:15:05,910.0
14/04/2012 18:15:05,913.0
15/04/2012 18:15:05,916.0
16/04/2012 18:15:05,919.0
17/04/2012 18:15:05,923.0
18/04/2012 18:15:05,927.0
19/04/2012 18:15:05,930.0
20/04/2012 18:15:05,933.0
21/04/2012 18:15:05,937.0
22/04/2012 18:15:05,940.0
23/04/2012 18:15:05,943.0
24/04/2012 18:15:05,946.0
25/04/2012 18:15:05,949.0
26/04/2012 18:15:05,953.0
27/04/2012 18:15:05,956.0
28/04/2012 18:15:05,959.0
29/04/2012 18:15:05,962.0
30/04/2012 18:15:05,965.0
01/05/2012 18:15:05,969.0
02/05/2012 18:15:05,973.0
03/05/2012 18:15:05,978.0
04/05/2012 18:15:05,984.0
05/05/2012 18:15:05,989.0
06/05/2012 18:15:05,995.0
07/05/2012 18:15:05,1002.0
08/05/2012 18:15:05,1009.0
09/05/2012 18:15:05,1017.0
10/05/2012 18:15:05,1022.0
11/05/2012 18:15:05,1028.0
12/05/2012 18:15:05,1037.0
13/05/2012 18:15:05,1043.0
14/05/2012 18:15:05,1055.0
15/05/2012 18:15:05,1064.0
16/05/2012 18:15:05,1073.0
17/05/2012 18:15:05,1080.0
18/05/2012 18:15:05,1089.0
19/05/2012 18:15:05,1105.0
20/05/2012 18:15:05,1119.0
21/05/2012 18:15:05,1131.0
22/05/2012 18:15:05,1142.0
23/05/2012 18:15:05,1153.0
24/05/2012 18:15:05,1164.0
25/05/2012 18:15:05,1176.0
26/05/2012 18:15:05,1186.0
27/05/2012 18:15:05,1196.0
28/05/2012 18:15:05,1210.0
29/05/2012 18:15:05,1224.0
30/05/2012 18:15:05,1235.0
31/05/2012 18:15:05,1244.0
01/06/2012 18:15:05,1255.0
02/06/2012 18:15:05,1263.0
03/06/2012 18:15:05,1274.0
04/06/2012 18:15:05,1293.0
05/06/2012 18:15:05,1313.0
06/06/2012 18:15:05,1321.0
07/06/2012 18:15:05,1334.0
08/06/2012 18:15:05,1345.0
09/06/2012 18:15:05,1359.0
10/06/2012 18:15:05,1375.0
11/06/2012 18:15:05,1390.0
12/06/2012 18:15:05,1400.0
13/06/2012 18:15:05,1422.0
14/06/2012 18:15:05,1447.0
15/06/2012 18:15:05,1472.0
16/06/2012 18:15:05,1494.0
17/06/2012 18:15:05,1511.0
18/06/2012 18:15:05,1528.0
19/06/2012 18:15:05,1545.0
20/06/2012 18:15:05,1561.0
21/06/2012 18:15:05,1573.0
22/06/2012 18:15:05,1585.0
23/06/2012 18:15:05,1595.0
24/06/2012 18:15:05,1604.0
25/06/2012 18:15:05,1615.0
26/06/2012 18:15:05,1629.0
27/06/2012 18:15:05,1642.0
28/06/2012 18:15:05,1654.0
29/06/2012 18:15:05,1663.0
30/06/2012 18:15:05,1672.0
01/07/2012 18:15:05,1680.0
02/07/2012 18:15:05,1689.0
03/07/2012 18:15:05,1698.0
04/07/2012 18:15:05,1707.0
05/07/2012 18:15:05,1716.0
06/07/2012 18:15:05,1725.0
07/07/2012 18:15:05,1735.0
08/07/2012 18:15:05,1744.0
09/07/2012 18:15:05,1755.0
10/07/2012 18:15:05,1769.0
11/07/2012 18:15:05,1782.0
12/07/2012 18:15:05,1793.0
13/07/2012 18:15:05,1803.0
14/07/2012 18:15:05,1814.0
15/07/2012 18:15:05,1825.0
16/07/2012 18:15:05,1838.0
17/07/2012 18:15:05,1853.0
18/07/2012 18:15:05,1867.0
19/07/2012 18:15:05,1881.0
20/07/2012 18:15:05,1896.0
21/07/2012 18:15:05,1912.0
22/07/2012 18:15:05,1924.0
23/07/2012 18:15:05,1938.0
24/07/2012 18:15:05,1951.0
25/07/2012 18:15:05,1963.0
26/07/2012 18:15:05,1976.0
27/07/2012 18:15:05,1987.0
28/07/2012 18:15:05,2000.0
29/07/2012 18:15:05,2013.0
30/07/2012 18:15:05,2030.0
31/07/2012 18:15:05,2045.0
01/08/2012 18:15:05,2060.0
02/08/2012 18:15:05,2073.0
03/08/2012 18:15:05,2086.0
04/08/2012 18:15:05,2098.0
05/08/2012 18:15:05,2111.0
06/08/2012 18:15:05,2125.0
07/08/2012 18:15:05,2136.0
08/08/2012 18:15:05,2151.0
09/08/2012 18:15:05,2164.0
10/08/2012 18:15:05,2175.0
11/08/2012 18:15:05,2186.0
12/08/2012 18:15:05,2199.0
13/08/2012 18:15:05,2219.0
14/08/2012 18:15:05,2235.0
15/08/2012 18:15:05,2256.0
16/08/2012 18:15:05,2277.0
17/08/2012 18:15:05,2293.0
18/08/2012 18:15:05,2309.0
19/08/2012 18:15:05,2326.0
20/08/2012 18:15:05,2342.0
21/08/2012 18:15:05,2358.0
22/08/2012 18:15:05,2374.0
23/08/2012 18:15:05,2387.0
24/08/2012 18:15:05,2399.0
25/08/2012 18:15:05,2413.0
26/08/2012 18:15:05,2425.0
27/08/2012 18:15:05,2438.0
28/08/2012 18:15:05,2450.0
29/08/2012 18:15:05,2463.0
30/08/2012 18:15:05,2476.0
31/08/2012 18:15:05,2493.0
01/09/2012 18:15:05,2510.0
02/09/2012 18:15:05,2523.0
03/09/2012 18:15:05,2540.0
04/09/2012 18:15:05,2556.0
05/09/2012 18:15:05,2573.0
06/09/2012 18:15:05,2591.0
07/09/2012 18:15:05,2605.0
08/09/2012 18:15:05,2619.0
09/09/2012 18:15:05,2631.0
10/09/2012 18:15:05,2644.0
11/09/2012 18:15:05,2659.0
12/09/2012 18:15:05,2672.0
13/09/2012 18:15:05,2684.0
14/09/2012 18:15:05,2699.0
15/09/2012 18:15:05,2712.0
16/09/2012 18:15:05,2724.0
17/09/2012 18:15:05,2735.0
18/09/2012 18:15:05,2748.0
19/09/2012 18:15:05,2762.0
20/09/2012 18:15:05,2776.0
21/09/2012 18:15:05,2789.0
22/09/2012 18:15:05,2801.0
23/09/2012 18:15:05,2812.0
24/09/2012 18:15:05,2826.0
25/09/2012 18:15:05,2836.0
26/09/2012 18:15:05,2849.0
27/09/2012 18:15:05,2862.0
28/09/2012 18:15:05,2875.0
29/09/2012 18:15:05,2887.0
30/09/2012 18:15:05,2897.0
01/10/2012 18:15:05,2909.0
02/10/2012 18:15:05,2922.0
03/10/2012 18:15:05,2937.0
04/10/2012 18:15:05,2951.0
05/10/2012 18:15:05,2966.0
06/10/2012 18:15:05,2981.0
07/10/2012 18:15:05,2996.0
08/10/2012 18:15:05,3013.0
09/10/2012 18:15:05,3029.0
10/10/2012 18:15:05,3043.0
11/10/2012 18:15:05,3056.0
12/10/2012 18:15:05,3067.0
13/10/2012 18:15:05,3084.0
14/10/2012 18:15:05,3096.0
15/10/2012 18:15:05,3110.0
16/10/2012 18:15:05,3126.0
17/10/2012 18:15:05,3142.0
18/10/2012 18:15:05,3156.0
19/10/2012 18:15:05,3170.0
20/10/2012 18:15:05,3183.0
21/10/2012 18:15:05,3200.0
22/10/2012 18:15:05,3215.0
23/10/2012 18:15:05,3233.0
24/10/2012 18:15:05,3249.0
25/10/2012 18:15:05,3262.0
26/10/2012 18:15:05,3272.0
27/10/2012 18:15:05,3280.0
28/10/2012 18:15:05,3288.0
29/10/2012 18:15:05,3298.0
30/10/2012 18:15:05,3311.0
31/10/2012 18:15:05,3324.0
01/11/2012 18:15:05,3336.0
02/11/2012 18:15:05,3348.0
03/11/2012 18:15:05,3359.0
04/11/2012 18:15:05,3369.0
05/11/2012 18:15:05,3384.0
06/11/2012 18:15:05,3397.0
07/11/2012 18:15:05,3414.0
08/11/2012 18:15:05,3429.0
09/11/2012 18:15:05,3441.0
10/11/2012 18:15:05,3453.0
11/11/2012 18:15:05,3463.0
12/11/2012 18:15:05,3474.0
13/11/2012 18:15:05,3485.0
14/11/2012 18:15:05,3498.0
15/11/2012 18:15:05,3514.0
16/11/2012 18:15:05,3531.0
17/11/2012 18:15:05,3548.0
18/11/2012 18:15:05,3563.0
19/11/2012 18:15:05,3578.0
20/11/2012 18:15:05,3595.0
21/11/2012 18:15:05,3614.0
22/11/2012 18:15:05,3629.0
23/11/2012 18:15:05,3644.0
24/11/2012 18:15:05,3657.0
25/11/2012 18:15:05,3672.0
26/11/2012 18:15:05,3688.0
27/11/2012 18:15:05,3702.0
28/11/2012 18:15:05,3718.0
29/11/2012 18:15:05,3736.0
30/11/2012 18:15:05,3748.0
01/12/2012 18:15:05,3764.0
02/12/2012 18:15:05,3773.0
03/12/2012 18:15:05,3783.0
04/12/2012 18:15:05,3795.0
05/12/2012 18:15:05,3811.0
06/12/2012 18:15:05,3829.0
07/12/2012 18:15:05,3843.0
08/12/2012 18:15:05,3857.0
09/12/2012 18:15:05,3871.0
10/12/2012 18:15:05,3889.0
11/12/2012 18:15:05,3905.0
12/12/2012 18:15:05,3921.0
13/12/2012 18:15:05,3939.0
14/12/2012 18:15:05,3957.0
15/12/2012 18:15:05,3972.0
16/12/2012 18:15:05,3987.0
17/12/2012 18:15:05,4004.0
18/12/2012 18:15:05,4025.0
19/12/2012 18:15:05,4046.0
20/12/2012 18:15:05,4061.0
21/12/2012 18:15:05,4079.0
22/12/2012 18:15:05,4100.0
23/12/2012 18:15:05,4117.0
24/12/2012 18:15:05,4134.0
25/12/2012 18:15:05,4146.0
26/12/2012 18:15:05,4163.0
27/12/2012 18:15:05,4182.0
28/12/2012 18:15:05,4203.0
29/12/2012 18:15:05,4221.0
30/12/2012 18:15:05,4240.0
31/12/2012 18:15:05,4255.0
01/01/2013 18:15:05,4267.0
02/01/2013 18:15:05,4284.0
03/01/2013 18:15:05,4301.0
04/01/2013 18:15:05,4323.0
05/01/2013 18:15:05,4339.0
06/01/2013 18:15:05,4353.0
07/01/2013 18:15:05,4371.0
08/01/2013 18:15:05,4387.0
09/01/2013 18:15:05,4407.0
10/01/2013 18:15:05,4430.0
11/01/2013 18:15:05,4453.0
12/01/2013 18:15:05,4473.0
13/01/2013 18:15:05,4492.0
14/01/2013 18:15:05,4512.0
15/01/2013 18:15:05,4531.0
16/01/2013 18:15:05,4553.0
17/01/2013 18:15:05,4574.0
18/01/2013 18:15:05,4598.0
19/01/2013 18:15:05,4622.0
20/01/2013 18:15:05,4640.0
21/01/2013 18:15:05,4658.0
22/01/2013 18:15:05,4676.0
23/01/2013 18:15:05,4699.0
24/01/2013 18:15:05,4722.0
25/01/2013 18:15:05,4743.0
26/01/2013 18:15:05,4767.0
27/01/2013 18:15:05,4790.0
28/01/2013 18:15:05,4814.0
29/01/2013 18:15:05,4840.0
30/01/2013 18:15:05,4861.0
31/01/2013 18:15:05,4882.0
01/02/2013 18:15:05,4907.0
02/02/2013 18:15:05,4933.0
03/02/2013 18:15:05,4958.0
04/02/2013 18:15:05,4983.0
05/02/2013 18:15:05,5006.0
06/02/2013 18:15:05,5026.0
07/02/2013 18:15:05,5051.0
08/02/2013 18:15:05,5080.0
09/02/2013 18:15:05,5102.0
10/02/2013 18:15:05,5127.0
11/02/2013 18:15:05,5153.0
12/02/2013 18:15:05,5179.0
13/02/2013 18:15:05,5205.0
14/02/2013 18:15:05,5229.0
15/02/2013 18:15:05,5256.0
16/02/2013 18:15:05,5279.0
17/02/2013 18:15:05,5302.0
18/02/2013 18:15:05,5323.0
19/02/2013 18:15:05,5348.0
20/02/2013 18:15:05,5375.0
21/02/2013 18:15:05,5402.0
22/02/2013 18:15:05,5428.0
23/02/2013 18:15:05,5455.0
24/02/2013 18:15:05,5480.0
25/02/2013 18:15:05,5509.0
26/02/2013 18:15:05,5536.0
27/02/2013 18:15:05,5564.0
28/02/2013 18:15:05,5592.0
01/03/2013 18:15:05,5622.0
02/03/2013 18:15:05,5650.0
03/03/2013 18:15:05,5672.0
04/03/2013 18:15:05,5701.0
05/03/2013 18:15:05,5727.0
06/03/2013 18:15:05,5758.0
07/03/2013 18:15:05,5788.0
08/03/2013 18:15:05,5818.0
09/03/2013 18:15:05,5840.0
10/03/2013 18:15:05,5873.0
11/03/2013 18:15:05,5905.0
12/03/2013 18:15:05,5926.0
13/03/2013 18:15:05,5952.0
14/03/2013 18:15:05,5980.0
15/03/2013 18:15:05,6008.0
16/03/2013 18:15:05,6030.0
17/03/2013 18:15:05,6046.0
18/03/2013 18:15:05,6064.0
19/03/2013 18:15:05,6087.0
20/03/2013 18:15:05,6107.0
21/03/2013 18:15:05,6133.0
22/03/2013 18:15:05,6162.0
23/03/2013 18:15:05,6191.0
24/03/2013 18:15:05,6215.0
25/03/2013 18:15:05,6239.0
26/03/2013 18:15:05,6263.0
27/03/2013 18:15:05,6287.0
28/03/2013 18:15:05,6316.0
29/03/2013 18:15:05,6349.0
30/03/2013 18:15:05,6377.0
31/03/2013 18:15:05,6406.0
01/04/2013 18:15:05,6433.0
02/04/2013 18:15:05,6463.0
03/04/2013 18:15:05,6495.0
04/04/2013 18:15:05,6530.0
05/04/2013 18:15:05,6557.0
06/04/2013 18:15:05,6584.0
07/04/2013 18:15:05,6616.0
08/04/2013 18:15:05,6647.0
09/04/2013 18:15:05,6676.0
10/04/2013 18:15:05,6709.0
11/04/2013 18:15:05,6743.0
12/04/2013 18:15:05,6773.0
13/04/2013 18:15:05,6797.0
14/04/2013 18:15:05,6822.0
15/04/2013 18:15:05,6848.0
16/04/2013 18:15:05,6879.0
17/04/2013 18:15:05,6906.0
18/04/2013 18:15:05,6930.0
19/04/2013 18:15:05,6958.0
20/04/2013 18:15:05,6981.0
21/04/2013 18:15:05,7003.0
22/04/2013 18:15:05,7025.0
23/04/2013 18:15:05,7051.0
24/04/2013 18:15:05,7086.0
25/04/2013 18:15:05,7115.0
26/04/2013 18:15:05,7142.0
27/04/2013 18:15:05,7165.0
28/04/2013 18:15:05,7186.0
29/04/2013 18:15:05,7211.0
30/04/2013 18:15:05,7238.0
01/05/2013 18:15:05,7261.0
02/05/2013 18:15:05,7288.0
03/05/2013 18:15:05,7315.0
04/05/2013 18:15:05,7339.0
05/05/2013 18:15:05,7363.0
06/05/2013 18:15:05,7389.0
07/05/2013 18:15:05,7418.0
08/05/2013 18:15:05,7443.0
09/05/2013 18:15:05,7473.0
10/05/2013 18:15:05,7505.0
11/05/2013 18:15:05,7538.0
12/05/2013 18:15:05,7570.0
13/05/2013 18:15:05,7599.0
14/05/2013 18:15:05,7628.0
15/05/2013 18:15:05,7659.0
16/05/2013 18:15:05,7689.0
17/05/2013 18:15:05,7718.0
18/05/2013 18:15:05,7742.0
19/05/2013 18:15:05,7764.0
20/05/2013 18:15:05,7786.0
21/05/2013 18:15:05,7812.0
22/05/2013 18:15:05,7838.0
23/05/2013 18:15:05,7864.0
24/05/2013 18:15:05,7890.0
25/05/2013 18:15:05,7916.0
26/05/2013 18:15:05,7937.0
27/05/2013 18:15:05,7962.0
28/05/2013 18:15:05,7987.0
29/05/2013 18:15:05,8013.0
30/05/2013 18:15:05,8040.0
31/05/2013 18:15:05,8067.0
01/06/2013 18:15:05,8092.0
02/06/2013 18:15:05,8116.0
03/06/2013 18:15:05,8141.0
04/06/2013 18:15:05,8169.0
05/06/2013 18:15:05,8195.0
06/06/2013 18:15:05,8221.0
07/06/2013 18:15:05,8247.0
08/06/2013 18:15:05,8269.0
09/06/2013 18:15:05,8290.0
10/06/2013 18:15:05,8309.0
11/06/2013 18:15:05,8332.0
12/06/2013 18:15:05,8353.0
13/06/2013 18:15:05,8373.0
14/06/2013 18:15:05,8395.0
15/06/2013 18:15:05,8414.0
16/06/2013 18:15:05,8432.0
17/06/2013 18:15:05,8451.0
18/06/2013 18:15:05,8472.0
19/06/2013 18:15:05,8493.0
20/06/2013 18:15:05,8515.0
21/06/2013 18:15:05,8540.0
22/06/2013 18:15:05,8560.0
23/06/2013 18:15:05,8578.0
24/06/2013 18:15:05,8597.0
25/06/2013 18:15:05,8617.0
26/06/2013 18:15:05,8637.0
27/06/2013 18:15:05,8658.0
28/06/2013 18:15:05,8680.0
29/06/2013 18:15:05,8698.0
30/06/2013 18:15:05,8713.0
01/07/2013 18:15:05,8728.0
02/07/2013 18:15:05,8747.0
03/07/2013 18:15:05,8762.0
04/07/2013 18:15:05,8777.0
05/07/2013 18:15:05,8793.0
06/07/2013 18:15:05,8809.0
07/07/2013 18:15:05,8823.0
08/07/2013 18:15:05,8840.0
09/07/2013 18:15:05,8859.0
10/07/2013 18:15:05,8877.0
11/07/2013 18:15:05,8896.0
12/07/2013 18:15:05,8919.0
13/07/2013 18:15:05,8938.0
14/07/2013 18:15:05,8954.0
15/07/2013 18:15:05,8971.0
16/07/2013 18:15:05,8988.0
17/07/2013 18:15:05,9006.0
18/07/2013 18:15:05,9025.0
19/07/2013 18:15:05,9041.0
20/07/2013 18:15:05,9056.0
21/07/2013 18:15:05,9073.0
22/07/2013 18:15:05,9089.0
23/07/2013 18:15:05,9107.0
24/07/2013 18:15:05,9125.0
25/07/2013 18:15:05,9144.0
26/07/2013 18:15:05,9163.0
27/07/2013 18:15:05,9179.0
28/07/2013 18:15:05,9194.0
29/07/2013 18:15:05,9214.0
30/07/2013 18:15:05,9232.0
31/07/2013 18:15:05,9257.0
01/08/2013 18:15:05,9278.0
02/08/2013 18:15:05,9302.0
03/08/2013 18:15:05,9324.0
04/08/2013 18:15:05,9344.0
05/08/2013 18:15:05,9365.0
06/08/2013 18:15:05,9388.0
07/08/2013 18:15:05,9413.0
08/08/2013 18:15:05,9438.0
09/08/2013 18:15:05,9461.0
10/08/2013 18:15:05,9484.0
11/08/2013 18:15:05,9502.0
12/08/2013 18:15:05,9526.0
13/08/2013 18:15:05,9553.0
14/08/2013 18:15:05,9576.0
15/08/2013 18:15:05,9604.0
16/08/2013 18:15:05,9633.0
17/08/2013 18:15:05,9658.0
18/08/2013 18:15:05,9681.0
19/08/2013 18:15:05,9711.0
20/08/2013 18:15:05,9741.0
21/08/2013 18:15:05,9768.0
22/08/2013 18:15:05,9794.0
23/08/2013 18:15:05,9821.0
24/08/2013 18:15:05,9845.0
25/08/2013 18:15:05,9865.0
26/08/2013 18:15:05,9890.0
27/08/2013 18:15:05,9918.0
28/08/2013 18:15:05,9946.0
29/08/2013 18:15:05,9972.0
30/08/2013 18:15:05,9999.0
31/08/2013 18:15:05,10022.0
01/09/2013 18:15:05,10043.0
02/09/2013 18:15:05,10065.0
03/09/2013 18:15:05,10089.0
04/09/2013 18:15:05,10111.0
05/09/2013 18:15:05,10136.0
06/09/2013 18:15:05,10163.0
07/09/2013 18:15:05,10187.0
08/09/2013 18:15:05,10207.0
09/09/2013 18:15:05,10231.0
10/09/2013 18:15:05,10254.0
11/09/2013 18:15:05,10275.0
12/09/2013 18:15:05,10298.0
13/09/2013 18:15:05,10320.0
14/09/2013 18:15:05,10341.0
15/09/2013 18:15:05,10362.0
16/09/2013 18:15:05,10384.0
17/09/2013 18:15:05,10414.0
18/09/2013 18:15:05,10442.0
19/09/2013 18:15:05,10468.0
20/09/2013 18:15:05,10494.0
21/09/2013 18:15:05,10518.0
22/09/2013 18:15:05,10541.0
23/09/2013 18:15:05,10567.0
24/09/2013 18:15:05,10595.0
25/09/2013 18:15:05,10620.0
26/09/2013 18:15:05,10645.0
27/09/2013 18:15:05,10668.0
28/09/2013 18:15:05,10689.0
29/09/2013 18:15:05,10708.0
30/09/2013 18:15:05,10727.0
01/10/2013 18:15:05,10751.0
02/10/2013 18:15:05,10780.0
03/10/2013 18:15:05,10810.0
04/10/2013 18:15:05,10834.0
05/10/2013 18:15:05,10856.0
06/10/2013 18:15:05,10877.0
07/10/2013 18:15:05,10897.0
08/10/2013 18:15:05,10917.0
09/10/2013 18:15:05,10939.0
10/10/2013 18:15:05,10966.0
11/10/2013 18:15:05,10990.0
12/10/2013 18:15:05,11013.0
13/10/2013 18:15:05,11038.0
14/10/2013 18:15:05,11066.0
15/10/2013 18:15:05,11092.0
16/10/2013 18:15:05,11117.0
17/10/2013 18:15:05,11139.0
18/10/2013 18:15:05,11166.0
19/10/2013 18:15:05,11193.0
20/10/2013 18:15:05,11218.0
21/10/2013 18:15:05,11246.0
22/10/2013 18:15:05,11279.0
23/10/2013 18:15:05,11307.0
24/10/2013 18:15:05,11341.0
25/10/2013 18:15:05,11372.0
26/10/2013 18:15:05,11397.0
27/10/2013 18:15:05,11418.0
28/10/2013 18:15:05,11440.0
29/10/2013 18:15:05,11464.0
30/10/2013 18:15:05,11488.0
31/10/2013 18:15:05,11514.0
01/11/2013 18:15:05,11538.0
02/11/2013 18:15:05,11560.0
03/11/2013 18:15:05,11579.0
04/11/2013 18:15:05,11601.0
05/11/2013 18:15:05,11627.0
06/11/2013 18:15:05,11658.0
07/11/2013 18:15:05,11688.0
08/11/2013 18:15:05,11718.0
09/11/2013 18:15:05,11748.0
10/11/2013 18:15:05,11778.0
11/11/2013 18:15:05,11805.0
12/11/2013 18:15:05,11833.0
13/11/2013 18:15:05,11862.0
14/11/2013 18:15:05,11896.0
15/11/2013 18:15:05,11925.0
16/11/2013 18:15:05,11950.0
17/11/2013 18:15:05,11973.0
18/11/2013 18:15:05,12011.0
19/11/2013 18:15:05,12060.0
20/11/2013 18:15:05,12098.0
21/11/2013 18:15:05,12138.0
22/11/2013 18:15:05,12177.0
23/11/2013 18:15:05,12214.0
24/11/2013 18:15:05,12244.0
25/11/2013 18:15:05,12277.0
26/11/2013 18:15:05,12315.0
27/11/2013 18:15:05,12358.0
28/11/2013 18:15:05,12405.0
29/11/2013 18:15:05,12446.0
30/11/2013 18:15:05,12485.0
01/12/2013 18:15:05,12518.0
02/12/2013 18:15:05,12554.0
03/12/2013 18:15:05,12592.0
04/12/2013 18:15:05,12630.0
05/12/2013 18:15:05,12672.0
06/12/2013 18:15:05,12707.0
07/12/2013 18:15:05,12742.0
08/12/2013 18:15:05,12766.0
09/12/2013 18:15:05,12794.0
10/12/2013 18:15:05,12830.0
11/12/2013 18:15:05,12863.0
12/12/2013 18:15:05,12891.0
13/12/2013 18:15:05,12921.0
14/12/2013 18:15:05,12954.0
15/12/2013 18:15:05,12984.0
16/12/2013 18:15:05,13017.0
17/12/2013 18:15:05,13054.0
18/12/2013 18:15:05,13094.0
19/12/2013 18:15:05,13126.0
20/12/2013 18:15:05,13159.0
21/12/2013 18:15:05,13190.0
22/12/2013 18:15:05,13215.0
23/12/2013 18:15:05,13242.0
24/12/2013 18:15:05,13271.0
25/12/2013 18:15:05,13301.0
26/12/2013 18:15:05,13328.0
27/12/2013 18:15:05,13356.0
28/12/2013 18:15:05,13381.0
29/12/2013 18:15:05,13406.0
30/12/2013 18:15:05,13440.0
31/12/2013 18:15:05,13468.0
01/01/2014 18:15:05,13488.0
02/01/2014 18:15:05,13513.0
03/01/2014 18:15:05,13545.0
04/01/2014 18:15:05,13572.0
05/01/2014 18:15:05,13602.0
06/01/2014 18:15:05,13639.0
07/01/2014 18:15:05,13671.0
08/01/2014 18:15:05,13702.0
09/01/2014 18:15:05,13730.0
10/01/2014 18:15:05,13758.0
11/01/2014 18:15:05,13787.0
12/01/2014 18:15:05,13813.0
13/01/2014 18:15:05,13840.0
14/01/2014 18:15:05,13867.0
15/01/2014 18:15:05,13897.0
16/01/2014 18:15:05,13925.0
17/01/2014 18:15:05,13954.0
18/01/2014 18:15:05,13979.0
19/01/2014 18:15:05,14004.0
20/01/2014 18:15:05,14036.0
21/01/2014 18:15:05,14072.0
22/01/2014 18:15:05,14105.0
23/01/2014 18:15:05,14137.0
24/01/2014 18:15:05,14170.0
25/01/2014 18:15:05,14197.0
26/01/2014 18:15:05,14223.0
27/01/2014 18:15:05,14254.0
28/01/2014 18:15:05,14287.0
29/01/2014 18:15:05,14316.0
30/01/2014 18:15:05,14346.0
31/01/2014 18:15:05,14377.0
01/02/2014 18:15:05,14406.0
02/02/2014 18:15:05,14434.0
03/02/2014 18:15:05,14466.0
04/02/2014 18:15:05,14502.0
05/02/2014 18:15:05,14539.0
06/02/2014 18:15:05,14577.0
07/02/2014 18:15:05,14616.0
08/02/2014 18:15:05,14650.0
09/02/2014 18:15:05,14679.0
10/02/2014 18:15:05,14712.0
11/02/2014 18:15:05,14742.0
12/02/2014 18:15:05,14784.0
13/02/2014 18:15:05,14823.0
14/02/2014 18:15:05,14866.0
15/02/2014 18:15:05,14901.0
16/02/2014 18:15:05,14929.0
17/02/2014 18:15:05,14958.0
18/02/2014 18:15:05,14997.0
19/02/2014 18:15:05,15035.0
20/02/2014 18:15:05,15075.0
21/02/2014 18:15:05,15116.0
22/02/2014 18:15:05,15148.0
23/02/2014 18:15:05,15183.0
24/02/2014 18:15:05,15222.0
25/02/2014 18:15:05,15271.0
26/02/2014 18:15:05,15313.0
27/02/2014 18:15:05,15352.0
28/02/2014 18:15:05,15391.0
01/03/2014 18:15:05,15432.0
02/03/2014 18:15:05,15466.0
03/03/2014 18:15:05,15509.0
04/03/2014 18:15:05,15562.0
05/03/2014 18:15:05,15608.0
06/03/2014 18:15:05,15650.0
07/03/2014 18:15:05,15690.0
08/03/2014 18:15:05,15728.0
09/03/2014 18:15:05,15763.0
10/03/2014 18:15:05,15802.0
11/03/2014 18:15:05,15844.0
12/03/2014 18:15:05,15887.0
13/03/2014 18:15:05,15929.0
14/03/2014 18:15:05,15968.0
15/03/2014 18:15:05,16003.0
16/03/2014 18:15:05,16031.0
17/03/2014 18:15:05,16063.0
18/03/2014 18:15:05,16090.0
19/03/2014 18:15:05,16122.0
20/03/2014 18:15:05,16159.0
21/03/2014 18:15:05,16202.0
22/03/2014 18:15:05,16244.0
23/03/2014 18:15:05,16275.0
24/03/2014 18:15:05,16312.0
25/03/2014 18:15:05,16351.0
26/03/2014 18:15:05,16389.0
27/03/2014 18:15:05,16430.0
28/03/2014 18:15:05,16470.0
29/03/2014 18:15:05,16500.0
30/03/2014 18:15:05,16532.0
31/03/2014 18:15:05,16567.0
01/04/2014 18:15:05,16604.0
02/04/2014 18:15:05,16642.0
03/04/2014 18:15:05,16678.0
04/04/2014 18:15:05,16715.0
05/04/2014 18:15:05,16749.0
06/04/2014 18:15:05,16779.0
07/04/2014 18:15:05,16813.0
08/04/2014 18:15:05,16855.0
09/04/2014 18:15:05,16892.0
10/04/2014 18:15:05,16933.0
11/04/2014 18:15:05,16971.0
12/04/2014 18:15:05,17001.0
13/04/2014 18:15:05,17029.0
14/04/2014 18:15:05,17067.0
15/04/2014 18:15:05,17111.0
16/04/2014 18:15:05,17154.0
17/04/2014 18:15:05,17194.0
18/04/2014 18:15:05,17226.0
19/04/2014 18:15:05,17258.0
20/04/2014 18:15:05,17288.0
21/04/2014 18:15:05,17321.0
22/04/2014 18:15:05,17361.0
23/04/2014 18:15:05,17400.0
24/04/2014 18:15:05,17438.0
25/04/2014 18:15:05,17482.0
26/04/2014 18:15:05,17515.0
27/04/2014 18:15:05,17546.0
28/04/2014 18:15:05,17581.0
29/04/2014 18:15:05,17618.0
30/04/2014 18:15:05,17654.0
01/05/2014 18:15:05,17690.0
02/05/2014 18:15:05,17723.0
03/05/2014 18:15:05,17753.0
04/05/2014 18:15:05,17783.0
05/05/2014 18:15:05,17817.0
06/05/2014 18:15:05,17858.0
07/05/2014 18:15:05,17897.0
08/05/2014 18:15:05,17934.0
09/05/2014 18:15:05,17972.0
10/05/2014 18:15:05,18004.0
11/05/2014 18:15:05,18034.0
12/05/2014 18:15:05,18073.0
13/05/2014 18:15:05,18112.0
14/05/2014 18:15:05,18151.0
15/05/2014 18:15:05,18192.0
16/05/2014 18:15:05,18231.0
17/05/2014 18:15:05,18264.0
18/05/2014 18:15:05,18296.0
19/05/2014 18:15:05,18334.0
20/05/2014 18:15:05,18375.0
21/05/2014 18:15:05,18419.0
22/05/2014 18:15:05,18459.0
23/05/2014 18:15:05,18501.0
24/05/2014 18:15:05,18533.0
25/05/2014 18:15:05,18566.0
26/05/2014 18:15:05,18604.0
27/05/2014 18:15:05,18643.0
28/05/2014 18:15:05,18685.0
29/05/2014 18:15:05,18723.0
30/05/2014 18:15:05,18761.0
31/05/2014 18:15:05,18793.0
01/06/2014 18:15:05,18827.0
02/06/2014 18:15:05,18863.0
03/06/2014 18:15:05,18905.0
04/06/2014 18:15:05,18943.0
05/06/2014 18:15:05,18982.0
06/06/2014 18:15:05,19021.0
07/06/2014 18:15:05,19051.0
08/06/2014 18:15:05,19080.0
09/06/2014 18:15:05,19114.0
10/06/2014 18:15:05,19154.0
11/06/2014 18:15:05,19190.0
12/06/2014 18:15:05,19227.0
13/06/2014 18:15:05,19265.0
14/06/2014 18:15:05,19299.0
15/06/2014 18:15:05,19330.0
16/06/2014 18:15:05,19369.0
17/06/2014 18:15:05,19407.0
18/06/2014 18:15:05,19445.0
19/06/2014 18:15:05,19481.0
20/06/2014 18:15:05,19517.0
21/06/2014 18:15:05,19548.0
22/06/2014 18:15:05,19580.0
23/06/2014 18:15:05,19613.0
24/06/2014 18:15:05,19650.0
25/06/2014 18:15:05,19688.0
26/06/2014 18:15:05,19724.0
27/06/2014 18:15:05,19759.0
28/06/2014 18:15:05,19792.0
29/06/2014 18:15:05,19824.0
30/06/2014 18:15:05,19861.0
01/07/2014 18:15:05,19906.0
02/07/2014 18:15:05,19946.0
03/07/2014 18:15:05,19983.0
04/07/2014 18:15:05,20017.0
05/07/2014 18:15:05,20044.0
06/07/2014 18:15:05,20077.0
07/07/2014 18:15:05,20112.0
08/07/2014 18:15:05,20154.0
09/07/2014 18:15:05,20198.0
10/07/2014 18:15:05,20235.0
11/07/2014 18:15:05,20271.0
12/07/2014 18:15:05,20303.0
13/07/2014 18:15:05,20336.0
14/07/2014 18:15:05,20370.0
15/07/2014 18:15:05,20409.0
16/07/2014 18:15:05,20447.0
17/07/2014 18:15:05,20486.0
18/07/2014 18:15:05,20523.0
19/07/2014 18:15:05,20557.0
20/07/2014 18:15:05,20591.0
21/07/2014 18:15:05,20626.0
22/07/2014 18:15:05,20665.0
23/07/2014 18:15:05,20703.0
24/07/2014 18:15:05,20740.0
25/07/2014 18:15:05,20778.0
26/07/2014 18:15:05,20810.0
27/07/2014 18:15:05,20842.0
28/07/2014 18:15:05,20878.0
29/07/2014 18:15:05,20915.0
30/07/2014 18:15:05,20953.0
31/07/2014 18:15:05,20993.0
01/08/2014 18:15:05,21032.0
02/08/2014 18:15:05,21065.0
03/08/2014 18:15:05,21095.0
04/08/2014 18:15:05,21130.0
05/08/2014 18:15:05,21172.0
06/08/2014 18:15:05,21218.0
07/08/2014 18:15:05,21258.0
08/08/2014 18:15:05,21298.0
09/08/2014 18:15:05,21334.0
10/08/2014 18:15:05,21369.0
11/08/2014 18:15:05,21412.0
12/08/2014 18:15:05,21457.0
13/08/2014 18:15:05,21502.0
14/08/2014 18:15:05,21549.0
15/08/2014 18:15:05,21589.0
16/08/2014 18:15:05,21643.0
17/08/2014 18:15:05,21679.0
18/08/2014 18:15:05,21717.0
19/08/2014 18:15:05,21758.0
20/08/2014 18:15:05,21798.0
21/08/2014 18:15:05,21841.0
22/08/2014 18:15:05,21879.0
23/08/2014 18:15:05,21912.0
24/08/2014 18:15:05,21945.0
25/08/2014 18:15:05,21983.0
26/08/2014 18:15:05,22025.0
27/08/2014 18:15:05,22066.0
28/08/2014 18:15:05,22106.0
29/08/2014 18:15:05,22142.0
30/08/2014 18:15:05,22176.0
31/08/2014 18:15:05,22210.0
01/09/2014 18:15:05,22247.0
02/09/2014 18:15:05,22288.0
03/09/2014 18:15:05,22328.0
04/09/2014 18:15:05,22367.0
05/09/2014 18:15:05,22404.0
06/09/2014 18:15:05,22442.0
07/09/2014 18:15:05,22480.0
08/09/2014 18:15:05,22520.0
09/09/2014 18:15:05,22564.0
10/09/2014 18:15:05,22620.0
11/09/2014 18:15:05,22657.0
12/09/2014 18:15:05,22693.0
13/09/2014 18:15:05,22726.0
14/09/2014 18:15:05,22766.0
15/09/2014 18:15:05,22810.0
16/09/2014 18:15:05,22862.0
17/09/2014 18:15:05,22905.0
18/09/2014 18:15:05,22949.0
19/09/2014 18:15:05,22988.0
20/09/2014 18:15:05,23023.0
21/09/2014 18:15:05,23059.0
22/09/2014 18:15:05,23100.0
23/09/2014 18:15:05,23141.0
24/09/2014 18:15:05,23189.0
25/09/2014 18:15:05,23237.0
26/09/2014 18:15:05,23279.0
27/09/2014 18:15:05,23318.0
28/09/2014 18:15:05,23362.0
29/09/2014 18:15:05,23404.0
30/09/2014 18:15:05,23450.0
01/10/2014 18:15:05,23495.0
02/10/2014 18:15:05,23537.0
03/10/2014 18:15:05,23578.0
04/10/2014 18:15:05,23623.0
05/10/2014 18:15:05,23665.0
06/10/2014 18:15:05,23709.0
07/10/2014 18:15:05,23754.0
08/10/2014 18:15:05,23799.0
09/10/2014 18:15:05,23841.0
10/10/2014 18:15:05,23886.0
11/10/2014 18:15:05,23922.0
12/10/2014 18:15:05,23963.0
13/10/2014 18:15:05,24008.0
14/10/2014 18:15:05,24056.0
15/10/2014 18:15:05,24100.0
16/10/2014 18:15:05,24142.0
17/10/2014 18:15:05,24182.0
18/10/2014 18:15:05,24221.0
19/10/2014 18:15:05,24261.0
20/10/2014 18:15:05,24305.0
21/10/2014 18:15:05,24351.0
22/10/2014 18:15:05,24396.0
23/10/2014 18:15:05,24441.0
24/10/2014 18:15:05,24486.0
25/10/2014 18:15:05,24528.0
26/10/2014 18:15:05,24567.0
27/10/2014 18:15:05,24614.0
28/10/2014 18:15:05,24664.0
29/10/2014 18:15:05,24712.0
30/10/2014 18:15:05,24762.0
31/10/2014 18:15:05,24811.0
01/11/2014 18:15:05,24851.0
02/11/2014 18:15:05,24898.0
03/11/2014 18:15:05,24946.0
04/11/2014 18:15:05,24996.0
05/11/2014 18:15:05,25045.0
06/11/2014 18:15:05,25095.0
07/11/2014 18:15:05,25148.0
08/11/2014 18:15:05,25191.0
09/11/2014 18:15:05,25237.0
10/11/2014 18:15:05,25286.0
11/11/2014 18:15:05,25334.0
12/11/2014 18:15:05,25385.0
13/11/2014 18:15:05,25443.0
14/11/2014 18:15:05,25495.0
15/11/2014 18:15:05,25536.0
16/11/2014 18:15:05,25580.0
17/11/2014 18:15:05,25632.0
18/11/2014 18:15:05,25681.0
19/11/2014 18:15:05,25729.0
20/11/2014 18:15:05,25777.0
21/11/2014 18:15:05,25825.0
22/11/2014 18:15:05,25868.0
23/11/2014 18:15:05,25913.0
24/11/2014 18:15:05,25962.0
25/11/2014 18:15:05,26010.0
26/11/2014 18:15:05,26061.0
27/11/2014 18:15:05,26108.0
28/11/2014 18:15:05,26156.0
29/11/2014 18:15:05,26201.0
30/11/2014 18:15:05,26251.0
01/12/2014 18:15:05,26309.0
02/12/2014 18:15:05,26365.0
03/12/2014 18:15:05,26421.0
04/12/2014 18:15:05,26476.0
05/12/2014 18:15:05,26528.0
06/12/2014 18:15:05,26574.0
07/12/2014 18:15:05,26618.0
08/12/2014 18:15:05,26671.0
09/12/2014 18:15:05,26722.0
10/12/2014 18:15:05,26773.0
11/12/2014 18:15:05,26822.0
12/12/2014 18:15:05,26867.0
13/12/2014 18:15:05,26910.0
14/12/2014 18:15:05,26955.0
15/12/2014 18:15:05,27017.0
16/12/2014 18:15:05,27074.0
17/12/2014 18:15:05,27129.0
18/12/2014 18:15:05,27191.0
19/12/2014 18:15:05,27241.0
20/12/2014 18:15:05,27296.0
21/12/2014 18:15:05,27342.0
22/12/2014 18:15:05,27395.0
23/12/2014 18:15:05,27452.0
24/12/2014 18:15:05,27502.0
25/12/2014 18:15:05,27541.0
26/12/2014 18:15:05,27579.0
27/12/2014 18:15:05,27624.0
28/12/2014 18:15:05,27668.0
29/12/2014 18:15:05,27715.0
30/12/2014 18:15:05,27761.0
31/12/2014 18:15:05,27805.0
01/01/2015 18:15:05,27835.0
02/01/2015 18:15:05,27875.0
03/01/2015 18:15:05,27922.0
04/01/2015 18:15:05,27971.0
05/01/2015 18:15:05,28024.0
06/01/2015 18:15:05,28073.0
07/01/2015 18:15:05,28124.0
08/01/2015 18:15:05,28176.0
09/01/2015 18:15:05,28235.0
10/01/2015 18:15:05,28293.0
11/01/2015 18:15:05,28344.0
12/01/2015 18:15:05,28400.0
13/01/2015 18:15:05,28455.0
14/01/2015 18:15:05,28518.0
15/01/2015 18:15:05,28578.0
16/01/2015 18:15:05,28637.0
17/01/2015 18:15:05,28689.0
18/01/2015 18:15:05,28740.0
19/01/2015 18:15:05,28795.0
20/01/2015 18:15:05,28847.0
21/01/2015 18:15:05,28902.0
22/01/2015 18:15:05,28955.0
23/01/2015 18:15:05,29002.0
24/01/2015 18:15:05,29050.0
25/01/2015 18:15:05,29101.0
26/01/2015 18:15:05,29167.0
27/01/2015 18:15:05,29223.0
28/01/2015 18:15:05,29270.0
29/01/2015 18:15:05,29315.0
30/01/2015 18:15:05,29360.0
31/01/2015 18:15:05,29410.0
01/02/2015 18:15:05,29454.0
02/02/2015 18:15:05,29502.0
03/02/2015 18:15:05,29554.0
04/02/2015 18:15:05,29602.0
05/02/2015 18:15:05,29650.0
06/02/2015 18:15:05,29695.0
07/02/2015 18:15:05,29742.0
08/02/2015 18:15:05,29792.0
09/02/2015 18:15:05,29849.0
10/02/2015 18:15:05,29903.0
11/02/2015 18:15:05,29959.0
12/02/2015 18:15:05,30011.0
13/02/2015 18:15:05,30078.0
14/02/2015 18:15:05,30151.0
15/02/2015 18:15:05,30212.0
16/02/2015 18:15:05,30279.0
17/02/2015 18:15:05,30341.0
18/02/2015 18:15:05,30404.0
19/02/2015 18:15:05,30456.0
20/02/2015 18:15:05,30513.0
21/02/2015 18:15:05,30573.0
22/02/2015 18:15:05,30625.0
23/02/2015 18:15:05,30683.0
24/02/2015 18:15:05,30739.0
25/02/2015 18:15:05,30794.0
26/02/2015 18:15:05,30849.0
27/02/2015 18:15:05,30905.0
28/02/2015 18:15:05,30960.0
01/03/2015 18:15:05,31019.0
02/03/2015 18:15:05,31084.0
03/03/2015 18:15:05,31145.0
04/03/2015 18:15:05,31206.0
05/03/2015 18:15:05,31259.0
06/03/2015 18:15:05,31323.0
07/03/2015 18:15:05,31378.0
08/03/2015 18:15:05,31431.0
09/03/2015 18:15:05,31488.0
10/03/2015 18:15:05,31555.0
11/03/2015 18:15:05,31616.0
12/03/2015 18:15:05,31679.0
13/03/2015 18:15:05,31733.0
14/03/2015 18:15:05,31784.0
15/03/2015 18:15:05,31833.0
16/03/2015 18:15:05,31889.0
17/03/2015 18:15:05,31945.0
18/03/2015 18:15:05,32000.0
19/03/2015 18:15:05,32061.0
20/03/2015 18:15:05,32117.0
21/03/2015 18:15:05,32172.0
22/03/2015 18:15:05,32221.0
23/03/2015 18:15:05,32283.0
24/03/2015 18:15:05,32335.0
25/03/2015 18:15:05,32384.0
26/03/2015 18:15:05,32436.0
27/03/2015 18:15:05,32492.0
28/03/2015 18:15:05,32543.0
29/03/2015 18:15:05,32594.0
30/03/2015 18:15:05,32650.0
31/03/2015 18:15:05,32706.0
01/04/2015 18:15:05,32771.0
02/04/2015 18:15:05,32832.0
03/04/2015 18:15:05,32886.0
04/04/2015 18:15:05,32944.0
05/04/2015 18:15:05,32998.0
06/04/2015 18:15:05,33054.0
07/04/2015 18:15:05,33116.0
08/04/2015 18:15:05,33172.0
09/04/2015 18:15:05,33230.0
10/04/2015 18:15:05,33288.0
11/04/2015 18:15:05,33343.0
12/04/2015 18:15:05,33389.0
13/04/2015 18:15:05,33447.0
14/04/2015 18:15:05,33510.0
15/04/2015 18:15:05,33564.0
16/04/2015 18:15:05,33616.0
17/04/2015 18:15:05,33668.0
18/04/2015 18:15:05,33722.0
19/04/2015 18:15:05,33769.0
20/04/2015 18:15:05,33832.0
21/04/2015 18:15:05,33891.0
22/04/2015 18:15:05,33951.0
23/04/2015 18:15:05,34006.0
24/04/2015 18:15:05,34068.0
25/04/2015 18:15:05,34124.0
26/04/2015 18:15:05,34176.0
27/04/2015 18:15:05,34235.0
28/04/2015 18:15:05,34294.0
29/04/2015 18:15:05,34357.0
30/04/2015 18:15:05,34414.0
01/05/2015 18:15:05,34469.0
02/05/2015 18:15:05,34523.0
03/05/2015 18:15:05,34571.0
04/05/2015 18:15:05,34622.0
05/05/2015 18:15:05,34681.0
06/05/2015 18:15:05,34739.0
07/05/2015 18:15:05,34800.0
08/05/2015 18:15:05,34859.0
09/05/2015 18:15:05,34911.0
10/05/2015 18:15:05,34963.0
11/05/2015 18:15:05,35022.0
12/05/2015 18:15:05,35083.0
13/05/2015 18:15:05,35140.0
14/05/2015 18:15:05,35193.0
15/05/2015 18:15:05,35248.0
16/05/2015 18:15:05,35300.0
17/05/2015 18:15:05,35349.0
18/05/2015 18:15:05,35405.0
19/05/2015 18:15:05,35461.0
20/05/2015 18:15:05,35520.0
21/05/2015 18:15:05,35571.0
22/05/2015 18:15:05,35627.0
23/05/2015 18:15:05,35676.0
24/05/2015 18:15:05,35732.0
25/05/2015 18:15:05,35791.0
26/05/2015 18:15:05,35850.0
27/05/2015 18:15:05,35911.0
28/05/2015 18:15:05,35970.0
29/05/2015 18:15:05,36035.0
30/05/2015 18:15:05,36102.0
31/05/2015 18:15:05,36154.0
01/06/2015 18:15:05,36219.0
02/06/2015 18:15:05,36290.0
03/06/2015 18:15:05,36356.0
04/06/2015 18:15:05,36420.0
05/06/2015 18:15:05,36478.0
06/06/2015 18:15:05,36533.0
07/06/2015 18:15:05,36587.0
08/06/2015 18:15:05,36637.0
09/06/2015 18:15:05,36696.0
10/06/2015 18:15:05,36779.0
11/06/2015 18:15:05,36845.0
12/06/2015 18:15:05,36910.0
13/06/2015 18:15:05,36974.0
14/06/2015 18:15:05,37031.0
15/06/2015 18:15:05,37102.0
16/06/2015 18:15:05,37168.0
17/06/2015 18:15:05,37251.0
18/06/2015 18:15:05,37317.0
19/06/2015 18:15:05,37396.0
20/06/2015 18:15:05,37466.0
21/06/2015 18:15:05,37518.0
22/06/2015 18:15:05,37596.0
23/06/2015 18:15:05,37680.0
24/06/2015 18:15:05,37740.0
25/06/2015 18:15:05,37796.0
26/06/2015 18:15:05,37858.0
27/06/2015 18:15:05,37919.0
28/06/2015 18:15:05,37977.0
29/06/2015 18:15:05,38041.0
30/06/2015 18:15:05,38122.0
01/07/2015 18:15:05,38212.0
02/07/2015 18:15:05,38283.0
03/07/2015 18:15:05,38356.0
04/07/2015 18:15:05,38418.0
05/07/2015 18:15:05,38473.0
06/07/2015 18:15:05,38550.0
07/07/2015 18:15:05,38664.0
08/07/2015 18:15:05,38779.0
09/07/2015 18:15:05,38875.0
10/07/2015 18:15:05,38983.0
11/07/2015 18:15:05,39085.0
12/07/2015 18:15:05,39190.0
13/07/2015 18:15:05,39299.0
14/07/2015 18:15:05,39397.0
15/07/2015 18:15:05,39504.0
16/07/2015 18:15:05,39596.0
17/07/2015 18:15:05,39696.0
18/07/2015 18:15:05,39795.0
19/07/2015 18:15:05,39888.0
20/07/2015 18:15:05,39960.0
21/07/2015 18:15:05,40024.0
22/07/2015 18:15:05,40101.0
23/07/2015 18:15:05,40158.0
24/07/2015 18:15:05,40219.0
25/07/2015 18:15:05,40277.0
26/07/2015 18:15:05,40330.0
27/07/2015 18:15:05,40414.0
28/07/2015 18:15:05,40485.0
29/07/2015 18:15:05,40606.0
30/07/2015 18:15:05,40712.0
31/07/2015 18:15:05,40820.0
01/08/2015 18:15:05,40943.0
02/08/2015 18:15:05,41012.0
03/08/2015 18:15:05,41078.0
04/08/2015 18:15:05,41182.0
05/08/2015 18:15:05,41286.0
06/08/2015 18:15:05,41397.0
07/08/2015 18:15:05,41481.0
08/08/2015 18:15:05,41538.0
09/08/2015 18:15:05,41588.0
10/08/2015 18:15:05,41659.0
11/08/2015 18:15:05,41726.0
12/08/2015 18:15:05,41789.0
13/08/2015 18:15:05,41853.0
14/08/2015 18:15:05,41911.0
15/08/2015 18:15:05,41970.0
16/08/2015 18:15:05,42022.0
17/08/2015 18:15:05,42082.0
18/08/2015 18:15:05,42148.0
19/08/2015 18:15:05,42214.0
20/08/2015 18:15:05,42273.0
21/08/2015 18:15:05,42334.0
22/08/2015 18:15:05,42393.0
23/08/2015 18:15:05,42448.0
24/08/2015 18:15:05,42516.0
25/08/2015 18:15:05,42583.0
26/08/2015 18:15:05,42647.0
27/08/2015 18:15:05,42706.0
28/08/2015 18:15:05,42770.0
29/08/2015 18:15:05,42828.0
30/08/2015 18:15:05,42878.0
31/08/2015 18:15:05,42943.0
01/09/2015 18:15:05,43021.0
02/09/2015 18:15:05,43122.0
03/09/2015 18:15:05,43212.0
04/09/2015 18:15:05,43262.0
05/09/2015 18:15:05,43334.0
06/09/2015 18:15:05,43392.0
07/09/2015 18:15:05,43457.0
08/09/2015 18:15:05,43546.0
09/09/2015 18:15:05,43646.0
10/09/2015 18:15:05,43770.0
11/09/2015 18:15:05,43882.0
12/09/2015 18:15:05,43977.0
13/09/2015 18:15:05,44065.0
14/09/2015 18:15:05,44176.0
15/09/2015 18:15:05,44289.0
16/09/2015 18:15:05,44393.0
17/09/2015 18:15:05,44490.0
18/09/2015 18:15:05,44578.0
19/09/2015 18:15:05,44638.0
20/09/2015 18:15:05,44695.0
21/09/2015 18:15:05,44768.0
22/09/2015 18:15:05,44848.0
23/09/2015 18:15:05,44923.0
24/09/2015 18:15:05,44991.0
25/09/2015 18:15:05,45063.0
26/09/2015 18:15:05,45128.0
27/09/2015 18:15:05,45189.0
28/09/2015 18:15:05,45261.0
29/09/2015 18:15:05,45336.0
30/09/2015 18:15:05,45418.0
01/10/2015 18:15:05,45487.0
02/10/2015 18:15:05,45555.0
03/10/2015 18:15:05,45621.0
04/10/2015 18:15:05,45676.0
05/10/2015 18:15:05,45737.0
06/10/2015 18:15:05,45806.0
07/10/2015 18:15:05,45897.0
08/10/2015 18:15:05,45992.0
09/10/2015 18:15:05,46069.0
10/10/2015 18:15:05,46162.0
11/10/2015 18:15:05,46250.0
12/10/2015 18:15:05,46328.0
13/10/2015 18:15:05,46405.0
14/10/2015 18:15:05,46479.0
15/10/2015 18:15:05,46571.0
16/10/2015 18:15:05,46652.0
17/10/2015 18:15:05,46737.0
18/10/2015 18:15:05,46810.0
19/10/2015 18:15:05,46895.0
20/10/2015 18:15:05,46972.0
21/10/2015 18:15:05,47065.0
22/10/2015 18:15:05,47147.0
23/10/2015 18:15:05,47227.0
24/10/2015 18:15:05,47306.0
25/10/2015 18:15:05,47384.0
26/10/2015 18:15:05,47460.0
27/10/2015 18:15:05,47544.0
28/10/2015 18:15:05,47622.0
29/10/2015 18:15:05,47710.0
30/10/2015 18:15:05,47800.0
31/10/2015 18:15:05,47878.0
01/11/2015 18:15:05,47963.0
02/11/2015 18:15:05,48049.0
03/11/2015 18:15:05,48153.0
04/11/2015 18:15:05,48272.0
05/11/2015 18:15:05,48386.0
06/11/2015 18:15:05,48477.0
07/11/2015 18:15:05,48565.0
08/11/2015 18:15:05,48644.0
09/11/2015 18:15:05,48733.0
10/11/2015 18:15:05,48813.0
11/11/2015 18:15:05,48912.0
12/11/2015 18:15:05,48991.0
13/11/2015 18:15:05,49073.0
14/11/2015 18:15:05,49153.0
15/11/2015 18:15:05,49226.0
16/11/2015 18:15:05,49310.0
17/11/2015 18:15:05,49398.0
18/11/2015 18:15:05,49490.0
19/11/2015 18:15:05,49572.0
20/11/2015 18:15:05,49654.0
21/11/2015 18:15:05,49739.0
22/11/2015 18:15:05,49808.0
23/11/2015 18:15:05,49896.0
24/11/2015 18:15:05,49975.0
25/11/2015 18:15:05,50056.0
26/11/2015 18:15:05,50148.0
27/11/2015 18:15:05,50233.0
28/11/2015 18:15:05,50322.0
29/11/2015 18:15:05,50393.0
30/11/2015 18:15:05,50492.0
01/12/2015 18:15:05,50594.0
02/12/2015 18:15:05,50692.0
03/12/2015 18:15:05,50787.0
04/12/2015 18:15:05,50869.0
05/12/2015 18:15:05,50973.0
06/12/2015 18:15:05,51071.0
07/12/2015 18:15:05,51169.0
08/12/2015 18:15:05,51275.0
09/12/2015 18:15:05,51388.0
10/12/2015 18:15:05,51501.0
11/12/2015 18:15:05,51606.0
12/12/2015 18:15:05,51720.0
13/12/2015 18:15:05,51816.0
14/12/2015 18:15:05,51934.0
15/12/2015 18:15:05,52047.0
16/12/2015 18:15:05,52160.0
17/12/2015 18:15:05,52267.0
18/12/2015 18:15:05,52368.0
19/12/2015 18:15:05,52472.0
20/12/2015 18:15:05,52566.0
21/12/2015 18:15:05,52679.0
22/12/2015 18:15:05,52789.0
23/12/2015 18:15:05,52901.0
24/12/2015 18:15:05,53009.0
25/12/2015 18:15:05,53096.0
26/12/2015 18:15:05,53184.0
27/12/2015 18:15:05,53273.0
28/12/2015 18:15:05,53367.0
29/12/2015 18:15:05,53467.0
30/12/2015 18:15:05,53564.0
31/12/2015 18:15:05,53647.0
01/01/2016 18:15:05,53710.0
02/01/2016 18:15:05,53789.0
03/01/2016 18:15:05,53867.0
04/01/2016 18:15:05,53962.0
05/01/2016 18:15:05,54067.0
06/01/2016 18:15:05,54160.0
07/01/2016 18:15:05,54257.0
08/01/2016 18:15:05,54366.0
09/01/2016 18:15:05,54462.0
10/01/2016 18:15:05,54552.0
11/01/2016 18:15:05,54660.0
12/01/2016 18:15:05,54763.0
13/01/2016 18:15:05,54864.0
14/01/2016 18:15:05,54961.0
15/01/2016 18:15:05,55057.0
16/01/2016 18:15:05,55162.0
17/01/2016 18:15:05,55265.0
18/01/2016 18:15:05,55381.0
19/01/2016 18:15:05,55493.0
20/01/2016 18:15:05,55619.0
21/01/2016 18:15:05,55731.0
22/01/2016 18:15:05,55850.0
23/01/2016 18:15:05,55959.0
24/01/2016 18:15:05,56058.0
25/01/2016 18:15:05,56170.0
26/01/2016 18:15:05,56293.0
27/01/2016 18:15:05,56405.0
28/01/2016 18:15:05,56525.0
29/01/2016 18:15:05,56637.0
30/01/2016 18:15:05,56750.0
31/01/2016 18:15:05,56843.0
01/02/2016 18:15:05,56968.0
02/02/2016 18:15:05,57103.0
03/02/2016 18:15:05,57224.0
04/02/2016 18:15:05,57341.0
05/02/2016 18:15:05,57455.0
06/02/2016 18:15:05,57579.0
07/02/2016 18:15:05,57700.0
08/02/2016 18:15:05,57821.0
09/02/2016 18:15:05,57946.0
10/02/2016 18:15:05,58066.0
11/02/2016 18:15:05,58188.0
12/02/2016 18:15:05,58293.0
13/02/2016 18:15:05,58395.0
14/02/2016 18:15:05,58497.0
15/02/2016 18:15:05,58608.0
16/02/2016 18:15:05,58717.0
17/02/2016 18:15:05,58833.0
18/02/2016 18:15:05,58945.0
19/02/2016 18:15:05,59052.0
20/02/2016 18:15:05,59169.0
21/02/2016 18:15:05,59274.0
22/02/2016 18:15:05,59385.0
23/02/2016 18:15:05,59505.0
24/02/2016 18:15:05,59615.0
25/02/2016 18:15:05,59736.0
26/02/2016 18:15:05,59849.0
27/02/2016 18:15:05,59946.0
28/02/2016 18:15:05,60050.0
29/02/2016 18:15:05,60171.0
01/03/2016 18:15:05,60285.0
02/03/2016 18:15:05,60427.0
03/03/2016 18:15:05,60549.0
04/03/2016 18:15:05,60676.0
05/03/2016 18:15:05,60798.0
06/03/2016 18:15:05,60889.0
07/03/2016 18:15:05,60990.0
08/03/2016 18:15:05,61088.0
09/03/2016 18:15:05,61206.0
10/03/2016 18:15:05,61318.0
11/03/2016 18:15:05,61420.0
12/03/2016 18:15:05,61507.0
13/03/2016 18:15:05,61581.0
14/03/2016 18:15:05,61691.0
15/03/2016 18:15:05,61796.0
16/03/2016 18:15:05,61903.0
17/03/2016 18:15:05,62004.0
18/03/2016 18:15:05,62105.0
19/03/2016 18:15:05,62196.0
20/03/2016 18:15:05,62290.0
21/03/2016 18:15:05,62388.0
22/03/2016 18:15:05,62496.0
23/03/2016 18:15:05,62595.0
24/03/2016 18:15:05,62697.0
25/03/2016 18:15:05,62789.0
26/03/2016 18:15:05,62878.0
27/03/2016 18:15:05,62971.0
28/03/2016 18:15:05,63077.0
29/03/2016 18:15:05,63195.0
30/03/2016 18:15:05,63323.0
31/03/2016 18:15:05,63427.0
01/04/2016 18:15:05,63527.0
02/04/2016 18:15:05,63650.0
03/04/2016 18:15:05,63756.0
04/04/2016 18:15:05,63865.0
05/04/2016 18:15:05,63981.0
06/04/2016 18:15:05,64091.0
07/04/2016 18:15:05,64197.0
08/04/2016 18:15:05,64300.0
09/04/2016 18:15:05,64402.0
10/04/2016 18:15:05,64500.0
11/04/2016 18:15:05,64613.0
12/04/2016 18:15:05,64733.0
13/04/2016 18:15:05,64847.0
14/04/2016 18:15:05,64970.0
15/04/2016 18:15:05,65078.0
16/04/2016 18:15:05,65179.0
17/04/2016 18:15:05,65278.0
18/04/2016 18:15:05,65383.0
19/04/2016 18:15:05,65496.0
20/04/2016 18:15:05,65613.0
21/04/2016 18:15:05,65722.0
22/04/2016 18:15:05,65834.0
23/04/2016 18:15:05,65931.0
24/04/2016 18:15:05,66023.0
25/04/2016 18:15:05,66133.0
26/04/2016 18:15:05,66251.0
27/04/2016 18:15:05,66367.0
28/04/2016 18:15:05,66486.0
29/04/2016 18:15:05,66613.0
30/04/2016 18:15:05,66730.0
01/05/2016 18:15:05,66828.0
02/05/2016 18:15:05,66937.0
03/05/2016 15:36:35,67060.0