Date,CostPerTransactionPercent
2009-03-01,0.0
2009-04-01,0.0
2009-05-01,0.0
2009-06-01,0.0
2009-07-01,0.0
2009-08-01,0.0
2009-09-01,0.0
2009-10-01,0.0
2009-11-01,0.0
2009-12-01,18541.6666667
2009-01-13,57500.0
2009-01-14,0.0
2009-01-15,1533.81642512
2009-01-16,5800.0
2009-01-17,5400.0
2009-01-18,0.0
2009-01-19,3966.66666667
2009-01-20,748.387096774
2009-01-21,1130.0
2009-01-22,750.0
2009-01-23,2233.33333333
2009-01-24,1243.75
2009-01-25,19400.0
2009-01-26,0.0
2009-01-27,447.826086957
2009-01-28,0.0
2009-01-29,0.0
2009-01-30,1008.33333333
2009-01-31,0.0
2009-01-02,527.272727273
2009-02-02,0.0
2009-03-02,5911.18449639
2009-04-02,16171.4435972
2009-05-02,0.0
2009-06-02,0.0
2009-07-02,547.826086957
2009-08-02,670.0
2009-09-02,290.909090909
2009-10-02,0.0
2009-11-02,1871.21471832
2009-12-02,2950.0
2009-02-13,0.0
2009-02-14,0.0
2009-02-15,677.777777778
2009-02-16,0.0
2009-02-17,393.333333333
2009-02-18,0.0
2009-02-19,0.0
2009-02-20,800.0
2009-02-21,0.0
2009-02-22,576.19047619
2009-02-23,0.0
2009-02-24,0.0
2009-02-25,0.0
2009-02-26,0.0
2009-02-27,0.0
2009-02-28,283.333333333
2009-01-03,1514.28571429
2009-02-03,0.0
2009-03-03,1325.0
2009-04-03,0.0
2009-05-03,441.545241725
2009-06-03,1475.0
2009-07-03,0.0
2009-08-03,361.290322581
2009-09-03,0.0
2009-10-03,0.0
2009-11-03,0.0
2009-12-03,3933.33333333
2009-03-13,760.0
2009-03-14,0.0
2009-03-15,0.0
2009-03-16,270.833333333
2009-03-17,0.0
2009-03-18,0.0
2009-03-19,871.428571429
2009-03-20,983.333333333
2009-03-21,0.0
2009-03-22,863.636363636
2009-03-23,0.0
2009-03-24,0.0
2009-03-25,0.0
2009-03-26,403.571428571
2009-03-27,0.0
2009-03-28,595.0
2009-03-29,0.0
2009-03-30,0.0
2009-03-31,353.125
2009-01-04,0.0
2009-02-04,0.0
2009-03-04,0.0
2009-04-04,0.0
2009-05-04,0.0
2009-06-04,676.470588235
2009-07-04,0.0
2009-08-04,0.0
2009-09-04,0.0
2009-10-04,0.0
2009-11-04,1742.85714286
2009-12-04,0.0
2009-04-13,598.958333333
2009-04-14,0.0
2009-04-15,0.0
2009-04-16,0.0
2009-04-17,0.0
2009-04-18,5303.42549122
2009-04-19,1322.22222222
2009-04-20,260.0
2009-04-21,175.713783675
2009-04-22,0.0
2009-04-23,0.0
2009-04-24,0.0
2009-04-25,0.0
2009-04-26,726.666666667
2009-04-27,0.0
2009-04-28,0.0
2009-04-29,0.0
2009-04-30,660.0
2009-01-05,0.0
2009-02-05,20500000.0
2009-03-05,816.034359341
2009-04-05,12200.0
2009-05-05,440.0
2009-06-05,1370.0
2009-07-05,0.0
2009-08-05,0.0
2009-09-05,0.0
2009-10-05,0.0
2009-11-05,11900.0
2009-12-05,0.0
2009-05-13,11274.5098039
2009-05-14,6582.85488022
2009-05-15,14300.0
2009-05-16,1140.0
2009-05-17,0.0
2009-05-18,0.0
2009-05-19,0.0
2009-05-20,0.0
2009-05-21,0.0
2009-05-22,0.0
2009-05-23,0.0
2009-05-24,0.0
2009-05-25,0.0
2009-05-26,0.0
2009-05-27,0.0
2009-05-28,0.0
2009-05-29,178.333333333
2009-05-30,0.0
2009-05-31,0.0
2009-01-06,36500000.0
2009-02-06,0.0
2009-03-06,0.0
2009-04-06,0.0
2009-05-06,0.0
2009-06-06,0.0
2009-07-06,0.0
2009-08-06,0.0
2009-09-06,0.0
2009-10-06,0.0
2009-11-06,0.0
2009-12-06,0.0
2009-06-13,0.0
2009-06-14,0.0
2009-06-15,0.0
2009-06-16,0.0
2009-06-17,0.0
2009-06-18,0.0
2009-06-19,0.0
2009-06-20,0.0
2009-06-21,0.0
2009-06-22,133.333333333
2009-06-23,0.0
2009-06-24,3400.27202176
2009-06-25,0.0
2009-06-26,445.0
2009-06-27,0.0
2009-06-28,10200.0
2009-06-29,0.0
2009-06-30,3480.0
2009-01-07,4150.0
2009-02-07,0.0
2009-03-07,41500.0
2009-04-07,0.0
2009-05-07,0.0
2009-06-07,0.0
2009-07-07,0.0
2009-08-07,0.0
2009-09-07,0.0
2009-10-07,0.0
2009-11-07,0.0
2009-12-07,0.0
2009-07-13,0.0
2009-07-14,0.0
2009-07-15,0.0
2009-07-16,0.0
2009-07-17,0.0
2009-07-18,0.0
2009-07-19,0.0
2009-07-20,0.0
2009-07-21,61.6666666667
2009-07-22,0.0
2009-07-23,0.0
2009-07-24,0.0
2009-07-25,0.0
2009-07-26,0.0
2009-07-27,0.0
2009-07-28,0.0
2009-07-29,0.0
2009-07-30,666.666666667
2009-07-31,0.0
2009-01-08,0.0
2009-02-08,0.0
2009-03-08,0.0
2009-04-08,0.0
2009-05-08,0.0
2009-06-08,0.0
2009-07-08,0.0
2009-08-08,74.5454545455
2009-09-08,0.0
2009-10-08,0.0
2009-11-08,0.0
2009-12-08,0.0
2009-08-13,0.0
2009-08-14,0.0
2009-08-15,0.0
2009-08-16,0.0
2009-08-17,0.0
2009-08-18,0.0
2009-08-19,0.0
2009-08-20,0.0
2009-08-21,0.0
2009-08-22,0.0
2009-08-23,0.0
2009-08-24,0.0
2009-08-25,0.0
2009-08-26,0.0
2009-08-27,65.2307210604
2009-08-28,0.0
2009-08-29,0.0
2009-08-30,9000.0
2009-08-31,1566.66666667
2009-01-09,0.0
2009-02-09,0.0
2009-03-09,428.571428571
2009-04-09,0.0
2009-05-09,0.0
2009-06-09,0.0
2009-07-09,600.0
2009-08-09,0.0
2009-09-09,0.0
2009-10-09,0.0
2009-11-09,0.0
2009-12-09,0.0
2009-09-13,0.0
2009-09-14,0.0
2009-09-15,0.0
2009-09-16,290000.0
2009-09-17,83.0
2009-09-18,0.0
2009-09-19,0.0
2009-09-20,0.0
2009-09-21,0.0
2009-09-22,425.0
2009-09-23,67.5
2009-09-24,0.0
2009-09-25,384.615384615
2009-09-26,0.0
2009-09-27,556.25
2009-09-28,0.0
2009-09-29,193.023255814
2009-09-30,0.0
2009-01-10,0.0
2009-02-10,750.0
2009-03-10,0.0
2009-04-10,0.0
2009-05-10,0.0
2009-06-10,1025.0
2009-07-10,0.0
2009-08-10,0.0
2009-09-10,0.0
2009-10-10,0.0
2009-11-10,0.0
2009-12-10,61.3861386139
2009-10-13,0.0
2009-10-14,0.0
2009-10-15,0.0
2009-10-16,33.5051546392
2009-10-17,0.0
2009-10-18,914.285714286
2009-10-19,0.0
2009-10-20,0.0
2009-10-21,83.0
2009-10-22,33.4636600217
2009-10-23,0.0
2009-10-24,0.0
2009-10-25,29.7959183673
2009-10-26,0.0
2009-10-27,25.3846153846
2009-10-28,0.0
2009-10-29,500.0
2009-10-30,196.774193548
2009-10-31,0.0
2009-01-11,0.0
2009-02-11,0.0
2009-03-11,0.0
2009-04-11,0.0
2009-05-11,20.6451612903
2009-06-11,0.0
2009-07-11,0.0
2009-08-11,0.0
2009-09-11,0.0
2009-10-11,0.0
2009-11-11,19.1666666667
2009-12-11,0.0
2009-11-13,673.076923077
2009-11-14,0.0
2009-11-15,0.0
2009-11-16,0.0
2009-11-17,0.0
2009-11-18,0.0
2009-11-19,0.0
2009-11-20,9.24464487035
2009-11-21,0.0
2009-11-22,0.0
2009-11-23,0.0
2009-11-24,0.0
2009-11-25,0.0
2009-11-26,0.0
2009-11-27,0.0
2009-11-28,0.0
2009-11-29,0.0
2009-11-30,0.0
2009-01-12,0.0
2009-02-12,48.9990200196
2009-03-12,0.0
2009-04-12,0.0
2009-05-12,0.0
2009-06-12,527.293727716
2009-07-12,0.0
2009-08-12,396.666666667
2009-09-12,223.384030418
2009-10-12,24523.8095238
2009-11-12,0.0
2009-12-12,97.1153846154
2009-12-13,0.0
2009-12-14,16.6170718873
2009-12-15,106.422018349
2009-12-16,699.177438308
2009-12-17,4014.96259352
2009-12-18,2000000.0
2009-12-19,22400.0
2009-12-20,0.0
2009-12-21,18700.0
2009-12-22,0.0
2009-12-23,0.0
2009-12-24,0.0
2009-12-25,1570000.0
2009-12-26,0.0
2009-12-27,3380.0
2009-12-28,0.0
2009-12-29,0.0
2009-12-30,0.0
2009-12-31,0.0
2010-01-01,0.0
2010-02-01,6500.0
2010-03-01,0.0
2010-04-01,45.7214141296
2010-05-01,0.0
2010-06-01,0.0
2010-07-01,0.0
2010-08-01,0.0
2010-09-01,0.0
2010-10-01,0.0
2010-11-01,0.0
2010-12-01,77.2164852544
2010-01-13,131666.666667
2010-01-14,790000.0
2010-01-15,1700.0
2010-01-16,3337.65069244
2010-01-17,2450.19920319
2010-01-18,0.0
2010-01-19,25869.5652174
2010-01-20,0.0
2010-01-21,4238.0952381
2010-01-22,3750.0
2010-01-23,755000.0
2010-01-24,13425.9259259
2010-01-25,309.923664122
2010-01-26,1393.10344828
2010-01-27,4425.0
2010-01-28,467.567567568
2010-01-29,1754.54545455
2010-01-30,1125.0
2010-01-31,624.242424242
2010-01-02,331.481481481
2010-02-02,0.0
2010-03-02,900.0
2010-04-02,3299.81143935
2010-05-02,88.9757259693
2010-06-02,734.615384615
2010-07-02,1290.52369077
2010-08-02,150.62821245
2010-09-02,5225.0
2010-10-02,15.5882352941
2010-11-02,1112.5
2010-12-02,105.949008499
2010-02-13,509.322419281
2010-02-14,52.8218401385
2010-02-15,301.758025948
2010-02-16,434.456631298
2010-02-17,31.7810221818
2010-02-18,154.463801509
2010-02-19,1278.516635
2010-02-20,22186.6879872
2010-02-21,689.179875948
2010-02-22,65.214055547
2010-02-23,25100.0
2010-02-24,179.245283019
2010-02-25,1057.14285714
2010-02-26,64.582059104
2010-02-27,1922.22222222
2010-02-28,154.285714286
2010-01-03,930.0
2010-02-03,376.923076923
2010-03-03,2960.0
2010-04-03,88.3495145631
2010-05-03,45.6919060052
2010-06-03,38.6949606474
2010-07-03,114.496440683
2010-08-03,75.4668400924
2010-09-03,185.0
2010-10-03,551.443375278
2010-11-03,167.777522409
2010-12-03,2360.0
2010-03-13,415.789473684
2010-03-14,403.225806452
2010-03-15,88571.4285714
2010-03-16,4533.33333333
2010-03-17,285.913528591
2010-03-18,3250.0
2010-03-19,75.3968253968
2010-03-20,249.612002069
2010-03-21,577.53669432
2010-03-22,333.962264151
2010-03-23,276.771200674
2010-03-24,651.031923014
2010-03-25,37.9591836735
2010-03-26,389.682019472
2010-03-27,205.938606624
2010-03-28,510.526315789
2010-03-29,263.01369863
2010-03-30,1918.18181818
2010-03-31,985.714285714
2010-01-04,641.338871244
2010-02-04,528.571428571
2010-03-04,496.488688432
2010-04-04,394.005421135
2010-05-04,197.149175418
2010-06-04,70.3551528114
2010-07-04,175.483580011
2010-08-04,301.111797406
2010-09-04,367.218393285
2010-10-04,52.5433384023
2010-11-04,114.76524505
2010-12-04,45.9374759199
2010-04-13,251.753885402
2010-04-14,194.214354383
2010-04-15,22.4821959561
2010-04-16,131.317373288
2010-04-17,133.655123956
2010-04-18,150.057474844
2010-04-19,119.343030367
2010-04-20,32.1056950805
2010-04-21,280.099974145
2010-04-22,40.0050085367
2010-04-23,163.462795868
2010-04-24,261.003888425
2010-04-25,110.445966435
2010-04-26,99.5345296993
2010-04-27,63.4246947407
2010-04-28,129.257177466
2010-04-29,146.467102936
2010-04-30,23.006031189
2010-01-05,106.133611147
2010-02-05,381.336922387
2010-03-05,104.534169607
2010-04-05,109.060036711
2010-05-05,28.1009277541
2010-06-05,79.4736005541
2010-07-05,17.2950901483
2010-08-05,230.457801308
2010-09-05,30.899793276
2010-10-05,115.105931064
2010-11-05,118.555234368
2010-12-05,64.0211640212
2010-05-13,32.2933227345
2010-05-14,49.862462707
2010-05-15,141.268945845
2010-05-16,178.528921685
2010-05-17,74.8372290269
2010-05-18,105.316079885
2010-05-19,58.845281226
2010-05-20,235.335874446
2010-05-21,150.0405515
2010-05-22,20.7660958874
2010-05-23,30.1580337074
2010-05-24,121.467842987
2010-05-25,131.097560976
2010-05-26,80.58691603
2010-05-27,86.7664673856
2010-05-28,83.6297926745
2010-05-29,66.2100748207
2010-05-30,59.9563232083
2010-05-31,225.075148446
2010-01-06,88.7612269605
2010-02-06,69.9606011352
2010-03-06,95.140905499
2010-04-06,29.8739454273
2010-05-06,156.179775281
2010-06-06,132.456140351
2010-07-06,37.857994662
2010-08-06,39.5954249742
2010-09-06,46.9382362349
2010-10-06,26.769512891
2010-11-06,112.177389846
2010-12-06,87.8428113803
2010-06-13,124.964489904
2010-06-14,55.2484581318
2010-06-15,52.4260698797
2010-06-16,135.214936559
2010-06-17,26.2745161447
2010-06-18,281.724458251
2010-06-19,17.2230436476
2010-06-20,65.5649729933
2010-06-21,134.261561412
2010-06-22,99.0671386777
2010-06-23,115.96019107
2010-06-24,37.1802346604
2010-06-25,88.2899628253
2010-06-26,34.9620350907
2010-06-27,67.9444206093
2010-06-28,41.9973204164
2010-06-29,27.1079093471
2010-06-30,32.9500620321
2010-01-07,31.5703877594
2010-02-07,43.5926523214
2010-03-07,10.1464086178
2010-04-07,76.442544797
2010-05-07,17.3412682773
2010-06-07,29.3505560533
2010-07-07,18.2898687666
2010-08-07,178.048230787
2010-09-07,153.384190878
2010-10-07,68.3245831149
2010-11-07,45.6581663371
2010-12-07,34.6558117188
2010-07-13,88.632331645
2010-07-14,67.5582154085
2010-07-15,56.3591959421
2010-07-16,74.0982135887
2010-07-17,31.2434696027
2010-07-18,36.2287601304
2010-07-19,23.8889246575
2010-07-20,64.070814808
2010-07-21,53.7135186822
2010-07-22,39.8586743559
2010-07-23,61.9579873746
2010-07-24,32.3441388399
2010-07-25,53.2884532556
2010-07-26,47.8702348403
2010-07-27,13.7818533104
2010-07-28,33.6277351596
2010-07-29,15.4596698733
2010-07-30,38.2181065051
2010-07-31,62.6694395959
2010-01-08,98.8592271445
2010-02-08,90.5859771481
2010-03-08,68.8943306009
2010-04-08,41.4406063415
2010-05-08,66.2982945035
2010-06-08,49.1312916281
2010-07-08,47.1699100076
2010-08-08,85.1266835797
2010-09-08,37.6284893456
2010-10-08,18.9394493694
2010-11-08,25.0121948858
2010-12-08,48.0452206907
2010-08-13,49.4472165774
2010-08-14,112.630496023
2010-08-15,102.848799549
2010-08-16,31.6323664555
2010-08-17,13.5678886397
2010-08-18,18.5830812654
2010-08-19,50.8862198663
2010-08-20,39.4933686614
2010-08-21,52.7050282889
2010-08-22,33.1982824977
2010-08-23,95.8021019952
2010-08-24,88.0646231092
2010-08-25,143.179364006
2010-08-26,56.5023011105
2010-08-27,90.2038607252
2010-08-28,36.8358688347
2010-08-29,77.583252247
2010-08-30,60.8552241944
2010-08-31,24.2057672799
2010-01-09,82.9590747793
2010-02-09,42.13773962
2010-03-09,28.9617397317
2010-04-09,28.7894379112
2010-05-09,59.1060969034
2010-06-09,21.9018362292
2010-07-09,34.6763092833
2010-08-09,59.703462329
2010-09-09,46.4243418504
2010-10-09,81.656587728
2010-11-09,90.4042072556
2010-12-09,63.4967339084
2010-09-13,36.0201431669
2010-09-14,44.8221449088
2010-09-15,34.417358065
2010-09-16,46.2461287122
2010-09-17,36.7106820947
2010-09-18,18.368923316
2010-09-19,22.1830579747
2010-09-20,28.4524637541
2010-09-21,45.3106080581
2010-09-22,29.6024645677
2010-09-23,20.2026709074
2010-09-24,36.9513734946
2010-09-25,59.1316891992
2010-09-26,54.9137185619
2010-09-27,51.2408466194
2010-09-28,29.67579426
2010-09-29,11.7966791502
2010-09-30,30.502710631
2010-01-10,20.5802809329
2010-02-10,20.4867809516
2010-03-10,1.9591541933
2010-04-10,14.5956069119
2010-05-10,5.97131960629
2010-06-10,15.9002036271
2010-07-10,7.63047808783
2010-08-10,5.48879994436
2010-09-10,6.39538368666
2010-10-10,8.53205751956
2010-11-10,18.4857503993
2010-12-10,14.8961255922
2010-10-13,41.0900484765
2010-10-14,17.6115960619
2010-10-15,15.1540718582
2010-10-16,13.4732977841
2010-10-17,32.8228487998
2010-10-18,36.4481055783
2010-10-19,45.7397644572
2010-10-20,21.8361678981
2010-10-21,18.880412601
2010-10-22,35.5065014029
2010-10-23,38.6219338846
2010-10-24,15.0701984195
2010-10-25,36.6327331264
2010-10-26,17.9033756297
2010-10-27,11.0446521742
2010-10-28,31.0154188466
2010-10-29,13.9296404967
2010-10-30,22.5300325334
2010-10-31,24.033452453
2010-01-11,32.07306654
2010-02-11,32.9926190798
2010-03-11,40.3703953648
2010-04-11,7.88233384102
2010-05-11,32.05674307
2010-06-11,10.3181325447
2010-07-11,25.563347108
2010-08-11,3.60166173221
2010-09-11,15.629255309
2010-10-11,41.6197815156
2010-11-11,48.403336659
2010-12-11,70.2640778805
2010-11-13,49.2953466543
2010-11-14,62.7386970174
2010-11-15,31.833050773
2010-11-16,14.3849831584
2010-11-17,42.0199705793
2010-11-18,68.0923777962
2010-11-19,36.1918815069
2010-11-20,12.9690481824
2010-11-21,16.5896121653
2010-11-22,53.7205871392
2010-11-23,26.8531067926
2010-11-24,32.5362709072
2010-11-25,21.412968539
2010-11-26,11.9090388784
2010-11-27,65.2505514206
2010-11-28,46.6842379389
2010-11-29,71.2516426528
2010-11-30,27.9978646962
2010-01-12,15.3535266617
2010-02-12,19.6184067414
2010-03-12,41.8423172275
2010-04-12,25.3716142522
2010-05-12,59.3278897917
2010-06-12,17.5290788476
2010-07-12,32.5353548453
2010-08-12,35.6932714938
2010-09-12,58.394215142
2010-10-12,45.5508094986
2010-11-12,24.5349836058
2010-12-12,75.175495899
2010-12-13,12.4106742881
2010-12-14,22.7589689503
2010-12-15,31.36705695
2010-12-16,48.3684238447
2010-12-17,56.2037002955
2010-12-18,28.3952037266
2010-12-19,18.4574062248
2010-12-20,79.9269614881
2010-12-21,38.6713239766
2010-12-22,14.9131194573
2010-12-23,59.1845282538
2010-12-24,90.2938885484
2010-12-25,48.5049400186
2010-12-26,118.147068185
2010-12-27,21.9761380091
2010-12-28,26.3176588777
2010-12-29,21.804057583
2010-12-30,33.1940979234
2010-12-31,53.9828479376
2011-01-01,62.8306995034
2011-02-01,54.3828991161
2011-03-01,50.7840562836
2011-04-01,23.791228321
2011-05-01,47.2528778405
2011-06-01,43.4990518982
2011-07-01,43.7119349491
2011-08-01,33.6369417713
2011-09-01,49.9060152287
2011-10-01,28.5909464979
2011-11-01,24.3937417279
2011-12-01,15.3800389198
2011-01-13,30.6936974723
2011-01-14,18.6927675242
2011-01-15,17.4978305742
2011-01-16,60.7845434112
2011-01-17,16.2840363078
2011-01-18,17.3882996807
2011-01-19,21.160688347
2011-01-20,21.4745666379
2011-01-21,40.2158988787
2011-01-22,27.2354998176
2011-01-23,20.5771528241
2011-01-24,27.5668328212
2011-01-25,34.5567622491
2011-01-26,49.6026517828
2011-01-27,1.36741791125
2011-01-28,4.82676503397
2011-01-29,37.0504849908
2011-01-30,55.3464405322
2011-01-31,33.9115425345
2011-01-02,13.5704837279
2011-02-02,9.71844116204
2011-03-02,19.61560781
2011-04-02,35.4235859184
2011-05-02,19.3298191217
2011-06-02,36.1483893228
2011-07-02,8.79185753563
2011-08-02,28.947366266
2011-09-02,33.6927764785
2011-10-02,14.3237319949
2011-11-02,21.2859282456
2011-12-02,28.0907597663
2011-02-13,50.4393414996
2011-02-14,34.564557914
2011-02-15,21.2858158954
2011-02-16,39.7699609049
2011-02-17,79.2837505971
2011-02-18,36.9902404685
2011-02-19,22.3207283876
2011-02-20,30.3519241021
2011-02-21,33.6610891697
2011-02-22,33.6767942742
2011-02-23,43.9659533447
2011-02-24,32.8020228098
2011-02-25,34.8080336942
2011-02-26,23.6952060161
2011-02-27,16.6649817202
2011-02-28,32.7746421758
2011-01-03,2.64685260928
2011-02-03,8.27080400368
2011-03-03,9.56089502212
2011-04-03,23.4967379313
2011-05-03,52.5015559098
2011-06-03,30.5250995892
2011-07-03,31.3217619344
2011-08-03,23.2299522745
2011-09-03,7.75292507866
2011-10-03,4.4685824471
2011-11-03,6.46073077678
2011-12-03,10.427681056
2011-03-13,10.6060300343
2011-03-14,4.23685410946
2011-03-15,5.96154109971
2011-03-16,10.5329113969
2011-03-17,7.46607639918
2011-03-18,10.1476787677
2011-03-19,8.7068457275
2011-03-20,14.1344447822
2011-03-21,13.6133975492
2011-03-22,7.9501912416
2011-03-23,9.74902556449
2011-03-24,6.9746691511
2011-03-25,10.2794711239
2011-03-26,6.28072401859
2011-03-27,11.8998049622
2011-03-28,12.1894039918
2011-03-29,14.1830201742
2011-03-30,14.3013895556
2011-03-31,16.2073227379
2011-01-04,18.2718234997
2011-02-04,28.5363722861
2011-03-04,14.7772698522
2011-04-04,18.0587558502
2011-05-04,15.6121471126
2011-06-04,18.9806548865
2011-07-04,11.9632820873
2011-08-04,15.6342005063
2011-09-04,12.6460694779
2011-10-04,17.1567193427
2011-11-04,16.5758597987
2011-12-04,10.7788622758
2011-04-13,13.5050669189
2011-04-14,16.7635515427
2011-04-15,7.35238803984
2011-04-16,6.00085648866
2011-04-17,1.23692892051
2011-04-18,10.6928020095
2011-04-19,0.419674354286
2011-04-20,1.06796569947
2011-04-21,13.4349150876
2011-04-22,6.38514046266
2011-04-23,10.2656485509
2011-04-24,9.52550001137
2011-04-25,20.9366408109
2011-04-26,15.1030943798
2011-04-27,17.6377014684
2011-04-28,7.14855853499
2011-04-29,4.96121180408
2011-04-30,3.19528101023
2011-01-05,12.2677460247
2011-02-05,14.4290813533
2011-03-05,11.2287339973
2011-04-05,5.04778912954
2011-05-05,14.9331123189
2011-06-05,10.1062465239
2011-07-05,10.9689440528
2011-08-05,12.970680346
2011-09-05,17.1630923285
2011-10-05,9.56761677161
2011-11-05,8.19216776294
2011-12-05,8.06991274634
2011-05-13,3.10505843653
2011-05-14,1.89175825367
2011-05-15,4.19432147788
2011-05-16,17.989838475
2011-05-17,9.41569596978
2011-05-18,17.6436291233
2011-05-19,16.294872663
2011-05-20,18.2399189023
2011-05-21,2.49187413703
2011-05-22,5.0979540238
2011-05-23,15.7351932384
2011-05-24,25.8555295559
2011-05-25,19.3754540644
2011-05-26,17.9232283429
2011-05-27,2.84288284261
2011-05-28,16.2600074631
2011-05-29,13.9850515577
2011-05-30,15.7794708869
2011-05-31,11.2169291064
2011-01-06,14.1747755599
2011-02-06,11.7503549352
2011-03-06,6.55494973887
2011-04-06,12.3904168134
2011-05-06,11.4428566886
2011-06-06,11.525414762
2011-07-06,11.8492212946
2011-08-06,5.97230505791
2011-09-06,6.00399937595
2011-10-06,10.3226663766
2011-11-06,7.55151417334
2011-12-06,1.9247251256
2011-06-13,7.9717292211
2011-06-14,3.78163333002
2011-06-15,11.538667152
2011-06-16,7.62264194383
2011-06-17,5.90476249788
2011-06-18,8.71746059353
2011-06-19,9.74784254832
2011-06-20,1.38864191308
2011-06-21,10.1238905947
2011-06-22,11.0336486745
2011-06-23,2.50338985598
2011-06-24,11.319272014
2011-06-25,6.85390610832
2011-06-26,12.3532116855
2011-06-27,8.27922590226
2011-06-28,5.11188619012
2011-06-29,11.2431368939
2011-06-30,9.08174532326
2011-01-07,8.85292954395
2011-02-07,9.63064782467
2011-03-07,18.2009699887
2011-04-07,13.5252985579
2011-05-07,8.73802061357
2011-06-07,9.0405126398
2011-07-07,10.6343032235
2011-08-07,14.7652428826
2011-09-07,15.5371409841
2011-10-07,13.8806120808
2011-11-07,10.8801331331
2011-12-07,12.7081461417
2011-07-13,16.5505618104
2011-07-14,15.3504131447
2011-07-15,16.1909021698
2011-07-16,18.3693932398
2011-07-17,18.039344923
2011-07-18,4.08637905736
2011-07-19,10.416527362
2011-07-20,12.7617733604
2011-07-21,13.7193691205
2011-07-22,12.4826377047
2011-07-23,13.4740824974
2011-07-24,21.2619352573
2011-07-25,11.3915552852
2011-07-26,13.6949206592
2011-07-27,14.5111992858
2011-07-28,9.01289498907
2011-07-29,9.88952816108
2011-07-30,15.2704264266
2011-07-31,15.7079586466
2011-01-08,15.1336811077
2011-02-08,8.50359705263
2011-03-08,8.39550225121
2011-04-08,7.98435944157
2011-05-08,5.89091737494
2011-06-08,9.09796923675
2011-07-08,4.96340241511
2011-08-08,3.77139759128
2011-09-08,9.6115865432
2011-10-08,13.8696973467
2011-11-08,12.2264168209
2011-12-08,12.2627579996
2011-08-13,14.2784559356
2011-08-14,10.9667070108
2011-08-15,10.7158355395
2011-08-16,12.4334725101
2011-08-17,10.2415816491
2011-08-18,9.07685246708
2011-08-19,12.2504136432
2011-08-20,15.5536280875
2011-08-21,17.735354675
2011-08-22,15.6091557939
2011-08-23,17.8775668809
2011-08-24,10.0396083765
2011-08-25,4.86043083382
2011-08-26,9.5144978699
2011-08-27,0.579921769472
2011-08-28,14.5869291057
2011-08-29,15.1925350497
2011-08-30,15.800091669
2011-08-31,15.2560728129
2011-01-09,11.2183256587
2011-02-09,14.4434249763
2011-03-09,16.3933112777
2011-04-09,9.53548063701
2011-05-09,9.56300234325
2011-06-09,8.89711433954
2011-07-09,5.72470242905
2011-08-09,10.0799786598
2011-09-09,5.47923149175
2011-10-09,9.62250381968
2011-11-09,0.904134578561
2011-12-09,8.12817654276
2011-09-13,12.1037500231
2011-09-14,9.72091546687
2011-09-15,14.1160663284
2011-09-16,7.10211068034
2011-09-17,9.00203819825
2011-09-18,14.8311029074
2011-09-19,8.76132441318
2011-09-20,8.49241970822
2011-09-21,6.11410352819
2011-09-22,10.0395958344
2011-09-23,11.913338248
2011-09-24,9.30081247175
2011-09-25,13.3263184268
2011-09-26,10.4550377385
2011-09-27,8.54939248954
2011-09-28,10.2110976528
2011-09-29,13.3246265284
2011-09-30,10.2110639553
2011-01-10,9.63288165234
2011-02-10,12.1141001389
2011-03-10,12.3816662424
2011-04-10,9.30805233079
2011-05-10,8.62013027185
2011-06-10,4.95834701865
2011-07-10,7.29522062729
2011-08-10,6.19884053336
2011-09-10,8.26573123225
2011-10-10,10.5769779073
2011-11-10,6.73752917951
2011-12-10,8.4653167654
2011-10-13,6.33896874558
2011-10-14,8.65051943171
2011-10-15,9.3665617496
2011-10-16,10.9622121769
2011-10-17,4.80686207893
2011-10-18,6.14694659294
2011-10-19,7.26372578606
2011-10-20,4.12883350063
2011-10-21,7.23895300044
2011-10-22,4.89539347403
2011-10-23,4.97450135403
2011-10-24,6.48818944335
2011-10-25,5.84680328953
2011-10-26,4.48631426248
2011-10-27,7.39115523925
2011-10-28,4.16786420775
2011-10-29,3.15497190723
2011-10-30,6.06841019809
2011-10-31,8.08399090092
2011-01-11,5.77661616221
2011-02-11,5.46077618346
2011-03-11,5.54883714694
2011-04-11,6.91993238342
2011-05-11,6.71578419278
2011-06-11,9.216137936
2011-07-11,10.0485173934
2011-08-11,5.76448582785
2011-09-11,3.25266711532
2011-10-11,5.80349865024
2011-11-11,4.35650568395
2011-12-11,8.59107986127
2011-11-13,9.35964671418
2011-11-14,5.52855933392
2011-11-15,5.27377104253
2011-11-16,0.473524218569
2011-11-17,0.281331767429
2011-11-18,0.227816280307
2011-11-19,0.269184951784
2011-11-20,0.973286332806
2011-11-21,0.580948695242
2011-11-22,0.405060333427
2011-11-23,0.571379919155
2011-11-24,3.28225704954
2011-11-25,3.66268865556
2011-11-26,3.60195846943
2011-11-27,0.511353766059
2011-11-28,0.234008453945
2011-11-29,0.339633625478
2011-11-30,0.154478788174
2011-01-12,0.376206403671
2011-02-12,0.237357719451
2011-03-12,0.203795424088
2011-04-12,0.213852115128
2011-05-12,0.424932774177
2011-06-12,0.136530634767
2011-07-12,0.13839219677
2011-08-12,0.197463040143
2011-09-12,0.645234712643
2011-10-12,2.41741227591
2011-11-12,2.72577695151
2011-12-12,2.16792401343
2011-12-13,3.97301048219
2011-12-14,5.64114804456
2011-12-15,4.34230244692
2011-12-16,3.84218983149
2011-12-17,5.49919159358
2011-12-18,9.11522028672
2011-12-19,5.69257192816
2011-12-20,3.42455412447
2011-12-21,4.71634485826
2011-12-22,6.56963203378
2011-12-23,7.89605361785
2011-12-24,7.81958822703
2011-12-25,13.1723069819
2011-12-26,10.3042193354
2011-12-27,9.61377776591
2011-12-28,8.04178504337
2011-12-29,6.01887415694
2011-12-30,7.58256056107
2011-12-31,9.68135983204
2012-01-01,4.41385158299
2012-02-01,7.35953081036
2012-03-01,9.59320473425
2012-04-01,6.49553535404
2012-05-01,3.48466187361
2012-06-01,4.89852539491
2012-07-01,8.65935041017
2012-08-01,10.0050804284
2012-09-01,5.36729952467
2012-10-01,6.78601664547
2012-11-01,6.93486169691
2012-12-01,10.5422732348
2012-01-13,3.61491633038
2012-01-14,6.46437315232
2012-01-15,9.33073061166
2012-01-16,6.21155754334
2012-01-17,5.46029532344
2012-01-18,4.63502169636
2012-01-19,5.44670953935
2012-01-20,4.74253893349
2012-01-21,9.65514379928
2012-01-22,10.4490189081
2012-01-23,12.2051308099
2012-01-24,6.97797637672
2012-01-25,6.55296176299
2012-01-26,4.9701849027
2012-01-27,4.91891298773
2012-01-28,9.21009600252
2012-01-29,8.847665711
2012-01-30,10.0352748773
2012-01-31,9.42012527925
2012-01-02,4.82379355618
2012-02-02,5.85648142907
2012-03-02,6.78649337969
2012-04-02,6.00341521287
2012-05-02,6.13834487085
2012-06-02,6.23080844545
2012-07-02,6.27680431608
2012-08-02,6.45730019489
2012-09-02,7.79618754058
2012-10-02,8.05513823821
2012-11-02,6.6926163113
2012-12-02,5.66488206372
2012-02-13,5.38379274848
2012-02-14,1.7830517871
2012-02-15,1.65637707147
2012-02-16,2.35116018841
2012-02-17,3.76367442942
2012-02-18,7.47691130548
2012-02-19,9.63809072354
2012-02-20,6.93385262214
2012-02-21,6.21452330273
2012-02-22,5.36938652058
2012-02-23,6.70532457547
2012-02-24,4.33015572605
2012-02-25,4.59221758785
2012-02-26,8.50875386029
2012-02-27,8.60975829694
2012-02-28,6.38255596969
2012-02-29,8.87563591594
2012-01-03,4.90284519619
2012-02-03,2.85079915648
2012-03-03,3.75413512811
2012-04-03,6.73032471129
2012-05-03,7.45466754054
2012-06-03,6.365731793
2012-07-03,6.76172446066
2012-08-03,8.04059783299
2012-09-03,7.75505192156
2012-10-03,8.45208463081
2012-11-03,9.07681622166
2012-12-03,7.76281630496
2012-03-13,5.63584599824
2012-03-14,5.81421011568
2012-03-15,4.1119936978
2012-03-16,5.15578485769
2012-03-17,9.58330775943
2012-03-18,8.66353531382
2012-03-19,6.85295182272
2012-03-20,6.03625991604
2012-03-21,5.54059457401
2012-03-22,6.18881056334
2012-03-23,5.0953558332
2012-03-24,8.28923005455
2012-03-25,6.60968188482
2012-03-26,6.8318290853
2012-03-27,5.42549292766
2012-03-28,5.8998232533
2012-03-29,4.86841321353
2012-03-30,5.41027682472
2012-03-31,7.10894389722
2012-01-04,8.17634349018
2012-02-04,5.69788003571
2012-03-04,4.17663985453
2012-04-04,4.506285629
2012-05-04,3.55051872435
2012-06-04,3.41683101861
2012-07-04,6.05972514686
2012-08-04,8.50367710291
2012-09-04,2.91978692685
2012-10-04,2.78547448485
2012-11-04,5.13515652511
2012-12-04,2.70252922265
2012-04-13,3.24615393501
2012-04-14,3.54613661605
2012-04-15,6.76910542585
2012-04-16,4.06658504657
2012-04-17,3.2465256276
2012-04-18,3.43795925119
2012-04-19,3.9000143004
2012-04-20,3.48131901612
2012-04-21,4.31958084252
2012-04-22,4.22241701233
2012-04-23,6.3118269108
2012-04-24,3.94823933162
2012-04-25,4.52275983965
2012-04-26,3.76520072638
2012-04-27,4.31730781422
2012-04-28,5.88161454253
2012-04-29,5.20519152577
2012-04-30,7.4017022164
2012-01-05,5.84714669964
2012-02-05,4.98802677153
2012-03-05,4.7255729068
2012-04-05,5.43665901186
2012-05-05,5.34957089971
2012-06-05,4.39831962517
2012-07-05,4.87230255448
2012-08-05,5.41677623381
2012-09-05,3.67559394763
2012-10-05,3.07656262338
2012-11-05,2.72169602598
2012-12-05,3.95317316812
2012-05-13,4.64309259587
2012-05-14,5.11553686308
2012-05-15,2.91700605497
2012-05-16,2.98865191418
2012-05-17,3.67817312992
2012-05-18,2.81520880672
2012-05-19,4.92984991108
2012-05-20,4.80892595292
2012-05-21,3.11796533481
2012-05-22,2.14151994898
2012-05-23,2.88194800607
2012-05-24,4.43737897521
2012-05-25,3.60461776536
2012-05-26,4.7160573376
2012-05-27,6.16915822335
2012-05-28,4.62938993358
2012-05-29,3.40159416468
2012-05-30,3.02920348571
2012-05-31,3.46490616312
2012-01-06,1.21981400943
2012-02-06,4.16641931953
2012-03-06,6.96827338013
2012-04-06,3.60168715335
2012-05-06,2.84371746088
2012-06-06,4.3470822236
2012-07-06,2.84468238529
2012-08-06,3.02170755815
2012-09-06,3.62863523384
2012-10-06,5.63303677681
2012-11-06,4.38323873844
2012-12-06,3.42464523398
2012-06-13,3.07529999997
2012-06-14,4.06423565083
2012-06-15,3.93778923692
2012-06-16,2.98313778934
2012-06-17,5.08423011743
2012-06-18,4.03336182965
2012-06-19,4.21316043813
2012-06-20,2.6713894043
2012-06-21,3.22876053974
2012-06-22,2.87133315447
2012-06-23,5.11503888043
2012-06-24,2.63339235504
2012-06-25,4.12963117245
2012-06-26,2.47911414656
2012-06-27,3.36025359158
2012-06-28,2.91658759619
2012-06-29,4.73505587834
2012-06-30,4.96562229027
2012-01-07,6.9093228361
2012-02-07,5.5667351075
2012-03-07,2.59600620628
2012-04-07,3.46264133098
2012-05-07,3.76438457619
2012-06-07,3.89408788118
2012-07-07,5.30086802066
2012-08-07,6.0005501992
2012-09-07,4.43482536524
2012-10-07,3.1254605156
2012-11-07,3.31308715865
2012-12-07,3.12903728899
2012-07-13,2.54049762678
2012-07-14,2.45653177342
2012-07-15,5.05599327781
2012-07-16,3.70263333891
2012-07-17,2.15531164165
2012-07-18,2.58060556783
2012-07-19,3.88669446852
2012-07-20,2.80540231839
2012-07-21,3.29790202042
2012-07-22,5.02218564597
2012-07-23,3.76800450385
2012-07-24,3.56001249719
2012-07-25,3.96545662189
2012-07-26,3.71080844993
2012-07-27,5.06631285099
2012-07-28,6.18926517177
2012-07-29,5.55847697837
2012-07-30,5.95666154907
2012-07-31,2.19507110901
2012-01-08,2.59561353641
2012-02-08,2.86505338767
2012-03-08,3.25439472296
2012-04-08,4.46253799092
2012-05-08,5.09543515876
2012-06-08,3.95456283359
2012-07-08,3.9011028952
2012-08-08,4.29021300236
2012-09-08,3.31761619666
2012-10-08,3.8327845423
2012-11-08,5.42518333596
2012-12-08,8.75012470097
2012-08-13,4.30583128268
2012-08-14,3.37556025325
2012-08-15,4.84919653069
2012-08-16,3.81164350225
2012-08-17,3.30866414019
2012-08-18,2.74695895675
2012-08-19,2.17732090186
2012-08-20,1.4013092961
2012-08-21,2.96974816253
2012-08-22,2.05071444898
2012-08-23,3.19501142717
2012-08-24,3.60746474885
2012-08-25,2.75029529502
2012-08-26,4.76590631504
2012-08-27,2.70395588868
2012-08-28,3.30233574405
2012-08-29,3.41019188996
2012-08-30,3.46927295778
2012-08-31,1.88908417408
2012-01-09,5.2990193273
2012-02-09,5.81103086197
2012-03-09,5.22936517905
2012-04-09,2.70832170451
2012-05-09,4.23444237101
2012-06-09,3.21130415745
2012-07-09,4.47754132285
2012-08-09,3.95668758442
2012-09-09,2.23902175984
2012-10-09,1.72347831152
2012-11-09,2.63042996616
2012-12-09,2.71589929462
2012-09-13,2.79272147798
2012-09-14,3.8530881446
2012-09-15,3.09117078137
2012-09-16,5.46862683645
2012-09-17,3.90293822046
2012-09-18,3.05395130675
2012-09-19,3.14725720912
2012-09-20,2.90012330425
2012-09-21,1.55533974326
2012-09-22,3.53190103829
2012-09-23,5.91616978882
2012-09-24,3.16521208037
2012-09-25,3.05407960971
2012-09-26,3.15800949977
2012-09-27,3.04307279848
2012-09-28,3.58756853853
2012-09-29,3.78032441431
2012-09-30,4.35398707243
2012-01-10,3.94086665064
2012-02-10,2.50904450803
2012-03-10,2.71028015635
2012-04-10,2.68688816526
2012-05-10,2.76732623563
2012-06-10,5.23546921817
2012-07-10,5.39822101278
2012-08-10,3.77652102201
2012-09-10,3.5504515938
2012-10-10,3.68669735292
2012-11-10,3.26865485061
2012-12-10,3.54442323861
2012-10-13,5.08678058467
2012-10-14,5.0974374259
2012-10-15,4.4886173515
2012-10-16,3.34966150689
2012-10-17,3.20567056617
2012-10-18,3.45127518044
2012-10-19,3.78304077976
2012-10-20,2.48793508122
2012-10-21,4.56927280978
2012-10-22,3.96045417105
2012-10-23,2.51469323648
2012-10-24,2.44413618674
2012-10-25,2.15260944166
2012-10-26,3.39513103217
2012-10-27,3.69581241547
2012-10-28,5.66410118473
2012-10-29,5.09618725514
2012-10-30,2.45551088176
2012-10-31,2.6782853231
2012-01-11,2.46878071952
2012-02-11,3.09164194483
2012-03-11,4.67399303574
2012-04-11,7.7855926736
2012-05-11,4.23810480618
2012-06-11,3.39121886964
2012-07-11,3.76847755471
2012-08-11,3.67131540508
2012-09-11,3.851740597
2012-10-11,6.89178050182
2012-11-11,9.34840581203
2012-12-11,5.00749708895
2012-11-13,5.27202017563
2012-11-14,5.21462697969
2012-11-15,3.4556717324
2012-11-16,2.00658564145
2012-11-17,2.9416089419
2012-11-18,4.28065214224
2012-11-19,2.36285812515
2012-11-20,4.22838042682
2012-11-21,4.27730368158
2012-11-22,3.87775838377
2012-11-23,5.62021647237
2012-11-24,4.76719274985
2012-11-25,6.40331127365
2012-11-26,4.50684800084
2012-11-27,3.18469208665
2012-11-28,3.54645311547
2012-11-29,2.21073042015
2012-11-30,1.80774380333
2012-01-12,3.0417044499
2012-02-12,3.20832774795
2012-03-12,1.91817523925
2012-04-12,1.28339542243
2012-05-12,1.28803737037
2012-06-12,1.64681232226
2012-07-12,1.44784869354
2012-08-12,2.02802061736
2012-09-12,2.77912371821
2012-10-12,1.74411597832
2012-11-12,1.33112135232
2012-12-12,1.34556369735
2012-12-13,1.09367225507
2012-12-14,1.10021089981
2012-12-15,1.62133129759
2012-12-16,2.73841700392
2012-12-17,1.57817809091
2012-12-18,1.28753287883
2012-12-19,1.5280823895
2012-12-20,1.65075381964
2012-12-21,1.44957707955
2012-12-22,2.35969313225
2012-12-23,3.42450658233
2012-12-24,2.05303268381
2012-12-25,2.78356850348
2012-12-26,2.97000608283
2012-12-27,2.60310029827
2012-12-28,2.54638682815
2012-12-29,2.06564496673
2012-12-30,3.54767842268
2012-12-31,2.32001647907
2013-01-01,3.48832756679
2013-02-01,1.64469704479
2013-03-01,2.55407027904
2013-04-01,1.65793853907
2013-05-01,1.91493486821
2013-06-01,2.52118335037
2013-07-01,2.51933876217
2013-08-01,1.52845995023
2013-09-01,1.3024441215
2013-10-01,1.66489629763
2013-11-01,1.44540020764
2013-12-01,1.74240789063
2013-01-13,1.84370741452
2013-01-14,2.16828790326
2013-01-15,1.35293113246
2013-01-16,1.30658451979
2013-01-17,1.13259758547
2013-01-18,1.28858186461
2013-01-19,2.12055932444
2013-01-20,2.70382014926
2013-01-21,1.92276854564
2013-01-22,1.22747922631
2013-01-23,1.13117782401
2013-01-24,1.15080481856
2013-01-25,1.30876437924
2013-01-26,1.55010821058
2013-01-27,2.41529970867
2013-01-28,1.82150924144
2013-01-29,1.01591244544
2013-01-30,1.23990570737
2013-01-31,1.30174665074
2013-01-02,1.05512887534
2013-02-02,1.25069065593
2013-03-02,2.33604899697
2013-04-02,2.38138250786
2013-05-02,1.64462885793
2013-06-02,1.37745141284
2013-07-02,1.38981361438
2013-08-02,1.67963506531
2013-09-02,1.93098542818
2013-10-02,2.36407598089
2013-11-02,2.19939070485
2013-12-02,1.32222721045
2013-02-13,1.39435296341
2013-02-14,1.59258072184
2013-02-15,1.29253789043
2013-02-16,2.71877744318
2013-02-17,1.98321908695
2013-02-18,1.67710187635
2013-02-19,1.71443113141
2013-02-20,1.49953605154
2013-02-21,1.96245028291
2013-02-22,1.57947265935
2013-02-23,1.74637439004
2013-02-24,1.47445501852
2013-02-25,1.59827882834
2013-02-26,1.43935839696
2013-02-27,2.31346381279
2013-02-28,1.44739494136
2013-01-03,1.26899507283
2013-02-03,1.49423199233
2013-03-03,3.34636214329
2013-04-03,2.28671412379
2013-05-03,1.3146216078
2013-06-03,1.18311251637
2013-07-03,1.18135118756
2013-08-03,1.55697065586
2013-09-03,2.63082028547
2013-10-03,3.12341828544
2013-11-03,2.47397600094
2013-12-03,1.25193390377
2013-03-13,1.41848545747
2013-03-14,1.96866239849
2013-03-15,1.90637077513
2013-03-16,2.77026294422
2013-03-17,3.85410996545
2013-03-18,2.29675720931
2013-03-19,1.53114203261
2013-03-20,1.61765922579
2013-03-21,2.01611248766
2013-03-22,1.86578953867
2013-03-23,2.2068126656
2013-03-24,3.00443803778
2013-03-25,1.22888936368
2013-03-26,1.47833457485
2013-03-27,1.25333920185
2013-03-28,1.52711000282
2013-03-29,1.49951879156
2013-03-30,1.69652218521
2013-03-31,2.96701357637
2013-01-04,2.97535063601
2013-02-04,1.09215604978
2013-03-04,1.16822688286
2013-04-04,1.10786475974
2013-05-04,1.49678152467
2013-06-04,2.22522102724
2013-07-04,2.47128179846
2013-08-04,1.47551650923
2013-09-04,1.23867043381
2013-10-04,0.847603441872
2013-11-04,0.622188075328
2013-12-04,0.896491811717
2013-04-13,1.37773971853
2013-04-14,2.229994935
2013-04-15,1.78862500827
2013-04-16,0.838311181708
2013-04-17,1.32438410135
2013-04-18,1.57685467746
2013-04-19,1.15590336537
2013-04-20,2.123229527
2013-04-21,2.87881151873
2013-04-22,2.63625103217
2013-04-23,2.25312021256
2013-04-24,1.77848358552
2013-04-25,1.55902271202
2013-04-26,1.72254533534
2013-04-27,1.81696987931
2013-04-28,2.53089417969
2013-04-29,1.5661399959
2013-04-30,1.62779327781
2013-01-05,1.34138871984
2013-02-05,1.16228555235
2013-03-05,0.99856336095
2013-04-05,2.27738175917
2013-05-05,2.0767683663
2013-06-05,1.52354360134
2013-07-05,0.974882718394
2013-08-05,1.2646612906
2013-09-05,2.50721371402
2013-10-05,2.12635990606
2013-11-05,2.12766716318
2013-12-05,2.11273362929
2013-05-13,1.73008536575
2013-05-14,1.87437801071
2013-05-15,1.29512526771
2013-05-16,1.7106373307
2013-05-17,2.29586530081
2013-05-18,1.72426430539
2013-05-19,3.37578952281
2013-05-20,2.91455355728
2013-05-21,2.52868732683
2013-05-22,3.04224438644
2013-05-23,2.96417485607
2013-05-24,2.93058599861
2013-05-25,1.78749889314
2013-05-26,5.8321332467
2013-05-27,4.78672439882
2013-05-28,2.40750544798
2013-05-29,2.81231631283
2013-05-30,2.79777109044
2013-05-31,2.76667265799
2013-01-06,5.20020053706
2013-02-06,4.51771673804
2013-03-06,2.92612962367
2013-04-06,2.4202601497
2013-05-06,3.02876261785
2013-06-06,2.7925685591
2013-07-06,1.72243096571
2013-08-06,3.05383320886
2013-09-06,1.83084892033
2013-10-06,2.82739337401
2013-11-06,3.07628946404
2013-12-06,2.89122216633
2013-06-13,3.62956030457
2013-06-14,2.25656976348
2013-06-15,3.16651632198
2013-06-16,4.5473630268
2013-06-17,3.2569740336
2013-06-18,2.53635280602
2013-06-19,2.27120602063
2013-06-20,2.49643202948
2013-06-21,2.39147894224
2013-06-22,4.07056346173
2013-06-23,4.30384648854
2013-06-24,2.30343274581
2013-06-25,2.57073193821
2013-06-26,3.02172294589
2013-06-27,3.00671389674
2013-06-28,2.49525390987
2013-06-29,2.99428702499
2013-06-30,3.95671876051
2013-01-07,1.8054786061
2013-02-07,1.5252233068
2013-03-07,1.66046849706
2013-04-07,1.31073495397
2013-05-07,1.3051742029
2013-06-07,1.88395161428
2013-07-07,2.77891575415
2013-08-07,2.46962547769
2013-09-07,1.59159990973
2013-10-07,1.32530599696
2013-11-07,2.36910374923
2013-12-07,1.26228766823
2013-07-13,1.32416989269
2013-07-14,2.4050004882
2013-07-15,2.85071015188
2013-07-16,1.84294977509
2013-07-17,1.16525836283
2013-07-18,1.30927871957
2013-07-19,1.49490149898
2013-07-20,3.49110240926
2013-07-21,3.77160135334
2013-07-22,2.0055229737
2013-07-23,1.18407926562
2013-07-24,1.64447918991
2013-07-25,1.89449705153
2013-07-26,2.19600190244
2013-07-27,2.85093119492
2013-07-28,4.30833424237
2013-07-29,2.32401660555
2013-07-30,2.72448600468
2013-07-31,1.88430056116
2013-01-08,1.95588527229
2013-02-08,2.93396742309
2013-03-08,2.13927775582
2013-04-08,4.59023105264
2013-05-08,3.09781909161
2013-06-08,2.93779498909
2013-07-08,3.00319361908
2013-08-08,3.42436041195
2013-09-08,3.80308754877
2013-10-08,4.50659702495
2013-11-08,4.57082407463
2013-12-08,2.59346483308
2013-08-13,1.86440442014
2013-08-14,2.06287316226
2013-08-15,2.2281967355
2013-08-16,2.70918358187
2013-08-17,4.24291693952
2013-08-18,4.99262304294
2013-08-19,2.47067576825
2013-08-20,2.19512301333
2013-08-21,2.64900929448
2013-08-22,2.99407358739
2013-08-23,3.16365521779
2013-08-24,4.11799511818
2013-08-25,3.36752570898
2013-08-26,2.91017311505
2013-08-27,2.24372176985
2013-08-28,2.23246505527
2013-08-29,2.22205332141
2013-08-30,3.06872697427
2013-08-31,3.33426647188
2013-01-09,3.7803271594
2013-02-09,4.28178896533
2013-03-09,2.8834289266
2013-04-09,2.24367782764
2013-05-09,2.00603848739
2013-06-09,3.63870210116
2013-07-09,3.56850646644
2013-08-09,4.63764647336
2013-09-09,3.84559942185
2013-10-09,3.13261857921
2013-11-09,3.58382804718
2013-12-09,3.51655111843
2013-09-13,3.8705772237
2013-09-14,5.0372137985
2013-09-15,5.82629274841
2013-09-16,3.39126575962
2013-09-17,3.2736343413
2013-09-18,2.5303618107
2013-09-19,2.26794027091
2013-09-20,3.24926893225
2013-09-21,4.24375777305
2013-09-22,4.3561768677
2013-09-23,3.44724050608
2013-09-24,2.35045183657
2013-09-25,2.99642061353
2013-09-26,2.67700132391
2013-09-27,2.73669181189
2013-09-28,3.1682974329
2013-09-29,2.90354556636
2013-09-30,2.90647535935
2013-01-10,2.21036924894
2013-02-10,1.5060547131
2013-03-10,1.5580184088
2013-04-10,2.88907698186
2013-05-10,5.36568825079
2013-06-10,5.35902994723
2013-07-10,2.15253782739
2013-08-10,2.94800427414
2013-09-10,2.56621274303
2013-10-10,3.10206934508
2013-11-10,2.82096125329
2013-12-10,3.71906535969
2013-10-13,5.67335877849
2013-10-14,3.71230797708
2013-10-15,3.45382692921
2013-10-16,2.67017618401
2013-10-17,2.52670932489
2013-10-18,2.81582732144
2013-10-19,2.79540763781
2013-10-20,4.43599265939
2013-10-21,2.89271464165
2013-10-22,1.83014857723
2013-10-23,2.19246495523
2013-10-24,2.10297064009
2013-10-25,1.76627073647
2013-10-26,2.47939129488
2013-10-27,4.14884565675
2013-10-28,3.84830791998
2013-10-29,1.41403477239
2013-10-30,2.96216252569
2013-10-31,3.52973251209
2013-01-11,3.17959105635
2013-02-11,4.39466389438
2013-03-11,4.44944253211
2013-04-11,2.5790367401
2013-05-11,1.2113668921
2013-06-11,1.62329138291
2013-07-11,1.38309014091
2013-08-11,1.05883327672
2013-09-11,1.24108893554
2013-10-11,1.88583911681
2013-11-11,2.76693414935
2013-12-11,2.08556151027
2013-11-13,2.12537863856
2013-11-14,1.52298667891
2013-11-15,1.79091867482
2013-11-16,2.20441741482
2013-11-17,2.81713934647
2013-11-18,1.31338019811
2013-11-19,0.924050138289
2013-11-20,1.28407100154
2013-11-21,1.30220199583
2013-11-22,0.635564891783
2013-11-23,2.09325539459
2013-11-24,1.90510943144
2013-11-25,2.62620073324
2013-11-26,1.45113530058
2013-11-27,1.26387225025
2013-11-28,1.34400938558
2013-11-29,1.31131459407
2013-11-30,1.73383823385
2013-01-12,2.60645111233
2013-02-12,1.93716949839
2013-03-12,2.85115663927
2013-04-12,2.59993343182
2013-05-12,1.67010856495
2013-06-12,1.70209424707
2013-07-12,1.6312244523
2013-08-12,2.3492503995
2013-09-12,3.63723293613
2013-10-12,2.93353178999
2013-11-12,1.64426517095
2013-12-12,3.81915773032
2013-12-13,3.63384241306
2013-12-14,4.36749028916
2013-12-15,3.99486392864
2013-12-16,2.86791892043
2013-12-17,1.96961853753
2013-12-18,1.53608279276
2013-12-19,2.24185455928
2013-12-20,2.52101671758
2013-12-21,1.34652716412
2013-12-22,2.69923399894
2013-12-23,2.99628274261
2013-12-24,3.23826123267
2013-12-25,1.48077457392
2013-12-26,4.91126137352
2013-12-27,3.80708607686
2013-12-28,4.9338843666
2013-12-29,6.04412174406
2013-12-30,4.04169433166
2013-12-31,4.41337230316
2014-01-01,6.62360866006
2014-02-01,3.71165548957
2014-03-01,2.19854555154
2014-04-01,2.66268239801
2014-05-01,3.02265977523
2014-06-01,2.56143472579
2014-07-01,4.02794183115
2014-08-01,3.58167800503
2014-09-01,5.64174902614
2014-10-01,6.46581632485
2014-11-01,5.37122159159
2014-12-01,6.08027523235
2014-01-13,5.60461803206
2014-01-14,3.81304754336
2014-01-15,3.284888527
2014-01-16,5.0092205861
2014-01-17,4.3938461481
2014-01-18,7.0747358681
2014-01-19,7.60594769125
2014-01-20,5.02854861486
2014-01-21,3.12939431381
2014-01-22,5.61797062147
2014-01-23,4.95352391019
2014-01-24,3.75584311408
2014-01-25,4.90020305954
2014-01-26,6.22372437939
2014-01-27,3.50651773128
2014-01-28,3.04589095843
2014-01-29,5.74589939505
2014-01-30,4.3787352094
2014-01-31,7.08717075712
2014-01-02,6.95527084727
2014-02-02,7.80655117935
2014-03-02,8.3153262145
2014-04-02,4.07336194887
2014-05-02,3.07253758677
2014-06-02,1.98032561688
2014-07-02,2.77424183022
2014-08-02,5.91857365613
2014-09-02,4.46211116604
2014-10-02,3.17942482211
2014-11-02,3.04274180908
2014-12-02,4.16246349953
2014-02-13,5.58294673864
2014-02-14,3.33381145829
2014-02-15,6.11646735596
2014-02-16,4.89816347572
2014-02-17,4.13779461154
2014-02-18,3.56970231567
2014-02-19,5.56611728875
2014-02-20,4.34084259312
2014-02-21,3.80919399478
2014-02-22,5.07633079174
2014-02-23,5.65682433531
2014-02-24,2.74272451159
2014-02-25,1.60583564979
2014-02-26,3.40421938431
2014-02-27,3.06984415792
2014-02-28,3.79279378926
2014-01-03,4.3216229264
2014-02-03,5.27146080065
2014-03-03,2.64002879753
2014-04-03,1.8125105581
2014-05-03,3.17895617856
2014-06-03,3.29919133535
2014-07-03,0.449574305302
2014-08-03,0.943737644755
2014-09-03,2.68602595499
2014-10-03,0.767645756904
2014-11-03,1.25560867773
2014-12-03,1.41040070682
2014-03-13,1.17162821128
2014-03-14,1.5772907903
2014-03-15,2.35778224425
2014-03-16,6.74459386409
2014-03-17,5.84314420906
2014-03-18,4.11097976092
2014-03-19,3.23673543011
2014-03-20,3.01531107391
2014-03-21,4.52916441918
2014-03-22,5.89958384988
2014-03-23,13.1099025019
2014-03-24,6.19747835648
2014-03-25,4.23724603416
2014-03-26,4.94458779757
2014-03-27,2.60553549541
2014-03-28,2.6882850749
2014-03-29,5.80883613894
2014-03-30,3.87669072541
2014-03-31,3.4519354044
2014-01-04,3.64387552853
2014-02-04,3.86563462658
2014-03-04,3.43191158649
2014-04-04,3.86238344771
2014-05-04,3.83554166506
2014-06-04,4.76332615394
2014-07-04,4.45976414819
2014-08-04,3.63109398773
2014-09-04,4.11163810554
2014-10-04,1.96880747148
2014-11-04,1.84242985831
2014-12-04,5.9138561977
2014-04-13,9.65841400866
2014-04-14,4.43790613296
2014-04-15,3.97048168533
2014-04-16,2.22001441226
2014-04-17,3.27174691471
2014-04-18,5.31702840552
2014-04-19,7.25546265025
2014-04-20,9.07505772681
2014-04-21,3.22646247412
2014-04-22,4.61626460889
2014-04-23,3.6974471406
2014-04-24,4.88630819185
2014-04-25,3.29914235856
2014-04-26,5.63119502151
2014-04-27,6.7887255962
2014-04-28,3.97990687652
2014-04-29,4.11051241868
2014-04-30,3.72813906593
2014-01-05,5.57941764762
2014-02-05,6.18685601163
2014-03-05,5.08412931416
2014-04-05,7.36311903143
2014-05-05,4.96959413595
2014-06-05,6.32442873577
2014-07-05,3.78988500555
2014-08-05,4.8438046035
2014-09-05,5.18581960026
2014-10-05,7.68980894366
2014-11-05,8.49265792482
2014-12-05,5.75331261326
2014-05-13,5.07849047181
2014-05-14,3.48183209145
2014-05-15,4.0709808747
2014-05-16,5.94160045043
2014-05-17,10.4171471085
2014-05-18,7.72329434765
2014-05-19,6.29591335319
2014-05-20,3.63383458784
2014-05-21,4.1868050119
2014-05-22,3.98643107802
2014-05-23,3.21543035631
2014-05-24,1.22569038222
2014-05-25,3.44085198857
2014-05-26,3.77795436258
2014-05-27,2.78708480546
2014-05-28,3.11282761651
2014-05-29,4.11224348699
2014-05-30,3.83117858629
2014-05-31,4.29311209754
2014-01-06,4.60258193739
2014-02-06,5.12495293758
2014-03-06,3.77739619393
2014-04-06,4.46921665212
2014-05-06,3.75971703946
2014-06-06,3.63783922624
2014-07-06,6.26197656038
2014-08-06,8.16322760171
2014-09-06,6.38312300023
2014-10-06,2.56989752649
2014-11-06,2.48895768462
2014-12-06,2.65480531621
2014-06-13,1.3888023829
2014-06-14,6.31424598349
2014-06-15,8.21671886131
2014-06-16,6.08750953167
2014-06-17,6.31547741856
2014-06-18,5.01699772889
2014-06-19,4.76047914746
2014-06-20,6.68975110385
2014-06-21,8.20158121988
2014-06-22,9.67798398537
2014-06-23,4.82121359046
2014-06-24,2.22479924824
2014-06-25,4.41376531557
2014-06-26,3.8055831388
2014-06-27,6.81187426752
2014-06-28,7.28317729674
2014-06-29,8.99895653241
2014-06-30,3.63993670908
2014-01-07,2.52018233849
2014-02-07,3.24127512314
2014-03-07,3.82091425274
2014-04-07,4.84806684995
2014-05-07,7.99485878198
2014-06-07,8.38938285093
2014-07-07,5.60508595672
2014-08-07,4.37053197642
2014-09-07,4.4614370656
2014-10-07,5.18019847917
2014-11-07,5.20746158025
2014-12-07,7.70552667009
2014-07-13,6.39108925486
2014-07-14,5.69342054399
2014-07-15,5.15149936896
2014-07-16,3.85433743475
2014-07-17,6.0044444828
2014-07-18,4.95221264573
2014-07-19,5.82714077637
2014-07-20,10.0889388608
2014-07-21,4.59815905542
2014-07-22,3.3589423829
2014-07-23,4.95891130083
2014-07-24,3.56824124322
2014-07-25,4.99733345261
2014-07-26,6.99581312776
2014-07-27,7.62162201479
2014-07-28,4.44578251002
2014-07-29,4.88083872203
2014-07-30,5.7269525343
2014-07-31,4.58809654018
2014-01-08,2.30784250342
2014-02-08,5.78160905609
2014-03-08,7.74277313085
2014-04-08,3.23512560947
2014-05-08,2.42997125895
2014-06-08,3.28384769732
2014-07-08,3.90776390864
2014-08-08,5.23542837096
2014-09-08,4.70021323974
2014-10-08,8.0721777791
2014-11-08,6.11832386116
2014-12-08,4.22734088801
2014-08-13,3.16915137768
2014-08-14,3.09333001151
2014-08-15,2.97112311756
2014-08-16,3.94786043344
2014-08-17,5.04866437851
2014-08-18,2.77077360484
2014-08-19,4.27553670142
2014-08-20,3.87004162023
2014-08-21,3.73584163938
2014-08-22,2.75356076635
2014-08-23,5.49182287129
2014-08-24,6.96096759381
2014-08-25,3.00451058544
2014-08-26,4.37160852117
2014-08-27,3.49137442288
2014-08-28,3.50033747193
2014-08-29,5.67570070997
2014-08-30,3.31658735104
2014-08-31,7.07752819302
2014-01-09,4.30693945468
2014-02-09,3.0315048554
2014-03-09,4.05476923713
2014-04-09,4.72794776374
2014-05-09,4.14830870418
2014-06-09,4.34247413134
2014-07-09,6.48201898053
2014-08-09,3.61483231016
2014-09-09,2.97619131997
2014-10-09,3.17417967082
2014-11-09,3.96371762118
2014-12-09,4.2381639718
2014-09-13,6.39326359309
2014-09-14,6.1375482025
2014-09-15,3.71759003659
2014-09-16,4.51704562323
2014-09-17,4.16288262864
2014-09-18,3.08619530115
2014-09-19,2.08991068804
2014-09-20,3.03426687585
2014-09-21,3.61087329237
2014-09-22,4.61599353271
2014-09-23,3.62820493139
2014-09-24,3.11923147107
2014-09-25,3.68699264133
2014-09-26,3.28290257646
2014-09-27,3.72946779561
2014-09-28,3.75108147529
2014-09-29,2.12361000315
2014-09-30,2.82091550285
2014-01-10,2.47603693826
2014-02-10,3.12348681866
2014-03-10,2.85294753178
2014-04-10,2.0189013644
2014-05-10,1.97506785335
2014-06-10,1.60086017545
2014-07-10,2.39150858007
2014-08-10,1.79361478135
2014-09-10,1.59442638945
2014-10-10,2.16082326538
2014-11-10,2.07366222273
2014-12-10,3.63059505061
2014-10-13,2.36811214987
2014-10-14,1.68522199119
2014-10-15,2.41597720221
2014-10-16,2.90553000496
2014-10-17,2.36272953463
2014-10-18,3.79103150879
2014-10-19,4.01772156334
2014-10-20,2.83136555527
2014-10-21,3.3392116878
2014-10-22,2.2344609069
2014-10-23,2.59289701095
2014-10-24,2.54934247547
2014-10-25,3.033959748
2014-10-26,3.57492428975
2014-10-27,3.15565016743
2014-10-28,3.22495050619
2014-10-29,2.55554496276
2014-10-30,3.13629350782
2014-10-31,3.35681301988
2014-01-11,3.57362259049
2014-02-11,4.38881319372
2014-03-11,3.08088517437
2014-04-11,2.81879523275
2014-05-11,1.75912151651
2014-06-11,2.45992426624
2014-07-11,1.99664723168
2014-08-11,3.88936405775
2014-09-11,3.46925791191
2014-10-11,2.37021916854
2014-11-11,2.2875618304
2014-12-11,1.61151342047
2014-11-13,1.23012496073
2014-11-14,1.19227083091
2014-11-15,2.28148035345
2014-11-16,2.95300572449
2014-11-17,2.15760230265
2014-11-18,1.63061777267
2014-11-19,2.40096534056
2014-11-20,2.03247645751
2014-11-21,1.9325603178
2014-11-22,3.40813595421
2014-11-23,4.20332134001
2014-11-24,2.96396168366
2014-11-25,1.57780389356
2014-11-26,2.11673198592
2014-11-27,2.52325549599
2014-11-28,0.95568145209
2014-11-29,1.91707689003
2014-11-30,3.75389418188
2014-01-12,2.25863180851
2014-02-12,0.947981492485
2014-03-12,1.45531319291
2014-04-12,1.93815757839
2014-05-12,1.41342932191
2014-06-12,1.83262724627
2014-07-12,2.78446689163
2014-08-12,2.02018579381
2014-09-12,1.08073774173
2014-10-12,2.34901471297
2014-11-12,2.02208230115
2014-12-12,2.58090038013
2014-12-13,2.57117584261
2014-12-14,4.0784895551
2014-12-15,2.71377334943
2014-12-16,1.78682555358
2014-12-17,1.43291793678
2014-12-18,1.29164124702
2014-12-19,1.65474510118
2014-12-20,2.36254340718
2014-12-21,3.29700222188
2014-12-22,1.72359213397
2014-12-23,2.13406853103
2014-12-24,1.75445423656
2014-12-25,3.61683785055
2014-12-26,3.7671253841
2014-12-27,2.95915032098
2014-12-28,4.38965796271
2014-12-29,3.21148005729
2014-12-30,2.28339062632
2014-12-31,2.29927203813
2015-01-01,5.24472107894
2015-02-01,4.47731193022
2015-03-01,2.277048877
2015-04-01,1.37606575892
2015-05-01,1.8631924023
2015-06-01,1.92972231619
2015-07-01,1.44844673743
2015-08-01,1.82091455184
2015-09-01,1.3529243812
2015-10-01,1.42434707814
2015-11-01,2.52603337432
2015-12-01,2.17906497131
2015-01-13,0.778878761966
2015-01-14,0.843221826756
2015-01-15,0.95723611038
2015-01-16,1.37047797482
2015-01-17,1.80850578675
2015-01-18,2.45422898125
2015-01-19,2.5408594262
2015-01-20,1.6255303414
2015-01-21,0.830006437351
2015-01-22,1.45342865317
2015-01-23,1.6577349237
2015-01-24,1.5591440338
2015-01-25,2.23054184168
2015-01-26,0.897834927459
2015-01-27,1.48977181071
2015-01-28,2.35809071378
2015-01-29,1.81543640443
2015-01-30,1.8072914447
2015-01-31,2.42639584372
2015-01-02,2.63834550131
2015-02-02,2.42851771355
2015-03-02,1.58660614406
2015-04-02,2.0200266368
2015-05-02,1.7796594083
2015-06-02,2.27010702508
2015-07-02,2.62956170562
2015-08-02,2.13897882255
2015-09-02,2.16171738581
2015-10-02,1.88701381077
2015-11-02,1.9312943818
2015-12-02,2.25785090417
2015-02-13,1.48346467896
2015-02-14,2.1805107858
2015-02-15,1.99520040416
2015-02-16,2.27470664711
2015-02-17,2.57109962555
2015-02-18,2.30415264264
2015-02-19,2.3152126403
2015-02-20,2.64165156345
2015-02-21,2.19622567518
2015-02-22,3.56715353405
2015-02-23,2.51666709348
2015-02-24,2.17279022955
2015-02-25,2.17355368091
2015-02-26,2.36158240482
2015-02-27,1.80656058098
2015-02-28,2.68235134159
2015-01-03,3.40460775801
2015-02-03,1.94809240613
2015-03-03,1.63294857423
2015-04-03,1.6584395366
2015-05-03,1.35177203049
2015-06-03,1.83004934648
2015-07-03,1.73424804512
2015-08-03,1.11675471956
2015-09-03,1.98391713989
2015-10-03,1.27607385496
2015-11-03,1.69914254325
2015-12-03,1.64266848442
2015-03-13,1.81764866024
2015-03-14,2.23050982701
2015-03-15,4.16808689067
2015-03-16,2.55874557833
2015-03-17,2.1665266784
2015-03-18,1.56097381904
2015-03-19,1.54960977004
2015-03-20,1.95695428884
2015-03-21,2.63732500014
2015-03-22,3.47341614438
2015-03-23,2.17528868533
2015-03-24,1.90562109299
2015-03-25,1.84365311379
2015-03-26,1.9821145359
2015-03-27,1.89742061104
2015-03-28,2.80417993649
2015-03-29,2.97162273576
2015-03-30,2.06730132554
2015-03-31,2.14626530343
2015-01-04,1.99025148798
2015-02-04,1.74014111849
2015-03-04,2.39986468582
2015-04-04,3.44400153765
2015-05-04,4.41566988741
2015-06-04,2.91357693761
2015-07-04,2.00594952124
2015-08-04,1.43199848717
2015-09-04,1.72758200287
2015-10-04,2.02773244646
2015-11-04,1.88755422875
2015-12-04,3.00752144602
2015-04-13,2.21917378774
2015-04-14,1.52072148472
2015-04-15,1.61399287992
2015-04-16,1.92535598771
2015-04-17,1.84699613867
2015-04-18,2.01955705498
2015-04-19,2.99938320338
2015-04-20,2.2615702684
2015-04-21,2.30315419307
2015-04-22,1.72090346486
2015-04-23,2.02844379778
2015-04-24,1.64014286819
2015-04-25,2.7507154919
2015-04-26,2.30235825952
2015-04-27,1.5252841394
2015-04-28,1.80441524926
2015-04-29,1.73331907692
2015-04-30,1.70122647655
2015-01-05,1.98870379097
2015-02-05,2.67040440978
2015-03-05,2.38939848894
2015-04-05,2.03839819441
2015-05-05,2.28454419945
2015-06-05,1.96477839435
2015-07-05,1.99660972098
2015-08-05,1.89337073181
2015-09-05,1.97315431079
2015-10-05,2.68296308902
2015-11-05,2.11831800919
2015-12-05,1.9212579019
2015-05-13,2.14082065442
2015-05-14,1.88414239612
2015-05-15,2.28337966114
2015-05-16,2.76044768261
2015-05-17,4.14273020909
2015-05-18,2.2022453375
2015-05-19,1.66286129273
2015-05-20,1.86346372472
2015-05-21,2.13287895745
2015-05-22,1.61759139475
2015-05-23,1.58551002626
2015-05-24,3.35442173228
2015-05-25,2.34566420594
2015-05-26,1.95238500236
2015-05-27,1.7738443014
2015-05-28,1.72141216313
2015-05-29,1.83661096394
2015-05-30,1.69944010977
2015-05-31,2.43421553193
2015-01-06,1.42750504139
2015-02-06,1.40807382926
2015-03-06,1.5721290364
2015-04-06,1.72248112463
2015-05-06,1.56402792994
2015-06-06,2.46332601144
2015-07-06,2.79162782856
2015-08-06,1.72226245816
2015-09-06,1.76480049185
2015-10-06,1.74987740947
2015-11-06,1.56363872016
2015-12-06,1.56979540187
2015-06-13,2.21410925531
2015-06-14,2.07992241032
2015-06-15,1.83953900515
2015-06-16,0.919767046986
2015-06-17,1.02470851923
2015-06-18,1.28095015537
2015-06-19,0.959467636106
2015-06-20,1.51838603693
2015-06-21,2.45740609516
2015-06-22,2.05540379936
2015-06-23,1.60734191296
2015-06-24,1.80720586663
2015-06-25,2.01969245831
2015-06-26,1.55590355279
2015-06-27,1.82535258522
2015-06-28,2.54908272994
2015-06-29,1.50460739905
2015-06-30,1.10884114023
2015-01-07,1.5254938012
2015-02-07,1.37699649007
2015-03-07,1.67197914297
2015-04-07,2.29125520037
2015-05-07,1.65608777591
2015-06-07,1.23184194226
2015-07-07,1.18086500729
2015-08-07,1.51909881817
2015-09-07,1.44724437894
2015-10-07,1.06976849804
2015-11-07,1.599613639
2015-12-07,1.31487027806
2015-07-13,1.57677610786
2015-07-14,1.55524745398
2015-07-15,1.83160630251
2015-07-16,1.29709281274
2015-07-17,1.68528621765
2015-07-18,2.27131809837
2015-07-19,3.06789528888
2015-07-20,1.99793221527
2015-07-21,1.68361784205
2015-07-22,1.99722213926
2015-07-23,1.8365547324
2015-07-24,1.82461817863
2015-07-25,1.98104644737
2015-07-26,2.80225004257
2015-07-27,2.2195931058
2015-07-28,1.19376881494
2015-07-29,1.8784728933
2015-07-30,1.74093107795
2015-07-31,1.67860836739
2015-01-08,2.20415517764
2015-02-08,2.32527723094
2015-03-08,1.89089060576
2015-04-08,1.72048782416
2015-05-08,1.319511794
2015-06-08,1.8363989025
2015-07-08,1.55321603317
2015-08-08,1.58203040407
2015-09-08,1.11085030129
2015-10-08,1.24265927661
2015-11-08,1.64002280482
2015-12-08,1.21861509641
2015-08-13,1.42702488487
2015-08-14,1.26347811723
2015-08-15,1.31318206667
2015-08-16,1.7107632419
2015-08-17,1.0783544118
2015-08-18,1.02271703861
2015-08-19,0.963495876805
2015-08-20,1.09428579791
2015-08-21,1.19011019577
2015-08-22,1.44323482626
2015-08-23,1.96110528872
2015-08-24,0.904918226139
2015-08-25,0.847689281843
2015-08-26,1.03262918049
2015-08-27,1.50420782341
2015-08-28,1.14593742351
2015-08-29,1.92478891463
2015-08-30,2.0503728014
2015-08-31,1.76721038485
2015-01-09,1.03795961131
2015-02-09,1.71421046031
2015-03-09,1.48853951633
2015-04-09,1.57436748414
2015-05-09,1.93284525703
2015-06-09,1.63943547709
2015-07-09,1.55646720032
2015-08-09,1.3074516732
2015-09-09,1.12729910137
2015-10-09,1.43726821576
2015-11-09,1.68572345017
2015-12-09,2.30101085705
2015-09-13,1.93163013378
2015-09-14,1.74420980663
2015-09-15,1.62652361545
2015-09-16,1.46646370682
2015-09-17,1.28604627132
2015-09-18,1.30732655157
2015-09-19,1.22621856854
2015-09-20,1.47194210064
2015-09-21,0.987445794248
2015-09-22,1.2569173983
2015-09-23,1.35557630223
2015-09-24,1.6435793841
2015-09-25,1.29464330457
2015-09-26,2.07625032839
2015-09-27,2.35111670492
2015-09-28,1.22317656902
2015-09-29,1.39813009583
2015-09-30,1.23100854434
2015-01-10,1.38807345456
2015-02-10,0.83344860045
2015-03-10,1.80314048146
2015-04-10,2.74091274697
2015-05-10,1.63134962924
2015-06-10,1.09373459512
2015-07-10,1.07036831643
2015-08-10,0.819364573787
2015-09-10,1.11020470503
2015-10-10,1.648954048
2015-11-10,2.3362896838
2015-12-10,1.48915041263
2015-10-13,1.15836661748
2015-10-14,1.15578698651
2015-10-15,1.12086339911
2015-10-16,1.29084654007
2015-10-17,0.942095301672
2015-10-18,1.69710819198
2015-10-19,1.38310905105
2015-10-20,1.01653567061
2015-10-21,1.16909230792
2015-10-22,1.17712789921
2015-10-23,1.30048451469
2015-10-24,1.32490785714
2015-10-25,1.24511365697
2015-10-26,1.22891778844
2015-10-27,1.07158725581
2015-10-28,0.900149459192
2015-10-29,0.777191552607
2015-10-30,0.761741892913
2015-10-31,0.975754444522
2015-01-11,1.04428360569
2015-02-11,0.791673178193
2015-03-11,0.632612484225
2015-04-11,0.510938719471
2015-05-11,0.505491681422
2015-06-11,0.621828069144
2015-07-11,0.992141175062
2015-08-11,1.06697052371
2015-09-11,0.729125253247
2015-10-11,0.814137376847
2015-11-11,0.66355614841
2015-12-11,0.720277627023
2015-11-13,0.96770116799
2015-11-14,0.912929517921
2015-11-15,1.06286094013
2015-11-16,1.04887231068
2015-11-17,1.04447390461
2015-11-18,0.793721369265
2015-11-19,0.946899838559
2015-11-20,1.09416374499
2015-11-21,1.42460690934
2015-11-22,1.87528227984
2015-11-23,1.46580479887
2015-11-24,1.34394354485
2015-11-25,1.18068865738
2015-11-26,0.904509579115
2015-11-27,0.842653926375
2015-11-28,1.17812545917
2015-11-29,1.78164822865
2015-11-30,0.942246085205
2015-01-12,1.05637499183
2015-02-12,0.746842219078
2015-03-12,0.908863273914
2015-04-12,1.05649308233
2015-05-12,0.82259079012
2015-06-12,0.826305802569
2015-07-12,0.880185883787
2015-08-12,0.93525025491
2015-09-12,0.883676232118
2015-10-12,1.09024055937
2015-11-12,1.01069685469
2015-12-12,0.990955805222
2015-12-13,0.987807877224
2015-12-14,1.09889090087
2015-12-15,1.05829822848
2015-12-16,0.979959420107
2015-12-17,1.01902121362
2015-12-18,1.01965415971
2015-12-19,1.05614874536
2015-12-20,1.34572001125
2015-12-21,0.889637606371
2015-12-22,0.758303952711
2015-12-23,1.08745753238
2015-12-24,0.907151542822
2015-12-25,1.17464080601
2015-12-26,1.49318675812
2015-12-27,2.66316725305
2015-12-28,1.62552485977
2015-12-29,1.61475116295
2015-12-30,1.86573067224
2015-12-31,2.05815448773
2016-01-01,2.61508751253
2016-02-01,3.26496108967
2016-03-01,3.09621802909
2016-04-01,2.34811922524
2016-05-01,1.96487252098
2016-06-01,1.59425154919
2016-07-01,1.2929318122
2016-08-01,1.62787431172
2016-09-01,2.56124588564
2016-10-01,2.23139857559
2016-11-01,1.79254076233
2016-12-01,1.99941861437
2016-01-13,1.54323616908
2016-01-14,1.62865554465
2016-01-15,0.95480918402
2016-01-16,1.15354507695
2016-01-17,1.94828097687
2016-01-18,2.29852085995
2016-01-19,1.65217437466
2016-01-20,1.177138386
2016-01-21,1.02354601937
2016-01-22,1.57458577823
2016-01-23,1.60623485081
2016-01-24,2.11765489098
2016-01-25,0.941045342855
2016-01-26,1.31246279038
2016-01-27,1.14146154694
2016-01-28,0.950421538653
2016-01-29,1.10149586716
2016-01-30,1.14685286792
2016-01-31,2.22902999013
2016-01-02,1.09827295342
2016-02-02,1.07385649411
2016-03-02,1.50164484844
2016-04-02,1.4837092758
2016-05-02,1.12709879872
2016-06-02,1.48634280868
2016-07-02,2.15419087526
2016-08-02,1.63712806502
2016-09-02,1.46448001512
2016-10-02,1.24559323361
2016-11-02,1.35056115664
2016-12-02,1.29260241894
2016-02-13,1.25329830856
2016-02-14,1.73930446845
2016-02-15,1.03981470472
2016-02-16,1.01959811041
2016-02-17,0.865280548975
2016-02-18,1.26173860214
2016-02-19,1.09837789484
2016-02-20,1.15507521283
2016-02-21,1.01364971626
2016-02-22,1.01518133243
2016-02-23,0.908054544686
2016-02-24,0.942228945892
2016-02-25,1.02774329771
2016-02-26,1.12656043421
2016-02-27,0.959931828288
2016-02-28,1.11513724504
2016-02-29,0.660143038863
2016-01-03,0.630642949497
2016-02-03,0.726549086428
2016-03-03,0.661068514046
2016-04-03,0.968735774337
2016-05-03,0.80896842456
2016-06-03,1.05971478753
2016-07-03,1.26281433026
2016-08-03,1.16562119212
2016-09-03,1.50794119043
2016-10-03,1.21702670421
2016-11-03,1.25779486694
2016-12-03,1.58352261809
2016-03-13,1.93064353847
2016-03-14,1.4075659721
2016-03-15,1.35411927911
2016-03-16,1.68128128351
2016-03-17,1.24266611209
2016-03-18,1.17386322766
2016-03-19,1.48871929088
2016-03-20,2.21429270024
2016-03-21,1.36791337047
2016-03-22,1.26502173236
2016-03-23,1.43495696805
2016-03-24,1.13916363742
2016-03-25,1.15109074357
2016-03-26,1.53173521634
2016-03-27,1.42765828953
2016-03-28,1.25657982442
2016-03-29,1.51803246461
2016-03-30,1.06080651362
2016-03-31,1.07715237849
2016-01-04,1.20037741366
2016-02-04,1.64494627869
2016-03-04,2.04733477193
2016-04-04,1.55533903685
2016-05-04,1.13793515479
2016-06-04,1.08924816491
2016-07-04,0.979781133177
2016-08-04,1.21894199116
2016-09-04,1.69273494324
2016-10-04,2.19577150436
2016-11-04,1.44539249318
2016-12-04,1.12780130122
2016-04-13,1.28066759925
2016-04-14,1.51935455775
2016-04-15,1.30424628201
2016-04-16,1.79985092607
2016-04-17,2.06744177911
2016-04-18,1.39373101134
2016-04-19,1.37430446307
2016-04-20,1.22990857441
2016-04-21,1.31010073027
2016-04-22,1.22372356182
2016-04-23,1.83225941004
2016-04-24,1.76764738437
2016-04-25,1.07735732472
2016-04-26,1.17270212428
2016-04-27,1.0260619295
2016-04-28,1.01508325699
