Date,Difficulty
2009-01-03 18:15:05,1.0
2009-01-04 18:15:05,0.0
2009-01-05 18:15:05,0.0
2009-01-06 18:15:05,0.0
2009-01-07 18:15:05,0.0
2009-01-08 18:15:05,0.0
2009-01-09 18:15:05,1.0
2009-01-10 18:15:05,1.0
2009-01-11 18:15:05,1.0
2009-01-12 18:15:05,1.0
2009-01-13 18:15:05,1.0
2009-01-14 18:15:05,1.0
2009-01-15 18:15:05,1.0
2009-01-16 18:15:05,1.0
2009-01-17 18:15:05,1.0
2009-01-18 18:15:05,1.0
2009-01-19 18:15:05,1.0
2009-01-20 18:15:05,1.0
2009-01-21 18:15:05,1.0
2009-01-22 18:15:05,1.0
2009-01-23 18:15:05,1.0
2009-01-24 18:15:05,1.0
2009-01-25 18:15:05,1.0
2009-01-26 18:15:05,1.0
2009-01-27 18:15:05,1.0
2009-01-28 18:15:05,1.0
2009-01-29 18:15:05,1.0
2009-01-30 18:15:05,1.0
2009-01-31 18:15:05,1.0
2009-02-01 18:15:05,1.0
2009-02-02 18:15:05,1.0
2009-02-03 18:15:05,1.0
2009-02-04 18:15:05,1.0
2009-02-05 18:15:05,1.0
2009-02-06 18:15:05,1.0
2009-02-07 18:15:05,1.0
2009-02-08 18:15:05,1.0
2009-02-09 18:15:05,1.0
2009-02-10 18:15:05,1.0
2009-02-11 18:15:05,1.0
2009-02-12 18:15:05,1.0
2009-02-13 18:15:05,1.0
2009-02-14 18:15:05,1.0
2009-02-15 18:15:05,1.0
2009-02-16 18:15:05,1.0
2009-02-17 18:15:05,1.0
2009-02-18 18:15:05,1.0
2009-02-19 18:15:05,1.0
2009-02-20 18:15:05,1.0
2009-02-21 18:15:05,1.0
2009-02-22 18:15:05,1.0
2009-02-23 18:15:05,1.0
2009-02-24 18:15:05,1.0
2009-02-25 18:15:05,1.0
2009-02-26 18:15:05,1.0
2009-02-27 18:15:05,1.0
2009-02-28 18:15:05,1.0
2009-03-01 18:15:05,1.0
2009-03-02 18:15:05,1.0
2009-03-03 18:15:05,1.0
2009-03-04 18:15:05,1.0
2009-03-05 18:15:05,1.0
2009-03-06 18:15:05,1.0
2009-03-07 18:15:05,1.0
2009-03-08 18:15:05,1.0
2009-03-09 18:15:05,1.0
2009-03-10 18:15:05,1.0
2009-03-11 18:15:05,1.0
2009-03-12 18:15:05,1.0
2009-03-13 18:15:05,1.0
2009-03-14 18:15:05,1.0
2009-03-15 18:15:05,1.0
2009-03-16 18:15:05,1.0
2009-03-17 18:15:05,1.0
2009-03-18 18:15:05,1.0
2009-03-19 18:15:05,1.0
2009-03-20 18:15:05,1.0
2009-03-21 18:15:05,1.0
2009-03-22 18:15:05,1.0
2009-03-23 18:15:05,1.0
2009-03-24 18:15:05,1.0
2009-03-25 18:15:05,1.0
2009-03-26 18:15:05,1.0
2009-03-27 18:15:05,1.0
2009-03-28 18:15:05,1.0
2009-03-29 18:15:05,1.0
2009-03-30 18:15:05,1.0
2009-03-31 18:15:05,1.0
2009-04-01 18:15:05,1.0
2009-04-02 18:15:05,1.0
2009-04-03 18:15:05,1.0
2009-04-04 18:15:05,1.0
2009-04-05 18:15:05,1.0
2009-04-06 18:15:05,1.0
2009-04-07 18:15:05,1.0
2009-04-08 18:15:05,1.0
2009-04-09 18:15:05,1.0
2009-04-10 18:15:05,1.0
2009-04-11 18:15:05,1.0
2009-04-12 18:15:05,1.0
2009-04-13 18:15:05,1.0
2009-04-14 18:15:05,1.0
2009-04-15 18:15:05,1.0
2009-04-16 18:15:05,1.0
2009-04-17 18:15:05,1.0
2009-04-18 18:15:05,1.0
2009-04-19 18:15:05,1.0
2009-04-20 18:15:05,1.0
2009-04-21 18:15:05,1.0
2009-04-22 18:15:05,1.0
2009-04-23 18:15:05,1.0
2009-04-24 18:15:05,1.0
2009-04-25 18:15:05,1.0
2009-04-26 18:15:05,1.0
2009-04-27 18:15:05,1.0
2009-04-28 18:15:05,1.0
2009-04-29 18:15:05,1.0
2009-04-30 18:15:05,1.0
2009-05-01 18:15:05,1.0
2009-05-02 18:15:05,1.0
2009-05-03 18:15:05,1.0
2009-05-04 18:15:05,1.0
2009-05-05 18:15:05,1.0
2009-05-06 18:15:05,1.0
2009-05-07 18:15:05,1.0
2009-05-08 18:15:05,1.0
2009-05-09 18:15:05,1.0
2009-05-10 18:15:05,1.0
2009-05-11 18:15:05,1.0
2009-05-12 18:15:05,1.0
2009-05-13 18:15:05,1.0
2009-05-14 18:15:05,1.0
2009-05-15 18:15:05,1.0
2009-05-16 18:15:05,1.0
2009-05-17 18:15:05,1.0
2009-05-18 18:15:05,1.0
2009-05-19 18:15:05,1.0
2009-05-20 18:15:05,1.0
2009-05-21 18:15:05,1.0
2009-05-22 18:15:05,1.0
2009-05-23 18:15:05,1.0
2009-05-24 18:15:05,1.0
2009-05-25 18:15:05,1.0
2009-05-26 18:15:05,1.0
2009-05-27 18:15:05,1.0
2009-05-28 18:15:05,1.0
2009-05-29 18:15:05,1.0
2009-05-30 18:15:05,1.0
2009-05-31 18:15:05,1.0
2009-06-01 18:15:05,1.0
2009-06-02 18:15:05,1.0
2009-06-03 18:15:05,1.0
2009-06-04 18:15:05,1.0
2009-06-05 18:15:05,1.0
2009-06-06 18:15:05,1.0
2009-06-07 18:15:05,1.0
2009-06-08 18:15:05,1.0
2009-06-09 18:15:05,1.0
2009-06-10 18:15:05,1.0
2009-06-11 18:15:05,1.0
2009-06-12 18:15:05,1.0
2009-06-13 18:15:05,1.0
2009-06-14 18:15:05,1.0
2009-06-15 18:15:05,1.0
2009-06-16 18:15:05,1.0
2009-06-17 18:15:05,1.0
2009-06-18 18:15:05,1.0
2009-06-19 18:15:05,1.0
2009-06-20 18:15:05,1.0
2009-06-21 18:15:05,1.0
2009-06-22 18:15:05,1.0
2009-06-23 18:15:05,1.0
2009-06-24 18:15:05,1.0
2009-06-25 18:15:05,1.0
2009-06-26 18:15:05,1.0
2009-06-27 18:15:05,1.0
2009-06-28 18:15:05,1.0
2009-06-29 18:15:05,1.0
2009-06-30 18:15:05,1.0
2009-07-01 18:15:05,1.0
2009-07-02 18:15:05,1.0
2009-07-03 18:15:05,1.0
2009-07-04 18:15:05,1.0
2009-07-05 18:15:05,1.0
2009-07-06 18:15:05,1.0
2009-07-07 18:15:05,1.0
2009-07-08 18:15:05,1.0
2009-07-09 18:15:05,1.0
2009-07-10 18:15:05,1.0
2009-07-11 18:15:05,1.0
2009-07-12 18:15:05,1.0
2009-07-13 18:15:05,1.0
2009-07-14 18:15:05,1.0
2009-07-15 18:15:05,1.0
2009-07-16 18:15:05,1.0
2009-07-17 18:15:05,1.0
2009-07-18 18:15:05,1.0
2009-07-19 18:15:05,1.0
2009-07-20 18:15:05,1.0
2009-07-21 18:15:05,1.0
2009-07-22 18:15:05,1.0
2009-07-23 18:15:05,1.0
2009-07-24 18:15:05,1.0
2009-07-25 18:15:05,1.0
2009-07-26 18:15:05,1.0
2009-07-27 18:15:05,1.0
2009-07-28 18:15:05,1.0
2009-07-29 18:15:05,1.0
2009-07-30 18:15:05,1.0
2009-07-31 18:15:05,1.0
2009-08-01 18:15:05,1.0
2009-08-02 18:15:05,1.0
2009-08-03 18:15:05,1.0
2009-08-04 18:15:05,1.0
2009-08-05 18:15:05,1.0
2009-08-06 18:15:05,1.0
2009-08-07 18:15:05,1.0
2009-08-08 18:15:05,1.0
2009-08-09 18:15:05,1.0
2009-08-10 18:15:05,1.0
2009-08-11 18:15:05,1.0
2009-08-12 18:15:05,1.0
2009-08-13 18:15:05,1.0
2009-08-14 18:15:05,1.0
2009-08-15 18:15:05,1.0
2009-08-16 18:15:05,1.0
2009-08-17 18:15:05,1.0
2009-08-18 18:15:05,1.0
2009-08-19 18:15:05,1.0
2009-08-20 18:15:05,1.0
2009-08-21 18:15:05,1.0
2009-08-22 18:15:05,1.0
2009-08-23 18:15:05,1.0
2009-08-24 18:15:05,1.0
2009-08-25 18:15:05,1.0
2009-08-26 18:15:05,1.0
2009-08-27 18:15:05,1.0
2009-08-28 18:15:05,1.0
2009-08-29 18:15:05,1.0
2009-08-30 18:15:05,1.0
2009-08-31 18:15:05,1.0
2009-09-01 18:15:05,1.0
2009-09-02 18:15:05,1.0
2009-09-03 18:15:05,1.0
2009-09-04 18:15:05,1.0
2009-09-05 18:15:05,1.0
2009-09-06 18:15:05,1.0
2009-09-07 18:15:05,1.0
2009-09-08 18:15:05,1.0
2009-09-09 18:15:05,1.0
2009-09-10 18:15:05,1.0
2009-09-11 18:15:05,1.0
2009-09-12 18:15:05,1.0
2009-09-13 18:15:05,1.0
2009-09-14 18:15:05,1.0
2009-09-15 18:15:05,1.0
2009-09-16 18:15:05,1.0
2009-09-17 18:15:05,1.0
2009-09-18 18:15:05,1.0
2009-09-19 18:15:05,1.0
2009-09-20 18:15:05,1.0
2009-09-21 18:15:05,1.0
2009-09-22 18:15:05,1.0
2009-09-23 18:15:05,1.0
2009-09-24 18:15:05,1.0
2009-09-25 18:15:05,1.0
2009-09-26 18:15:05,1.0
2009-09-27 18:15:05,1.0
2009-09-28 18:15:05,1.0
2009-09-29 18:15:05,1.0
2009-09-30 18:15:05,1.0
2009-10-01 18:15:05,1.0
2009-10-02 18:15:05,1.0
2009-10-03 18:15:05,1.0
2009-10-04 18:15:05,1.0
2009-10-05 18:15:05,1.0
2009-10-06 18:15:05,1.0
2009-10-07 18:15:05,1.0
2009-10-08 18:15:05,1.0
2009-10-09 18:15:05,1.0
2009-10-10 18:15:05,1.0
2009-10-11 18:15:05,1.0
2009-10-12 18:15:05,1.0
2009-10-13 18:15:05,1.0
2009-10-14 18:15:05,1.0
2009-10-15 18:15:05,1.0
2009-10-16 18:15:05,1.0
2009-10-17 18:15:05,1.0
2009-10-18 18:15:05,1.0
2009-10-19 18:15:05,1.0
2009-10-20 18:15:05,1.0
2009-10-21 18:15:05,1.0
2009-10-22 18:15:05,1.0
2009-10-23 18:15:05,1.0
2009-10-24 18:15:05,1.0
2009-10-25 18:15:05,1.0
2009-10-26 18:15:05,1.0
2009-10-27 18:15:05,1.0
2009-10-28 18:15:05,1.0
2009-10-29 18:15:05,1.0
2009-10-30 18:15:05,1.0
2009-10-31 18:15:05,1.0
2009-11-01 18:15:05,1.0
2009-11-02 18:15:05,1.0
2009-11-03 18:15:05,1.0
2009-11-04 18:15:05,1.0
2009-11-05 18:15:05,1.0
2009-11-06 18:15:05,1.0
2009-11-07 18:15:05,1.0
2009-11-08 18:15:05,1.0
2009-11-09 18:15:05,1.0
2009-11-10 18:15:05,1.0
2009-11-11 18:15:05,1.0
2009-11-12 18:15:05,1.0
2009-11-13 18:15:05,1.0
2009-11-14 18:15:05,1.0
2009-11-15 18:15:05,1.0
2009-11-16 18:15:05,1.0
2009-11-17 18:15:05,1.0
2009-11-18 18:15:05,1.0
2009-11-19 18:15:05,1.0
2009-11-20 18:15:05,1.0
2009-11-21 18:15:05,1.0
2009-11-22 18:15:05,1.0
2009-11-23 18:15:05,1.0
2009-11-24 18:15:05,1.0
2009-11-25 18:15:05,1.0
2009-11-26 18:15:05,1.0
2009-11-27 18:15:05,1.0
2009-11-28 18:15:05,1.0
2009-11-29 18:15:05,1.0
2009-11-30 18:15:05,1.0
2009-12-01 18:15:05,1.0
2009-12-02 18:15:05,1.0
2009-12-03 18:15:05,1.0
2009-12-04 18:15:05,1.0
2009-12-05 18:15:05,1.0
2009-12-06 18:15:05,1.0
2009-12-07 18:15:05,1.0
2009-12-08 18:15:05,1.0
2009-12-09 18:15:05,1.0
2009-12-10 18:15:05,1.0
2009-12-11 18:15:05,1.0
2009-12-12 18:15:05,1.0
2009-12-13 18:15:05,1.0
2009-12-14 18:15:05,1.0
2009-12-15 18:15:05,1.0
2009-12-16 18:15:05,1.0
2009-12-17 18:15:05,1.0
2009-12-18 18:15:05,1.0
2009-12-19 18:15:05,1.0
2009-12-20 18:15:05,1.0
2009-12-21 18:15:05,1.0
2009-12-22 18:15:05,1.0
2009-12-23 18:15:05,1.0
2009-12-24 18:15:05,1.0
2009-12-25 18:15:05,1.0
2009-12-26 18:15:05,1.0
2009-12-27 18:15:05,1.0
2009-12-28 18:15:05,1.0
2009-12-29 18:15:05,1.0
2009-12-30 18:15:05,1.18289953431
2009-12-31 18:15:05,1.18289953431
2010-01-01 18:15:05,1.18289953431
2010-01-02 18:15:05,1.18289953431
2010-01-03 18:15:05,1.18289953431
2010-01-04 18:15:05,1.18289953431
2010-01-05 18:15:05,1.18289953431
2010-01-06 18:15:05,1.18289953431
2010-01-07 18:15:05,1.18289953431
2010-01-08 18:15:05,1.18289953431
2010-01-09 18:15:05,1.18289953431
2010-01-10 18:15:05,1.18289953431
2010-01-11 18:15:05,1.18289953431
2010-01-12 18:15:05,1.30506213159
2010-01-13 18:15:05,1.30506213159
2010-01-14 18:15:05,1.30506213159
2010-01-15 18:15:05,1.30506213159
2010-01-16 18:15:05,1.30506213159
2010-01-17 18:15:05,1.30506213159
2010-01-18 18:15:05,1.30506213159
2010-01-19 18:15:05,1.30506213159
2010-01-20 18:15:05,1.30506213159
2010-01-21 18:15:05,1.30506213159
2010-01-22 18:15:05,1.30506213159
2010-01-23 18:15:05,1.30506213159
2010-01-24 18:15:05,1.30506213159
2010-01-25 18:15:05,1.34422497077
2010-01-26 18:15:05,1.34422497077
2010-01-27 18:15:05,1.34422497077
2010-01-28 18:15:05,1.34422497077
2010-01-29 18:15:05,1.34422497077
2010-01-30 18:15:05,1.34422497077
2010-01-31 18:15:05,1.34422497077
2010-02-01 18:15:05,1.34422497077
2010-02-02 18:15:05,1.34422497077
2010-02-03 18:15:05,1.34422497077
2010-02-04 18:15:05,1.34422497077
2010-02-05 18:15:05,1.81864853615
2010-02-06 18:15:05,1.81864853615
2010-02-07 18:15:05,1.81864853615
2010-02-08 18:15:05,1.81864853615
2010-02-09 18:15:05,1.81864853615
2010-02-10 18:15:05,1.81864853615
2010-02-11 18:15:05,1.81864853615
2010-02-12 18:15:05,1.81864853615
2010-02-13 18:15:05,1.81864853615
2010-02-14 18:15:05,1.81864853615
2010-02-15 18:15:05,2.52773821507
2010-02-16 18:15:05,2.52773821507
2010-02-17 18:15:05,2.52773821507
2010-02-18 18:15:05,2.52773821507
2010-02-19 18:15:05,2.52773821507
2010-02-20 18:15:05,2.52773821507
2010-02-21 18:15:05,2.52773821507
2010-02-22 18:15:05,2.52773821507
2010-02-23 18:15:05,2.52773821507
2010-02-24 18:15:05,3.78117925203
2010-02-25 18:15:05,3.78117925203
2010-02-26 18:15:05,3.78117925203
2010-02-27 18:15:05,3.78117925203
2010-02-28 18:15:05,3.78117925203
2010-03-01 18:15:05,3.78117925203
2010-03-02 18:15:05,3.78117925203
2010-03-03 18:15:05,3.78117925203
2010-03-04 18:15:05,3.78117925203
2010-03-05 18:15:05,3.78117925203
2010-03-06 18:15:05,3.78117925203
2010-03-07 18:15:05,3.78117925203
2010-03-08 18:15:05,4.53108175007
2010-03-09 18:15:05,4.53108175007
2010-03-10 18:15:05,4.53108175007
2010-03-11 18:15:05,4.53108175007
2010-03-12 18:15:05,4.53108175007
2010-03-13 18:15:05,4.53108175007
2010-03-14 18:15:05,4.53108175007
2010-03-15 18:15:05,4.53108175007
2010-03-16 18:15:05,4.53108175007
2010-03-17 18:15:05,4.53108175007
2010-03-18 18:15:05,4.53108175007
2010-03-19 18:15:05,4.53108175007
2010-03-20 18:15:05,4.53108175007
2010-03-21 18:15:05,4.53108175007
2010-03-22 18:15:05,4.56516291034
2010-03-23 18:15:05,4.56516291034
2010-03-24 18:15:05,4.56516291034
2010-03-25 18:15:05,4.56516291034
2010-03-26 18:15:05,4.56516291034
2010-03-27 18:15:05,4.56516291034
2010-03-28 18:15:05,4.56516291034
2010-03-29 18:15:05,4.56516291034
2010-03-30 18:15:05,4.56516291034
2010-03-31 18:15:05,4.56516291034
2010-04-01 18:15:05,6.085476906
2010-04-02 18:15:05,6.085476906
2010-04-03 18:15:05,6.085476906
2010-04-04 18:15:05,6.085476906
2010-04-05 18:15:05,6.085476906
2010-04-06 18:15:05,6.085476906
2010-04-07 18:15:05,6.085476906
2010-04-08 18:15:05,6.085476906
2010-04-09 18:15:05,6.085476906
2010-04-10 18:15:05,6.085476906
2010-04-11 18:15:05,6.085476906
2010-04-12 18:15:05,7.81979699335
2010-04-13 18:15:05,7.81979699335
2010-04-14 18:15:05,7.81979699335
2010-04-15 18:15:05,7.81979699335
2010-04-16 18:15:05,7.81979699335
2010-04-17 18:15:05,7.81979699335
2010-04-18 18:15:05,7.81979699335
2010-04-19 18:15:05,7.81979699335
2010-04-20 18:15:05,7.81979699335
2010-04-21 18:15:05,7.81979699335
2010-04-22 18:15:05,11.4643158055
2010-04-23 18:15:05,11.4643158055
2010-04-24 18:15:05,11.4643158055
2010-04-25 18:15:05,11.4643158055
2010-04-26 18:15:05,11.4643158055
2010-04-27 18:15:05,11.4643158055
2010-04-28 18:15:05,11.4643158055
2010-04-29 18:15:05,11.4643158055
2010-04-30 18:15:05,11.4643158055
2010-05-01 18:15:05,11.4643158055
2010-05-02 18:15:05,11.4643158055
2010-05-03 18:15:05,11.4643158055
2010-05-04 18:15:05,12.8491831478
2010-05-05 18:15:05,12.8491831478
2010-05-06 18:15:05,12.8491831478
2010-05-07 18:15:05,12.8491831478
2010-05-08 18:15:05,12.8491831478
2010-05-09 18:15:05,12.8491831478
2010-05-10 18:15:05,12.8491831478
2010-05-11 18:15:05,12.8491831478
2010-05-12 18:15:05,12.8491831478
2010-05-13 18:15:05,12.8491831478
2010-05-14 18:15:05,12.8491831478
2010-05-15 18:15:05,12.8491831478
2010-05-16 18:15:05,12.8491831478
2010-05-17 18:15:05,12.8491831478
2010-05-18 18:15:05,12.8491831478
2010-05-19 18:15:05,12.8491831478
2010-05-20 18:15:05,11.8462281497
2010-05-21 18:15:05,11.8462281497
2010-05-22 18:15:05,11.8462281497
2010-05-23 18:15:05,11.8462281497
2010-05-24 18:15:05,11.8462281497
2010-05-25 18:15:05,11.8462281497
2010-05-26 18:15:05,11.8462281497
2010-05-27 18:15:05,11.8462281497
2010-05-28 18:15:05,11.8462281497
2010-05-29 18:15:05,16.6190787519
2010-05-30 18:15:05,16.6190787519
2010-05-31 18:15:05,16.6190787519
2010-06-01 18:15:05,16.6190787519
2010-06-02 18:15:05,16.6190787519
2010-06-03 18:15:05,16.6190787519
2010-06-04 18:15:05,16.6190787519
2010-06-05 18:15:05,16.6190787519
2010-06-06 18:15:05,16.6190787519
2010-06-07 18:15:05,16.6190787519
2010-06-08 18:15:05,16.6190787519
2010-06-09 18:15:05,16.6190787519
2010-06-10 18:15:05,16.6190787519
2010-06-11 18:15:05,16.6190787519
2010-06-12 18:15:05,17.3814881581
2010-06-13 18:15:05,17.3814881581
2010-06-14 18:15:05,17.3814881581
2010-06-15 18:15:05,17.3814881581
2010-06-16 18:15:05,17.3814881581
2010-06-17 18:15:05,17.3814881581
2010-06-18 18:15:05,17.3814881581
2010-06-19 18:15:05,17.3814881581
2010-06-20 18:15:05,17.3814881581
2010-06-21 18:15:05,17.3814881581
2010-06-22 18:15:05,17.3814881581
2010-06-23 18:15:05,17.3814881581
2010-06-24 18:15:05,19.4047963284
2010-06-25 18:15:05,19.4047963284
2010-06-26 18:15:05,19.4047963284
2010-06-27 18:15:05,19.4047963284
2010-06-28 18:15:05,19.4047963284
2010-06-29 18:15:05,19.4047963284
2010-06-30 18:15:05,19.4047963284
2010-07-01 18:15:05,19.4047963284
2010-07-02 18:15:05,19.4047963284
2010-07-03 18:15:05,19.4047963284
2010-07-04 18:15:05,19.4047963284
2010-07-05 18:15:05,19.4047963284
2010-07-06 18:15:05,23.5012572229
2010-07-07 18:15:05,23.5012572229
2010-07-08 18:15:05,23.5012572229
2010-07-09 18:15:05,23.5012572229
2010-07-10 18:15:05,23.5012572229
2010-07-11 18:15:05,23.5012572229
2010-07-12 18:15:05,23.5012572229
2010-07-13 18:15:05,45.385822341
2010-07-14 18:15:05,45.385822341
2010-07-15 18:15:05,45.385822341
2010-07-16 18:15:05,181.543289364
2010-07-17 18:15:05,181.543289364
2010-07-18 18:15:05,181.543289364
2010-07-19 18:15:05,181.543289364
2010-07-20 18:15:05,181.543289364
2010-07-21 18:15:05,181.543289364
2010-07-22 18:15:05,181.543289364
2010-07-23 18:15:05,181.543289364
2010-07-24 18:15:05,181.543289364
2010-07-25 18:15:05,181.543289364
2010-07-26 18:15:05,181.543289364
2010-07-27 18:15:05,244.213223092
2010-07-28 18:15:05,244.213223092
2010-07-29 18:15:05,244.213223092
2010-07-30 18:15:05,244.213223092
2010-07-31 18:15:05,244.213223092
2010-08-01 18:15:05,244.213223092
2010-08-02 18:15:05,244.213223092
2010-08-03 18:15:05,244.213223092
2010-08-04 18:15:05,244.213223092
2010-08-05 18:15:05,244.213223092
2010-08-06 18:15:05,352.161209068
2010-08-07 18:15:05,352.161209068
2010-08-08 18:15:05,352.161209068
2010-08-09 18:15:05,352.161209068
2010-08-10 18:15:05,352.161209068
2010-08-11 18:15:05,352.161209068
2010-08-12 18:15:05,352.161209068
2010-08-13 18:15:05,352.161209068
2010-08-14 18:15:05,352.161209068
2010-08-15 18:15:05,511.773534257
2010-08-16 18:15:05,511.773534257
2010-08-17 18:15:05,511.773534257
2010-08-18 18:15:05,511.773534257
2010-08-19 18:15:05,511.773534257
2010-08-20 18:15:05,511.773534257
2010-08-21 18:15:05,511.773534257
2010-08-22 18:15:05,511.773534257
2010-08-23 18:15:05,511.773534257
2010-08-24 18:15:05,511.773534257
2010-08-25 18:15:05,511.773534257
2010-08-26 18:15:05,511.773534257
2010-08-27 18:15:05,623.386959869
2010-08-28 18:15:05,623.386959869
2010-08-29 18:15:05,623.386959869
2010-08-30 18:15:05,623.386959869
2010-08-31 18:15:05,623.386959869
2010-09-01 18:15:05,623.386959869
2010-09-02 18:15:05,623.386959869
2010-09-03 18:15:05,623.386959869
2010-09-04 18:15:05,623.386959869
2010-09-05 18:15:05,623.386959869
2010-09-06 18:15:05,623.386959869
2010-09-07 18:15:05,623.386959869
2010-09-08 18:15:05,712.884864552
2010-09-09 18:15:05,712.884864552
2010-09-10 18:15:05,712.884864552
2010-09-11 18:15:05,712.884864552
2010-09-12 18:15:05,712.884864552
2010-09-13 18:15:05,712.884864552
2010-09-14 18:15:05,712.884864552
2010-09-15 18:15:05,712.884864552
2010-09-16 18:15:05,712.884864552
2010-09-17 18:15:05,712.884864552
2010-09-18 18:15:05,712.884864552
2010-09-19 18:15:05,917.830741302
2010-09-20 18:15:05,917.830741302
2010-09-21 18:15:05,917.830741302
2010-09-22 18:15:05,917.830741302
2010-09-23 18:15:05,917.830741302
2010-09-24 18:15:05,917.830741302
2010-09-25 18:15:05,917.830741302
2010-09-26 18:15:05,917.830741302
2010-09-27 18:15:05,917.830741302
2010-09-28 18:15:05,917.830741302
2010-09-29 18:15:05,1318.67005015
2010-09-30 18:15:05,1318.67005015
2010-10-01 18:15:05,1318.67005015
2010-10-02 18:15:05,1318.67005015
2010-10-03 18:15:05,1318.67005015
2010-10-04 18:15:05,1318.67005015
2010-10-05 18:15:05,1318.67005015
2010-10-06 18:15:05,1318.67005015
2010-10-07 18:15:05,1318.67005015
2010-10-08 18:15:05,1318.67005015
2010-10-09 18:15:05,1318.67005015
2010-10-10 18:15:05,1318.67005015
2010-10-11 18:15:05,1318.67005015
2010-10-12 18:15:05,1378.02816504
2010-10-13 18:15:05,1378.02816504
2010-10-14 18:15:05,1378.02816504
2010-10-15 18:15:05,1378.02816504
2010-10-16 18:15:05,1378.02816504
2010-10-17 18:15:05,1378.02816504
2010-10-18 18:15:05,1378.02816504
2010-10-19 18:15:05,1378.02816504
2010-10-20 18:15:05,1378.02816504
2010-10-21 18:15:05,2149.02181495
2010-10-22 18:15:05,2149.02181495
2010-10-23 18:15:05,2149.02181495
2010-10-24 18:15:05,2149.02181495
2010-10-25 18:15:05,2149.02181495
2010-10-26 18:15:05,2149.02181495
2010-10-27 18:15:05,2149.02181495
2010-10-28 18:15:05,2149.02181495
2010-10-29 18:15:05,2149.02181495
2010-10-30 18:15:05,2149.02181495
2010-10-31 18:15:05,3091.73689041
2010-11-01 18:15:05,3091.73689041
2010-11-02 18:15:05,3091.73689041
2010-11-03 18:15:05,3091.73689041
2010-11-04 18:15:05,3091.73689041
2010-11-05 18:15:05,3091.73689041
2010-11-06 18:15:05,3091.73689041
2010-11-07 18:15:05,3091.73689041
2010-11-08 18:15:05,3091.73689041
2010-11-09 18:15:05,4536.35372328
2010-11-10 18:15:05,4536.35372328
2010-11-11 18:15:05,4536.35372328
2010-11-12 18:15:05,4536.35372328
2010-11-13 18:15:05,4536.35372328
2010-11-14 18:15:05,4536.35372328
2010-11-15 18:15:05,4536.35372328
2010-11-16 18:15:05,4536.35372328
2010-11-17 18:15:05,4536.35372328
2010-11-18 18:15:05,4536.35372328
2010-11-19 18:15:05,6866.89864897
2010-11-20 18:15:05,6866.89864897
2010-11-21 18:15:05,6866.89864897
2010-11-22 18:15:05,6866.89864897
2010-11-23 18:15:05,6866.89864897
2010-11-24 18:15:05,6866.89864897
2010-11-25 18:15:05,6866.89864897
2010-11-26 18:15:05,6866.89864897
2010-11-27 18:15:05,6866.89864897
2010-11-28 18:15:05,6866.89864897
2010-11-29 18:15:05,6866.89864897
2010-11-30 18:15:05,8078.19525793
2010-12-01 18:15:05,8078.19525793
2010-12-02 18:15:05,8078.19525793
2010-12-03 18:15:05,8078.19525793
2010-12-04 18:15:05,8078.19525793
2010-12-05 18:15:05,8078.19525793
2010-12-06 18:15:05,8078.19525793
2010-12-07 18:15:05,8078.19525793
2010-12-08 18:15:05,8078.19525793
2010-12-09 18:15:05,8078.19525793
2010-12-10 18:15:05,12251.9997604
2010-12-11 18:15:05,12251.9997604
2010-12-12 18:15:05,12251.9997604
2010-12-13 18:15:05,12251.9997604
2010-12-14 18:15:05,12251.9997604
2010-12-15 18:15:05,12251.9997604
2010-12-16 18:15:05,12251.9997604
2010-12-17 18:15:05,12251.9997604
2010-12-18 18:15:05,12251.9997604
2010-12-19 18:15:05,12251.9997604
2010-12-20 18:15:05,12251.9997604
2010-12-21 18:15:05,12251.9997604
2010-12-22 18:15:05,14484.1623612
2010-12-23 18:15:05,14484.1623612
2010-12-24 18:15:05,14484.1623612
2010-12-25 18:15:05,14484.1623612
2010-12-26 18:15:05,14484.1623612
2010-12-27 18:15:05,14484.1623612
2010-12-28 18:15:05,14484.1623612
2010-12-29 18:15:05,14484.1623612
2010-12-30 18:15:05,14484.1623612
2010-12-31 18:15:05,14484.1623612
2011-01-01 18:15:05,14484.1623612
2011-01-02 18:15:05,14484.1623612
2011-01-03 18:15:05,16307.4209385
2011-01-04 18:15:05,16307.4209385
2011-01-05 18:15:05,16307.4209385
2011-01-06 18:15:05,16307.4209385
2011-01-07 18:15:05,16307.4209385
2011-01-08 18:15:05,16307.4209385
2011-01-09 18:15:05,16307.4209385
2011-01-10 18:15:05,16307.4209385
2011-01-11 18:15:05,16307.4209385
2011-01-12 18:15:05,16307.4209385
2011-01-13 18:15:05,16307.4209385
2011-01-14 18:15:05,16307.4209385
2011-01-15 18:15:05,18437.6443922
2011-01-16 18:15:05,18437.6443922
2011-01-17 18:15:05,18437.6443922
2011-01-18 18:15:05,18437.6443922
2011-01-19 18:15:05,18437.6443922
2011-01-20 18:15:05,18437.6443922
2011-01-21 18:15:05,18437.6443922
2011-01-22 18:15:05,18437.6443922
2011-01-23 18:15:05,18437.6443922
2011-01-24 18:15:05,18437.6443922
2011-01-25 18:15:05,18437.6443922
2011-01-26 18:15:05,18437.6443922
2011-01-27 18:15:05,22012.381338
2011-01-28 18:15:05,22012.381338
2011-01-29 18:15:05,22012.381338
2011-01-30 18:15:05,22012.381338
2011-01-31 18:15:05,22012.381338
2011-02-01 18:15:05,22012.381338
2011-02-02 18:15:05,22012.381338
2011-02-03 18:15:05,22012.381338
2011-02-04 18:15:05,22012.381338
2011-02-05 18:15:05,22012.381338
2011-02-06 18:15:05,22012.381338
2011-02-07 18:15:05,22012.381338
2011-02-08 18:15:05,25997.8799288
2011-02-09 18:15:05,25997.8799288
2011-02-10 18:15:05,25997.8799288
2011-02-11 18:15:05,25997.8799288
2011-02-12 18:15:05,25997.8799288
2011-02-13 18:15:05,25997.8799288
2011-02-14 18:15:05,25997.8799288
2011-02-15 18:15:05,25997.8799288
2011-02-16 18:15:05,25997.8799288
2011-02-17 18:15:05,25997.8799288
2011-02-18 18:15:05,36459.8869251
2011-02-19 18:15:05,36459.8869251
2011-02-20 18:15:05,36459.8869251
2011-02-21 18:15:05,36459.8869251
2011-02-22 18:15:05,36459.8869251
2011-02-23 18:15:05,36459.8869251
2011-02-24 18:15:05,36459.8869251
2011-02-25 18:15:05,36459.8869251
2011-02-26 18:15:05,36459.8869251
2011-02-27 18:15:05,55589.5181269
2011-02-28 18:15:05,55589.5181269
2011-03-01 18:15:05,55589.5181269
2011-03-02 18:15:05,55589.5181269
2011-03-03 18:15:05,55589.5181269
2011-03-04 18:15:05,55589.5181269
2011-03-05 18:15:05,55589.5181269
2011-03-06 18:15:05,55589.5181269
2011-03-07 18:15:05,55589.5181269
2011-03-08 18:15:05,55589.5181269
2011-03-09 18:15:05,76192.6193475
2011-03-10 18:15:05,76192.6193475
2011-03-11 18:15:05,76192.6193475
2011-03-12 18:15:05,76192.6193475
2011-03-13 18:15:05,76192.6193475
2011-03-14 18:15:05,76192.6193475
2011-03-15 18:15:05,76192.6193475
2011-03-16 18:15:05,76192.6193475
2011-03-17 18:15:05,76192.6193475
2011-03-18 18:15:05,76192.6193475
2011-03-19 18:15:05,76192.6193475
2011-03-20 18:15:05,76192.6193475
2011-03-21 18:15:05,76192.6193475
2011-03-22 18:15:05,76192.6193475
2011-03-23 18:15:05,76192.6193475
2011-03-24 18:15:05,76192.6193475
2011-03-25 18:15:05,76192.6193475
2011-03-26 18:15:05,68977.7846302
2011-03-27 18:15:05,68977.7846302
2011-03-28 18:15:05,68977.7846302
2011-03-29 18:15:05,68977.7846302
2011-03-30 18:15:05,68977.7846302
2011-03-31 18:15:05,68977.7846302
2011-04-01 18:15:05,68977.7846302
2011-04-02 18:15:05,68977.7846302
2011-04-03 18:15:05,68977.7846302
2011-04-04 18:15:05,68977.7846302
2011-04-05 18:15:05,68977.7846302
2011-04-06 18:15:05,82345.644113
2011-04-07 18:15:05,82345.644113
2011-04-08 18:15:05,82345.644113
2011-04-09 18:15:05,82345.644113
2011-04-10 18:15:05,82345.644113
2011-04-11 18:15:05,82345.644113
2011-04-12 18:15:05,82345.644113
2011-04-13 18:15:05,82345.644113
2011-04-14 18:15:05,82345.644113
2011-04-15 18:15:05,82345.644113
2011-04-16 18:15:05,82345.644113
2011-04-17 18:15:05,82345.644113
2011-04-18 18:15:05,92347.5909521
2011-04-19 18:15:05,92347.5909521
2011-04-20 18:15:05,92347.5909521
2011-04-21 18:15:05,92347.5909521
2011-04-22 18:15:05,92347.5909521
2011-04-23 18:15:05,92347.5909521
2011-04-24 18:15:05,92347.5909521
2011-04-25 18:15:05,92347.5909521
2011-04-26 18:15:05,92347.5909521
2011-04-27 18:15:05,92347.5909521
2011-04-28 18:15:05,92347.5909521
2011-04-29 18:15:05,92347.5909521
2011-04-30 18:15:05,109670.133292
2011-05-01 18:15:05,109670.133292
2011-05-02 18:15:05,109670.133292
2011-05-03 18:15:05,109670.133292
2011-05-04 18:15:05,109670.133292
2011-05-05 18:15:05,109670.133292
2011-05-06 18:15:05,109670.133292
2011-05-07 18:15:05,109670.133292
2011-05-08 18:15:05,109670.133292
2011-05-09 18:15:05,109670.133292
2011-05-10 18:15:05,157416.401844
2011-05-11 18:15:05,157416.401844
2011-05-12 18:15:05,157416.401844
2011-05-13 18:15:05,157416.401844
2011-05-14 18:15:05,157416.401844
2011-05-15 18:15:05,157416.401844
2011-05-16 18:15:05,157416.401844
2011-05-17 18:15:05,157416.401844
2011-05-18 18:15:05,157416.401844
2011-05-19 18:15:05,244112.487774
2011-05-20 18:15:05,244112.487774
2011-05-21 18:15:05,244112.487774
2011-05-22 18:15:05,244112.487774
2011-05-23 18:15:05,244112.487774
2011-05-24 18:15:05,244112.487774
2011-05-25 18:15:05,244112.487774
2011-05-26 18:15:05,244112.487774
2011-05-27 18:15:05,434877.045528
2011-05-28 18:15:05,434877.045528
2011-05-29 18:15:05,434877.045528
2011-05-30 18:15:05,434877.045528
2011-05-31 18:15:05,434877.045528
2011-06-01 18:15:05,434877.045528
2011-06-02 18:15:05,434877.045528
2011-06-03 18:15:05,434877.045528
2011-06-04 18:15:05,434877.045528
2011-06-05 18:15:05,434877.045528
2011-06-06 18:15:05,567269.530162
2011-06-07 18:15:05,567269.530162
2011-06-08 18:15:05,567269.530162
2011-06-09 18:15:05,567269.530162
2011-06-10 18:15:05,567269.530162
2011-06-11 18:15:05,567269.530162
2011-06-12 18:15:05,567269.530162
2011-06-13 18:15:05,567269.530162
2011-06-14 18:15:05,567269.530162
2011-06-15 18:15:05,876954.493514
2011-06-16 18:15:05,876954.493514
2011-06-17 18:15:05,876954.493514
2011-06-18 18:15:05,876954.493514
2011-06-19 18:15:05,876954.493514
2011-06-20 18:15:05,876954.493514
2011-06-21 18:15:05,876954.493514
2011-06-22 18:15:05,876954.493514
2011-06-23 18:15:05,876954.493514
2011-06-24 18:15:05,1379192.28823
2011-06-25 18:15:05,1379192.28823
2011-06-26 18:15:05,1379192.28823
2011-06-27 18:15:05,1379192.28823
2011-06-28 18:15:05,1379192.28823
2011-06-29 18:15:05,1379192.28823
2011-06-30 18:15:05,1379192.28823
2011-07-01 18:15:05,1379192.28823
2011-07-02 18:15:05,1379192.28823
2011-07-03 18:15:05,1379192.28823
2011-07-04 18:15:05,1379192.28823
2011-07-05 18:15:05,1379192.28823
2011-07-06 18:15:05,1379192.28823
2011-07-07 18:15:05,1563027.99612
2011-07-08 18:15:05,1563027.99612
2011-07-09 18:15:05,1563027.99612
2011-07-10 18:15:05,1563027.99612
2011-07-11 18:15:05,1563027.99612
2011-07-12 18:15:05,1563027.99612
2011-07-13 18:15:05,1563027.99612
2011-07-14 18:15:05,1563027.99612
2011-07-15 18:15:05,1563027.99612
2011-07-16 18:15:05,1563027.99612
2011-07-17 18:15:05,1563027.99612
2011-07-18 18:15:05,1563027.99612
2011-07-19 18:15:05,1563027.99612
2011-07-20 18:15:05,1690895.80305
2011-07-21 18:15:05,1690895.80305
2011-07-22 18:15:05,1690895.80305
2011-07-23 18:15:05,1690895.80305
2011-07-24 18:15:05,1690895.80305
2011-07-25 18:15:05,1690895.80305
2011-07-26 18:15:05,1690895.80305
2011-07-27 18:15:05,1690895.80305
2011-07-28 18:15:05,1690895.80305
2011-07-29 18:15:05,1690895.80305
2011-07-30 18:15:05,1690895.80305
2011-07-31 18:15:05,1690895.80305
2011-08-01 18:15:05,1888786.70535
2011-08-02 18:15:05,1888786.70535
2011-08-03 18:15:05,1888786.70535
2011-08-04 18:15:05,1888786.70535
2011-08-05 18:15:05,1888786.70535
2011-08-06 18:15:05,1888786.70535
2011-08-07 18:15:05,1888786.70535
2011-08-08 18:15:05,1888786.70535
2011-08-09 18:15:05,1888786.70535
2011-08-10 18:15:05,1888786.70535
2011-08-11 18:15:05,1888786.70535
2011-08-12 18:15:05,1888786.70535
2011-08-13 18:15:05,1888786.70535
2011-08-14 18:15:05,1888786.70535
2011-08-15 18:15:05,1888786.70535
2011-08-16 18:15:05,1888786.70535
2011-08-17 18:15:05,1805700.83619
2011-08-18 18:15:05,1805700.83619
2011-08-19 18:15:05,1805700.83619
2011-08-20 18:15:05,1805700.83619
2011-08-21 18:15:05,1805700.83619
2011-08-22 18:15:05,1805700.83619
2011-08-23 18:15:05,1805700.83619
2011-08-24 18:15:05,1805700.83619
2011-08-25 18:15:05,1805700.83619
2011-08-26 18:15:05,1805700.83619
2011-08-27 18:15:05,1805700.83619
2011-08-28 18:15:05,1805700.83619
2011-08-29 18:15:05,1805700.83619
2011-08-30 18:15:05,1805700.83619
2011-08-31 18:15:05,1777774.482
2011-09-01 18:15:05,1777774.482
2011-09-02 18:15:05,1777774.482
2011-09-03 18:15:05,1777774.482
2011-09-04 18:15:05,1777774.482
2011-09-05 18:15:05,1777774.482
2011-09-06 18:15:05,1777774.482
2011-09-07 18:15:05,1777774.482
2011-09-08 18:15:05,1777774.482
2011-09-09 18:15:05,1777774.482
2011-09-10 18:15:05,1777774.482
2011-09-11 18:15:05,1777774.482
2011-09-12 18:15:05,1777774.482
2011-09-13 18:15:05,1777774.482
2011-09-14 18:15:05,1755425.32033
2011-09-15 18:15:05,1755425.32033
2011-09-16 18:15:05,1755425.32033
2011-09-17 18:15:05,1755425.32033
2011-09-18 18:15:05,1755425.32033
2011-09-19 18:15:05,1755425.32033
2011-09-20 18:15:05,1755425.32033
2011-09-21 18:15:05,1755425.32033
2011-09-22 18:15:05,1755425.32033
2011-09-23 18:15:05,1755425.32033
2011-09-24 18:15:05,1755425.32033
2011-09-25 18:15:05,1755425.32033
2011-09-26 18:15:05,1755425.32033
2011-09-27 18:15:05,1755425.32033
2011-09-28 18:15:05,1755425.32033
2011-09-29 18:15:05,1689334.4046
2011-09-30 18:15:05,1689334.4046
2011-10-01 18:15:05,1689334.4046
2011-10-02 18:15:05,1689334.4046
2011-10-03 18:15:05,1689334.4046
2011-10-04 18:15:05,1689334.4046
2011-10-05 18:15:05,1689334.4046
2011-10-06 18:15:05,1689334.4046
2011-10-07 18:15:05,1689334.4046
2011-10-08 18:15:05,1689334.4046
2011-10-09 18:15:05,1689334.4046
2011-10-10 18:15:05,1689334.4046
2011-10-11 18:15:05,1689334.4046
2011-10-12 18:15:05,1689334.4046
2011-10-13 18:15:05,1689334.4046
2011-10-14 18:15:05,1689334.4046
2011-10-15 18:15:05,1468195.42722
2011-10-16 18:15:05,1468195.42722
2011-10-17 18:15:05,1468195.42722
2011-10-18 18:15:05,1468195.42722
2011-10-19 18:15:05,1468195.42722
2011-10-20 18:15:05,1468195.42722
2011-10-21 18:15:05,1468195.42722
2011-10-22 18:15:05,1468195.42722
2011-10-23 18:15:05,1468195.42722
2011-10-24 18:15:05,1468195.42722
2011-10-25 18:15:05,1468195.42722
2011-10-26 18:15:05,1468195.42722
2011-10-27 18:15:05,1468195.42722
2011-10-28 18:15:05,1468195.42722
2011-10-29 18:15:05,1468195.42722
2011-10-30 18:15:05,1468195.42722
2011-10-31 18:15:05,1468195.42722
2011-11-01 18:15:05,1203461.92638
2011-11-02 18:15:05,1203461.92638
2011-11-03 18:15:05,1203461.92638
2011-11-04 18:15:05,1203461.92638
2011-11-05 18:15:05,1203461.92638
2011-11-06 18:15:05,1203461.92638
2011-11-07 18:15:05,1203461.92638
2011-11-08 18:15:05,1203461.92638
2011-11-09 18:15:05,1203461.92638
2011-11-10 18:15:05,1203461.92638
2011-11-11 18:15:05,1203461.92638
2011-11-12 18:15:05,1203461.92638
2011-11-13 18:15:05,1203461.92638
2011-11-14 18:15:05,1203461.92638
2011-11-15 18:15:05,1192497.75009
2011-11-16 18:15:05,1192497.75009
2011-11-17 18:15:05,1192497.75009
2011-11-18 18:15:05,1192497.75009
2011-11-19 18:15:05,1192497.75009
2011-11-20 18:15:05,1192497.75009
2011-11-21 18:15:05,1192497.75009
2011-11-22 18:15:05,1192497.75009
2011-11-23 18:15:05,1192497.75009
2011-11-24 18:15:05,1192497.75009
2011-11-25 18:15:05,1192497.75009
2011-11-26 18:15:05,1192497.75009
2011-11-27 18:15:05,1192497.75009
2011-11-28 18:15:05,1192497.75009
2011-11-29 18:15:05,1192497.75009
2011-11-30 18:15:05,1090715.68005
2011-12-01 18:15:05,1090715.68005
2011-12-02 18:15:05,1090715.68005
2011-12-03 18:15:05,1090715.68005
2011-12-04 18:15:05,1090715.68005
2011-12-05 18:15:05,1090715.68005
2011-12-06 18:15:05,1090715.68005
2011-12-07 18:15:05,1090715.68005
2011-12-08 18:15:05,1090715.68005
2011-12-09 18:15:05,1090715.68005
2011-12-10 18:15:05,1090715.68005
2011-12-11 18:15:05,1090715.68005
2011-12-12 18:15:05,1090715.68005
2011-12-13 18:15:05,1155038.33396
2011-12-14 18:15:05,1155038.33396
2011-12-15 18:15:05,1155038.33396
2011-12-16 18:15:05,1155038.33396
2011-12-17 18:15:05,1155038.33396
2011-12-18 18:15:05,1155038.33396
2011-12-19 18:15:05,1155038.33396
2011-12-20 18:15:05,1155038.33396
2011-12-21 18:15:05,1155038.33396
2011-12-22 18:15:05,1155038.33396
2011-12-23 18:15:05,1155038.33396
2011-12-24 18:15:05,1155038.33396
2011-12-25 18:15:05,1155038.33396
2011-12-26 18:15:05,1155038.33396
2011-12-27 18:15:05,1159929.49722
2011-12-28 18:15:05,1159929.49722
2011-12-29 18:15:05,1159929.49722
2011-12-30 18:15:05,1159929.49722
2011-12-31 18:15:05,1159929.49722
2012-01-01 18:15:05,1159929.49722
2012-01-02 18:15:05,1159929.49722
2012-01-03 18:15:05,1159929.49722
2012-01-04 18:15:05,1159929.49722
2012-01-05 18:15:05,1159929.49722
2012-01-06 18:15:05,1159929.49722
2012-01-07 18:15:05,1159929.49722
2012-01-08 18:15:05,1159929.49722
2012-01-09 18:15:05,1250757.73927
2012-01-10 18:15:05,1250757.73927
2012-01-11 18:15:05,1250757.73927
2012-01-12 18:15:05,1250757.73927
2012-01-13 18:15:05,1250757.73927
2012-01-14 18:15:05,1250757.73927
2012-01-15 18:15:05,1250757.73927
2012-01-16 18:15:05,1250757.73927
2012-01-17 18:15:05,1250757.73927
2012-01-18 18:15:05,1250757.73927
2012-01-19 18:15:05,1250757.73927
2012-01-20 18:15:05,1250757.73927
2012-01-21 18:15:05,1250757.73927
2012-01-22 18:15:05,1307728.3606
2012-01-23 18:15:05,1307728.3606
2012-01-24 18:15:05,1307728.3606
2012-01-25 18:15:05,1307728.3606
2012-01-26 18:15:05,1307728.3606
2012-01-27 18:15:05,1307728.3606
2012-01-28 18:15:05,1307728.3606
2012-01-29 18:15:05,1307728.3606
2012-01-30 18:15:05,1307728.3606
2012-01-31 18:15:05,1307728.3606
2012-02-01 18:15:05,1307728.3606
2012-02-02 18:15:05,1307728.3606
2012-02-03 18:15:05,1307728.3606
2012-02-04 18:15:05,1379647.43921
2012-02-05 18:15:05,1379647.43921
2012-02-06 18:15:05,1379647.43921
2012-02-07 18:15:05,1379647.43921
2012-02-08 18:15:05,1379647.43921
2012-02-09 18:15:05,1379647.43921
2012-02-10 18:15:05,1379647.43921
2012-02-11 18:15:05,1379647.43921
2012-02-12 18:15:05,1379647.43921
2012-02-13 18:15:05,1379647.43921
2012-02-14 18:15:05,1379647.43921
2012-02-15 18:15:05,1379647.43921
2012-02-16 18:15:05,1379647.43921
2012-02-17 18:15:05,1379647.43921
2012-02-18 18:15:05,1379647.43921
2012-02-19 18:15:05,1376302.26789
2012-02-20 18:15:05,1376302.26789
2012-02-21 18:15:05,1376302.26789
2012-02-22 18:15:05,1376302.26789
2012-02-23 18:15:05,1376302.26789
2012-02-24 18:15:05,1376302.26789
2012-02-25 18:15:05,1376302.26789
2012-02-26 18:15:05,1376302.26789
2012-02-27 18:15:05,1376302.26789
2012-02-28 18:15:05,1376302.26789
2012-02-29 18:15:05,1376302.26789
2012-03-01 18:15:05,1376302.26789
2012-03-02 18:15:05,1496978.59503
2012-03-03 18:15:05,1496978.59503
2012-03-04 18:15:05,1496978.59503
2012-03-05 18:15:05,1496978.59503
2012-03-06 18:15:05,1496978.59503
2012-03-07 18:15:05,1496978.59503
2012-03-08 18:15:05,1496978.59503
2012-03-09 18:15:05,1496978.59503
2012-03-10 18:15:05,1496978.59503
2012-03-11 18:15:05,1496978.59503
2012-03-12 18:15:05,1496978.59503
2012-03-13 18:15:05,1496978.59503
2012-03-14 18:15:05,1496978.59503
2012-03-15 18:15:05,1496978.59503
2012-03-16 18:15:05,1498294.36282
2012-03-17 18:15:05,1498294.36282
2012-03-18 18:15:05,1498294.36282
2012-03-19 18:15:05,1498294.36282
2012-03-20 18:15:05,1498294.36282
2012-03-21 18:15:05,1498294.36282
2012-03-22 18:15:05,1498294.36282
2012-03-23 18:15:05,1498294.36282
2012-03-24 18:15:05,1498294.36282
2012-03-25 18:15:05,1498294.36282
2012-03-26 18:15:05,1498294.36282
2012-03-27 18:15:05,1498294.36282
2012-03-28 18:15:05,1498294.36282
2012-03-29 18:15:05,1626553.48133
2012-03-30 18:15:05,1626553.48133
2012-03-31 18:15:05,1626553.48133
2012-04-01 18:15:05,1626553.48133
2012-04-02 18:15:05,1626553.48133
2012-04-03 18:15:05,1626553.48133
2012-04-04 18:15:05,1626553.48133
2012-04-05 18:15:05,1626553.48133
2012-04-06 18:15:05,1626553.48133
2012-04-07 18:15:05,1626553.48133
2012-04-08 18:15:05,1626553.48133
2012-04-09 18:15:05,1626553.48133
2012-04-10 18:15:05,1626553.48133
2012-04-11 18:15:05,1626553.48133
2012-04-12 18:15:05,1626553.48133
2012-04-13 18:15:05,1577913.48568
2012-04-14 18:15:05,1577913.48568
2012-04-15 18:15:05,1577913.48568
2012-04-16 18:15:05,1577913.48568
2012-04-17 18:15:05,1577913.48568
2012-04-18 18:15:05,1577913.48568
2012-04-19 18:15:05,1577913.48568
2012-04-20 18:15:05,1577913.48568
2012-04-21 18:15:05,1577913.48568
2012-04-22 18:15:05,1577913.48568
2012-04-23 18:15:05,1577913.48568
2012-04-24 18:15:05,1577913.48568
2012-04-25 18:15:05,1577913.48568
2012-04-26 18:15:05,1577913.48568
2012-04-27 18:15:05,1577913.48568
2012-04-28 18:15:05,1508589.67206
2012-04-29 18:15:05,1508589.67206
2012-04-30 18:15:05,1508589.67206
2012-05-01 18:15:05,1508589.67206
2012-05-02 18:15:05,1508589.67206
2012-05-03 18:15:05,1508589.67206
2012-05-04 18:15:05,1508589.67206
2012-05-05 18:15:05,1508589.67206
2012-05-06 18:15:05,1508589.67206
2012-05-07 18:15:05,1508589.67206
2012-05-08 18:15:05,1508589.67206
2012-05-09 18:15:05,1733207.51385
2012-05-10 18:15:05,1733207.51385
2012-05-11 18:15:05,1733207.51385
2012-05-12 18:15:05,1733207.51385
2012-05-13 18:15:05,1733207.51385
2012-05-14 18:15:05,1733207.51385
2012-05-15 18:15:05,1733207.51385
2012-05-16 18:15:05,1733207.51385
2012-05-17 18:15:05,1733207.51385
2012-05-18 18:15:05,1733207.51385
2012-05-19 18:15:05,1733207.51385
2012-05-20 18:15:05,1733207.51385
2012-05-21 18:15:05,1733207.51385
2012-05-22 18:15:05,1733207.51385
2012-05-23 18:15:05,1733207.51385
2012-05-24 18:15:05,1733207.51385
2012-05-25 18:15:05,1591074.96185
2012-05-26 18:15:05,1591074.96185
2012-05-27 18:15:05,1591074.96185
2012-05-28 18:15:05,1591074.96185
2012-05-29 18:15:05,1591074.96185
2012-05-30 18:15:05,1591074.96185
2012-05-31 18:15:05,1591074.96185
2012-06-01 18:15:05,1591074.96185
2012-06-02 18:15:05,1591074.96185
2012-06-03 18:15:05,1591074.96185
2012-06-04 18:15:05,1591074.96185
2012-06-05 18:15:05,1591074.96185
2012-06-06 18:15:05,1591074.96185
2012-06-07 18:15:05,1591074.96185
2012-06-08 18:15:05,1591074.96185
2012-06-09 18:15:05,1583177.84744
2012-06-10 18:15:05,1583177.84744
2012-06-11 18:15:05,1583177.84744
2012-06-12 18:15:05,1583177.84744
2012-06-13 18:15:05,1583177.84744
2012-06-14 18:15:05,1583177.84744
2012-06-15 18:15:05,1583177.84744
2012-06-16 18:15:05,1583177.84744
2012-06-17 18:15:05,1583177.84744
2012-06-18 18:15:05,1583177.84744
2012-06-19 18:15:05,1583177.84744
2012-06-20 18:15:05,1726566.55919
2012-06-21 18:15:05,1726566.55919
2012-06-22 18:15:05,1726566.55919
2012-06-23 18:15:05,1726566.55919
2012-06-24 18:15:05,1726566.55919
2012-06-25 18:15:05,1726566.55919
2012-06-26 18:15:05,1726566.55919
2012-06-27 18:15:05,1726566.55919
2012-06-28 18:15:05,1726566.55919
2012-06-29 18:15:05,1726566.55919
2012-06-30 18:15:05,1726566.55919
2012-07-01 18:15:05,1726566.55919
2012-07-02 18:15:05,1726566.55919
2012-07-03 18:15:05,1726566.55919
2012-07-04 18:15:05,1751454.53534
2012-07-05 18:15:05,1751454.53534
2012-07-06 18:15:05,1751454.53534
2012-07-07 18:15:05,1751454.53534
2012-07-08 18:15:05,1751454.53534
2012-07-09 18:15:05,1751454.53534
2012-07-10 18:15:05,1751454.53534
2012-07-11 18:15:05,1751454.53534
2012-07-12 18:15:05,1751454.53534
2012-07-13 18:15:05,1751454.53534
2012-07-14 18:15:05,1751454.53534
2012-07-15 18:15:05,1751454.53534
2012-07-16 18:15:05,1751454.53534
2012-07-17 18:15:05,1866391.305
2012-07-18 18:15:05,1866391.305
2012-07-19 18:15:05,1866391.305
2012-07-20 18:15:05,1866391.305
2012-07-21 18:15:05,1866391.305
2012-07-22 18:15:05,1866391.305
2012-07-23 18:15:05,1866391.305
2012-07-24 18:15:05,1866391.305
2012-07-25 18:15:05,1866391.305
2012-07-26 18:15:05,1866391.305
2012-07-27 18:15:05,1866391.305
2012-07-28 18:15:05,1866391.305
2012-07-29 18:15:05,1866391.305
2012-07-30 18:15:05,2036671.08869
2012-07-31 18:15:05,2036671.08869
2012-08-01 18:15:05,2036671.08869
2012-08-02 18:15:05,2036671.08869
2012-08-03 18:15:05,2036671.08869
2012-08-04 18:15:05,2036671.08869
2012-08-05 18:15:05,2036671.08869
2012-08-06 18:15:05,2036671.08869
2012-08-07 18:15:05,2036671.08869
2012-08-08 18:15:05,2036671.08869
2012-08-09 18:15:05,2036671.08869
2012-08-10 18:15:05,2036671.08869
2012-08-11 18:15:05,2036671.08869
2012-08-12 18:15:05,2190865.9701
2012-08-13 18:15:05,2190865.9701
2012-08-14 18:15:05,2190865.9701
2012-08-15 18:15:05,2190865.9701
2012-08-16 18:15:05,2190865.9701
2012-08-17 18:15:05,2190865.9701
2012-08-18 18:15:05,2190865.9701
2012-08-19 18:15:05,2190865.9701
2012-08-20 18:15:05,2190865.9701
2012-08-21 18:15:05,2190865.9701
2012-08-22 18:15:05,2190865.9701
2012-08-23 18:15:05,2190865.9701
2012-08-24 18:15:05,2190865.9701
2012-08-25 18:15:05,2440642.60692
2012-08-26 18:15:05,2440642.60692
2012-08-27 18:15:05,2440642.60692
2012-08-28 18:15:05,2440642.60692
2012-08-29 18:15:05,2440642.60692
2012-08-30 18:15:05,2440642.60692
2012-08-31 18:15:05,2440642.60692
2012-09-01 18:15:05,2440642.60692
2012-09-02 18:15:05,2440642.60692
2012-09-03 18:15:05,2440642.60692
2012-09-04 18:15:05,2440642.60692
2012-09-05 18:15:05,2440642.60692
2012-09-06 18:15:05,2694047.95296
2012-09-07 18:15:05,2694047.95296
2012-09-08 18:15:05,2694047.95296
2012-09-09 18:15:05,2694047.95296
2012-09-10 18:15:05,2694047.95296
2012-09-11 18:15:05,2694047.95296
2012-09-12 18:15:05,2694047.95296
2012-09-13 18:15:05,2694047.95296
2012-09-14 18:15:05,2694047.95296
2012-09-15 18:15:05,2694047.95296
2012-09-16 18:15:05,2694047.95296
2012-09-17 18:15:05,2694047.95296
2012-09-18 18:15:05,2694047.95296
2012-09-19 18:15:05,2694047.95296
2012-09-20 18:15:05,2864140.50781
2012-09-21 18:15:05,2864140.50781
2012-09-22 18:15:05,2864140.50781
2012-09-23 18:15:05,2864140.50781
2012-09-24 18:15:05,2864140.50781
2012-09-25 18:15:05,2864140.50781
2012-09-26 18:15:05,2864140.50781
2012-09-27 18:15:05,2864140.50781
2012-09-28 18:15:05,2864140.50781
2012-09-29 18:15:05,2864140.50781
2012-09-30 18:15:05,2864140.50781
2012-10-01 18:15:05,2864140.50781
2012-10-02 18:15:05,2864140.50781
2012-10-03 18:15:05,3054627.52695
2012-10-04 18:15:05,3054627.52695
2012-10-05 18:15:05,3054627.52695
2012-10-06 18:15:05,3054627.52695
2012-10-07 18:15:05,3054627.52695
2012-10-08 18:15:05,3054627.52695
2012-10-09 18:15:05,3054627.52695
2012-10-10 18:15:05,3054627.52695
2012-10-11 18:15:05,3054627.52695
2012-10-12 18:15:05,3054627.52695
2012-10-13 18:15:05,3054627.52695
2012-10-14 18:15:05,3054627.52695
2012-10-15 18:15:05,3054627.52695
2012-10-16 18:15:05,3054627.52695
2012-10-17 18:15:05,3072321.73202
2012-10-18 18:15:05,3072321.73202
2012-10-19 18:15:05,3072321.73202
2012-10-20 18:15:05,3072321.73202
2012-10-21 18:15:05,3072321.73202
2012-10-22 18:15:05,3072321.73202
2012-10-23 18:15:05,3072321.73202
2012-10-24 18:15:05,3072321.73202
2012-10-25 18:15:05,3072321.73202
2012-10-26 18:15:05,3072321.73202
2012-10-27 18:15:05,3072321.73202
2012-10-28 18:15:05,3072321.73202
2012-10-29 18:15:05,3072321.73202
2012-10-30 18:15:05,3304356.39299
2012-10-31 18:15:05,3304356.39299
2012-11-01 18:15:05,3304356.39299
2012-11-02 18:15:05,3304356.39299
2012-11-03 18:15:05,3304356.39299
2012-11-04 18:15:05,3304356.39299
2012-11-05 18:15:05,3304356.39299
2012-11-06 18:15:05,3304356.39299
2012-11-07 18:15:05,3304356.39299
2012-11-08 18:15:05,3304356.39299
2012-11-09 18:15:05,3304356.39299
2012-11-10 18:15:05,3304356.39299
2012-11-11 18:15:05,3304356.39299
2012-11-12 18:15:05,3368767.14053
2012-11-13 18:15:05,3368767.14053
2012-11-14 18:15:05,3368767.14053
2012-11-15 18:15:05,3368767.14053
2012-11-16 18:15:05,3368767.14053
2012-11-17 18:15:05,3368767.14053
2012-11-18 18:15:05,3368767.14053
2012-11-19 18:15:05,3368767.14053
2012-11-20 18:15:05,3368767.14053
2012-11-21 18:15:05,3368767.14053
2012-11-22 18:15:05,3368767.14053
2012-11-23 18:15:05,3368767.14053
2012-11-24 18:15:05,3368767.14053
2012-11-25 18:15:05,3368767.14053
2012-11-26 18:15:05,3438908.96016
2012-11-27 18:15:05,3438908.96016
2012-11-28 18:15:05,3438908.96016
2012-11-29 18:15:05,3438908.96016
2012-11-30 18:15:05,3438908.96016
2012-12-01 18:15:05,3438908.96016
2012-12-02 18:15:05,3438908.96016
2012-12-03 18:15:05,3438908.96016
2012-12-04 18:15:05,3438908.96016
2012-12-05 18:15:05,3438908.96016
2012-12-06 18:15:05,3438908.96016
2012-12-07 18:15:05,3438908.96016
2012-12-08 18:15:05,3438908.96016
2012-12-09 18:15:05,3438908.96016
2012-12-10 18:15:05,3438908.96016
2012-12-11 18:15:05,3370181.79928
2012-12-12 18:15:05,3370181.79928
2012-12-13 18:15:05,3370181.79928
2012-12-14 18:15:05,3370181.79928
2012-12-15 18:15:05,3370181.79928
2012-12-16 18:15:05,3370181.79928
2012-12-17 18:15:05,3370181.79928
2012-12-18 18:15:05,3370181.79928
2012-12-19 18:15:05,3370181.79928
2012-12-20 18:15:05,3370181.79928
2012-12-21 18:15:05,3370181.79928
2012-12-22 18:15:05,3370181.79928
2012-12-23 18:15:05,3370181.79928
2012-12-24 18:15:05,3370181.79928
2012-12-25 18:15:05,3370181.79928
2012-12-26 18:15:05,3370181.79928
2012-12-27 18:15:05,2979636.61694
2012-12-28 18:15:05,2979636.61694
2012-12-29 18:15:05,2979636.61694
2012-12-30 18:15:05,2979636.61694
2012-12-31 18:15:05,2979636.61694
2013-01-01 18:15:05,2979636.61694
2013-01-02 18:15:05,2979636.61694
2013-01-03 18:15:05,2979636.61694
2013-01-04 18:15:05,2979636.61694
2013-01-05 18:15:05,2979636.61694
2013-01-06 18:15:05,2979636.61694
2013-01-07 18:15:05,2979636.61694
2013-01-08 18:15:05,3249549.58449
2013-01-09 18:15:05,3249549.58449
2013-01-10 18:15:05,3249549.58449
2013-01-11 18:15:05,3249549.58449
2013-01-12 18:15:05,3249549.58449
2013-01-13 18:15:05,3249549.58449
2013-01-14 18:15:05,3249549.58449
2013-01-15 18:15:05,3249549.58449
2013-01-16 18:15:05,3249549.58449
2013-01-17 18:15:05,3249549.58449
2013-01-18 18:15:05,3249549.58449
2013-01-19 18:15:05,3249549.58449
2013-01-20 18:15:05,3249549.58449
2013-01-21 18:15:05,3249549.58449
2013-01-22 18:15:05,3249549.58449
2013-01-23 18:15:05,3249549.58449
2013-01-24 18:15:05,3249549.58449
2013-01-25 18:15:05,2968775.33208
2013-01-26 18:15:05,2968775.33208
2013-01-27 18:15:05,2968775.33208
2013-01-28 18:15:05,2968775.33208
2013-01-29 18:15:05,2968775.33208
2013-01-30 18:15:05,2968775.33208
2013-01-31 18:15:05,2968775.33208
2013-02-01 18:15:05,2968775.33208
2013-02-02 18:15:05,2968775.33208
2013-02-03 18:15:05,2968775.33208
2013-02-04 18:15:05,2968775.33208
2013-02-05 18:15:05,3275464.58657
2013-02-06 18:15:05,3275464.58657
2013-02-07 18:15:05,3275464.58657
2013-02-08 18:15:05,3275464.58657
2013-02-09 18:15:05,3275464.58657
2013-02-10 18:15:05,3275464.58657
2013-02-11 18:15:05,3275464.58657
2013-02-12 18:15:05,3275464.58657
2013-02-13 18:15:05,3275464.58657
2013-02-14 18:15:05,3275464.58657
2013-02-15 18:15:05,3275464.58657
2013-02-16 18:15:05,3275464.58657
2013-02-17 18:15:05,3275464.58657
2013-02-18 18:15:05,3651011.63069
2013-02-19 18:15:05,3651011.63069
2013-02-20 18:15:05,3651011.63069
2013-02-21 18:15:05,3651011.63069
2013-02-22 18:15:05,3651011.63069
2013-02-23 18:15:05,3651011.63069
2013-02-24 18:15:05,3651011.63069
2013-02-25 18:15:05,3651011.63069
2013-02-26 18:15:05,3651011.63069
2013-02-27 18:15:05,3651011.63069
2013-02-28 18:15:05,3651011.63069
2013-03-01 18:15:05,4367876.00084
2013-03-02 18:15:05,4367876.00084
2013-03-03 18:15:05,4367876.00084
2013-03-04 18:15:05,4367876.00084
2013-03-05 18:15:05,4367876.00084
2013-03-06 18:15:05,4367876.00084
2013-03-07 18:15:05,4367876.00084
2013-03-08 18:15:05,4367876.00084
2013-03-09 18:15:05,4367876.00084
2013-03-10 18:15:05,4367876.00084
2013-03-11 18:15:05,4367876.00084
2013-03-12 18:15:05,4367876.00084
2013-03-13 18:15:05,4367876.00084
2013-03-14 18:15:05,4847647.15207
2013-03-15 18:15:05,4847647.15207
2013-03-16 18:15:05,4847647.15207
2013-03-17 18:15:05,4847647.15207
2013-03-18 18:15:05,4847647.15207
2013-03-19 18:15:05,4847647.15207
2013-03-20 18:15:05,4847647.15207
2013-03-21 18:15:05,4847647.15207
2013-03-22 18:15:05,4847647.15207
2013-03-23 18:15:05,4847647.15207
2013-03-24 18:15:05,6695826.2826
2013-03-25 18:15:05,6695826.2826
2013-03-26 18:15:05,6695826.2826
2013-03-27 18:15:05,6695826.2826
2013-03-28 18:15:05,6695826.2826
2013-03-29 18:15:05,6695826.2826
2013-03-30 18:15:05,6695826.2826
2013-03-31 18:15:05,6695826.2826
2013-04-01 18:15:05,6695826.2826
2013-04-02 18:15:05,6695826.2826
2013-04-03 18:15:05,6695826.2826
2013-04-04 18:15:05,6695826.2826
2013-04-05 18:15:05,7672999.92016
2013-04-06 18:15:05,7672999.92016
2013-04-07 18:15:05,7672999.92016
2013-04-08 18:15:05,7672999.92016
2013-04-09 18:15:05,7672999.92016
2013-04-10 18:15:05,7672999.92016
2013-04-11 18:15:05,7672999.92016
2013-04-12 18:15:05,7672999.92016
2013-04-13 18:15:05,7672999.92016
2013-04-14 18:15:05,7672999.92016
2013-04-15 18:15:05,7672999.92016
2013-04-16 18:15:05,7672999.92016
2013-04-17 18:15:05,8974296.01489
2013-04-18 18:15:05,8974296.01489
2013-04-19 18:15:05,8974296.01489
2013-04-20 18:15:05,8974296.01489
2013-04-21 18:15:05,8974296.01489
2013-04-22 18:15:05,8974296.01489
2013-04-23 18:15:05,8974296.01489
2013-04-24 18:15:05,8974296.01489
2013-04-25 18:15:05,8974296.01489
2013-04-26 18:15:05,8974296.01489
2013-04-27 18:15:05,8974296.01489
2013-04-28 18:15:05,8974296.01489
2013-04-29 18:15:05,8974296.01489
2013-04-30 18:15:05,10076292.8834
2013-05-01 18:15:05,10076292.8834
2013-05-02 18:15:05,10076292.8834
2013-05-03 18:15:05,10076292.8834
2013-05-04 18:15:05,10076292.8834
2013-05-05 18:15:05,10076292.8834
2013-05-06 18:15:05,10076292.8834
2013-05-07 18:15:05,10076292.8834
2013-05-08 18:15:05,10076292.8834
2013-05-09 18:15:05,10076292.8834
2013-05-10 18:15:05,10076292.8834
2013-05-11 18:15:05,10076292.8834
2013-05-12 18:15:05,10076292.8834
2013-05-13 18:15:05,11187257.4614
2013-05-14 18:15:05,11187257.4614
2013-05-15 18:15:05,11187257.4614
2013-05-16 18:15:05,11187257.4614
2013-05-17 18:15:05,11187257.4614
2013-05-18 18:15:05,11187257.4614
2013-05-19 18:15:05,11187257.4614
2013-05-20 18:15:05,11187257.4614
2013-05-21 18:15:05,11187257.4614
2013-05-22 18:15:05,11187257.4614
2013-05-23 18:15:05,11187257.4614
2013-05-24 18:15:05,11187257.4614
2013-05-25 18:15:05,12153411.7098
2013-05-26 18:15:05,12153411.7098
2013-05-27 18:15:05,12153411.7098
2013-05-28 18:15:05,12153411.7098
2013-05-29 18:15:05,12153411.7098
2013-05-30 18:15:05,12153411.7098
2013-05-31 18:15:05,12153411.7098
2013-06-01 18:15:05,12153411.7098
2013-06-02 18:15:05,12153411.7098
2013-06-03 18:15:05,12153411.7098
2013-06-04 18:15:05,12153411.7098
2013-06-05 18:15:05,15605632.6813
2013-06-06 18:15:05,15605632.6813
2013-06-07 18:15:05,15605632.6813
2013-06-08 18:15:05,15605632.6813
2013-06-09 18:15:05,15605632.6813
2013-06-10 18:15:05,15605632.6813
2013-06-11 18:15:05,15605632.6813
2013-06-12 18:15:05,15605632.6813
2013-06-13 18:15:05,15605632.6813
2013-06-14 18:15:05,15605632.6813
2013-06-15 18:15:05,15605632.6813
2013-06-16 18:15:05,15605632.6813
2013-06-17 18:15:05,19339258.2724
2013-06-18 18:15:05,19339258.2724
2013-06-19 18:15:05,19339258.2724
2013-06-20 18:15:05,19339258.2724
2013-06-21 18:15:05,19339258.2724
2013-06-22 18:15:05,19339258.2724
2013-06-23 18:15:05,19339258.2724
2013-06-24 18:15:05,19339258.2724
2013-06-25 18:15:05,19339258.2724
2013-06-26 18:15:05,19339258.2724
2013-06-27 18:15:05,19339258.2724
2013-06-28 18:15:05,19339258.2724
2013-06-29 18:15:05,21335329.114
2013-06-30 18:15:05,21335329.114
2013-07-01 18:15:05,21335329.114
2013-07-02 18:15:05,21335329.114
2013-07-03 18:15:05,21335329.114
2013-07-04 18:15:05,21335329.114
2013-07-05 18:15:05,21335329.114
2013-07-06 18:15:05,21335329.114
2013-07-07 18:15:05,21335329.114
2013-07-08 18:15:05,21335329.114
2013-07-09 18:15:05,21335329.114
2013-07-10 18:15:05,21335329.114
2013-07-11 18:15:05,26162875.6826
2013-07-12 18:15:05,26162875.6826
2013-07-13 18:15:05,26162875.6826
2013-07-14 18:15:05,26162875.6826
2013-07-15 18:15:05,26162875.6826
2013-07-16 18:15:05,26162875.6826
2013-07-17 18:15:05,26162875.6826
2013-07-18 18:15:05,26162875.6826
2013-07-19 18:15:05,26162875.6826
2013-07-20 18:15:05,26162875.6826
2013-07-21 18:15:05,26162875.6826
2013-07-22 18:15:05,31256960.7278
2013-07-23 18:15:05,31256960.7278
2013-07-24 18:15:05,31256960.7278
2013-07-25 18:15:05,31256960.7278
2013-07-26 18:15:05,31256960.7278
2013-07-27 18:15:05,31256960.7278
2013-07-28 18:15:05,31256960.7278
2013-07-29 18:15:05,31256960.7278
2013-07-30 18:15:05,31256960.7278
2013-07-31 18:15:05,31256960.7278
2013-08-01 18:15:05,31256960.7278
2013-08-02 18:15:05,31256960.7278
2013-08-03 18:15:05,37392766.1365
2013-08-04 18:15:05,37392766.1365
2013-08-05 18:15:05,37392766.1365
2013-08-06 18:15:05,37392766.1365
2013-08-07 18:15:05,37392766.1365
2013-08-08 18:15:05,37392766.1365
2013-08-09 18:15:05,37392766.1365
2013-08-10 18:15:05,37392766.1365
2013-08-11 18:15:05,37392766.1365
2013-08-12 18:15:05,37392766.1365
2013-08-13 18:15:05,50810339.0483
2013-08-14 18:15:05,50810339.0483
2013-08-15 18:15:05,50810339.0483
2013-08-16 18:15:05,50810339.0483
2013-08-17 18:15:05,50810339.0483
2013-08-18 18:15:05,50810339.0483
2013-08-19 18:15:05,50810339.0483
2013-08-20 18:15:05,50810339.0483
2013-08-21 18:15:05,50810339.0483
2013-08-22 18:15:05,50810339.0483
2013-08-23 18:15:05,50810339.0483
2013-08-24 18:15:05,65750060.1491
2013-08-25 18:15:05,65750060.1491
2013-08-26 18:15:05,65750060.1491
2013-08-27 18:15:05,65750060.1491
2013-08-28 18:15:05,65750060.1491
2013-08-29 18:15:05,65750060.1491
2013-08-30 18:15:05,65750060.1491
2013-08-31 18:15:05,65750060.1491
2013-09-01 18:15:05,65750060.1491
2013-09-02 18:15:05,65750060.1491
2013-09-03 18:15:05,65750060.1491
2013-09-04 18:15:05,86933017.7712
2013-09-05 18:15:05,86933017.7712
2013-09-06 18:15:05,86933017.7712
2013-09-07 18:15:05,86933017.7712
2013-09-08 18:15:05,86933017.7712
2013-09-09 18:15:05,86933017.7712
2013-09-10 18:15:05,86933017.7712
2013-09-11 18:15:05,86933017.7712
2013-09-12 18:15:05,86933017.7712
2013-09-13 18:15:05,86933017.7712
2013-09-14 18:15:05,86933017.7712
2013-09-15 18:15:05,112628548.666
2013-09-16 18:15:05,112628548.666
2013-09-17 18:15:05,112628548.666
2013-09-18 18:15:05,112628548.666
2013-09-19 18:15:05,112628548.666
2013-09-20 18:15:05,112628548.666
2013-09-21 18:15:05,112628548.666
2013-09-22 18:15:05,112628548.666
2013-09-23 18:15:05,112628548.666
2013-09-24 18:15:05,112628548.666
2013-09-25 18:15:05,148819199.805
2013-09-26 18:15:05,148819199.805
2013-09-27 18:15:05,148819199.805
2013-09-28 18:15:05,148819199.805
2013-09-29 18:15:05,148819199.805
2013-09-30 18:15:05,148819199.805
2013-10-01 18:15:05,148819199.805
2013-10-02 18:15:05,148819199.805
2013-10-03 18:15:05,148819199.805
2013-10-04 18:15:05,148819199.805
2013-10-05 18:15:05,148819199.805
2013-10-06 18:15:05,189281249.281
2013-10-07 18:15:05,189281249.281
2013-10-08 18:15:05,189281249.281
2013-10-09 18:15:05,189281249.281
2013-10-10 18:15:05,189281249.281
2013-10-11 18:15:05,189281249.281
2013-10-12 18:15:05,189281249.281
2013-10-13 18:15:05,189281249.281
2013-10-14 18:15:05,189281249.281
2013-10-15 18:15:05,189281249.281
2013-10-16 18:15:05,267731249.482
2013-10-17 18:15:05,267731249.482
2013-10-18 18:15:05,267731249.482
2013-10-19 18:15:05,267731249.482
2013-10-20 18:15:05,267731249.482
2013-10-21 18:15:05,267731249.482
2013-10-22 18:15:05,267731249.482
2013-10-23 18:15:05,267731249.482
2013-10-24 18:15:05,267731249.482
2013-10-25 18:15:05,267731249.482
2013-10-26 18:15:05,390928787.638
2013-10-27 18:15:05,390928787.638
2013-10-28 18:15:05,390928787.638
2013-10-29 18:15:05,390928787.638
2013-10-30 18:15:05,390928787.638
2013-10-31 18:15:05,390928787.638
2013-11-01 18:15:05,390928787.638
2013-11-02 18:15:05,390928787.638
2013-11-03 18:15:05,390928787.638
2013-11-04 18:15:05,390928787.638
2013-11-05 18:15:05,390928787.638
2013-11-06 18:15:05,510929738.016
2013-11-07 18:15:05,510929738.016
2013-11-08 18:15:05,510929738.016
2013-11-09 18:15:05,510929738.016
2013-11-10 18:15:05,510929738.016
2013-11-11 18:15:05,510929738.016
2013-11-12 18:15:05,510929738.016
2013-11-13 18:15:05,510929738.016
2013-11-14 18:15:05,510929738.016
2013-11-15 18:15:05,510929738.016
2013-11-16 18:15:05,510929738.016
2013-11-17 18:15:05,609482679.888
2013-11-18 18:15:05,609482679.888
2013-11-19 18:15:05,609482679.888
2013-11-20 18:15:05,609482679.888
2013-11-21 18:15:05,609482679.888
2013-11-22 18:15:05,609482679.888
2013-11-23 18:15:05,609482679.888
2013-11-24 18:15:05,609482679.888
2013-11-25 18:15:05,609482679.888
2013-11-26 18:15:05,609482679.888
2013-11-27 18:15:05,609482679.888
2013-11-28 18:15:05,609482679.888
2013-11-29 18:15:05,707408283.051
2013-11-30 18:15:05,707408283.051
2013-12-01 18:15:05,707408283.051
2013-12-02 18:15:05,707408283.051
2013-12-03 18:15:05,707408283.051
2013-12-04 18:15:05,707408283.051
2013-12-05 18:15:05,707408283.051
2013-12-06 18:15:05,707408283.051
2013-12-07 18:15:05,707408283.051
2013-12-08 18:15:05,707408283.051
2013-12-09 18:15:05,707408283.051
2013-12-10 18:15:05,908350862.437
2013-12-11 18:15:05,908350862.437
2013-12-12 18:15:05,908350862.437
2013-12-13 18:15:05,908350862.437
2013-12-14 18:15:05,908350862.437
2013-12-15 18:15:05,908350862.437
2013-12-16 18:15:05,908350862.437
2013-12-17 18:15:05,908350862.437
2013-12-18 18:15:05,908350862.437
2013-12-19 18:15:05,908350862.437
2013-12-20 18:15:05,908350862.437
2013-12-21 18:15:05,1180923195.26
2013-12-22 18:15:05,1180923195.26
2013-12-23 18:15:05,1180923195.26
2013-12-24 18:15:05,1180923195.26
2013-12-25 18:15:05,1180923195.26
2013-12-26 18:15:05,1180923195.26
2013-12-27 18:15:05,1180923195.26
2013-12-28 18:15:05,1180923195.26
2013-12-29 18:15:05,1180923195.26
2013-12-30 18:15:05,1180923195.26
2013-12-31 18:15:05,1180923195.26
2014-01-01 18:15:05,1180923195.26
2014-01-02 18:15:05,1418481395.26
2014-01-03 18:15:05,1418481395.26
2014-01-04 18:15:05,1418481395.26
2014-01-05 18:15:05,1418481395.26
2014-01-06 18:15:05,1418481395.26
2014-01-07 18:15:05,1418481395.26
2014-01-08 18:15:05,1418481395.26
2014-01-09 18:15:05,1418481395.26
2014-01-10 18:15:05,1418481395.26
2014-01-11 18:15:05,1418481395.26
2014-01-12 18:15:05,1418481395.26
2014-01-13 18:15:05,1789546951.05
2014-01-14 18:15:05,1789546951.05
2014-01-15 18:15:05,1789546951.05
2014-01-16 18:15:05,1789546951.05
2014-01-17 18:15:05,1789546951.05
2014-01-18 18:15:05,1789546951.05
2014-01-19 18:15:05,1789546951.05
2014-01-20 18:15:05,1789546951.05
2014-01-21 18:15:05,1789546951.05
2014-01-22 18:15:05,1789546951.05
2014-01-23 18:15:05,1789546951.05
2014-01-24 18:15:05,2193847870.17
2014-01-25 18:15:05,2193847870.17
2014-01-26 18:15:05,2193847870.17
2014-01-27 18:15:05,2193847870.17
2014-01-28 18:15:05,2193847870.17
2014-01-29 18:15:05,2193847870.17
2014-01-30 18:15:05,2193847870.17
2014-01-31 18:15:05,2193847870.17
2014-02-01 18:15:05,2193847870.17
2014-02-02 18:15:05,2193847870.17
2014-02-03 18:15:05,2193847870.17
2014-02-04 18:15:05,2193847870.17
2014-02-05 18:15:05,2621404453.06
2014-02-06 18:15:05,2621404453.06
2014-02-07 18:15:05,2621404453.06
2014-02-08 18:15:05,2621404453.06
2014-02-09 18:15:05,2621404453.06
2014-02-10 18:15:05,2621404453.06
2014-02-11 18:15:05,2621404453.06
2014-02-12 18:15:05,2621404453.06
2014-02-13 18:15:05,2621404453.06
2014-02-14 18:15:05,2621404453.06
2014-02-15 18:15:05,2621404453.06
2014-02-16 18:15:05,2621404453.06
2014-02-17 18:15:05,3129573174.52
2014-02-18 18:15:05,3129573174.52
2014-02-19 18:15:05,3129573174.52
2014-02-20 18:15:05,3129573174.52
2014-02-21 18:15:05,3129573174.52
2014-02-22 18:15:05,3129573174.52
2014-02-23 18:15:05,3129573174.52
2014-02-24 18:15:05,3129573174.52
2014-02-25 18:15:05,3129573174.52
2014-02-26 18:15:05,3129573174.52
2014-02-27 18:15:05,3129573174.52
2014-02-28 18:15:05,3815723798.81
2014-03-01 18:15:05,3815723798.81
2014-03-02 18:15:05,3815723798.81
2014-03-03 18:15:05,3815723798.81
2014-03-04 18:15:05,3815723798.81
2014-03-05 18:15:05,3815723798.81
2014-03-06 18:15:05,3815723798.81
2014-03-07 18:15:05,3815723798.81
2014-03-08 18:15:05,3815723798.81
2014-03-09 18:15:05,3815723798.81
2014-03-10 18:15:05,3815723798.81
2014-03-11 18:15:05,3815723798.81
2014-03-12 18:15:05,3815723798.81
2014-03-13 18:15:05,4250217919.87
2014-03-14 18:15:05,4250217919.87
2014-03-15 18:15:05,4250217919.87
2014-03-16 18:15:05,4250217919.87
2014-03-17 18:15:05,4250217919.87
2014-03-18 18:15:05,4250217919.87
2014-03-19 18:15:05,4250217919.87
2014-03-20 18:15:05,4250217919.87
2014-03-21 18:15:05,4250217919.87
2014-03-22 18:15:05,4250217919.87
2014-03-23 18:15:05,4250217919.87
2014-03-24 18:15:05,4250217919.87
2014-03-25 18:15:05,5006860589.21
2014-03-26 18:15:05,5006860589.21
2014-03-27 18:15:05,5006860589.21
2014-03-28 18:15:05,5006860589.21
2014-03-29 18:15:05,5006860589.21
2014-03-30 18:15:05,5006860589.21
2014-03-31 18:15:05,5006860589.21
2014-04-01 18:15:05,5006860589.21
2014-04-02 18:15:05,5006860589.21
2014-04-03 18:15:05,5006860589.21
2014-04-04 18:15:05,5006860589.21
2014-04-05 18:15:05,6119726089.13
2014-04-06 18:15:05,6119726089.13
2014-04-07 18:15:05,6119726089.13
2014-04-08 18:15:05,6119726089.13
2014-04-09 18:15:05,6119726089.13
2014-04-10 18:15:05,6119726089.13
2014-04-11 18:15:05,6119726089.13
2014-04-12 18:15:05,6119726089.13
2014-04-13 18:15:05,6119726089.13
2014-04-14 18:15:05,6119726089.13
2014-04-15 18:15:05,6119726089.13
2014-04-16 18:15:05,6119726089.13
2014-04-17 18:15:05,6978842649.59
2014-04-18 18:15:05,6978842649.59
2014-04-19 18:15:05,6978842649.59
2014-04-20 18:15:05,6978842649.59
2014-04-21 18:15:05,6978842649.59
2014-04-22 18:15:05,6978842649.59
2014-04-23 18:15:05,6978842649.59
2014-04-24 18:15:05,6978842649.59
2014-04-25 18:15:05,6978842649.59
2014-04-26 18:15:05,6978842649.59
2014-04-27 18:15:05,6978842649.59
2014-04-28 18:15:05,6978842649.59
2014-04-29 18:15:05,6978842649.59
2014-04-30 18:15:05,8000872135.97
2014-05-01 18:15:05,8000872135.97
2014-05-02 18:15:05,8000872135.97
2014-05-03 18:15:05,8000872135.97
2014-05-04 18:15:05,8000872135.97
2014-05-05 18:15:05,8000872135.97
2014-05-06 18:15:05,8000872135.97
2014-05-07 18:15:05,8000872135.97
2014-05-08 18:15:05,8000872135.97
2014-05-09 18:15:05,8000872135.97
2014-05-10 18:15:05,8000872135.97
2014-05-11 18:15:05,8000872135.97
2014-05-12 18:15:05,8853416309.13
2014-05-13 18:15:05,8853416309.13
2014-05-14 18:15:05,8853416309.13
2014-05-15 18:15:05,8853416309.13
2014-05-16 18:15:05,8853416309.13
2014-05-17 18:15:05,8853416309.13
2014-05-18 18:15:05,8853416309.13
2014-05-19 18:15:05,8853416309.13
2014-05-20 18:15:05,8853416309.13
2014-05-21 18:15:05,8853416309.13
2014-05-22 18:15:05,8853416309.13
2014-05-23 18:15:05,8853416309.13
2014-05-24 18:15:05,10455720138.5
2014-05-25 18:15:05,10455720138.5
2014-05-26 18:15:05,10455720138.5
2014-05-27 18:15:05,10455720138.5
2014-05-28 18:15:05,10455720138.5
2014-05-29 18:15:05,10455720138.5
2014-05-30 18:15:05,10455720138.5
2014-05-31 18:15:05,10455720138.5
2014-06-01 18:15:05,10455720138.5
2014-06-02 18:15:05,10455720138.5
2014-06-03 18:15:05,10455720138.5
2014-06-04 18:15:05,10455720138.5
2014-06-05 18:15:05,10455720138.5
2014-06-06 18:15:05,11756551916.9
2014-06-07 18:15:05,11756551916.9
2014-06-08 18:15:05,11756551916.9
2014-06-09 18:15:05,11756551916.9
2014-06-10 18:15:05,11756551916.9
2014-06-11 18:15:05,11756551916.9
2014-06-12 18:15:05,11756551916.9
2014-06-13 18:15:05,11756551916.9
2014-06-14 18:15:05,11756551916.9
2014-06-15 18:15:05,11756551916.9
2014-06-16 18:15:05,11756551916.9
2014-06-17 18:15:05,11756551916.9
2014-06-18 18:15:05,13462580114.5
2014-06-19 18:15:05,13462580114.5
2014-06-20 18:15:05,13462580114.5
2014-06-21 18:15:05,13462580114.5
2014-06-22 18:15:05,13462580114.5
2014-06-23 18:15:05,13462580114.5
2014-06-24 18:15:05,13462580114.5
2014-06-25 18:15:05,13462580114.5
2014-06-26 18:15:05,13462580114.5
2014-06-27 18:15:05,13462580114.5
2014-06-28 18:15:05,13462580114.5
2014-06-29 18:15:05,16818461371.2
2014-06-30 18:15:05,16818461371.2
2014-07-01 18:15:05,16818461371.2
2014-07-02 18:15:05,16818461371.2
2014-07-03 18:15:05,16818461371.2
2014-07-04 18:15:05,16818461371.2
2014-07-05 18:15:05,16818461371.2
2014-07-06 18:15:05,16818461371.2
2014-07-07 18:15:05,16818461371.2
2014-07-08 18:15:05,16818461371.2
2014-07-09 18:15:05,16818461371.2
2014-07-10 18:15:05,16818461371.2
2014-07-11 18:15:05,16818461371.2
2014-07-12 18:15:05,16818461371.2
2014-07-13 18:15:05,17336316978.5
2014-07-14 18:15:05,17336316978.5
2014-07-15 18:15:05,17336316978.5
2014-07-16 18:15:05,17336316978.5
2014-07-17 18:15:05,17336316978.5
2014-07-18 18:15:05,17336316978.5
2014-07-19 18:15:05,17336316978.5
2014-07-20 18:15:05,17336316978.5
2014-07-21 18:15:05,17336316978.5
2014-07-22 18:15:05,17336316978.5
2014-07-23 18:15:05,17336316978.5
2014-07-24 18:15:05,17336316978.5
2014-07-25 18:15:05,17336316978.5
2014-07-26 18:15:05,18736441558.3
2014-07-27 18:15:05,18736441558.3
2014-07-28 18:15:05,18736441558.3
2014-07-29 18:15:05,18736441558.3
2014-07-30 18:15:05,18736441558.3
2014-07-31 18:15:05,18736441558.3
2014-08-01 18:15:05,18736441558.3
2014-08-02 18:15:05,18736441558.3
2014-08-03 18:15:05,18736441558.3
2014-08-04 18:15:05,18736441558.3
2014-08-05 18:15:05,18736441558.3
2014-08-06 18:15:05,18736441558.3
2014-08-07 18:15:05,18736441558.3
2014-08-08 18:15:05,19729645940.6
2014-08-09 18:15:05,19729645940.6
2014-08-10 18:15:05,19729645940.6
2014-08-11 18:15:05,19729645940.6
2014-08-12 18:15:05,19729645940.6
2014-08-13 18:15:05,19729645940.6
2014-08-14 18:15:05,19729645940.6
2014-08-15 18:15:05,19729645940.6
2014-08-16 18:15:05,19729645940.6
2014-08-17 18:15:05,19729645940.6
2014-08-18 18:15:05,19729645940.6
2014-08-19 18:15:05,19729645940.6
2014-08-20 18:15:05,23844670038.8
2014-08-21 18:15:05,23844670038.8
2014-08-22 18:15:05,23844670038.8
2014-08-23 18:15:05,23844670038.8
2014-08-24 18:15:05,23844670038.8
2014-08-25 18:15:05,23844670038.8
2014-08-26 18:15:05,23844670038.8
2014-08-27 18:15:05,23844670038.8
2014-08-28 18:15:05,23844670038.8
2014-08-29 18:15:05,23844670038.8
2014-08-30 18:15:05,23844670038.8
2014-08-31 18:15:05,23844670038.8
2014-09-01 18:15:05,27428630902.3
2014-09-02 18:15:05,27428630902.3
2014-09-03 18:15:05,27428630902.3
2014-09-04 18:15:05,27428630902.3
2014-09-05 18:15:05,27428630902.3
2014-09-06 18:15:05,27428630902.3
2014-09-07 18:15:05,27428630902.3
2014-09-08 18:15:05,27428630902.3
2014-09-09 18:15:05,27428630902.3
2014-09-10 18:15:05,27428630902.3
2014-09-11 18:15:05,27428630902.3
2014-09-12 18:15:05,27428630902.3
2014-09-13 18:15:05,27428630902.3
2014-09-14 18:15:05,29829733124.0
2014-09-15 18:15:05,29829733124.0
2014-09-16 18:15:05,29829733124.0
2014-09-17 18:15:05,29829733124.0
2014-09-18 18:15:05,29829733124.0
2014-09-19 18:15:05,29829733124.0
2014-09-20 18:15:05,29829733124.0
2014-09-21 18:15:05,29829733124.0
2014-09-22 18:15:05,29829733124.0
2014-09-23 18:15:05,29829733124.0
2014-09-24 18:15:05,29829733124.0
2014-09-25 18:15:05,29829733124.0
2014-09-26 18:15:05,34661425924.0
2014-09-27 18:15:05,34661425924.0
2014-09-28 18:15:05,34661425924.0
2014-09-29 18:15:05,34661425924.0
2014-09-30 18:15:05,34661425924.0
2014-10-01 18:15:05,34661425924.0
2014-10-02 18:15:05,34661425924.0
2014-10-03 18:15:05,34661425924.0
2014-10-04 18:15:05,34661425924.0
2014-10-05 18:15:05,34661425924.0
2014-10-06 18:15:05,34661425924.0
2014-10-07 18:15:05,34661425924.0
2014-10-08 18:15:05,34661425924.0
2014-10-09 18:15:05,35002482026.1
2014-10-10 18:15:05,35002482026.1
2014-10-11 18:15:05,35002482026.1
2014-10-12 18:15:05,35002482026.1
2014-10-13 18:15:05,35002482026.1
2014-10-14 18:15:05,35002482026.1
2014-10-15 18:15:05,35002482026.1
2014-10-16 18:15:05,35002482026.1
2014-10-17 18:15:05,35002482026.1
2014-10-18 18:15:05,35002482026.1
2014-10-19 18:15:05,35002482026.1
2014-10-20 18:15:05,35002482026.1
2014-10-21 18:15:05,35002482026.1
2014-10-22 18:15:05,35002482026.1
2014-10-23 18:15:05,35985640265.1
2014-10-24 18:15:05,35985640265.1
2014-10-25 18:15:05,35985640265.1
2014-10-26 18:15:05,35985640265.1
2014-10-27 18:15:05,35985640265.1
2014-10-28 18:15:05,35985640265.1
2014-10-29 18:15:05,35985640265.1
2014-10-30 18:15:05,35985640265.1
2014-10-31 18:15:05,35985640265.1
2014-11-01 18:15:05,35985640265.1
2014-11-02 18:15:05,35985640265.1
2014-11-03 18:15:05,35985640265.1
2014-11-04 18:15:05,35985640265.1
2014-11-05 18:15:05,39603666252.4
2014-11-06 18:15:05,39603666252.4
2014-11-07 18:15:05,39603666252.4
2014-11-08 18:15:05,39603666252.4
2014-11-09 18:15:05,39603666252.4
2014-11-10 18:15:05,39603666252.4
2014-11-11 18:15:05,39603666252.4
2014-11-12 18:15:05,39603666252.4
2014-11-13 18:15:05,39603666252.4
2014-11-14 18:15:05,39603666252.4
2014-11-15 18:15:05,39603666252.4
2014-11-16 18:15:05,39603666252.4
2014-11-17 18:15:05,39603666252.4
2014-11-18 18:15:05,39603666252.4
2014-11-19 18:15:05,40300030327.9
2014-11-20 18:15:05,40300030327.9
2014-11-21 18:15:05,40300030327.9
2014-11-22 18:15:05,40300030327.9
2014-11-23 18:15:05,40300030327.9
2014-11-24 18:15:05,40300030327.9
2014-11-25 18:15:05,40300030327.9
2014-11-26 18:15:05,40300030327.9
2014-11-27 18:15:05,40300030327.9
2014-11-28 18:15:05,40300030327.9
2014-11-29 18:15:05,40300030327.9
2014-11-30 18:15:05,40300030327.9
2014-12-01 18:15:05,40300030327.9
2014-12-02 18:15:05,40300030327.9
2014-12-03 18:15:05,40300030327.9
2014-12-04 18:15:05,40007470271.3
2014-12-05 18:15:05,40007470271.3
2014-12-06 18:15:05,40007470271.3
2014-12-07 18:15:05,40007470271.3
2014-12-08 18:15:05,40007470271.3
2014-12-09 18:15:05,40007470271.3
2014-12-10 18:15:05,40007470271.3
2014-12-11 18:15:05,40007470271.3
2014-12-12 18:15:05,40007470271.3
2014-12-13 18:15:05,40007470271.3
2014-12-14 18:15:05,40007470271.3
2014-12-15 18:15:05,40007470271.3
2014-12-16 18:15:05,40007470271.3
2014-12-17 18:15:05,40007470271.3
2014-12-18 18:15:05,39457671307.1
2014-12-19 18:15:05,39457671307.1
2014-12-20 18:15:05,39457671307.1
2014-12-21 18:15:05,39457671307.1
2014-12-22 18:15:05,39457671307.1
2014-12-23 18:15:05,39457671307.1
2014-12-24 18:15:05,39457671307.1
2014-12-25 18:15:05,39457671307.1
2014-12-26 18:15:05,39457671307.1
2014-12-27 18:15:05,39457671307.1
2014-12-28 18:15:05,39457671307.1
2014-12-29 18:15:05,39457671307.1
2014-12-30 18:15:05,39457671307.1
2014-12-31 18:15:05,40640955016.6
2015-01-01 18:15:05,40640955016.6
2015-01-02 18:15:05,40640955016.6
2015-01-03 18:15:05,40640955016.6
2015-01-04 18:15:05,40640955016.6
2015-01-05 18:15:05,40640955016.6
2015-01-06 18:15:05,40640955016.6
2015-01-07 18:15:05,40640955016.6
2015-01-08 18:15:05,40640955016.6
2015-01-09 18:15:05,40640955016.6
2015-01-10 18:15:05,40640955016.6
2015-01-11 18:15:05,40640955016.6
2015-01-12 18:15:05,43971662056.1
2015-01-13 18:15:05,43971662056.1
2015-01-14 18:15:05,43971662056.1
2015-01-15 18:15:05,43971662056.1
2015-01-16 18:15:05,43971662056.1
2015-01-17 18:15:05,43971662056.1
2015-01-18 18:15:05,43971662056.1
2015-01-19 18:15:05,43971662056.1
2015-01-20 18:15:05,43971662056.1
2015-01-21 18:15:05,43971662056.1
2015-01-22 18:15:05,43971662056.1
2015-01-23 18:15:05,43971662056.1
2015-01-24 18:15:05,43971662056.1
2015-01-25 18:15:05,43971662056.1
2015-01-26 18:15:05,43971662056.1
2015-01-27 18:15:05,43971662056.1
2015-01-28 18:15:05,41272873894.7
2015-01-29 18:15:05,41272873894.7
2015-01-30 18:15:05,41272873894.7
2015-01-31 18:15:05,41272873894.7
2015-02-01 18:15:05,41272873894.7
2015-02-02 18:15:05,41272873894.7
2015-02-03 18:15:05,41272873894.7
2015-02-04 18:15:05,41272873894.7
2015-02-05 18:15:05,41272873894.7
2015-02-06 18:15:05,41272873894.7
2015-02-07 18:15:05,41272873894.7
2015-02-08 18:15:05,41272873894.7
2015-02-09 18:15:05,44455415962.3
2015-02-10 18:15:05,44455415962.3
2015-02-11 18:15:05,44455415962.3
2015-02-12 18:15:05,44455415962.3
2015-02-13 18:15:05,44455415962.3
2015-02-14 18:15:05,44455415962.3
2015-02-15 18:15:05,44455415962.3
2015-02-16 18:15:05,44455415962.3
2015-02-17 18:15:05,44455415962.3
2015-02-18 18:15:05,44455415962.3
2015-02-19 18:15:05,44455415962.3
2015-02-20 18:15:05,44455415962.3
2015-02-21 18:15:05,44455415962.3
2015-02-22 18:15:05,44455415962.3
2015-02-23 18:15:05,46684376316.9
2015-02-24 18:15:05,46684376316.9
2015-02-25 18:15:05,46684376316.9
2015-02-26 18:15:05,46684376316.9
2015-02-27 18:15:05,46684376316.9
2015-02-28 18:15:05,46684376316.9
2015-03-01 18:15:05,46684376316.9
2015-03-02 18:15:05,46684376316.9
2015-03-03 18:15:05,46684376316.9
2015-03-04 18:15:05,46684376316.9
2015-03-05 18:15:05,46684376316.9
2015-03-06 18:15:05,46684376316.9
2015-03-07 18:15:05,46684376316.9
2015-03-08 18:15:05,46684376316.9
2015-03-09 18:15:05,47427554950.6
2015-03-10 18:15:05,47427554950.6
2015-03-11 18:15:05,47427554950.6
2015-03-12 18:15:05,47427554950.6
2015-03-13 18:15:05,47427554950.6
2015-03-14 18:15:05,47427554950.6
2015-03-15 18:15:05,47427554950.6
2015-03-16 18:15:05,47427554950.6
2015-03-17 18:15:05,47427554950.6
2015-03-18 18:15:05,47427554950.6
2015-03-19 18:15:05,47427554950.6
2015-03-20 18:15:05,47427554950.6
2015-03-21 18:15:05,47427554950.6
2015-03-22 18:15:05,47427554950.6
2015-03-23 18:15:05,47427554950.6
2015-03-24 18:15:05,46717549644.7
2015-03-25 18:15:05,46717549644.7
2015-03-26 18:15:05,46717549644.7
2015-03-27 18:15:05,46717549644.7
2015-03-28 18:15:05,46717549644.7
2015-03-29 18:15:05,46717549644.7
2015-03-30 18:15:05,46717549644.7
2015-03-31 18:15:05,46717549644.7
2015-04-01 18:15:05,46717549644.7
2015-04-02 18:15:05,46717549644.7
2015-04-03 18:15:05,46717549644.7
2015-04-04 18:15:05,46717549644.7
2015-04-05 18:15:05,49446390688.2
2015-04-06 18:15:05,49446390688.2
2015-04-07 18:15:05,49446390688.2
2015-04-08 18:15:05,49446390688.2
2015-04-09 18:15:05,49446390688.2
2015-04-10 18:15:05,49446390688.2
2015-04-11 18:15:05,49446390688.2
2015-04-12 18:15:05,49446390688.2
2015-04-13 18:15:05,49446390688.2
2015-04-14 18:15:05,49446390688.2
2015-04-15 18:15:05,49446390688.2
2015-04-16 18:15:05,49446390688.2
2015-04-17 18:15:05,49446390688.2
2015-04-18 18:15:05,49446390688.2
2015-04-19 18:15:05,49446390688.2
2015-04-20 18:15:05,49446390688.2
2015-04-21 18:15:05,47610564513.5
2015-04-22 18:15:05,47610564513.5
2015-04-23 18:15:05,47610564513.5
2015-04-24 18:15:05,47610564513.5
2015-04-25 18:15:05,47610564513.5
2015-04-26 18:15:05,47610564513.5
2015-04-27 18:15:05,47610564513.5
2015-04-28 18:15:05,47610564513.5
2015-04-29 18:15:05,47610564513.5
2015-04-30 18:15:05,47610564513.5
2015-05-01 18:15:05,47610564513.5
2015-05-02 18:15:05,47610564513.5
2015-05-03 18:15:05,47610564513.5
2015-05-04 18:15:05,47643398017.8
2015-05-05 18:15:05,47643398017.8
2015-05-06 18:15:05,47643398017.8
2015-05-07 18:15:05,47643398017.8
2015-05-08 18:15:05,47643398017.8
2015-05-09 18:15:05,47643398017.8
2015-05-10 18:15:05,47643398017.8
2015-05-11 18:15:05,47643398017.8
2015-05-12 18:15:05,47643398017.8
2015-05-13 18:15:05,47643398017.8
2015-05-14 18:15:05,47643398017.8
2015-05-15 18:15:05,47643398017.8
2015-05-16 18:15:05,47643398017.8
2015-05-17 18:15:05,48807487244.7
2015-05-18 18:15:05,48807487244.7
2015-05-19 18:15:05,48807487244.7
2015-05-20 18:15:05,48807487244.7
2015-05-21 18:15:05,48807487244.7
2015-05-22 18:15:05,48807487244.7
2015-05-23 18:15:05,48807487244.7
2015-05-24 18:15:05,48807487244.7
2015-05-25 18:15:05,48807487244.7
2015-05-26 18:15:05,48807487244.7
2015-05-27 18:15:05,48807487244.7
2015-05-28 18:15:05,48807487244.7
2015-05-29 18:15:05,48807487244.7
2015-05-30 18:15:05,48807487244.7
2015-05-31 18:15:05,48807487244.7
2015-06-01 18:15:05,48807487244.7
2015-06-02 18:15:05,47589591153.6
2015-06-03 18:15:05,47589591153.6
2015-06-04 18:15:05,47589591153.6
2015-06-05 18:15:05,47589591153.6
2015-06-06 18:15:05,47589591153.6
2015-06-07 18:15:05,47589591153.6
2015-06-08 18:15:05,47589591153.6
2015-06-09 18:15:05,47589591153.6
2015-06-10 18:15:05,47589591153.6
2015-06-11 18:15:05,47589591153.6
2015-06-12 18:15:05,47589591153.6
2015-06-13 18:15:05,47589591153.6
2015-06-14 18:15:05,49692386354.9
2015-06-15 18:15:05,49692386354.9
2015-06-16 18:15:05,49692386354.9
2015-06-17 18:15:05,49692386354.9
2015-06-18 18:15:05,49692386354.9
2015-06-19 18:15:05,49692386354.9
2015-06-20 18:15:05,49692386354.9
2015-06-21 18:15:05,49692386354.9
2015-06-22 18:15:05,49692386354.9
2015-06-23 18:15:05,49692386354.9
2015-06-24 18:15:05,49692386354.9
2015-06-25 18:15:05,49692386354.9
2015-06-26 18:15:05,49692386354.9
2015-06-27 18:15:05,49692386354.9
2015-06-28 18:15:05,49692386354.9
2015-06-29 18:15:05,49402014931.2
2015-06-30 18:15:05,49402014931.2
2015-07-01 18:15:05,49402014931.2
2015-07-02 18:15:05,49402014931.2
2015-07-03 18:15:05,49402014931.2
2015-07-04 18:15:05,49402014931.2
2015-07-05 18:15:05,49402014931.2
2015-07-06 18:15:05,49402014931.2
2015-07-07 18:15:05,49402014931.2
2015-07-08 18:15:05,49402014931.2
2015-07-09 18:15:05,49402014931.2
2015-07-10 18:15:05,49402014931.2
2015-07-11 18:15:05,49402014931.2
2015-07-12 18:15:05,51076366303.5
2015-07-13 18:15:05,51076366303.5
2015-07-14 18:15:05,51076366303.5
2015-07-15 18:15:05,51076366303.5
2015-07-16 18:15:05,51076366303.5
2015-07-17 18:15:05,51076366303.5
2015-07-18 18:15:05,51076366303.5
2015-07-19 18:15:05,51076366303.5
2015-07-20 18:15:05,51076366303.5
2015-07-21 18:15:05,51076366303.5
2015-07-22 18:15:05,51076366303.5
2015-07-23 18:15:05,51076366303.5
2015-07-24 18:15:05,51076366303.5
2015-07-25 18:15:05,52278304845.6
2015-07-26 18:15:05,52278304845.6
2015-07-27 18:15:05,52278304845.6
2015-07-28 18:15:05,52278304845.6
2015-07-29 18:15:05,52278304845.6
2015-07-30 18:15:05,52278304845.6
2015-07-31 18:15:05,52278304845.6
2015-08-01 18:15:05,52278304845.6
2015-08-02 18:15:05,52278304845.6
2015-08-03 18:15:05,52278304845.6
2015-08-04 18:15:05,52278304845.6
2015-08-05 18:15:05,52278304845.6
2015-08-06 18:15:05,52278304845.6
2015-08-07 18:15:05,52278304845.6
2015-08-08 18:15:05,52699842409.3
2015-08-09 18:15:05,52699842409.3
2015-08-10 18:15:05,52699842409.3
2015-08-11 18:15:05,52699842409.3
2015-08-12 18:15:05,52699842409.3
2015-08-13 18:15:05,52699842409.3
2015-08-14 18:15:05,52699842409.3
2015-08-15 18:15:05,52699842409.3
2015-08-16 18:15:05,52699842409.3
2015-08-17 18:15:05,52699842409.3
2015-08-18 18:15:05,52699842409.3
2015-08-19 18:15:05,52699842409.3
2015-08-20 18:15:05,52699842409.3
2015-08-21 18:15:05,52699842409.3
2015-08-22 18:15:05,54256630327.9
2015-08-23 18:15:05,54256630327.9
2015-08-24 18:15:05,54256630327.9
2015-08-25 18:15:05,54256630327.9
2015-08-26 18:15:05,54256630327.9
2015-08-27 18:15:05,54256630327.9
2015-08-28 18:15:05,54256630327.9
2015-08-29 18:15:05,54256630327.9
2015-08-30 18:15:05,54256630327.9
2015-08-31 18:15:05,54256630327.9
2015-09-01 18:15:05,54256630327.9
2015-09-02 18:15:05,54256630327.9
2015-09-03 18:15:05,54256630327.9
2015-09-04 18:15:05,56957648455.0
2015-09-05 18:15:05,56957648455.0
2015-09-06 18:15:05,56957648455.0
2015-09-07 18:15:05,56957648455.0
2015-09-08 18:15:05,56957648455.0
2015-09-09 18:15:05,56957648455.0
2015-09-10 18:15:05,56957648455.0
2015-09-11 18:15:05,56957648455.0
2015-09-12 18:15:05,56957648455.0
2015-09-13 18:15:05,56957648455.0
2015-09-14 18:15:05,56957648455.0
2015-09-15 18:15:05,56957648455.0
2015-09-16 18:15:05,56957648455.0
2015-09-17 18:15:05,56957648455.0
2015-09-18 18:15:05,59335351233.9
2015-09-19 18:15:05,59335351233.9
2015-09-20 18:15:05,59335351233.9
2015-09-21 18:15:05,59335351233.9
2015-09-22 18:15:05,59335351233.9
2015-09-23 18:15:05,59335351233.9
2015-09-24 18:15:05,59335351233.9
2015-09-25 18:15:05,59335351233.9
2015-09-26 18:15:05,59335351233.9
2015-09-27 18:15:05,59335351233.9
2015-09-28 18:15:05,59335351233.9
2015-09-29 18:15:05,59335351233.9
2015-09-30 18:15:05,59335351233.9
2015-10-01 18:15:05,60813224039.4
2015-10-02 18:15:05,60813224039.4
2015-10-03 18:15:05,60813224039.4
2015-10-04 18:15:05,60813224039.4
2015-10-05 18:15:05,60813224039.4
2015-10-06 18:15:05,60813224039.4
2015-10-07 18:15:05,60813224039.4
2015-10-08 18:15:05,60813224039.4
2015-10-09 18:15:05,60813224039.4
2015-10-10 18:15:05,60813224039.4
2015-10-11 18:15:05,60813224039.4
2015-10-12 18:15:05,60813224039.4
2015-10-13 18:15:05,60813224039.4
2015-10-14 18:15:05,60813224039.4
2015-10-15 18:15:05,60883825480.1
2015-10-16 18:15:05,60883825480.1
2015-10-17 18:15:05,60883825480.1
2015-10-18 18:15:05,60883825480.1
2015-10-19 18:15:05,60883825480.1
2015-10-20 18:15:05,60883825480.1
2015-10-21 18:15:05,60883825480.1
2015-10-22 18:15:05,60883825480.1
2015-10-23 18:15:05,60883825480.1
2015-10-24 18:15:05,60883825480.1
2015-10-25 18:15:05,60883825480.1
2015-10-26 18:15:05,60883825480.1
2015-10-27 18:15:05,60883825480.1
2015-10-28 18:15:05,60883825480.1
2015-10-29 18:15:05,62253982449.8
2015-10-30 18:15:05,62253982449.8
2015-10-31 18:15:05,62253982449.8
2015-11-01 18:15:05,62253982449.8
2015-11-02 18:15:05,62253982449.8
2015-11-03 18:15:05,62253982449.8
2015-11-04 18:15:05,62253982449.8
2015-11-05 18:15:05,62253982449.8
2015-11-06 18:15:05,62253982449.8
2015-11-07 18:15:05,62253982449.8
2015-11-08 18:15:05,62253982449.8
2015-11-09 18:15:05,62253982449.8
2015-11-10 18:15:05,62253982449.8
2015-11-11 18:15:05,65848255179.7
2015-11-12 18:15:05,65848255179.7
2015-11-13 18:15:05,65848255179.7
2015-11-14 18:15:05,65848255179.7
2015-11-15 18:15:05,65848255179.7
2015-11-16 18:15:05,65848255179.7
2015-11-17 18:15:05,65848255179.7
2015-11-18 18:15:05,65848255179.7
2015-11-19 18:15:05,65848255179.7
2015-11-20 18:15:05,65848255179.7
2015-11-21 18:15:05,65848255179.7
2015-11-22 18:15:05,65848255179.7
2015-11-23 18:15:05,65848255179.7
2015-11-24 18:15:05,72722780642.5
2015-11-25 18:15:05,72722780642.5
2015-11-26 18:15:05,72722780642.5
2015-11-27 18:15:05,72722780642.5
2015-11-28 18:15:05,72722780642.5
2015-11-29 18:15:05,72722780642.5
2015-11-30 18:15:05,72722780642.5
2015-12-01 18:15:05,72722780642.5
2015-12-02 18:15:05,72722780642.5
2015-12-03 18:15:05,72722780642.5
2015-12-04 18:15:05,72722780642.5
2015-12-05 18:15:05,72722780642.5
2015-12-06 18:15:05,72722780642.5
2015-12-07 18:15:05,79102380900.2
2015-12-08 18:15:05,79102380900.2
2015-12-09 18:15:05,79102380900.2
2015-12-10 18:15:05,79102380900.2
2015-12-11 18:15:05,79102380900.2
2015-12-12 18:15:05,79102380900.2
2015-12-13 18:15:05,79102380900.2
2015-12-14 18:15:05,79102380900.2
2015-12-15 18:15:05,79102380900.2
2015-12-16 18:15:05,79102380900.2
2015-12-17 18:15:05,79102380900.2
2015-12-18 18:15:05,79102380900.2
2015-12-19 18:15:05,93448670796.3
2015-12-20 18:15:05,93448670796.3
2015-12-21 18:15:05,93448670796.3
2015-12-22 18:15:05,93448670796.3
2015-12-23 18:15:05,93448670796.3
2015-12-24 18:15:05,93448670796.3
2015-12-25 18:15:05,93448670796.3
2015-12-26 18:15:05,93448670796.3
2015-12-27 18:15:05,93448670796.3
2015-12-28 18:15:05,93448670796.3
2015-12-29 18:15:05,93448670796.3
2015-12-30 18:15:05,93448670796.3
2015-12-31 18:15:05,1.03880340815e+11
2016-01-01 18:15:05,1.03880340815e+11
2016-01-02 18:15:05,1.03880340815e+11
2016-01-03 18:15:05,1.03880340815e+11
2016-01-04 18:15:05,1.03880340815e+11
2016-01-05 18:15:05,1.03880340815e+11
2016-01-06 18:15:05,1.03880340815e+11
2016-01-07 18:15:05,1.03880340815e+11
2016-01-08 18:15:05,1.03880340815e+11
2016-01-09 18:15:05,1.03880340815e+11
2016-01-10 18:15:05,1.03880340815e+11
2016-01-11 18:15:05,1.03880340815e+11
2016-01-12 18:15:05,1.03880340815e+11
2016-01-13 18:15:05,1.13354299801e+11
2016-01-14 18:15:05,1.13354299801e+11
2016-01-15 18:15:05,1.13354299801e+11
2016-01-16 18:15:05,1.13354299801e+11
2016-01-17 18:15:05,1.13354299801e+11
2016-01-18 18:15:05,1.13354299801e+11
2016-01-19 18:15:05,1.13354299801e+11
2016-01-20 18:15:05,1.13354299801e+11
2016-01-21 18:15:05,1.13354299801e+11
2016-01-22 18:15:05,1.13354299801e+11
2016-01-23 18:15:05,1.13354299801e+11
2016-01-24 18:15:05,1.13354299801e+11
2016-01-25 18:15:05,1.13354299801e+11
2016-01-26 18:15:05,1.20033340651e+11
2016-01-27 18:15:05,1.20033340651e+11
2016-01-28 18:15:05,1.20033340651e+11
2016-01-29 18:15:05,1.20033340651e+11
2016-01-30 18:15:05,1.20033340651e+11
2016-01-31 18:15:05,1.20033340651e+11
2016-02-01 18:15:05,1.20033340651e+11
2016-02-02 18:15:05,1.20033340651e+11
2016-02-03 18:15:05,1.20033340651e+11
2016-02-04 18:15:05,1.20033340651e+11
2016-02-05 18:15:05,1.20033340651e+11
2016-02-06 18:15:05,1.20033340651e+11
2016-02-07 18:15:05,1.44116447847e+11
2016-02-08 18:15:05,1.44116447847e+11
2016-02-09 18:15:05,1.44116447847e+11
2016-02-10 18:15:05,1.44116447847e+11
2016-02-11 18:15:05,1.44116447847e+11
2016-02-12 18:15:05,1.44116447847e+11
2016-02-13 18:15:05,1.44116447847e+11
2016-02-14 18:15:05,1.44116447847e+11
2016-02-15 18:15:05,1.44116447847e+11
2016-02-16 18:15:05,1.44116447847e+11
2016-02-17 18:15:05,1.44116447847e+11
2016-02-18 18:15:05,1.44116447847e+11
2016-02-19 18:15:05,1.63491654909e+11
2016-02-20 18:15:05,1.63491654909e+11
2016-02-21 18:15:05,1.63491654909e+11
2016-02-22 18:15:05,1.63491654909e+11
2016-02-23 18:15:05,1.63491654909e+11
2016-02-24 18:15:05,1.63491654909e+11
2016-02-25 18:15:05,1.63491654909e+11
2016-02-26 18:15:05,1.63491654909e+11
2016-02-27 18:15:05,1.63491654909e+11
2016-02-28 18:15:05,1.63491654909e+11
2016-02-29 18:15:05,1.63491654909e+11
2016-03-01 18:15:05,1.63491654909e+11
2016-03-02 18:15:05,1.63491654909e+11
2016-03-03 18:15:05,1.63491654909e+11
2016-03-04 18:15:05,1.63491654909e+11
2016-03-05 18:15:05,1.63491654909e+11
2016-03-06 18:15:05,1.58427203767e+11
2016-03-07 18:15:05,1.58427203767e+11
2016-03-08 18:15:05,1.58427203767e+11
2016-03-09 18:15:05,1.58427203767e+11
2016-03-10 18:15:05,1.58427203767e+11
2016-03-11 18:15:05,1.58427203767e+11
2016-03-12 18:15:05,1.58427203767e+11
2016-03-13 18:15:05,1.58427203767e+11
2016-03-14 18:15:05,1.58427203767e+11
2016-03-15 18:15:05,1.58427203767e+11
2016-03-16 18:15:05,1.58427203767e+11
2016-03-17 18:15:05,1.58427203767e+11
2016-03-18 18:15:05,1.65496835118e+11
2016-03-19 18:15:05,1.65496835118e+11
2016-03-20 18:15:05,1.65496835118e+11
2016-03-21 18:15:05,1.65496835118e+11
2016-03-22 18:15:05,1.65496835118e+11
2016-03-23 18:15:05,1.65496835118e+11
2016-03-24 18:15:05,1.65496835118e+11
2016-03-25 18:15:05,1.65496835118e+11
2016-03-26 18:15:05,1.65496835118e+11
2016-03-27 18:15:05,1.65496835118e+11
2016-03-28 18:15:05,1.65496835118e+11
2016-03-29 18:15:05,1.65496835118e+11
2016-03-30 18:15:05,1.65496835118e+11
2016-03-31 18:15:05,1.65496835118e+11
2016-04-01 18:15:05,1.66851513283e+11
2016-04-02 18:15:05,1.66851513283e+11
2016-04-03 18:15:05,1.66851513283e+11
2016-04-04 18:15:05,1.66851513283e+11
2016-04-05 18:15:05,1.66851513283e+11
2016-04-06 18:15:05,1.66851513283e+11
2016-04-07 18:15:05,1.66851513283e+11
2016-04-08 18:15:05,1.66851513283e+11
2016-04-09 18:15:05,1.66851513283e+11
2016-04-10 18:15:05,1.66851513283e+11
2016-04-11 18:15:05,1.66851513283e+11
2016-04-12 18:15:05,1.66851513283e+11
2016-04-13 18:15:05,1.66851513283e+11
2016-04-14 18:15:05,1.78678307672e+11
2016-04-15 18:15:05,1.78678307672e+11
2016-04-16 18:15:05,1.78678307672e+11
2016-04-17 18:15:05,1.78678307672e+11
2016-04-18 18:15:05,1.78678307672e+11
2016-04-19 18:15:05,1.78678307672e+11
2016-04-20 18:15:05,1.78678307672e+11
2016-04-21 18:15:05,1.78678307672e+11
2016-04-22 18:15:05,1.78678307672e+11
2016-04-23 18:15:05,1.78678307672e+11
2016-04-24 18:15:05,1.78678307672e+11
2016-04-25 18:15:05,1.78678307672e+11
2016-04-26 18:15:05,1.78678307672e+11
2016-04-27 18:15:05,1.78678307672e+11
2016-04-28 18:15:05,1.78678307672e+11
2016-04-29 18:15:05,1.78659257773e+11
2016-04-30 18:15:05,1.78659257773e+11
2016-05-01 18:15:05,1.78659257773e+11
2016-05-02 18:15:05,1.78659257773e+11
2016-05-03 16:36:36,1.78659257773e+11
