Date,EstimatedTransactionVolume
2009-01-03 18:15:05,0.0
2009-01-04 18:15:05,0.0
2009-01-05 18:15:05,0.0
2009-01-06 18:15:05,0.0
2009-01-07 18:15:05,0.0
2009-01-08 18:15:05,0.0
2009-01-09 18:15:05,0.0
2009-01-10 18:15:05,0.0
2009-01-11 18:15:05,0.0
2009-01-12 18:15:05,24.0
2009-01-13 18:15:05,10.0
2009-01-14 18:15:05,0.0
2009-01-15 18:15:05,414.0
2009-01-16 18:15:05,100.0
2009-01-17 18:15:05,100.0
2009-01-18 18:15:05,0.0
2009-01-19 18:15:05,150.0
2009-01-20 18:15:05,775.0
2009-01-21 18:15:05,500.0
2009-01-22 18:15:05,500.0
2009-01-23 18:15:05,150.0
2009-01-24 18:15:05,800.0
2009-01-25 18:15:05,50.0
2009-01-26 18:15:05,0.0
2009-01-27 18:15:05,1150.0
2009-01-28 18:15:05,0.0
2009-01-29 18:15:05,0.0
2009-01-30 18:15:05,600.0
2009-01-31 18:15:05,0.0
2009-02-01 18:15:05,1100.0
2009-02-02 18:15:05,0.0
2009-02-03 18:15:05,115.0
2009-02-04 18:15:05,38.0
2009-02-05 18:15:05,0.0
2009-02-06 18:15:05,0.0
2009-02-07 18:15:05,1150.0
2009-02-08 18:15:05,1000.0
2009-02-09 18:15:05,2200.0
2009-02-10 18:15:05,0.0
2009-02-11 18:15:05,350.0
2009-02-12 18:15:05,200.0
2009-02-13 18:15:05,0.0
2009-02-14 18:15:05,0.0
2009-02-15 18:15:05,900.0
2009-02-16 18:15:05,0.0
2009-02-17 18:15:05,1500.0
2009-02-18 18:15:05,0.0
2009-02-19 18:15:05,0.0
2009-02-20 18:15:05,800.0
2009-02-21 18:15:05,0.0
2009-02-22 18:15:05,1050.0
2009-02-23 18:15:05,0.0
2009-02-24 18:15:05,0.0
2009-02-25 18:15:05,0.0
2009-02-26 18:15:05,0.0
2009-02-27 18:15:05,0.0
2009-02-28 18:15:05,1800.0
2009-03-01 18:15:05,350.0
2009-03-02 18:15:05,0.0
2009-03-03 18:15:05,400.0
2009-03-04 18:15:05,0.0
2009-03-05 18:15:05,1200.0
2009-03-06 18:15:05,400.0
2009-03-07 18:15:05,0.0
2009-03-08 18:15:05,1550.0
2009-03-09 18:15:05,0.0
2009-03-10 18:15:05,0.0
2009-03-11 18:15:05,0.0
2009-03-12 18:15:05,150.0
2009-03-13 18:15:05,750.0
2009-03-14 18:15:05,0.0
2009-03-15 18:15:05,0.0
2009-03-16 18:15:05,2400.0
2009-03-17 18:15:05,0.0
2009-03-18 18:15:05,0.0
2009-03-19 18:15:05,700.0
2009-03-20 18:15:05,600.0
2009-03-21 18:15:05,0.0
2009-03-22 18:15:05,550.0
2009-03-23 18:15:05,0.0
2009-03-24 18:15:05,0.0
2009-03-25 18:15:05,0.0
2009-03-26 18:15:05,1400.0
2009-03-27 18:15:05,0.0
2009-03-28 18:15:05,1000.0
2009-03-29 18:15:05,0.0
2009-03-30 18:15:05,0.0
2009-03-31 18:15:05,1600.0
2009-04-01 18:15:05,0.0
2009-04-02 18:15:05,0.0
2009-04-03 18:15:05,0.0
2009-04-04 18:15:05,0.0
2009-04-05 18:15:05,0.0
2009-04-06 18:15:05,850.0
2009-04-07 18:15:05,0.0
2009-04-08 18:15:05,0.0
2009-04-09 18:15:05,0.0
2009-04-10 18:15:05,0.0
2009-04-11 18:15:05,350.0
2009-04-12 18:15:05,0.0
2009-04-13 18:15:05,960.0
2009-04-14 18:15:05,0.0
2009-04-15 18:15:05,0.0
2009-04-16 18:15:05,0.0
2009-04-17 18:15:05,0.0
2009-04-18 18:15:05,115.0
2009-04-19 18:15:05,450.0
2009-04-20 18:15:05,2250.0
2009-04-21 18:15:05,3500.0
2009-04-22 18:15:05,0.0
2009-04-23 18:15:05,0.0
2009-04-24 18:15:05,0.0
2009-04-25 18:15:05,0.0
2009-04-26 18:15:05,750.0
2009-04-27 18:15:05,0.0
2009-04-28 18:15:05,0.0
2009-04-29 18:15:05,0.0
2009-04-30 18:15:05,1000.0
2009-05-01 18:15:05,0.0
2009-05-02 18:15:05,0.0
2009-05-03 18:15:05,699.0
2009-05-04 18:15:05,50.0
2009-05-05 18:15:05,1500.0
2009-05-06 18:15:05,500.0
2009-05-07 18:15:05,0.0
2009-05-08 18:15:05,0.0
2009-05-09 18:15:05,0.0
2009-05-10 18:15:05,0.0
2009-05-11 18:15:05,50.0
2009-05-12 18:15:05,0.0
2009-05-13 18:15:05,51.0
2009-05-14 18:15:05,101.0
2009-05-15 18:15:05,50.0
2009-05-16 18:15:05,500.0
2009-05-17 18:15:05,0.0
2009-05-18 18:15:05,0.0
2009-05-19 18:15:05,0.0
2009-05-20 18:15:05,0.0
2009-05-21 18:15:05,0.0
2009-05-22 18:15:05,0.0
2009-05-23 18:15:05,0.0
2009-05-24 18:15:05,0.0
2009-05-25 18:15:05,0.0
2009-05-26 18:15:05,0.0
2009-05-27 18:15:05,0.0
2009-05-28 18:15:05,0.0
2009-05-29 18:15:05,3000.0
2009-05-30 18:15:05,0.0
2009-05-31 18:15:05,0.0
2009-06-01 18:15:05,0.0
2009-06-02 18:15:05,0.0
2009-06-03 18:15:05,0.0
2009-06-04 18:15:05,0.0
2009-06-05 18:15:05,0.0
2009-06-06 18:15:05,0.0
2009-06-07 18:15:05,0.0
2009-06-08 18:15:05,0.0
2009-06-09 18:15:05,0.0
2009-06-10 18:15:05,0.0
2009-06-11 18:15:05,0.0
2009-06-12 18:15:05,0.0
2009-06-13 18:15:05,0.0
2009-06-14 18:15:05,0.0
2009-06-15 18:15:05,0.0
2009-06-16 18:15:05,0.0
2009-06-17 18:15:05,0.0
2009-06-18 18:15:05,0.0
2009-06-19 18:15:05,0.0
2009-06-20 18:15:05,0.0
2009-06-21 18:15:05,0.0
2009-06-22 18:15:05,3000.0
2009-06-23 18:15:05,0.0
2009-06-24 18:15:05,125.0
2009-06-25 18:15:05,0.0
2009-06-26 18:15:05,1000.0
2009-06-27 18:15:05,0.0
2009-06-28 18:15:05,25.0
2009-06-29 18:15:05,0.0
2009-06-30 18:15:05,125.0
2009-07-01 18:15:05,100.0
2009-07-02 18:15:05,0.0
2009-07-03 18:15:05,10.0
2009-07-04 18:15:05,0.0
2009-07-05 18:15:05,0.0
2009-07-06 18:15:05,0.0
2009-07-07 18:15:05,0.0
2009-07-08 18:15:05,0.0
2009-07-09 18:15:05,0.0
2009-07-10 18:15:05,0.0
2009-07-11 18:15:05,0.0
2009-07-12 18:15:05,0.0
2009-07-13 18:15:05,0.0
2009-07-14 18:15:05,0.0
2009-07-15 18:15:05,0.0
2009-07-16 18:15:05,0.0
2009-07-17 18:15:05,0.0
2009-07-18 18:15:05,0.0
2009-07-19 18:15:05,0.0
2009-07-20 18:15:05,0.0
2009-07-21 18:15:05,6000.0
2009-07-22 18:15:05,0.0
2009-07-23 18:15:05,0.0
2009-07-24 18:15:05,0.0
2009-07-25 18:15:05,0.0
2009-07-26 18:15:05,0.0
2009-07-27 18:15:05,0.0
2009-07-28 18:15:05,0.0
2009-07-29 18:15:05,0.0
2009-07-30 18:15:05,105.0
2009-07-31 18:15:05,0.0
2009-08-01 18:15:05,0.0
2009-08-02 18:15:05,0.0
2009-08-03 18:15:05,0.0
2009-08-04 18:15:05,0.0
2009-08-05 18:15:05,0.0
2009-08-06 18:15:05,0.0
2009-08-07 18:15:05,0.0
2009-08-08 18:15:05,5500.0
2009-08-09 18:15:05,0.0
2009-08-10 18:15:05,0.0
2009-08-11 18:15:05,0.0
2009-08-12 18:15:05,0.0
2009-08-13 18:15:05,0.0
2009-08-14 18:15:05,0.0
2009-08-15 18:15:05,0.0
2009-08-16 18:15:05,0.0
2009-08-17 18:15:05,0.0
2009-08-18 18:15:05,0.0
2009-08-19 18:15:05,0.0
2009-08-20 18:15:05,0.0
2009-08-21 18:15:05,0.0
2009-08-22 18:15:05,0.0
2009-08-23 18:15:05,0.0
2009-08-24 18:15:05,0.0
2009-08-25 18:15:05,0.0
2009-08-26 18:15:05,0.0
2009-08-27 18:15:05,2300.0
2009-08-28 18:15:05,0.0
2009-08-29 18:15:05,0.0
2009-08-30 18:15:05,50.0
2009-08-31 18:15:05,300.0
2009-09-01 18:15:05,0.0
2009-09-02 18:15:05,0.0
2009-09-03 18:15:05,700.0
2009-09-04 18:15:05,0.0
2009-09-05 18:15:05,0.0
2009-09-06 18:15:05,0.0
2009-09-07 18:15:05,650.0
2009-09-08 18:15:05,0.0
2009-09-09 18:15:05,0.0
2009-09-10 18:15:05,0.0
2009-09-11 18:15:05,0.0
2009-09-12 18:15:05,0.0
2009-09-13 18:15:05,0.0
2009-09-14 18:15:05,0.0
2009-09-15 18:15:05,0.0
2009-09-16 18:15:05,1.0
2009-09-17 18:15:05,5000.0
2009-09-18 18:15:05,0.0
2009-09-19 18:15:05,0.0
2009-09-20 18:15:05,0.0
2009-09-21 18:15:05,0.0
2009-09-22 18:15:05,400.0
2009-09-23 18:15:05,2000.0
2009-09-24 18:15:05,0.0
2009-09-25 18:15:05,1300.0
2009-09-26 18:15:05,0.0
2009-09-27 18:15:05,800.0
2009-09-28 18:15:05,0.0
2009-09-29 18:15:05,2150.0
2009-09-30 18:15:05,0.0
2009-10-01 18:15:05,0.0
2009-10-02 18:15:05,500.0
2009-10-03 18:15:05,0.0
2009-10-04 18:15:05,0.0
2009-10-05 18:15:05,0.0
2009-10-06 18:15:05,200.0
2009-10-07 18:15:05,0.0
2009-10-08 18:15:05,0.0
2009-10-09 18:15:05,0.0
2009-10-10 18:15:05,0.0
2009-10-11 18:15:05,0.0
2009-10-12 18:15:05,5050.0
2009-10-13 18:15:05,0.0
2009-10-14 18:15:05,0.0
2009-10-15 18:15:05,0.0
2009-10-16 18:15:05,9700.0
2009-10-17 18:15:05,0.0
2009-10-18 18:15:05,350.0
2009-10-19 18:15:05,0.0
2009-10-20 18:15:05,0.0
2009-10-21 18:15:05,5000.0
2009-10-22 18:15:05,12850.0
2009-10-23 18:15:05,0.0
2009-10-24 18:15:05,0.0
2009-10-25 18:15:05,12250.0
2009-10-26 18:15:05,0.0
2009-10-27 18:15:05,13000.0
2009-10-28 18:15:05,0.0
2009-10-29 18:15:05,500.0
2009-10-30 18:15:05,1550.0
2009-10-31 18:15:05,0.0
2009-11-01 18:15:05,0.0
2009-11-02 18:15:05,0.0
2009-11-03 18:15:05,0.0
2009-11-04 18:15:05,0.0
2009-11-05 18:15:05,15500.0
2009-11-06 18:15:05,0.0
2009-11-07 18:15:05,0.0
2009-11-08 18:15:05,0.0
2009-11-09 18:15:05,0.0
2009-11-10 18:15:05,0.0
2009-11-11 18:15:05,18000.0
2009-11-12 18:15:05,0.0
2009-11-13 18:15:05,520.0
2009-11-14 18:15:05,0.0
2009-11-15 18:15:05,0.0
2009-11-16 18:15:05,0.0
2009-11-17 18:15:05,0.0
2009-11-18 18:15:05,0.0
2009-11-19 18:15:05,0.0
2009-11-20 18:15:05,44350.0
2009-11-21 18:15:05,0.0
2009-11-22 18:15:05,0.0
2009-11-23 18:15:05,0.0
2009-11-24 18:15:05,0.0
2009-11-25 18:15:05,0.0
2009-11-26 18:15:05,0.0
2009-11-27 18:15:05,0.0
2009-11-28 18:15:05,0.0
2009-11-29 18:15:05,0.0
2009-11-30 18:15:05,0.0
2009-12-01 18:15:05,0.0
2009-12-02 18:15:05,10000.0
2009-12-03 18:15:05,0.0
2009-12-04 18:15:05,0.0
2009-12-05 18:15:05,0.0
2009-12-06 18:15:05,996.0
2009-12-07 18:15:05,0.0
2009-12-08 18:15:05,1500.0
2009-12-09 18:15:05,2104.0
2009-12-10 18:15:05,21.0
2009-12-11 18:15:05,0.0
2009-12-12 18:15:05,5200.0
2009-12-13 18:15:05,0.0
2009-12-14 18:15:05,32497.0
2009-12-15 18:15:05,5450.0
2009-12-16 18:15:05,851.0
2009-12-17 18:15:05,201.0
2009-12-18 18:15:05,1.0
2009-12-19 18:15:05,50.0
2009-12-20 18:15:05,0.0
2009-12-21 18:15:05,50.0
2009-12-22 18:15:05,0.0
2009-12-23 18:15:05,0.0
2009-12-24 18:15:05,0.0
2009-12-25 18:15:05,1.0
2009-12-26 18:15:05,0.0
2009-12-27 18:15:05,250.0
2009-12-28 18:15:05,0.0
2009-12-29 18:15:05,0.0
2009-12-30 18:15:05,0.0
2009-12-31 18:15:05,0.0
2010-01-01 18:15:05,0.0
2010-01-02 18:15:05,100.0
2010-01-03 18:15:05,0.0
2010-01-04 18:15:05,20778.0
2010-01-05 18:15:05,0.0
2010-01-06 18:15:05,0.0
2010-01-07 18:15:05,0.0
2010-01-08 18:15:05,0.0
2010-01-09 18:15:05,0.0
2010-01-10 18:15:05,0.0
2010-01-11 18:15:05,0.0
2010-01-12 18:15:05,10749.0
2010-01-13 18:15:05,6.0
2010-01-14 18:15:05,1.0
2010-01-15 18:15:05,400.0
2010-01-16 18:15:05,201.0
2010-01-17 18:15:05,251.0
2010-01-18 18:15:05,0.0
2010-01-19 18:15:05,23.0
2010-01-20 18:15:05,0.0
2010-01-21 18:15:05,210.0
2010-01-22 18:15:05,200.0
2010-01-23 18:15:05,1.0
2010-01-24 18:15:05,54.0
2010-01-25 18:15:05,3275.0
2010-01-26 18:15:05,725.0
2010-01-27 18:15:05,200.0
2010-01-28 18:15:05,1850.0
2010-01-29 18:15:05,550.0
2010-01-30 18:15:05,800.0
2010-01-31 18:15:05,1650.0
2010-02-01 18:15:05,2700.0
2010-02-02 18:15:05,0.0
2010-02-03 18:15:05,1350.0
2010-02-04 18:15:05,350.0
2010-02-05 18:15:05,13768.0
2010-02-06 18:15:05,1300.0
2010-02-07 18:15:05,802.0
2010-02-08 18:15:05,7004.0
2010-02-09 18:15:05,200.0
2010-02-10 18:15:05,51000.0
2010-02-11 18:15:05,800.0
2010-02-12 18:15:05,8825.0
2010-02-13 18:15:05,2199.0
2010-02-14 18:15:05,19500.0
2010-02-15 18:15:05,3065.0
2010-02-16 18:15:05,2014.0
2010-02-17 18:15:05,36500.0
2010-02-18 18:15:05,7413.0
2010-02-19 18:15:05,700.0
2010-02-20 18:15:05,50.0
2010-02-21 18:15:05,1553.0
2010-02-22 18:15:05,19551.0
2010-02-23 18:15:05,50.0
2010-02-24 18:15:05,5300.0
2010-02-25 18:15:05,700.0
2010-02-26 18:15:05,13162.0
2010-02-27 18:15:05,450.0
2010-02-28 18:15:05,5250.0
2010-03-01 18:15:05,1000.0
2010-03-02 18:15:05,2600.0
2010-03-03 18:15:05,250.0
2010-03-04 18:15:05,10300.0
2010-03-05 18:15:05,19150.0
2010-03-06 18:15:05,23646.0
2010-03-07 18:15:05,7555.0
2010-03-08 18:15:05,9011.0
2010-03-09 18:15:05,4000.0
2010-03-10 18:15:05,1351.0
2010-03-11 18:15:05,4351.0
2010-03-12 18:15:05,250.0
2010-03-13 18:15:05,1900.0
2010-03-14 18:15:05,1550.0
2010-03-15 18:15:05,7.0
2010-03-16 18:15:05,150.0
2010-03-17 18:15:05,2151.0
2010-03-18 18:15:05,240.0
2010-03-19 18:15:05,8820.0
2010-03-20 18:15:05,3866.0
2010-03-21 18:15:05,1567.0
2010-03-22 18:15:05,2650.0
2010-03-23 18:15:05,3703.0
2010-03-24 18:15:05,1336.0
2010-03-25 18:15:05,24500.0
2010-03-26 18:15:05,2502.0
2010-03-27 18:15:05,4225.0
2010-03-28 18:15:05,1900.0
2010-03-29 18:15:05,3650.0
2010-03-30 18:15:05,550.0
2010-03-31 18:15:05,1050.0
2010-04-01 18:15:05,1473.0
2010-04-02 18:15:05,1400.0
2010-04-03 18:15:05,1672.0
2010-04-04 18:15:05,2107.0
2010-04-05 18:15:05,4210.0
2010-04-06 18:15:05,10305.0
2010-04-07 18:15:05,5499.0
2010-04-08 18:15:05,3238.0
2010-04-09 18:15:05,2410.0
2010-04-10 18:15:05,22838.0
2010-04-11 18:15:05,10413.0
2010-04-12 18:15:05,23619.0
2010-04-13 18:15:05,3277.0
2010-04-14 18:15:05,5149.0
2010-04-15 18:15:05,45814.0
2010-04-16 18:15:05,7691.0
2010-04-17 18:15:05,7856.0
2010-04-18 18:15:05,8830.0
2010-04-19 18:15:05,9091.0
2010-04-20 18:15:05,31926.0
2010-04-21 18:15:05,3945.0
2010-04-22 18:15:05,22122.0
2010-04-23 18:15:05,4588.0
2010-04-24 18:15:05,2816.0
2010-04-25 18:15:05,7651.0
2010-04-26 18:15:05,8540.0
2010-04-27 18:15:05,13402.0
2010-04-28 18:15:05,6769.0
2010-04-29 18:15:05,5428.0
2010-04-30 18:15:05,33252.0
2010-05-01 18:15:05,7679.0
2010-05-02 18:15:05,2229.0
2010-05-03 18:15:05,7653.0
2010-05-04 18:15:05,5960.0
2010-05-05 18:15:05,25978.0
2010-05-06 18:15:05,9500.0
2010-05-07 18:15:05,37872.0
2010-05-08 18:15:05,3211.0
2010-05-09 18:15:05,22978.0
2010-05-10 18:15:05,5951.0
2010-05-11 18:15:05,4850.0
2010-05-12 18:15:05,9450.0
2010-05-13 18:15:05,20128.0
2010-05-14 18:15:05,12033.0
2010-05-15 18:15:05,3758.0
2010-05-16 18:15:05,2689.0
2010-05-17 18:15:05,9621.0
2010-05-18 18:15:05,7976.0
2010-05-19 18:15:05,13765.0
2010-05-20 18:15:05,3888.0
2010-05-21 18:15:05,6165.0
2010-05-22 18:15:05,46229.0
2010-05-23 18:15:05,35646.0
2010-05-24 18:15:05,7821.0
2010-05-25 18:15:05,8200.0
2010-05-26 18:15:05,13154.0
2010-05-27 18:15:05,11237.0
2010-05-28 18:15:05,13093.0
2010-05-29 18:15:05,14877.0
2010-05-30 18:15:05,12593.0
2010-05-31 18:15:05,3377.0
2010-06-01 18:15:05,7492.0
2010-06-02 18:15:05,9505.0
2010-06-03 18:15:05,8251.0
2010-06-04 18:15:05,22260.0
2010-06-05 18:15:05,4450.0
2010-06-06 18:15:05,5700.0
2010-06-07 18:15:05,20603.0
2010-06-08 18:15:05,19952.0
2010-06-09 18:15:05,17257.0
2010-06-10 18:15:05,31192.0
2010-06-11 18:15:05,7488.0
2010-06-12 18:15:05,7798.0
2010-06-13 18:15:05,6442.0
2010-06-14 18:15:05,13756.0
2010-06-15 18:15:05,18693.0
2010-06-16 18:15:05,5436.0
2010-06-17 18:15:05,27213.0
2010-06-18 18:15:05,2627.0
2010-06-19 18:15:05,45869.0
2010-06-20 18:15:05,13193.0
2010-06-21 18:15:05,6033.0
2010-06-22 18:15:05,7974.0
2010-06-23 18:15:05,7373.0
2010-06-24 18:15:05,24475.0
2010-06-25 18:15:05,8608.0
2010-06-26 18:15:05,23311.0
2010-06-27 18:15:05,11701.0
2010-06-28 18:15:05,19406.0
2010-06-29 18:15:05,29696.0
2010-06-30 18:15:05,27921.0
2010-07-01 18:15:05,32945.0
2010-07-02 18:15:05,20072.0
2010-07-03 18:15:05,98557.0
2010-07-04 18:15:05,12166.0
2010-07-05 18:15:05,50746.0
2010-07-06 18:15:05,28620.0
2010-07-07 18:15:05,42100.0
2010-07-08 18:15:05,4437.0
2010-07-09 18:15:05,6161.0
2010-07-10 18:15:05,14270.0
2010-07-11 18:15:05,19383.0
2010-07-12 18:15:05,74014.0
2010-07-13 18:15:05,41971.0
2010-07-14 18:15:05,42482.0
2010-07-15 18:15:05,55359.0
2010-07-16 18:15:05,40352.0
2010-07-17 18:15:05,29286.0
2010-07-18 18:15:05,24704.0
2010-07-19 18:15:05,34326.0
2010-07-20 18:15:05,13891.0
2010-07-21 18:15:05,18803.0
2010-07-22 18:15:05,23458.0
2010-07-23 18:15:05,15656.0
2010-07-24 18:15:05,28599.0
2010-07-25 18:15:05,20083.0
2010-07-26 18:15:05,27157.0
2010-07-27 18:15:05,63497.0
2010-07-28 18:15:05,24087.0
2010-07-29 18:15:05,56599.0
2010-07-30 18:15:05,23813.0
2010-07-31 18:15:05,15079.0
2010-08-01 18:15:05,11178.0
2010-08-02 18:15:05,14020.0
2010-08-03 18:15:05,16547.0
2010-08-04 18:15:05,27509.0
2010-08-05 18:15:05,18402.0
2010-08-06 18:15:05,16385.0
2010-08-07 18:15:05,15056.0
2010-08-08 18:15:05,11277.0
2010-08-09 18:15:05,25114.0
2010-08-10 18:15:05,54669.0
2010-08-11 18:15:05,43379.0
2010-08-12 18:15:05,22687.0
2010-08-13 18:15:05,21943.0
2010-08-14 18:15:05,11587.0
2010-08-15 18:15:05,13369.0
2010-08-16 18:15:05,18336.0
2010-08-17 18:15:05,48276.0
2010-08-18 18:15:05,35791.0
2010-08-19 18:15:05,13756.0
2010-08-20 18:15:05,21143.0
2010-08-21 18:15:05,17456.0
2010-08-22 18:15:05,29971.0
2010-08-23 18:15:05,11325.0
2010-08-24 18:15:05,11639.0
2010-08-25 18:15:05,7927.0
2010-08-26 18:15:05,18406.0
2010-08-27 18:15:05,9867.0
2010-08-28 18:15:05,24297.0
2010-08-29 18:15:05,10183.0
2010-08-30 18:15:05,12242.0
2010-08-31 18:15:05,36148.0
2010-09-01 18:15:05,10608.0
2010-09-02 18:15:05,17917.0
2010-09-03 18:15:05,27623.0
2010-09-04 18:15:05,31088.0
2010-09-05 18:15:05,13704.0
2010-09-06 18:15:05,38581.0
2010-09-07 18:15:05,21773.0
2010-09-08 18:15:05,12730.0
2010-09-09 18:15:05,16263.0
2010-09-10 18:15:05,10471.0
2010-09-11 18:15:05,8960.0
2010-09-12 18:15:05,14410.0
2010-09-13 18:15:05,22765.0
2010-09-14 18:15:05,21753.0
2010-09-15 18:15:05,27312.0
2010-09-16 18:15:05,20542.0
2010-09-17 18:15:05,29419.0
2010-09-18 18:15:05,64511.0
2010-09-19 18:15:05,47333.0
2010-09-20 18:15:05,37079.0
2010-09-21 18:15:05,19532.0
2010-09-22 18:15:05,29221.0
2010-09-23 18:15:05,52468.0
2010-09-24 18:15:05,33287.0
2010-09-25 18:15:05,17081.0
2010-09-26 18:15:05,17937.0
2010-09-27 18:15:05,23224.0
2010-09-28 18:15:05,36393.0
2010-09-29 18:15:05,75030.0
2010-09-30 18:15:05,23113.0
2010-10-01 18:15:05,37900.0
2010-10-02 18:15:05,26603.0
2010-10-03 18:15:05,308807.0
2010-10-04 18:15:05,52756.0
2010-10-05 18:15:05,102992.0
2010-10-06 18:15:05,47798.0
2010-10-07 18:15:05,113361.0
2010-10-08 18:15:05,141197.0
2010-10-09 18:15:05,119618.0
2010-10-10 18:15:05,100796.0
2010-10-11 18:15:05,44629.0
2010-10-12 18:15:05,53705.0
2010-10-13 18:15:05,20565.0
2010-10-14 18:15:05,54510.0
2010-10-15 18:15:05,61040.0
2010-10-16 18:15:05,88694.0
2010-10-17 18:15:05,42958.0
2010-10-18 18:15:05,35804.0
2010-10-19 18:15:05,26563.0
2010-10-20 18:15:05,53581.0
2010-10-21 18:15:05,61704.0
2010-10-22 18:15:05,21545.0
2010-10-23 18:15:05,22526.0
2010-10-24 18:15:05,62707.0
2010-10-25 18:15:05,28663.0
2010-10-26 18:15:05,67585.0
2010-10-27 18:15:05,95974.0
2010-10-28 18:15:05,34660.0
2010-10-29 18:15:05,84353.0
2010-10-30 18:15:05,53262.0
2010-10-31 18:15:05,37864.0
2010-11-01 18:15:05,29308.0
2010-11-02 18:15:05,25460.0
2010-11-03 18:15:05,24894.0
2010-11-04 18:15:05,121157.0
2010-11-05 18:15:05,34158.0
2010-11-06 18:15:05,97886.0
2010-11-07 18:15:05,48507.0
2010-11-08 18:15:05,362333.0
2010-11-09 18:15:05,76779.0
2010-11-10 18:15:05,23186.0
2010-11-11 18:15:05,23965.0
2010-11-12 18:15:05,12168.0
2010-11-13 18:15:05,22213.0
2010-11-14 18:15:05,18968.0
2010-11-15 18:15:05,34712.0
2010-11-16 18:15:05,62913.0
2010-11-17 18:15:05,29748.0
2010-11-18 18:15:05,19312.0
2010-11-19 18:15:05,22933.0
2010-11-20 18:15:05,44336.0
2010-11-21 18:15:05,40694.0
2010-11-22 18:15:05,14892.0
2010-11-23 18:15:05,26813.0
2010-11-24 18:15:05,28430.0
2010-11-25 18:15:05,35493.0
2010-11-26 18:15:05,85229.0
2010-11-27 18:15:05,14023.0
2010-11-28 18:15:05,17779.0
2010-11-29 18:15:05,14877.0
2010-11-30 18:15:05,37503.0
2010-12-01 18:15:05,57641.0
2010-12-02 18:15:05,49189.0
2010-12-03 18:15:05,22943.0
2010-12-04 18:15:05,43158.0
2010-12-05 18:15:05,20058.0
2010-12-06 18:15:05,68458.0
2010-12-07 18:15:05,35807.0
2010-12-08 18:15:05,32359.0
2010-12-09 18:15:05,21406.0
2010-12-10 18:15:05,16465.0
2010-12-11 18:15:05,35052.0
2010-12-12 18:15:05,11573.0
2010-12-13 18:15:05,61238.0
2010-12-14 18:15:05,35810.0
2010-12-15 18:15:05,28533.0
2010-12-16 18:15:05,19227.0
2010-12-17 18:15:05,15390.0
2010-12-18 18:15:05,27822.0
2010-12-19 18:15:05,49844.0
2010-12-20 18:15:05,9947.0
2010-12-21 18:15:05,25471.0
2010-12-22 18:15:05,52973.0
2010-12-23 18:15:05,12081.0
2010-12-24 18:15:05,8306.0
2010-12-25 18:15:05,16699.0
2010-12-26 18:15:05,6221.0
2010-12-27 18:15:05,36631.0
2010-12-28 18:15:05,32108.0
2010-12-29 18:15:05,39442.0
2010-12-30 18:15:05,24101.0
2010-12-31 18:15:05,15190.0
2011-01-01 18:15:05,14165.0
2011-01-02 18:15:05,16549.0
2011-01-03 18:15:05,16147.0
2011-01-04 18:15:05,29843.0
2011-01-05 18:15:05,15872.0
2011-01-06 18:15:05,16897.0
2011-01-07 18:15:05,16471.0
2011-01-08 18:15:05,28540.0
2011-01-09 18:15:05,15229.0
2011-01-10 18:15:05,29205.0
2011-01-11 18:15:05,33205.0
2011-01-12 18:15:05,54291.0
2011-01-13 18:15:05,30136.0
2011-01-14 18:15:05,46542.0
2011-01-15 18:15:05,49149.0
2011-01-16 18:15:05,14231.0
2011-01-17 18:15:05,53120.0
2011-01-18 18:15:05,44858.0
2011-01-19 18:15:05,41823.0
2011-01-20 18:15:05,39116.0
2011-01-21 18:15:05,22131.0
2011-01-22 18:15:05,30108.0
2011-01-23 18:15:05,41308.0
2011-01-24 18:15:05,32648.0
2011-01-25 18:15:05,22572.0
2011-01-26 18:15:05,19656.0
2011-01-27 18:15:05,585044.0
2011-01-28 18:15:05,168850.0
2011-01-29 18:15:05,20243.0
2011-01-30 18:15:05,14816.0
2011-01-31 18:15:05,22125.0
2011-02-01 18:15:05,65952.0
2011-02-02 18:15:05,83347.0
2011-02-03 18:15:05,37980.0
2011-02-04 18:15:05,26818.0
2011-02-05 18:15:05,47336.0
2011-02-06 18:15:05,24206.0
2011-02-07 18:15:05,117154.0
2011-02-08 18:15:05,29709.0
2011-02-09 18:15:05,27157.0
2011-02-10 18:15:05,65974.0
2011-02-11 18:15:05,44865.0
2011-02-12 18:15:05,33819.0
2011-02-13 18:15:05,20222.0
2011-02-14 18:15:05,26912.0
2011-02-15 18:15:05,49798.0
2011-02-16 18:15:05,29042.0
2011-02-17 18:15:05,15136.0
2011-02-18 18:15:05,29197.0
2011-02-19 18:15:05,39425.0
2011-02-20 18:15:05,30970.0
2011-02-21 18:15:05,27628.0
2011-02-22 18:15:05,31476.0
2011-02-23 18:15:05,27635.0
2011-02-24 18:15:05,32620.0
2011-02-25 18:15:05,31889.0
2011-02-26 18:15:05,52964.0
2011-02-27 18:15:05,81308.0
2011-02-28 18:15:05,25477.0
2011-03-01 18:15:05,245575.0
2011-03-02 18:15:05,102167.0
2011-03-03 18:15:05,95765.0
2011-03-04 18:15:05,42351.0
2011-03-05 18:15:05,25239.0
2011-03-06 18:15:05,44242.0
2011-03-07 18:15:05,37530.0
2011-03-08 18:15:05,41558.0
2011-03-09 18:15:05,101936.0
2011-03-10 18:15:05,133197.0
2011-03-11 18:15:05,104570.0
2011-03-12 18:15:05,65700.0
2011-03-13 18:15:05,56110.0
2011-03-14 18:15:05,138121.0
2011-03-15 18:15:05,81372.0
2011-03-16 18:15:05,69316.0
2011-03-17 18:15:05,87744.0
2011-03-18 18:15:05,68006.0
2011-03-19 18:15:05,62606.0
2011-03-20 18:15:05,44225.0
2011-03-21 18:15:05,56973.0
2011-03-22 18:15:05,79382.0
2011-03-23 18:15:05,76069.0
2011-03-24 18:15:05,109095.0
2011-03-25 18:15:05,78856.0
2011-03-26 18:15:05,112312.0
2011-03-27 18:15:05,64329.0
2011-03-28 18:15:05,66894.0
2011-03-29 18:15:05,54311.0
2011-03-30 18:15:05,54561.0
2011-03-31 18:15:05,62342.0
2011-04-01 18:15:05,47904.0
2011-04-02 18:15:05,33123.0
2011-04-03 18:15:05,56526.0
2011-04-04 18:15:05,49865.0
2011-04-05 18:15:05,64725.0
2011-04-06 18:15:05,36643.0
2011-04-07 18:15:05,67732.0
2011-04-08 18:15:05,49910.0
2011-04-09 18:15:05,62897.0
2011-04-10 18:15:05,48990.0
2011-04-11 18:15:05,46477.0
2011-04-12 18:15:05,77504.0
2011-04-13 18:15:05,74439.0
2011-04-14 18:15:05,48707.0
2011-04-15 18:15:05,91834.0
2011-04-16 18:15:05,139197.0
2011-04-17 18:15:05,719605.0
2011-04-18 18:15:05,72965.0
2011-04-19 18:15:05,1681065.0
2011-04-20 18:15:05,674834.0
2011-04-21 18:15:05,61429.0
2011-04-22 18:15:05,135533.0
2011-04-23 18:15:05,82849.0
2011-04-24 18:15:05,83009.0
2011-04-25 18:15:05,44931.0
2011-04-26 18:15:05,63927.0
2011-04-27 18:15:05,53907.0
2011-04-28 18:15:05,111295.0
2011-04-29 18:15:05,203720.0
2011-04-30 18:15:05,289771.0
2011-05-01 18:15:05,79974.0
2011-05-02 18:15:05,61723.0
2011-05-03 18:15:05,92210.0
2011-05-04 18:15:05,184338.0
2011-05-05 18:15:05,76387.0
2011-05-06 18:15:05,98543.0
2011-05-07 18:15:05,99882.0
2011-05-08 18:15:05,79448.0
2011-05-09 18:15:05,72603.0
2011-05-10 18:15:05,104592.0
2011-05-11 18:15:05,114243.0
2011-05-12 18:15:05,101674.0
2011-05-13 18:15:05,324020.0
2011-05-14 18:15:05,656162.0
2011-05-15 18:15:05,272130.0
2011-05-16 18:15:05,62341.0
2011-05-17 18:15:05,138205.0
2011-05-18 18:15:05,80290.0
2011-05-19 18:15:05,55649.0
2011-05-20 18:15:05,61492.0
2011-05-21 18:15:05,428152.0
2011-05-22 18:15:05,249531.0
2011-05-23 18:15:05,88140.0
2011-05-24 18:15:05,57121.0
2011-05-25 18:15:05,75461.0
2011-05-26 18:15:05,88823.0
2011-05-27 18:15:05,348801.0
2011-05-28 18:15:05,47743.0
2011-05-29 18:15:05,61952.0
2011-05-30 18:15:05,48576.0
2011-05-31 18:15:05,67042.0
2011-06-01 18:15:05,62936.0
2011-06-02 18:15:05,81061.0
2011-06-03 18:15:05,155241.0
2011-06-04 18:15:05,87414.0
2011-06-05 18:15:05,91087.0
2011-06-06 18:15:05,108682.0
2011-06-07 18:15:05,71549.0
2011-06-08 18:15:05,153860.0
2011-06-09 18:15:05,177348.0
2011-06-10 18:15:05,109826.0
2011-06-11 18:15:05,154088.0
2011-06-12 18:15:05,620400.0
2011-06-13 18:15:05,154170.0
2011-06-14 18:15:05,298363.0
2011-06-15 18:15:05,122562.0
2011-06-16 18:15:05,132251.0
2011-06-17 18:15:05,152927.0
2011-06-18 18:15:05,116204.0
2011-06-19 18:15:05,112599.0
2011-06-20 18:15:05,836861.0
2011-06-21 18:15:05,114264.0
2011-06-22 18:15:05,122507.0
2011-06-23 18:15:05,475995.0
2011-06-24 18:15:05,106146.0
2011-06-25 18:15:05,110463.0
2011-06-26 18:15:05,62915.0
2011-06-27 18:15:05,96966.0
2011-06-28 18:15:05,150062.0
2011-06-29 18:15:05,78893.0
2011-06-30 18:15:05,99849.0
2011-07-01 18:15:05,101842.0
2011-07-02 18:15:05,91032.0
2011-07-03 18:15:05,44020.0
2011-07-04 18:15:05,60738.0
2011-07-05 18:15:05,86599.0
2011-07-06 18:15:05,86477.0
2011-07-07 18:15:05,64076.0
2011-07-08 18:15:05,49867.0
2011-07-09 18:15:05,50930.0
2011-07-10 18:15:05,51957.0
2011-07-11 18:15:05,68593.0
2011-07-12 18:15:05,56751.0
2011-07-13 18:15:05,55376.0
2011-07-14 18:15:05,50253.0
2011-07-15 18:15:05,49800.0
2011-07-16 18:15:05,43349.0
2011-07-17 18:15:05,46909.0
2011-07-18 18:15:05,187452.0
2011-07-19 18:15:05,78884.0
2011-07-20 18:15:05,56113.0
2011-07-21 18:15:05,56555.0
2011-07-22 18:15:05,57368.0
2011-07-23 18:15:05,53874.0
2011-07-24 18:15:05,41421.0
2011-07-25 18:15:05,69025.0
2011-07-26 18:15:05,61760.0
2011-07-27 18:15:05,62083.0
2011-07-28 18:15:05,92723.0
2011-07-29 18:15:05,81460.0
2011-07-30 18:15:05,49809.0
2011-07-31 18:15:05,53514.0
2011-08-01 18:15:05,57864.0
2011-08-02 18:15:05,86516.0
2011-08-03 18:15:05,94777.0
2011-08-04 18:15:05,83388.0
2011-08-05 18:15:05,117231.0
2011-08-06 18:15:05,68224.0
2011-08-07 18:15:05,130394.0
2011-08-08 18:15:05,171236.0
2011-08-09 18:15:05,69302.0
2011-08-10 18:15:05,59908.0
2011-08-11 18:15:05,55274.0
2011-08-12 18:15:05,55909.0
2011-08-13 18:15:05,44865.0
2011-08-14 18:15:05,56161.0
2011-08-15 18:15:05,66808.0
2011-08-16 18:15:05,54361.0
2011-08-17 18:15:05,63047.0
2011-08-18 18:15:05,87101.0
2011-08-19 18:15:05,55157.0
2011-08-20 18:15:05,46651.0
2011-08-21 18:15:05,40907.0
2011-08-22 18:15:05,56422.0
2011-08-23 18:15:05,47574.0
2011-08-24 18:15:05,65331.0
2011-08-25 18:15:05,131799.0
2011-08-26 18:15:05,80982.0
2011-08-27 18:15:05,1130325.0
2011-08-28 18:15:05,39104.0
2011-08-29 18:15:05,41172.0
2011-08-30 18:15:05,49082.0
2011-08-31 18:15:05,49554.0
2011-09-01 18:15:05,56648.0
2011-09-02 18:15:05,56115.0
2011-09-03 18:15:05,43347.0
2011-09-04 18:15:05,66163.0
2011-09-05 18:15:05,80592.0
2011-09-06 18:15:05,84364.0
2011-09-07 18:15:05,128531.0
2011-09-08 18:15:05,62044.0
2011-09-09 18:15:05,127883.0
2011-09-10 18:15:05,74357.0
2011-09-11 18:15:05,763603.0
2011-09-12 18:15:05,80030.0
2011-09-13 18:15:05,56214.0
2011-09-14 18:15:05,78213.0
2011-09-15 18:15:05,52444.0
2011-09-16 18:15:05,88805.0
2011-09-17 18:15:05,68373.0
2011-09-18 18:15:05,56328.0
2011-09-19 18:15:05,69693.0
2011-09-20 18:15:05,81908.0
2011-09-21 18:15:05,121113.0
2011-09-22 18:15:05,74744.0
2011-09-23 18:15:05,56265.0
2011-09-24 18:15:05,66736.0
2011-09-25 18:15:05,53301.0
2011-09-26 18:15:05,65547.0
2011-09-27 18:15:05,79585.0
2011-09-28 18:15:05,65164.0
2011-09-29 18:15:05,50305.0
2011-09-30 18:15:05,60258.0
2011-10-01 18:15:05,70623.0
2011-10-02 18:15:05,54094.0
2011-10-03 18:15:05,52570.0
2011-10-04 18:15:05,69864.0
2011-10-05 18:15:05,79500.0
2011-10-06 18:15:05,134238.0
2011-10-07 18:15:05,87797.0
2011-10-08 18:15:05,104100.0
2011-10-09 18:15:05,74440.0
2011-10-10 18:15:05,55810.0
2011-10-11 18:15:05,78723.0
2011-10-12 18:15:05,70334.0
2011-10-13 18:15:05,71841.0
2011-10-14 18:15:05,76909.0
2011-10-15 18:15:05,75300.0
2011-10-16 18:15:05,56120.0
2011-10-17 18:15:05,117624.0
2011-10-18 18:15:05,103352.0
2011-10-19 18:15:05,90904.0
2011-10-20 18:15:05,124854.0
2011-10-21 18:15:05,95345.0
2011-10-22 18:15:05,96049.0
2011-10-23 18:15:05,105599.0
2011-10-24 18:15:05,94834.0
2011-10-25 18:15:05,111223.0
2011-10-26 18:15:05,121547.0
2011-10-27 18:15:05,77823.0
2011-10-28 18:15:05,122437.0
2011-10-29 18:15:05,188686.0
2011-10-30 18:15:05,79972.0
2011-10-31 18:15:05,84760.0
2011-11-01 18:15:05,126458.0
2011-11-02 18:15:05,138314.0
2011-11-03 18:15:05,114474.0
2011-11-04 18:15:05,103368.0
2011-11-05 18:15:05,111722.0
2011-11-06 18:15:05,80316.0
2011-11-07 18:15:05,65214.0
2011-11-08 18:15:05,117148.0
2011-11-09 18:15:05,259879.0
2011-11-10 18:15:05,124976.0
2011-11-11 18:15:05,140066.0
2011-11-12 18:15:05,78593.0
2011-11-13 18:15:05,78550.0
2011-11-14 18:15:05,123034.0
2011-11-15 18:15:05,164076.0
2011-11-16 18:15:05,1404997.0
2011-11-17 18:15:05,2577739.0
2011-11-18 18:15:05,2876441.0
2011-11-19 18:15:05,2397237.0
2011-11-20 18:15:05,657977.0
2011-11-21 18:15:05,1162237.0
2011-11-22 18:15:05,1667159.0
2011-11-23 18:15:05,1146873.0
2011-11-24 18:15:05,170706.0
2011-11-25 18:15:05,177547.0
2011-11-26 18:15:05,176376.0
2011-11-27 18:15:05,1115079.0
2011-11-28 18:15:05,2650759.0
2011-11-29 18:15:05,2047500.0
2011-11-30 18:15:05,4727510.0
2011-12-01 18:15:05,2459820.0
2011-12-02 18:15:05,3308930.0
2011-12-03 18:15:05,3682124.0
2011-12-04 18:15:05,3204551.0
2011-12-05 18:15:05,1883357.0
2011-12-06 18:15:05,5825066.0
2011-12-07 18:15:05,5313161.0
2011-12-08 18:15:05,3900983.0
2011-12-09 18:15:05,1170427.0
2011-12-10 18:15:05,324851.0
2011-12-11 18:15:05,269281.0
2011-12-12 18:15:05,323120.0
2011-12-13 18:15:05,162446.0
2011-12-14 18:15:05,127687.0
2011-12-15 18:15:05,141814.0
2011-12-16 18:15:05,161418.0
2011-12-17 18:15:05,132783.0
2011-12-18 18:15:05,80667.0
2011-12-19 18:15:05,132682.0
2011-12-20 18:15:05,197252.0
2011-12-21 18:15:05,164386.0
2011-12-22 18:15:05,105090.0
2011-12-23 18:15:05,96289.0
2011-12-24 18:15:05,84429.0
2011-12-25 18:15:05,66063.0
2011-12-26 18:15:05,83490.0
2011-12-27 18:15:05,82715.0
2011-12-28 18:15:05,93300.0
2011-12-29 18:15:05,116367.0
2011-12-30 18:15:05,84444.0
2011-12-31 18:15:05,83180.0
2012-01-01 18:15:05,168855.0
2012-01-02 18:15:05,103335.0
2012-01-03 18:15:05,84487.0
2012-01-04 18:15:05,118758.0
2012-01-05 18:15:05,211068.0
2012-01-06 18:15:05,173644.0
2012-01-07 18:15:05,104557.0
2012-01-08 18:15:05,80489.0
2012-01-09 18:15:05,150094.0
2012-01-10 18:15:05,107633.0
2012-01-11 18:15:05,109663.0
2012-01-12 18:15:05,79120.0
2012-01-13 18:15:05,171761.0
2012-01-14 18:15:05,123925.0
2012-01-15 18:15:05,79372.0
2012-01-16 18:15:05,127665.0
2012-01-17 18:15:05,145102.0
2012-01-18 18:15:05,153419.0
2012-01-19 18:15:05,124975.0
2012-01-20 18:15:05,146398.0
2012-01-21 18:15:05,92748.0
2012-01-22 18:15:05,62236.0
2012-01-23 18:15:05,70085.0
2012-01-24 18:15:05,96848.0
2012-01-25 18:15:05,118374.0
2012-01-26 18:15:05,130921.0
2012-01-27 18:15:05,141718.0
2012-01-28 18:15:05,84212.0
2012-01-29 18:15:05,94613.0
2012-01-30 18:15:05,82758.0
2012-01-31 18:15:05,84150.0
2012-02-01 18:15:05,140076.0
2012-02-02 18:15:05,139333.0
2012-02-03 18:15:05,117984.0
2012-02-04 18:15:05,136722.0
2012-02-05 18:15:05,110844.0
2012-02-06 18:15:05,118829.0
2012-02-07 18:15:05,113991.0
2012-02-08 18:15:05,102272.0
2012-02-09 18:15:05,92417.0
2012-02-10 18:15:05,91333.0
2012-02-11 18:15:05,103158.0
2012-02-12 18:15:05,141274.0
2012-02-13 18:15:05,136595.0
2012-02-14 18:15:05,381705.0
2012-02-15 18:15:05,429552.0
2012-02-16 18:15:05,274715.0
2012-02-17 18:15:05,188725.0
2012-02-18 18:15:05,117067.0
2012-02-19 18:15:05,81468.0
2012-02-20 18:15:05,105324.0
2012-02-21 18:15:05,103033.0
2012-02-22 18:15:05,146255.0
2012-02-23 18:15:05,125333.0
2012-02-24 18:15:05,167523.0
2012-02-25 18:15:05,181916.0
2012-02-26 18:15:05,89343.0
2012-02-27 18:15:05,91803.0
2012-02-28 18:15:05,117586.0
2012-02-29 18:15:05,104815.0
2012-03-01 18:15:05,159214.0
2012-03-02 18:15:05,233408.0
2012-03-03 18:15:05,158572.0
2012-03-04 18:15:05,96622.0
2012-03-05 18:15:05,88589.0
2012-03-06 18:15:05,116310.0
2012-03-07 18:15:05,110238.0
2012-03-08 18:15:05,97057.0
2012-03-09 18:15:05,107066.0
2012-03-10 18:15:05,102401.0
2012-03-11 18:15:05,73297.0
2012-03-12 18:15:05,108891.0
2012-03-13 18:15:05,135029.0
2012-03-14 18:15:05,118761.0
2012-03-15 18:15:05,156955.0
2012-03-16 18:15:05,138815.0
2012-03-17 18:15:05,89781.0
2012-03-18 18:15:05,90067.0
2012-03-19 18:15:05,115337.0
2012-03-20 18:15:05,122659.0
2012-03-21 18:15:05,146266.0
2012-03-22 18:15:05,126082.0
2012-03-23 18:15:05,127626.0
2012-03-24 18:15:05,103797.0
2012-03-25 18:15:05,126527.0
2012-03-26 18:15:05,111346.0
2012-03-27 18:15:05,136448.0
2012-03-28 18:15:05,134818.0
2012-03-29 18:15:05,142839.0
2012-03-30 18:15:05,138699.0
2012-03-31 18:15:05,114701.0
2012-04-01 18:15:05,91777.0
2012-04-02 18:15:05,111515.0
2012-04-03 18:15:05,153329.0
2012-04-04 18:15:05,156515.0
2012-04-05 18:15:05,167750.0
2012-04-06 18:15:05,180108.0
2012-04-07 18:15:05,108965.0
2012-04-08 18:15:05,85880.0
2012-04-09 18:15:05,258683.0
2012-04-10 18:15:05,256832.0
2012-04-11 18:15:05,139353.0
2012-04-12 18:15:05,255538.0
2012-04-13 18:15:05,194199.0
2012-04-14 18:15:05,187669.0
2012-04-15 18:15:05,86481.0
2012-04-16 18:15:05,163626.0
2012-04-17 18:15:05,218911.0
2012-04-18 18:15:05,177576.0
2012-04-19 18:15:05,200127.0
2012-04-20 18:15:05,222789.0
2012-04-21 18:15:05,170294.0
2012-04-22 18:15:05,176558.0
2012-04-23 18:15:05,117304.0
2012-04-24 18:15:05,155892.0
2012-04-25 18:15:05,152672.0
2012-04-26 18:15:05,204850.0
2012-04-27 18:15:05,146063.0
2012-04-28 18:15:05,132702.0
2012-04-29 18:15:05,159552.0
2012-04-30 18:15:05,114217.0
2012-05-01 18:15:05,153169.0
2012-05-02 18:15:05,154490.0
2012-05-03 18:15:05,175809.0
2012-05-04 18:15:05,142735.0
2012-05-05 18:15:05,145974.0
2012-05-06 18:15:05,195711.0
2012-05-07 18:15:05,175687.0
2012-05-08 18:15:05,171910.0
2012-05-09 18:15:05,223474.0
2012-05-10 18:15:05,234320.0
2012-05-11 18:15:05,226329.0
2012-05-12 18:15:05,173582.0
2012-05-13 18:15:05,142362.0
2012-05-14 18:15:05,140318.0
2012-05-15 18:15:05,225197.0
2012-05-16 18:15:05,187810.0
2012-05-17 18:15:05,160678.0
2012-05-18 18:15:05,256286.0
2012-05-19 18:15:05,148747.0
2012-05-20 18:15:05,148100.0
2012-05-21 18:15:05,212254.0
2012-05-22 18:15:05,273824.0
2012-05-23 18:15:05,210483.0
2012-05-24 18:15:05,152568.0
2012-05-25 18:15:05,161432.0
2012-05-26 18:15:05,143467.0
2012-05-27 18:15:05,133162.0
2012-05-28 18:15:05,149480.0
2012-05-29 18:15:05,200435.0
2012-05-30 18:15:05,198600.0
2012-05-31 18:15:05,211059.0
2012-06-01 18:15:05,620177.0
2012-06-02 18:15:05,187427.0
2012-06-03 18:15:05,113586.0
2012-06-04 18:15:05,210401.0
2012-06-05 18:15:05,240143.0
2012-06-06 18:15:05,194682.0
2012-06-07 18:15:05,222169.0
2012-06-08 18:15:05,245424.0
2012-06-09 18:15:05,230720.0
2012-06-10 18:15:05,151322.0
2012-06-11 18:15:05,176125.0
2012-06-12 18:15:05,204751.0
2012-06-13 18:15:05,264527.0
2012-06-14 18:15:05,180477.0
2012-06-15 18:15:05,202779.0
2012-06-16 18:15:05,269180.0
2012-06-17 18:15:05,160772.0
2012-06-18 18:15:05,195271.0
2012-06-19 18:15:05,216607.0
2012-06-20 18:15:05,255335.0
2012-06-21 18:15:05,189732.0
2012-06-22 18:15:05,246541.0
2012-06-23 18:15:05,158650.0
2012-06-24 18:15:05,266424.0
2012-06-25 18:15:05,185586.0
2012-06-26 18:15:05,299260.0
2012-06-27 18:15:05,241559.0
2012-06-28 18:15:05,231983.0
2012-06-29 18:15:05,148066.0
2012-06-30 18:15:05,143265.0
2012-07-01 18:15:05,100010.0
2012-07-02 18:15:05,144843.0
2012-07-03 18:15:05,279930.0
2012-07-04 18:15:05,229940.0
2012-07-05 18:15:05,182314.0
2012-07-06 18:15:05,196760.0
2012-07-07 18:15:05,161200.0
2012-07-08 18:15:05,128522.0
2012-07-09 18:15:05,186366.0
2012-07-10 18:15:05,242268.0
2012-07-11 18:15:05,207269.0
2012-07-12 18:15:05,241800.0
2012-07-13 18:15:05,317339.0
2012-07-14 18:15:05,303924.0
2012-07-15 18:15:05,147666.0
2012-07-16 18:15:05,200425.0
2012-07-17 18:15:05,411541.0
2012-07-18 18:15:05,293536.0
2012-07-19 18:15:05,184476.0
2012-07-20 18:15:05,248806.0
2012-07-21 18:15:05,228266.0
2012-07-22 18:15:05,138685.0
2012-07-23 18:15:05,199655.0
2012-07-24 18:15:05,226600.0
2012-07-25 18:15:05,194555.0
2012-07-26 18:15:05,240325.0
2012-07-27 18:15:05,166097.0
2012-07-28 18:15:05,137658.0
2012-07-29 18:15:05,130737.0
2012-07-30 18:15:05,155641.0
2012-07-31 18:15:05,303817.0
2012-08-01 18:15:05,272383.0
2012-08-02 18:15:05,269419.0
2012-08-03 18:15:05,266317.0
2012-08-04 18:15:05,168604.0
2012-08-05 18:15:05,142755.0
2012-08-06 18:15:05,178831.0
2012-08-07 18:15:05,191484.0
2012-08-08 18:15:05,199337.0
2012-08-09 18:15:05,240172.0
2012-08-10 18:15:05,215118.0
2012-08-11 18:15:05,145931.0
2012-08-12 18:15:05,96764.0
2012-08-13 18:15:05,178247.0
2012-08-14 18:15:05,242064.0
2012-08-15 18:15:05,176895.0
2012-08-16 18:15:05,202852.0
2012-08-17 18:15:05,217006.0
2012-08-18 18:15:05,270117.0
2012-08-19 18:15:05,363658.0
2012-08-20 18:15:05,676367.0
2012-08-21 18:15:05,305514.0
2012-08-22 18:15:05,364458.0
2012-08-23 18:15:05,258872.0
2012-08-24 18:15:05,216717.0
2012-08-25 18:15:05,238920.0
2012-08-26 18:15:05,185106.0
2012-08-27 18:15:05,276595.0
2012-08-28 18:15:05,227808.0
2012-08-29 18:15:05,244092.0
2012-08-30 18:15:05,228492.0
2012-08-31 18:15:05,380184.0
2012-09-01 18:15:05,154330.0
2012-09-02 18:15:05,132180.0
2012-09-03 18:15:05,172793.0
2012-09-04 18:15:05,237416.0
2012-09-05 18:15:05,213133.0
2012-09-06 18:15:05,290474.0
2012-09-07 18:15:05,192472.0
2012-09-08 18:15:05,177497.0
2012-09-09 18:15:05,342560.0
2012-09-10 18:15:05,419036.0
2012-09-11 18:15:05,301434.0
2012-09-12 18:15:05,260429.0
2012-09-13 18:15:05,260320.0
2012-09-14 18:15:05,210766.0
2012-09-15 18:15:05,231822.0
2012-09-16 18:15:05,137402.0
2012-09-17 18:15:05,225830.0
2012-09-18 18:15:05,274038.0
2012-09-19 18:15:05,227881.0
2012-09-20 18:15:05,254127.0
2012-09-21 18:15:05,525866.0
2012-09-22 18:15:05,243920.0
2012-09-23 18:15:05,126180.0
2012-09-24 18:15:05,247282.0
2012-09-25 18:15:05,244493.0
2012-09-26 18:15:05,226978.0
2012-09-27 18:15:05,235519.0
2012-09-28 18:15:05,230156.0
2012-09-29 18:15:05,222573.0
2012-09-30 18:15:05,174828.0
2012-10-01 18:15:05,188157.0
2012-10-02 18:15:05,272016.0
2012-10-03 18:15:05,255435.0
2012-10-04 18:15:05,254160.0
2012-10-05 18:15:05,246700.0
2012-10-06 18:15:05,136053.0
2012-10-07 18:15:05,127320.0
2012-10-08 18:15:05,220547.0
2012-10-09 18:15:05,204875.0
2012-10-10 18:15:05,202675.0
2012-10-11 18:15:05,211861.0
2012-10-12 18:15:05,213519.0
2012-10-13 18:15:05,143981.0
2012-10-14 18:15:05,135676.0
2012-10-15 18:15:05,175310.0
2012-10-16 18:15:05,227635.0
2012-10-17 18:15:05,221982.0
2012-10-18 18:15:05,225076.0
2012-10-19 18:15:05,210598.0
2012-10-20 18:15:05,277982.0
2012-10-21 18:15:05,173376.0
2012-10-22 18:15:05,210153.0
2012-10-23 18:15:05,273353.0
2012-10-24 18:15:05,320031.0
2012-10-25 18:15:05,321377.0
2012-10-26 18:15:05,237576.0
2012-10-27 18:15:05,241165.0
2012-10-28 18:15:05,149397.0
2012-10-29 18:15:05,155312.0
2012-10-30 18:15:05,304336.0
2012-10-31 18:15:05,260353.0
2012-11-01 18:15:05,274305.0
2012-11-02 18:15:05,235312.0
2012-11-03 18:15:05,153402.0
2012-11-04 18:15:05,102985.0
2012-11-05 18:15:05,181095.0
2012-11-06 18:15:05,201167.0
2012-11-07 18:15:05,209076.0
2012-11-08 18:15:05,221365.0
2012-11-09 18:15:05,188746.0
2012-11-10 18:15:05,116385.0
2012-11-11 18:15:05,70782.0
2012-11-12 18:15:05,141148.0
2012-11-13 18:15:05,129324.0
2012-11-14 18:15:05,138495.0
2012-11-15 18:15:05,197617.0
2012-11-16 18:15:05,352938.0
2012-11-17 18:15:05,240583.0
2012-11-18 18:15:05,186303.0
2012-11-19 18:15:05,261421.0
2012-11-20 18:15:05,188677.0
2012-11-21 18:15:05,180768.0
2012-11-22 18:15:05,190136.0
2012-11-23 18:15:05,129408.0
2012-11-24 18:15:05,170373.0
2012-11-25 18:15:05,110521.0
2012-11-26 18:15:05,176997.0
2012-11-27 18:15:05,241122.0
2012-11-28 18:15:05,224703.0
2012-11-29 18:15:05,187947.0
2012-11-30 18:15:05,179561.0
2012-12-01 18:15:05,132459.0
2012-12-02 18:15:05,118130.0
2012-12-03 18:15:05,196437.0
2012-12-04 18:15:05,218093.0
2012-12-05 18:15:05,234931.0
2012-12-06 18:15:05,218968.0
2012-12-07 18:15:05,215837.0
2012-12-08 18:15:05,167651.0
2012-12-09 18:15:05,117807.0
2012-12-10 18:15:05,205376.0
2012-12-11 18:15:05,274581.0
2012-12-12 18:15:05,241683.0
2012-12-13 18:15:05,314720.0
2012-12-14 18:15:05,239227.0
2012-12-15 18:15:05,183553.0
2012-12-16 18:15:05,105974.0
2012-12-17 18:15:05,201625.0
2012-12-18 18:15:05,247528.0
2012-12-19 18:15:05,236506.0
2012-12-20 18:15:05,165379.0
2012-12-21 18:15:05,211096.0
2012-12-22 18:15:05,154215.0
2012-12-23 18:15:05,101679.0
2012-12-24 18:15:05,156111.0
2012-12-25 18:15:05,111224.0
2012-12-26 18:15:05,122188.0
2012-12-27 18:15:05,155968.0
2012-12-28 18:15:05,174286.0
2012-12-29 18:15:05,163629.0
2012-12-30 18:15:05,113736.0
2012-12-31 18:15:05,182154.0
2013-01-01 18:15:05,118194.0
2013-01-02 18:15:05,238889.0
2013-01-03 18:15:05,157983.0
2013-01-04 18:15:05,215147.0
2013-01-05 18:15:05,196090.0
2013-01-06 18:15:05,142274.0
2013-01-07 18:15:05,167068.0
2013-01-08 18:15:05,237429.0
2013-01-09 18:15:05,259742.0
2013-01-10 18:15:05,228363.0
2013-01-11 18:15:05,212329.0
2013-01-12 18:15:05,172922.0
2013-01-13 18:15:05,167326.0
2013-01-14 18:15:05,179174.0
2013-01-15 18:15:05,237189.0
2013-01-16 18:15:05,238408.0
2013-01-17 18:15:05,274678.0
2013-01-18 18:15:05,245541.0
2013-01-19 18:15:05,169201.0
2013-01-20 18:15:05,123270.0
2013-01-21 18:15:05,191391.0
2013-01-22 18:15:05,263059.0
2013-01-23 18:15:05,300130.0
2013-01-24 18:15:05,325164.0
2013-01-25 18:15:05,268574.0
2013-01-26 18:15:05,245015.0
2013-01-27 18:15:05,159276.0
2013-01-28 18:15:05,205434.0
2013-01-29 18:15:05,403578.0
2013-01-30 18:15:05,295506.0
2013-01-31 18:15:05,368121.0
2013-02-01 18:15:05,367159.0
2013-02-02 18:15:05,326140.0
2013-02-03 18:15:05,179662.0
2013-02-04 18:15:05,186740.0
2013-02-05 18:15:05,264011.0
2013-02-06 18:15:05,281897.0
2013-02-07 18:15:05,269461.0
2013-02-08 18:15:05,229395.0
2013-02-09 18:15:05,178199.0
2013-02-10 18:15:05,175248.0
2013-02-11 18:15:05,182960.0
2013-02-12 18:15:05,274007.0
2013-02-13 18:15:05,285150.0
2013-02-14 18:15:05,260521.0
2013-02-15 18:15:05,344516.0
2013-02-16 18:15:05,175741.0
2013-02-17 18:15:05,236938.0
2013-02-18 18:15:05,242323.0
2013-02-19 18:15:05,244979.0
2013-02-20 18:15:05,291624.0
2013-02-21 18:15:05,253357.0
2013-02-22 18:15:05,258377.0
2013-02-23 18:15:05,234715.0
2013-02-24 18:15:05,281189.0
2013-02-25 18:15:05,309020.0
2013-02-26 18:15:05,272969.0
2013-02-27 18:15:05,221616.0
2013-02-28 18:15:05,299573.0
2013-03-01 18:15:05,316865.0
2013-03-02 18:15:05,254579.0
2013-03-03 18:15:05,114781.0
2013-03-04 18:15:05,193640.0
2013-03-05 18:15:05,289133.0
2013-03-06 18:15:05,347389.0
2013-03-07 18:15:05,335040.0
2013-03-08 18:15:05,237962.0
2013-03-09 18:15:05,163029.0
2013-03-10 18:15:05,150124.0
2013-03-11 18:15:05,190220.0
2013-03-12 18:15:05,239629.0
2013-03-13 18:15:05,275858.0
2013-03-14 18:15:05,237725.0
2013-03-15 18:15:05,226189.0
2013-03-16 18:15:05,160165.0
2013-03-17 18:15:05,132482.0
2013-03-18 18:15:05,196407.0
2013-03-19 18:15:05,325117.0
2013-03-20 18:15:05,291100.0
2013-03-21 18:15:05,278804.0
2013-03-22 18:15:05,304911.0
2013-03-23 18:15:05,240709.0
2013-03-24 18:15:05,181831.0
2013-03-25 18:15:05,280497.0
2013-03-26 18:15:05,266719.0
2013-03-27 18:15:05,255956.0
2013-03-28 18:15:05,295984.0
2013-03-29 18:15:05,308499.0
2013-03-30 18:15:05,247271.0
2013-03-31 18:15:05,134108.0
2013-04-01 18:15:05,184953.0
2013-04-02 18:15:05,405803.0
2013-04-03 18:15:05,387082.0
2013-04-04 18:15:05,368186.0
2013-04-05 18:15:05,243990.0
2013-04-06 18:15:05,190633.0
2013-04-07 18:15:05,165906.0
2013-04-08 18:15:05,289594.0
2013-04-09 18:15:05,342545.0
2013-04-10 18:15:05,550847.0
2013-04-11 18:15:05,668930.0
2013-04-12 18:15:05,488571.0
2013-04-13 18:15:05,291710.0
2013-04-14 18:15:05,184978.0
2013-04-15 18:15:05,227885.0
2013-04-16 18:15:05,551347.0
2013-04-17 18:15:05,319318.0
2013-04-18 18:15:05,263182.0
2013-04-19 18:15:05,274850.0
2013-04-20 18:15:05,172944.0
2013-04-21 18:15:05,152250.0
2013-04-22 18:15:05,155334.0
2013-04-23 18:15:05,178286.0
2013-04-24 18:15:05,250438.0
2013-04-25 18:15:05,258175.0
2013-04-26 18:15:05,252533.0
2013-04-27 18:15:05,221082.0
2013-04-28 18:15:05,166226.0
2013-04-29 18:15:05,291162.0
2013-04-30 18:15:05,232155.0
2013-05-01 18:15:05,265397.0
2013-05-02 18:15:05,314467.0
2013-05-03 18:15:05,372936.0
2013-05-04 18:15:05,170898.0
2013-05-05 18:15:05,187214.0
2013-05-06 18:15:05,270750.0
2013-05-07 18:15:05,455952.0
2013-05-08 18:15:05,326095.0
2013-05-09 18:15:05,168235.0
2013-05-10 18:15:05,199167.0
2013-05-11 18:15:05,208585.0
2013-05-12 18:15:05,213420.0
2013-05-13 18:15:05,263571.0
2013-05-14 18:15:05,198946.0
2013-05-15 18:15:05,287540.0
2013-05-16 18:15:05,215241.0
2013-05-17 18:15:05,179148.0
2013-05-18 18:15:05,215396.0
2013-05-19 18:15:05,115292.0
2013-05-20 18:15:05,120053.0
2013-05-21 18:15:05,148971.0
2013-05-22 18:15:05,138220.0
2013-05-23 18:15:05,137576.0
2013-05-24 18:15:05,139597.0
2013-05-25 18:15:05,243637.0
2013-05-26 18:15:05,69529.0
2013-05-27 18:15:05,90814.0
2013-05-28 18:15:05,170467.0
2013-05-29 18:15:05,151157.0
2013-05-30 18:15:05,152657.0
2013-05-31 18:15:05,169807.0
2013-06-01 18:15:05,95939.0
2013-06-02 18:15:05,113863.0
2013-06-03 18:15:05,180238.0
2013-06-04 18:15:05,219563.0
2013-06-05 18:15:05,168716.0
2013-06-06 18:15:05,160891.0
2013-06-07 18:15:05,236004.0
2013-06-08 18:15:05,139006.0
2013-06-09 18:15:05,230003.0
2013-06-10 18:15:05,160360.0
2013-06-11 18:15:05,144557.0
2013-06-12 18:15:05,174425.0
2013-06-13 18:15:05,133983.0
2013-06-14 18:15:05,192239.0
2013-06-15 18:15:05,140122.0
2013-06-16 18:15:05,103445.0
2013-06-17 18:15:05,119282.0
2013-06-18 18:15:05,145327.0
2013-06-19 18:15:05,139177.0
2013-06-20 18:15:05,148692.0
2013-06-21 18:15:05,183150.0
2013-06-22 18:15:05,106742.0
2013-06-23 18:15:05,103164.0
2013-06-24 18:15:05,156809.0
2013-06-25 18:15:05,145328.0
2013-06-26 18:15:05,157625.0
2013-06-27 18:15:05,139122.0
2013-06-28 18:15:05,170203.0
2013-06-29 18:15:05,135258.0
2013-06-30 18:15:05,104101.0
2013-07-01 18:15:05,213572.0
2013-07-02 18:15:05,259765.0
2013-07-03 18:15:05,265226.0
2013-07-04 18:15:05,325848.0
2013-07-05 18:15:05,341564.0
2013-07-06 18:15:05,251121.0
2013-07-07 18:15:05,168843.0
2013-07-08 18:15:05,189543.0
2013-07-09 18:15:05,317919.0
2013-07-10 18:15:05,324529.0
2013-07-11 18:15:05,204001.0
2013-07-12 18:15:05,329323.0
2013-07-13 18:15:05,286972.0
2013-07-14 18:15:05,170728.0
2013-07-15 18:15:05,150769.0
2013-07-16 18:15:05,224314.0
2013-07-17 18:15:05,365413.0
2013-07-18 18:15:05,330487.0
2013-07-19 18:15:05,284835.0
2013-07-20 18:15:05,134513.0
2013-07-21 18:15:05,129945.0
2013-07-22 18:15:05,225427.0
2013-07-23 18:15:05,308763.0
2013-07-24 18:15:05,236063.0
2013-07-25 18:15:05,182581.0
2013-07-26 18:15:05,203643.0
2013-07-27 18:15:05,145742.0
2013-07-28 18:15:05,103149.0
2013-07-29 18:15:05,179861.0
2013-07-30 18:15:05,171115.0
2013-07-31 18:15:05,266412.0
2013-08-01 18:15:05,238051.0
2013-08-02 18:15:05,163294.0
2013-08-03 18:15:05,210492.0
2013-08-04 18:15:05,93830.0
2013-08-05 18:15:05,155819.0
2013-08-06 18:15:05,162196.0
2013-08-07 18:15:05,147510.0
2013-08-08 18:15:05,148904.0
2013-08-09 18:15:05,137914.0
2013-08-10 18:15:05,111037.0
2013-08-11 18:15:05,117769.0
2013-08-12 18:15:05,221673.0
2013-08-13 18:15:05,259010.0
2013-08-14 18:15:05,188717.0
2013-08-15 18:15:05,190244.0
2013-08-16 18:15:05,160380.0
2013-08-17 18:15:05,110867.0
2013-08-18 18:15:05,99527.0
2013-08-19 18:15:05,181610.0
2013-08-20 18:15:05,208189.0
2013-08-21 18:15:05,195696.0
2013-08-22 18:15:05,174912.0
2013-08-23 18:15:05,171005.0
2013-08-24 18:15:05,113599.0
2013-08-25 18:15:05,107052.0
2013-08-26 18:15:05,140954.0
2013-08-27 18:15:05,193919.0
2013-08-28 18:15:05,197898.0
2013-08-29 18:15:05,224747.0
2013-08-30 18:15:05,159447.0
2013-08-31 18:15:05,162165.0
2013-09-01 18:15:05,147474.0
2013-09-02 18:15:05,138283.0
2013-09-03 18:15:05,161440.0
2013-09-04 18:15:05,194948.0
2013-09-05 18:15:05,204832.0
2013-09-06 18:15:05,131448.0
2013-09-07 18:15:05,114950.0
2013-09-08 18:15:05,80795.0
2013-09-09 18:15:05,126248.0
2013-09-10 18:15:05,149332.0
2013-09-11 18:15:05,140855.0
2013-09-12 18:15:05,148555.0
2013-09-13 18:15:05,136310.0
2013-09-14 18:15:05,107619.0
2013-09-15 18:15:05,78935.0
2013-09-16 18:15:05,125440.0
2013-09-17 18:15:05,137920.0
2013-09-18 18:15:05,161163.0
2013-09-19 18:15:05,219847.0
2013-09-20 18:15:05,149572.0
2013-09-21 18:15:05,110774.0
2013-09-22 18:15:05,118843.0
2013-09-23 18:15:05,161317.0
2013-09-24 18:15:05,215108.0
2013-09-25 18:15:05,179548.0
2013-09-26 18:15:05,160740.0
2013-09-27 18:15:05,163774.0
2013-09-28 18:15:05,135783.0
2013-09-29 18:15:05,145305.0
2013-09-30 18:15:05,141959.0
2013-10-01 18:15:05,223311.0
2013-10-02 18:15:05,289498.0
2013-10-03 18:15:05,336325.0
2013-10-04 18:15:05,155171.0
2013-10-05 18:15:05,98794.0
2013-10-06 18:15:05,94625.0
2013-10-07 18:15:05,179184.0
2013-10-08 18:15:05,132836.0
2013-10-09 18:15:05,179252.0
2013-10-10 18:15:05,158088.0
2013-10-11 18:15:05,157854.0
2013-10-12 18:15:05,133286.0
2013-10-13 18:15:05,101457.0
2013-10-14 18:15:05,174393.0
2013-10-15 18:15:05,180843.0
2013-10-16 18:15:05,206391.0
2013-10-17 18:15:05,178651.0
2013-10-18 18:15:05,155194.0
2013-10-19 18:15:05,197109.0
2013-10-20 18:15:05,122340.0
2013-10-21 18:15:05,174957.0
2013-10-22 18:15:05,342377.0
2013-10-23 18:15:05,242239.0
2013-10-24 18:15:05,250788.0
2013-10-25 18:15:05,342303.0
2013-10-26 18:15:05,202792.0
2013-10-27 18:15:05,107717.0
2013-10-28 18:15:05,117402.0
2013-10-29 18:15:05,279413.0
2013-10-30 18:15:05,166703.0
2013-10-31 18:15:05,148878.0
2013-11-01 18:15:05,150491.0
2013-11-02 18:15:05,123969.0
2013-11-03 18:15:05,110666.0
2013-11-04 18:15:05,196469.0
2013-11-05 18:15:05,354723.0
2013-11-06 18:15:05,256762.0
2013-11-07 18:15:05,286822.0
2013-11-08 18:15:05,324225.0
2013-11-09 18:15:05,292969.0
2013-11-10 18:15:05,225470.0
2013-11-11 18:15:05,178429.0
2013-11-12 18:15:05,227517.0
2013-11-13 18:15:05,222266.0
2013-11-14 18:15:05,278926.0
2013-11-15 18:15:05,228542.0
2013-11-16 18:15:05,222961.0
2013-11-17 18:15:05,171805.0
2013-11-18 18:15:05,314075.0
2013-11-19 18:15:05,422813.0
2013-11-20 18:15:05,319297.0
2013-11-21 18:15:05,286131.0
2013-11-22 18:15:05,656581.0
2013-11-23 18:15:05,194482.0
2013-11-24 18:15:05,226601.0
2013-11-25 18:15:05,172074.0
2013-11-26 18:15:05,284191.0
2013-11-27 18:15:05,330571.0
2013-11-28 18:15:05,340920.0
2013-11-29 18:15:05,354606.0
2013-11-30 18:15:05,231971.0
2013-12-01 18:15:05,187688.0
2013-12-02 18:15:05,211339.0
2013-12-03 18:15:05,167336.0
2013-12-04 18:15:05,171004.0
2013-12-05 18:15:05,257229.0
2013-12-06 18:15:05,310970.0
2013-12-07 18:15:05,295484.0
2013-12-08 18:15:05,191848.0
2013-12-09 18:15:05,134360.0
2013-12-10 18:15:05,171943.0
2013-12-11 18:15:05,241263.0
2013-12-12 18:15:05,109029.0
2013-12-13 18:15:05,114589.0
2013-12-14 18:15:05,114780.0
2013-12-15 18:15:05,111668.0
2013-12-16 18:15:05,168729.0
2013-12-17 18:15:05,250861.0
2013-12-18 18:15:05,342950.0
2013-12-19 18:15:05,241541.0
2013-12-20 18:15:05,200951.0
2013-12-21 18:15:05,303670.0
2013-12-22 18:15:05,154155.0
2013-12-23 18:15:05,133032.0
2013-12-24 18:15:05,128526.0
2013-12-25 18:15:05,291199.0
2013-12-26 18:15:05,91341.0
2013-12-27 18:15:05,115259.0
2013-12-28 18:15:05,83322.0
2013-12-29 18:15:05,62226.0
2013-12-30 18:15:05,120346.0
2013-12-31 18:15:05,95981.0
2014-01-01 18:15:05,75623.0
2014-01-02 18:15:05,98662.0
2014-01-03 18:15:05,185987.0
2014-01-04 18:15:05,139408.0
2014-01-05 18:15:05,149306.0
2014-01-06 18:15:05,173887.0
2014-01-07 18:15:05,116437.0
2014-01-08 18:15:05,137896.0
2014-01-09 18:15:05,80418.0
2014-01-10 18:15:05,78289.0
2014-01-11 18:15:05,96570.0
2014-01-12 18:15:05,78302.0
2014-01-13 18:15:05,90764.0
2014-01-14 18:15:05,101284.0
2014-01-15 18:15:05,130720.0
2014-01-16 18:15:05,100075.0
2014-01-17 18:15:05,87372.0
2014-01-18 18:15:05,57769.0
2014-01-19 18:15:05,60637.0
2014-01-20 18:15:05,91239.0
2014-01-21 18:15:05,137918.0
2014-01-22 18:15:05,84782.0
2014-01-23 18:15:05,90158.0
2014-01-24 18:15:05,130889.0
2014-01-25 18:15:05,79323.0
2014-01-26 18:15:05,64447.0
2014-01-27 18:15:05,115128.0
2014-01-28 18:15:05,136676.0
2014-01-29 18:15:05,68971.0
2014-01-30 18:15:05,91647.0
2014-01-31 18:15:05,65104.0
2014-02-01 18:15:05,70982.0
2014-02-02 18:15:05,57119.0
2014-02-03 18:15:05,58470.0
2014-02-04 18:15:05,104042.0
2014-02-05 18:15:05,139559.0
2014-02-06 18:15:05,211531.0
2014-02-07 18:15:05,149230.0
2014-02-08 18:15:05,74123.0
2014-02-09 18:15:05,84848.0
2014-02-10 18:15:05,120714.0
2014-02-11 18:15:05,137573.0
2014-02-12 18:15:05,100662.0
2014-02-13 18:15:05,80853.0
2014-02-14 18:15:05,143739.0
2014-02-15 18:15:05,73784.0
2014-02-16 18:15:05,98731.0
2014-02-17 18:15:05,100585.0
2014-02-18 18:15:05,117629.0
2014-02-19 18:15:05,86020.0
2014-02-20 18:15:05,98806.0
2014-02-21 18:15:05,110627.0
2014-02-22 18:15:05,81003.0
2014-02-23 18:15:05,80628.0
2014-02-24 18:15:05,166367.0
2014-02-25 18:15:05,265781.0
2014-02-26 18:15:05,133335.0
2014-02-27 18:15:05,148639.0
2014-02-28 18:15:05,124315.0
2014-03-01 18:15:05,85940.0
2014-03-02 18:15:05,70872.0
2014-03-03 18:15:05,134999.0
2014-03-04 18:15:05,192716.0
2014-03-05 18:15:05,127054.0
2014-03-06 18:15:05,123182.0
2014-03-07 18:15:05,931548.0
2014-03-08 18:15:05,464854.0
2014-03-09 18:15:05,153089.0
2014-03-10 18:15:05,539181.0
2014-03-11 18:15:05,335694.0
2014-03-12 18:15:05,298993.0
2014-03-13 18:15:05,361804.0
2014-03-14 18:15:05,221202.0
2014-03-15 18:15:05,186022.0
2014-03-16 18:15:05,58714.0
2014-03-17 18:15:05,76397.0
2014-03-18 18:15:05,88422.0
2014-03-19 18:15:05,120090.0
2014-03-20 18:15:05,138891.0
2014-03-21 18:15:05,100239.0
2014-03-22 18:15:05,74819.0
2014-03-23 18:15:05,39199.0
2014-03-24 18:15:05,80468.0
2014-03-25 18:15:05,89421.0
2014-03-26 18:15:05,80189.0
2014-03-27 18:15:05,160735.0
2014-03-28 18:15:05,170629.0
2014-03-29 18:15:05,73750.0
2014-03-30 18:15:05,96345.0
2014-03-31 18:15:05,121990.0
2014-04-01 18:15:05,123138.0
2014-04-02 18:15:05,119980.0
2014-04-03 18:15:05,151898.0
2014-04-04 18:15:05,130438.0
2014-04-05 18:15:05,116985.0
2014-04-06 18:15:05,74717.0
2014-04-07 18:15:05,82134.0
2014-04-08 18:15:05,107819.0
2014-04-09 18:15:05,88481.0
2014-04-10 18:15:05,223282.0
2014-04-11 18:15:05,202939.0
2014-04-12 18:15:05,67790.0
2014-04-13 18:15:05,51603.0
2014-04-14 18:15:05,102841.0
2014-04-15 18:15:05,123184.0
2014-04-16 18:15:05,168467.0
2014-04-17 18:15:05,133415.0
2014-04-18 18:15:05,73575.0
2014-04-19 18:15:05,56344.0
2014-04-20 18:15:05,46942.0
2014-04-21 18:15:05,137488.0
2014-04-22 18:15:05,83726.0
2014-04-23 18:15:05,118704.0
2014-04-24 18:15:05,75497.0
2014-04-25 18:15:05,124699.0
2014-04-26 18:15:05,79202.0
2014-04-27 18:15:05,61661.0
2014-04-28 18:15:05,104575.0
2014-04-29 18:15:05,96387.0
2014-04-30 18:15:05,98226.0
2014-05-01 18:15:05,75492.0
2014-05-02 18:15:05,68872.0
2014-05-03 18:15:05,71025.0
2014-05-04 18:15:05,51731.0
2014-05-05 18:15:05,63124.0
2014-05-06 18:15:05,73762.0
2014-05-07 18:15:05,107866.0
2014-05-08 18:15:05,80784.0
2014-05-09 18:15:05,80315.0
2014-05-10 18:15:05,57674.0
2014-05-11 18:15:05,48972.0
2014-05-12 18:15:05,68430.0
2014-05-13 18:15:05,83942.0
2014-05-14 18:15:05,108047.0
2014-05-15 18:15:05,102236.0
2014-05-16 18:15:05,76781.0
2014-05-17 18:15:05,44004.0
2014-05-18 18:15:05,49953.0
2014-05-19 18:15:05,70443.0
2014-05-20 18:15:05,123478.0
2014-05-21 18:15:05,106597.0
2014-05-22 18:15:05,105031.0
2014-05-23 18:15:05,123218.0
2014-05-24 18:15:05,343643.0
2014-05-25 18:15:05,109973.0
2014-05-26 18:15:05,112124.0
2014-05-27 18:15:05,116143.0
2014-05-28 18:15:05,142571.0
2014-05-29 18:15:05,79932.0
2014-05-30 18:15:05,106677.0
2014-05-31 18:15:05,88724.0
2014-06-01 18:15:05,97445.0
2014-06-02 18:15:05,87513.0
2014-06-03 18:15:05,124768.0
2014-06-04 18:15:05,102635.0
2014-06-05 18:15:05,96736.0
2014-06-06 18:15:05,102011.0
2014-06-07 18:15:05,61227.0
2014-06-08 18:15:05,46036.0
2014-06-09 18:15:05,53422.0
2014-06-10 18:15:05,172653.0
2014-06-11 18:15:05,147050.0
2014-06-12 18:15:05,146414.0
2014-06-13 18:15:05,303283.0
2014-06-14 18:15:05,69826.0
2014-06-15 18:15:05,56701.0
2014-06-16 18:15:05,83548.0
2014-06-17 18:15:05,70636.0
2014-06-18 18:15:05,84951.0
2014-06-19 18:15:05,79551.0
2014-06-20 18:15:05,69300.0
2014-06-21 18:15:05,57721.0
2014-06-22 18:15:05,49948.0
2014-06-23 18:15:05,82116.0
2014-06-24 18:15:05,222986.0
2014-06-25 18:15:05,105601.0
2014-06-26 18:15:05,112624.0
2014-06-27 18:15:05,68777.0
2014-06-28 18:15:05,64313.0
2014-06-29 18:15:05,48428.0
2014-06-30 18:15:05,86128.0
2014-07-01 18:15:05,137371.0
2014-07-02 18:15:05,107612.0
2014-07-03 18:15:05,87309.0
2014-07-04 18:15:05,82713.0
2014-07-05 18:15:05,47631.0
2014-07-06 18:15:05,44509.0
2014-07-07 18:15:05,62176.0
2014-07-08 18:15:05,92941.0
2014-07-09 18:15:05,89343.0
2014-07-10 18:15:05,74534.0
2014-07-11 18:15:05,72223.0
2014-07-12 18:15:05,53650.0
2014-07-13 18:15:05,60381.0
2014-07-14 18:15:05,63863.0
2014-07-15 18:15:05,67184.0
2014-07-16 18:15:05,107334.0
2014-07-17 18:15:05,71397.0
2014-07-18 18:15:05,80489.0
2014-07-19 18:15:05,73964.0
2014-07-20 18:15:05,42215.0
2014-07-21 18:15:05,81228.0
2014-07-22 18:15:05,106760.0
2014-07-23 18:15:05,73827.0
2014-07-24 18:15:05,104673.0
2014-07-25 18:15:05,78742.0
2014-07-26 18:15:05,50159.0
2014-07-27 18:15:05,52915.0
2014-07-28 18:15:05,76679.0
2014-07-29 18:15:05,76524.0
2014-07-30 18:15:05,76568.0
2014-07-31 18:15:05,84153.0
2014-08-01 18:15:05,166173.0
2014-08-02 18:15:05,73232.0
2014-08-03 18:15:05,49181.0
2014-08-04 18:15:05,104633.0
2014-08-05 18:15:05,136298.0
2014-08-06 18:15:05,116845.0
2014-08-07 18:15:05,100723.0
2014-08-08 18:15:05,77090.0
2014-08-09 18:15:05,92209.0
2014-08-10 18:15:05,55549.0
2014-08-11 18:15:05,74547.0
2014-08-12 18:15:05,107325.0
2014-08-13 18:15:05,124229.0
2014-08-14 18:15:05,137780.0
2014-08-15 18:15:05,137490.0
2014-08-16 18:15:05,108641.0
2014-08-17 18:15:05,82438.0
2014-08-18 18:15:05,158259.0
2014-08-19 18:15:05,120733.0
2014-08-20 18:15:05,102376.0
2014-08-21 18:15:05,112719.0
2014-08-22 18:15:05,146538.0
2014-08-23 18:15:05,71634.0
2014-08-24 18:15:05,59015.0
2014-08-25 18:15:05,111965.0
2014-08-26 18:15:05,95228.0
2014-08-27 18:15:05,115599.0
2014-08-28 18:15:05,129559.0
2014-08-29 18:15:05,73295.0
2014-08-30 18:15:05,129923.0
2014-08-31 18:15:05,69007.0
2014-09-01 18:15:05,87301.0
2014-09-02 18:15:05,118291.0
2014-09-03 18:15:05,98304.0
2014-09-04 18:15:05,88537.0
2014-09-05 18:15:05,90037.0
2014-09-06 18:15:05,96949.0
2014-09-07 18:15:05,63545.0
2014-09-08 18:15:05,106118.0
2014-09-09 18:15:05,111317.0
2014-09-10 18:15:05,123307.0
2014-09-11 18:15:05,102429.0
2014-09-12 18:15:05,95206.0
2014-09-13 18:15:05,69354.0
2014-09-14 18:15:05,69409.0
2014-09-15 18:15:05,99823.0
2014-09-16 18:15:05,93845.0
2014-09-17 18:15:05,113791.0
2014-09-18 18:15:05,150250.0
2014-09-19 18:15:05,194315.0
2014-09-20 18:15:05,142835.0
2014-09-21 18:15:05,121411.0
2014-09-22 18:15:05,85247.0
2014-09-23 18:15:05,104349.0
2014-09-24 18:15:05,131058.0
2014-09-25 18:15:05,110876.0
2014-09-26 18:15:05,116421.0
2014-09-27 18:15:05,86098.0
2014-09-28 18:15:05,92933.0
2014-09-29 18:15:05,162977.0
2014-09-30 18:15:05,135133.0
2014-10-01 18:15:05,146888.0
2014-10-02 18:15:05,118810.0
2014-10-03 18:15:05,123942.0
2014-10-04 18:15:05,177720.0
2014-10-05 18:15:05,225866.0
2014-10-06 18:15:05,250615.0
2014-10-07 18:15:05,158394.0
2014-10-08 18:15:05,183317.0
2014-10-09 18:15:05,223466.0
2014-10-10 18:15:05,184559.0
2014-10-11 18:15:05,172883.0
2014-10-12 18:15:05,102215.0
2014-10-13 18:15:05,162028.0
2014-10-14 18:15:05,208459.0
2014-10-15 18:15:05,152609.0
2014-10-16 18:15:05,129477.0
2014-10-17 18:15:05,142251.0
2014-10-18 18:15:05,111737.0
2014-10-19 18:15:05,83629.0
2014-10-20 18:15:05,122273.0
2014-10-21 18:15:05,105175.0
2014-10-22 18:15:05,191858.0
2014-10-23 18:15:05,138339.0
2014-10-24 18:15:05,160355.0
2014-10-25 18:15:05,125611.0
2014-10-26 18:15:05,91191.0
2014-10-27 18:15:05,118423.0
2014-10-28 18:15:05,116684.0
2014-10-29 18:15:05,141379.0
2014-10-30 18:15:05,138348.0
2014-10-31 18:15:05,140401.0
2014-11-01 18:15:05,112295.0
2014-11-02 18:15:05,93693.0
2014-11-03 18:15:05,126165.0
2014-11-04 18:15:05,146020.0
2014-11-05 18:15:05,228125.0
2014-11-06 18:15:05,147891.0
2014-11-07 18:15:05,181003.0
2014-11-08 18:15:05,100556.0
2014-11-09 18:15:05,100598.0
2014-11-10 18:15:05,167158.0
2014-11-11 18:15:05,154662.0
2014-11-12 18:15:05,210237.0
2014-11-13 18:15:05,297937.0
2014-11-14 18:15:05,307229.0
2014-11-15 18:15:05,164849.0
2014-11-16 18:15:05,123129.0
2014-11-17 18:15:05,176770.0
2014-11-18 18:15:05,230771.0
2014-11-19 18:15:05,143192.0
2014-11-20 18:15:05,169104.0
2014-11-21 18:15:05,161082.0
2014-11-22 18:15:05,116222.0
2014-11-23 18:15:05,84124.0
2014-11-24 18:15:05,131142.0
2014-11-25 18:15:05,203574.0
2014-11-26 18:15:05,169507.0
2014-11-27 18:15:05,130229.0
2014-11-28 18:15:05,406621.0
2014-11-29 18:15:05,197488.0
2014-11-30 18:15:05,104185.0
2014-12-01 18:15:05,158902.0
2014-12-02 18:15:05,375957.0
2014-12-03 18:15:05,208752.0
2014-12-04 18:15:05,191625.0
2014-12-05 18:15:05,266232.0
2014-12-06 18:15:05,198404.0
2014-12-07 18:15:05,109895.0
2014-12-08 18:15:05,186220.0
2014-12-09 18:15:05,322835.0
2014-12-10 18:15:05,175052.0
2014-12-11 18:15:05,179864.0
2014-12-12 18:15:05,137975.0
2014-12-13 18:15:05,139430.0
2014-12-14 18:15:05,81157.0
2014-12-15 18:15:05,141464.0
2014-12-16 18:15:05,186868.0
2014-12-17 18:15:05,222483.0
2014-12-18 18:15:05,270199.0
2014-12-19 18:15:05,188186.0
2014-12-20 18:15:05,149712.0
2014-12-21 18:15:05,110282.0
2014-12-22 18:15:05,187863.0
2014-12-23 18:15:05,190434.0
2014-12-24 18:15:05,215851.0
2014-12-25 18:15:05,117064.0
2014-12-26 18:15:05,95988.0
2014-12-27 18:15:05,135816.0
2014-12-28 18:15:05,95383.0
2014-12-29 18:15:05,131995.0
2014-12-30 18:15:05,160419.0
2014-12-31 18:15:05,169054.0
2015-01-01 18:15:05,79280.0
2015-01-02 18:15:05,89563.0
2015-01-03 18:15:05,180541.0
2015-01-04 18:15:05,303038.0
2015-01-05 18:15:05,226278.0
2015-01-06 18:15:05,204019.0
2015-01-07 18:15:05,256344.0
2015-01-08 18:15:05,186115.0
2015-01-09 18:15:05,282056.0
2015-01-10 18:15:05,248535.0
2015-01-11 18:15:05,146039.0
2015-01-12 18:15:05,189623.0
2015-01-13 18:15:05,338820.0
2015-01-14 18:15:05,449467.0
2015-01-15 18:15:05,364696.0
2015-01-16 18:15:05,272897.0
2015-01-17 18:15:05,190046.0
2015-01-18 18:15:05,152268.0
2015-01-19 18:15:05,153098.0
2015-01-20 18:15:05,185416.0
2015-01-21 18:15:05,414214.0
2015-01-22 18:15:05,258905.0
2015-01-23 18:15:05,187786.0
2015-01-24 18:15:05,194786.0
2015-01-25 18:15:05,141759.0
2015-01-26 18:15:05,355411.0
2015-01-27 18:15:05,244198.0
2015-01-28 18:15:05,168017.0
2015-01-29 18:15:05,234709.0
2015-01-30 18:15:05,192885.0
2015-01-31 18:15:05,160196.0
2015-02-01 18:15:05,161503.0
2015-02-02 18:15:05,151821.0
2015-02-03 18:15:05,213538.0
2015-02-04 18:15:05,199849.0
2015-02-05 18:15:05,207174.0
2015-02-06 18:15:05,193207.0
2015-02-07 18:15:05,163982.0
2015-02-08 18:15:05,150118.0
2015-02-09 18:15:05,179857.0
2015-02-10 18:15:05,199469.0
2015-02-11 18:15:05,194895.0
2015-02-12 18:15:05,151161.0
2015-02-13 18:15:05,236945.0
2015-02-14 18:15:05,185324.0
2015-02-15 18:15:05,168554.0
2015-02-16 18:15:05,174308.0
2015-02-17 18:15:05,151297.0
2015-02-18 18:15:05,175336.0
2015-02-19 18:15:05,177651.0
2015-02-20 18:15:05,157591.0
2015-02-21 18:15:05,157725.0
2015-02-22 18:15:05,106163.0
2015-02-23 18:15:05,136609.0
2015-02-24 18:15:05,159426.0
2015-02-25 18:15:05,180120.0
2015-02-26 18:15:05,153033.0
2015-02-27 18:15:05,219422.0
2015-02-28 18:15:05,126307.0
2015-03-01 18:15:05,110497.0
2015-03-02 18:15:05,193317.0
2015-03-03 18:15:05,236688.0
2015-03-04 18:15:05,237573.0
2015-03-05 18:15:05,211870.0
2015-03-06 18:15:05,216770.0
2015-03-07 18:15:05,204008.0
2015-03-08 18:15:05,350390.0
2015-03-09 18:15:05,167043.0
2015-03-10 18:15:05,297083.0
2015-03-11 18:15:05,245124.0
2015-03-12 18:15:05,203267.0
2015-03-13 18:15:05,191896.0
2015-03-14 18:15:05,150728.0
2015-03-15 18:15:05,88434.0
2015-03-16 18:15:05,128540.0
2015-03-17 18:15:05,165657.0
2015-03-18 18:15:05,226782.0
2015-03-19 18:15:05,231736.0
2015-03-20 18:15:05,180944.0
2015-03-21 18:15:05,136085.0
2015-03-22 18:15:05,96073.0
2015-03-23 18:15:05,175471.0
2015-03-24 18:15:05,219823.0
2015-03-25 18:15:05,225910.0
2015-03-26 18:15:05,188637.0
2015-03-27 18:15:05,227414.0
2015-03-28 18:15:05,134157.0
2015-03-29 18:15:05,127439.0
2015-03-30 18:15:05,172399.0
2015-03-31 18:15:05,174210.0
2015-04-01 18:15:05,179274.0
2015-04-02 18:15:05,212109.0
2015-04-03 18:15:05,157884.0
2015-04-04 18:15:05,112224.0
2015-04-05 18:15:05,85808.0
2015-04-06 18:15:05,111204.0
2015-04-07 18:15:05,198958.0
2015-04-08 18:15:05,208799.0
2015-04-09 18:15:05,207863.0
2015-04-10 18:15:05,176503.0
2015-04-11 18:15:05,182352.0
2015-04-12 18:15:05,113515.0
2015-04-13 18:15:05,159519.0
2015-04-14 18:15:05,260797.0
2015-04-15 18:15:05,191451.0
2015-04-16 18:15:05,179967.0
2015-04-17 18:15:05,182134.0
2015-04-18 18:15:05,165284.0
2015-04-19 18:15:05,113757.0
2015-04-20 18:15:05,184164.0
2015-04-21 18:15:05,173284.0
2015-04-22 18:15:05,208669.0
2015-04-23 18:15:05,170771.0
2015-04-24 18:15:05,183886.0
2015-04-25 18:15:05,143563.0
2015-04-26 18:15:05,162355.0
2015-04-27 18:15:05,227171.0
2015-04-28 18:15:05,218353.0
2015-04-29 18:15:05,187040.0
2015-04-30 18:15:05,196388.0
2015-05-01 18:15:05,185548.0
2015-05-02 18:15:05,138144.0
2015-05-03 18:15:05,144890.0
2015-05-04 18:15:05,162530.0
2015-05-05 18:15:05,169224.0
2015-05-06 18:15:05,182769.0
2015-05-07 18:15:05,202393.0
2015-05-08 18:15:05,196211.0
2015-05-09 18:15:05,160352.0
2015-05-10 18:15:05,120762.0
2015-05-11 18:15:05,176602.0
2015-05-12 18:15:05,206427.0
2015-05-13 18:15:05,189880.0
2015-05-14 18:15:05,186504.0
2015-05-15 18:15:05,181310.0
2015-05-16 18:15:05,116394.0
2015-05-17 18:15:05,104689.0
2015-05-18 18:15:05,156159.0
2015-05-19 18:15:05,205369.0
2015-05-20 18:15:05,191310.0
2015-05-21 18:15:05,179991.0
2015-05-22 18:15:05,220389.0
2015-05-23 18:15:05,190033.0
2015-05-24 18:15:05,105443.0
2015-05-25 18:15:05,154114.0
2015-05-26 18:15:05,173736.0
2015-05-27 18:15:05,205260.0
2015-05-28 18:15:05,192633.0
2015-05-29 18:15:05,214634.0
2015-05-30 18:15:05,183472.0
2015-05-31 18:15:05,151507.0
2015-06-01 18:15:05,243081.0
2015-06-02 18:15:05,260569.0
2015-06-03 18:15:05,226890.0
2015-06-04 18:15:05,207085.0
2015-06-05 18:15:05,228001.0
2015-06-06 18:15:05,164006.0
2015-06-07 18:15:05,150020.0
2015-06-08 18:15:05,205544.0
2015-06-09 18:15:05,230394.0
2015-06-10 18:15:05,226873.0
2015-06-11 18:15:05,248971.0
2015-06-12 18:15:05,217735.0
2015-06-13 18:15:05,179169.0
2015-06-14 18:15:05,175007.0
2015-06-15 18:15:05,204834.0
2015-06-16 18:15:05,336390.0
2015-06-17 18:15:05,348782.0
2015-06-18 18:15:05,302041.0
2015-06-19 18:15:05,422526.0
2015-06-20 18:15:05,222078.0
2015-06-21 18:15:05,124644.0
2015-06-22 18:15:05,181132.0
2015-06-23 18:15:05,223786.0
2015-06-24 18:15:05,209771.0
2015-06-25 18:15:05,198842.0
2015-06-26 18:15:05,238961.0
2015-06-27 18:15:05,176240.0
2015-06-28 18:15:05,144758.0
2015-06-29 18:15:05,228764.0
2015-06-30 18:15:05,324844.0
2015-07-01 18:15:05,239136.0
2015-07-02 18:15:05,255701.0
2015-07-03 18:15:05,243723.0
2015-07-04 18:15:05,169951.0
2015-07-05 18:15:05,219976.0
2015-07-06 18:15:05,347366.0
2015-07-07 18:15:05,317056.0
2015-07-08 18:15:05,256731.0
2015-07-09 18:15:05,241286.0
2015-07-10 18:15:05,368117.0
2015-07-11 18:15:05,228868.0
2015-07-12 18:15:05,265806.0
2015-07-13 18:15:05,232056.0
2015-07-14 18:15:05,225237.0
2015-07-15 18:15:05,211727.0
2015-07-16 18:15:05,264206.0
2015-07-17 18:15:05,215038.0
2015-07-18 18:15:05,178046.0
2015-07-19 18:15:05,117116.0
2015-07-20 18:15:05,181888.0
2015-07-21 18:15:05,209549.0
2015-07-22 18:15:05,185458.0
2015-07-23 18:15:05,204241.0
2015-07-24 18:15:05,231446.0
2015-07-25 18:15:05,194140.0
2015-07-26 18:15:05,123793.0
2015-07-27 18:15:05,175978.0
2015-07-28 18:15:05,299639.0
2015-07-29 18:15:05,200269.0
2015-07-30 18:15:05,198687.0
2015-07-31 18:15:05,209161.0
2015-08-01 18:15:05,187600.0
2015-08-02 18:15:05,169786.0
2015-08-03 18:15:05,195622.0
2015-08-04 18:15:05,211219.0
2015-08-05 18:15:05,241301.0
2015-08-06 18:15:05,192496.0
2015-08-07 18:15:05,230425.0
2015-08-08 18:15:05,249553.0
2015-08-09 18:15:05,305442.0
2015-08-10 18:15:05,354160.0
2015-08-11 18:15:05,259204.0
2015-08-12 18:15:05,254387.0
2015-08-13 18:15:05,262784.0
2015-08-14 18:15:05,266961.0
2015-08-15 18:15:05,256781.0
2015-08-16 18:15:05,215869.0
2015-08-17 18:15:05,335882.0
2015-08-18 18:15:05,356892.0
2015-08-19 18:15:05,396888.0
2015-08-20 18:15:05,356397.0
2015-08-21 18:15:05,325432.0
2015-08-22 18:15:05,266554.0
2015-08-23 18:15:05,175666.0
2015-08-24 18:15:05,436393.0
2015-08-25 18:15:05,409938.0
2015-08-26 18:15:05,377677.0
2015-08-27 18:15:05,249168.0
2015-08-28 18:15:05,327156.0
2015-08-29 18:15:05,215504.0
2015-08-30 18:15:05,176407.0
2015-08-31 18:15:05,226345.0
2015-09-01 18:15:05,368800.0
2015-09-02 18:15:05,227160.0
2015-09-03 18:15:05,256023.0
2015-09-04 18:15:05,242701.0
2015-09-05 18:15:05,196964.0
2015-09-06 18:15:05,243742.0
2015-09-07 18:15:05,220050.0
2015-09-08 18:15:05,267926.0
2015-09-09 18:15:05,315001.0
2015-09-10 18:15:05,295909.0
2015-09-11 18:15:05,258227.0
2015-09-12 18:15:05,149369.0
2015-09-13 18:15:05,182488.0
2015-09-14 18:15:05,229617.0
2015-09-15 18:15:05,252317.0
2015-09-16 18:15:05,255854.0
2015-09-17 18:15:05,276118.0
2015-09-18 18:15:05,277360.0
2015-09-19 18:15:05,270914.0
2015-09-20 18:15:05,205171.0
2015-09-21 18:15:05,336829.0
2015-09-22 18:15:05,320307.0
2015-09-23 18:15:05,278627.0
2015-09-24 18:15:05,222015.0
2015-09-25 18:15:05,314913.0
2015-09-26 18:15:05,184226.0
2015-09-27 18:15:05,153969.0
2015-09-28 18:15:05,286140.0
2015-09-29 18:15:05,311130.0
2015-09-30 18:15:05,317057.0
2015-10-01 18:15:05,279452.0
2015-10-02 18:15:05,377828.0
2015-10-03 18:15:05,212074.0
2015-10-04 18:15:05,138385.0
2015-10-05 18:15:05,228155.0
2015-10-06 18:15:05,342679.0
2015-10-07 18:15:05,317741.0
2015-10-08 18:15:05,421180.0
2015-10-09 18:15:05,301566.0
2015-10-10 18:15:05,227417.0
2015-10-11 18:15:05,161324.0
2015-10-12 18:15:05,236578.0
2015-10-13 18:15:05,291359.0
2015-10-14 18:15:05,331030.0
2015-10-15 18:15:05,366146.0
2015-10-16 18:15:05,302282.0
2015-10-17 18:15:05,350601.0
2015-10-18 18:15:05,212008.0
2015-10-19 18:15:05,301928.0
2015-10-20 18:15:05,315188.0
2015-10-21 18:15:05,312636.0
2015-10-22 18:15:05,335902.0
2015-10-23 18:15:05,298197.0
2015-10-24 18:15:05,264396.0
2015-10-25 18:15:05,313144.0
2015-10-26 18:15:05,311249.0
2015-10-27 18:15:05,371412.0
2015-10-28 18:15:05,380826.0
2015-10-29 18:15:05,480319.0
2015-10-30 18:15:05,542572.0
2015-10-31 18:15:05,392312.0
2015-11-01 18:15:05,383229.0
2015-11-02 18:15:05,461680.0
2015-11-03 18:15:05,629453.0
2015-11-04 18:15:05,767411.0
2015-11-05 18:15:05,743830.0
2015-11-06 18:15:05,555941.0
2015-11-07 18:15:05,413449.0
2015-11-08 18:15:05,330281.0
2015-11-09 18:15:05,507869.0
2015-11-10 18:15:05,442431.0
2015-11-11 18:15:05,671383.0
2015-11-12 18:15:05,510220.0
2015-11-13 18:15:05,434122.0
2015-11-14 18:15:05,418981.0
2015-11-15 18:15:05,343130.0
2015-11-16 18:15:05,421882.0
2015-11-17 18:15:05,387851.0
2015-11-18 18:15:05,444488.0
2015-11-19 18:15:05,372267.0
2015-11-20 18:15:05,365576.0
2015-11-21 18:15:05,314122.0
2015-11-22 18:15:05,233138.0
2015-11-23 18:15:05,274593.0
2015-11-24 18:15:05,284536.0
2015-11-25 18:15:05,328198.0
2015-11-26 18:15:05,450963.0
2015-11-27 18:15:05,445023.0
2015-11-28 18:15:05,312191.0
2015-11-29 18:15:05,221480.0
2015-11-30 18:15:05,401381.0
2015-12-01 18:15:05,457413.0
2015-12-02 18:15:05,496223.0
2015-12-03 18:15:05,399510.0
2015-12-04 18:15:05,348038.0
2015-12-05 18:15:05,514472.0
2015-12-06 18:15:05,524019.0
2015-12-07 18:15:05,432522.0
2015-12-08 18:15:05,428441.0
2015-12-09 18:15:05,504936.0
2015-12-10 18:15:05,452652.0
2015-12-11 18:15:05,436728.0
2015-12-12 18:15:05,425448.0
2015-12-13 18:15:05,380438.0
2015-12-14 18:15:05,403953.0
2015-12-15 18:15:05,459606.0
2015-12-16 18:15:05,432569.0
2015-12-17 18:15:05,393711.0
2015-12-18 18:15:05,395919.0
2015-12-19 18:15:05,370213.0
2015-12-20 18:15:05,316336.0
2015-12-21 18:15:05,437257.0
2015-12-22 18:15:05,469864.0
2015-12-23 18:15:05,382912.0
2015-12-24 18:15:05,415035.0
2015-12-25 18:15:05,287748.0
2015-12-26 18:15:05,313290.0
2015-12-27 18:15:05,184029.0
2015-12-28 18:15:05,249458.0
2015-12-29 18:15:05,237312.0
2015-12-30 18:15:05,233474.0
2015-12-31 18:15:05,176226.0
2016-01-01 18:15:05,129785.0
2016-01-02 18:15:05,105790.0
2016-01-03 18:15:05,121051.0
2016-01-04 18:15:05,187554.0
2016-01-05 18:15:05,209072.0
2016-01-06 18:15:05,215148.0
2016-01-07 18:15:05,281067.0
2016-01-08 18:15:05,270905.0
2016-01-09 18:15:05,156330.0
2016-01-10 18:15:05,191718.0
2016-01-11 18:15:05,238935.0
2016-01-12 18:15:05,221764.0
2016-01-13 18:15:05,250059.0
2016-01-14 18:15:05,204586.0
2016-01-15 18:15:05,325720.0
2016-01-16 18:15:05,304279.0
2016-01-17 18:15:05,180107.0
2016-01-18 18:15:05,191993.0
2016-01-19 18:15:05,227882.0
2016-01-20 18:15:05,313982.0
2016-01-21 18:15:05,331592.0
2016-01-22 18:15:05,265149.0
2016-01-23 18:15:05,281154.0
2016-01-24 18:15:05,197719.0
2016-01-25 18:15:05,464271.0
2016-01-26 18:15:05,315971.0
2016-01-27 18:15:05,341404.0
2016-01-28 18:15:05,394562.0
2016-01-29 18:15:05,389924.0
2016-01-30 18:15:05,389588.0
2016-01-31 18:15:05,202151.0
2016-02-01 18:15:05,405273.0
2016-02-02 18:15:05,387109.0
2016-02-03 18:15:05,292879.0
2016-02-04 18:15:05,314482.0
2016-02-05 18:15:05,402893.0
2016-02-06 18:15:05,324084.0
2016-02-07 18:15:05,212980.0
2016-02-08 18:15:05,248301.0
2016-02-09 18:15:05,291366.0
2016-02-10 18:15:05,342728.0
2016-02-11 18:15:05,358666.0
2016-02-12 18:15:05,310536.0
2016-02-13 18:15:05,308067.0
2016-02-14 18:15:05,260679.0
2016-02-15 18:15:05,359679.0
2016-02-16 18:15:05,369361.0
2016-02-17 18:15:05,409578.0
2016-02-18 18:15:05,359979.0
2016-02-19 18:15:05,320564.0
2016-02-20 18:15:05,345692.0
2016-02-21 18:15:05,314704.0
2016-02-22 18:15:05,324376.0
2016-02-23 18:15:05,376960.0
2016-02-24 18:15:05,331024.0
2016-02-25 18:15:05,357288.0
2016-02-26 18:15:05,336689.0
2016-02-27 18:15:05,345129.0
2016-02-28 18:15:05,337806.0
2016-02-29 18:15:05,519281.0
2016-03-01 18:15:05,516140.0
2016-03-02 18:15:05,550823.0
2016-03-03 18:15:05,513865.0
2016-03-04 18:15:05,397632.0
2016-03-05 18:15:05,499154.0
2016-03-06 18:15:05,331787.0
2016-03-07 18:15:05,310339.0
2016-03-08 18:15:05,291089.0
2016-03-09 18:15:05,277000.0
2016-03-10 18:15:05,334257.0
2016-03-11 18:15:05,327239.0
2016-03-12 18:15:05,231193.0
2016-03-13 18:15:05,171135.0
2016-03-14 18:15:05,271248.0
2016-03-15 18:15:05,283727.0
2016-03-16 18:15:05,255638.0
2016-03-17 18:15:05,275295.0
2016-03-18 18:15:05,297479.0
2016-03-19 18:15:05,229257.0
2016-03-20 18:15:05,171928.0
2016-03-21 18:15:05,233056.0
2016-03-22 18:15:05,297860.0
2016-03-23 18:15:05,265722.0
2016-03-24 18:15:05,334719.0
2016-03-25 18:15:05,317786.0
2016-03-26 18:15:05,242144.0
2016-03-27 18:15:05,270233.0
2016-03-28 18:15:05,285855.0
2016-03-29 18:15:05,283327.0
2016-03-30 18:15:05,379711.0
2016-03-31 18:15:05,294202.0
2016-04-01 18:15:05,289159.0
2016-04-02 18:15:05,231375.0
2016-04-03 18:15:05,181651.0
2016-04-04 18:15:05,266373.0
2016-04-05 18:15:05,331653.0
2016-04-06 18:15:05,359789.0
2016-04-07 18:15:05,378452.0
2016-04-08 18:15:05,292713.0
2016-04-09 18:15:05,241503.0
2016-04-10 18:15:05,199611.0
2016-04-11 18:15:05,264357.0
2016-04-12 18:15:05,341372.0
2016-04-13 18:15:05,309995.0
2016-04-14 18:15:05,274524.0
2016-04-15 18:15:05,281389.0
2016-04-16 18:15:05,200628.0
2016-04-17 18:15:05,186607.0
2016-04-18 18:15:05,245313.0
2016-04-19 18:15:05,275994.0
2016-04-20 18:15:05,302380.0
2016-04-21 18:15:05,316159.0
2016-04-22 18:15:05,291487.0
2016-04-23 18:15:05,203792.0
2016-04-24 18:15:05,188499.0
2016-04-25 18:15:05,307790.0
2016-04-26 18:15:05,344162.0
2016-04-27 18:15:05,335750.0
2016-04-28 18:15:05,329924.0
2016-04-29 18:15:05,278893.0
2016-04-30 18:15:05,190470.0
2016-05-01 18:15:05,170791.0
2016-05-02 18:15:05,249926.0
2016-05-03 18:15:05,252534.0
2016-05-03 21:36:38,255627.0
