,EstimatedTransactionVolumeUSD
2009-01-03 18:15:05,0.0
2009-01-04 18:15:05,0.0
2009-01-05 18:15:05,0.0
2009-01-06 18:15:05,0.0
2009-01-07 18:15:05,0.0
2009-01-08 18:15:05,0.0
2009-01-09 18:15:05,0.0
2009-01-10 18:15:05,0.0
2009-01-11 18:15:05,0.0
2009-01-12 18:15:05,0.0
2009-01-13 18:15:05,0.0
2009-01-14 18:15:05,0.0
2009-01-15 18:15:05,0.0
2009-01-16 18:15:05,0.0
2009-01-17 18:15:05,0.0
2009-01-18 18:15:05,0.0
2009-01-19 18:15:05,0.0
2009-01-20 18:15:05,0.0
2009-01-21 18:15:05,0.0
2009-01-22 18:15:05,0.0
2009-01-23 18:15:05,0.0
2009-01-24 18:15:05,0.0
2009-01-25 18:15:05,0.0
2009-01-26 18:15:05,0.0
2009-01-27 18:15:05,0.0
2009-01-28 18:15:05,0.0
2009-01-29 18:15:05,0.0
2009-01-30 18:15:05,0.0
2009-01-31 18:15:05,0.0
2009-02-01 18:15:05,0.0
2009-02-02 18:15:05,0.0
2009-02-03 18:15:05,0.0
2009-02-04 18:15:05,0.0
2009-02-05 18:15:05,0.0
2009-02-06 18:15:05,0.0
2009-02-07 18:15:05,0.0
2009-02-08 18:15:05,0.0
2009-02-09 18:15:05,0.0
2009-02-10 18:15:05,0.0
2009-02-11 18:15:05,0.0
2009-02-12 18:15:05,0.0
2009-02-13 18:15:05,0.0
2009-02-14 18:15:05,0.0
2009-02-15 18:15:05,0.0
2009-02-16 18:15:05,0.0
2009-02-17 18:15:05,0.0
2009-02-18 18:15:05,0.0
2009-02-19 18:15:05,0.0
2009-02-20 18:15:05,0.0
2009-02-21 18:15:05,0.0
2009-02-22 18:15:05,0.0
2009-02-23 18:15:05,0.0
2009-02-24 18:15:05,0.0
2009-02-25 18:15:05,0.0
2009-02-26 18:15:05,0.0
2009-02-27 18:15:05,0.0
2009-02-28 18:15:05,0.0
2009-03-01 18:15:05,0.0
2009-03-02 18:15:05,0.0
2009-03-03 18:15:05,0.0
2009-03-04 18:15:05,0.0
2009-03-05 18:15:05,0.0
2009-03-06 18:15:05,0.0
2009-03-07 18:15:05,0.0
2009-03-08 18:15:05,0.0
2009-03-09 18:15:05,0.0
2009-03-10 18:15:05,0.0
2009-03-11 18:15:05,0.0
2009-03-12 18:15:05,0.0
2009-03-13 18:15:05,0.0
2009-03-14 18:15:05,0.0
2009-03-15 18:15:05,0.0
2009-03-16 18:15:05,0.0
2009-03-17 18:15:05,0.0
2009-03-18 18:15:05,0.0
2009-03-19 18:15:05,0.0
2009-03-20 18:15:05,0.0
2009-03-21 18:15:05,0.0
2009-03-22 18:15:05,0.0
2009-03-23 18:15:05,0.0
2009-03-24 18:15:05,0.0
2009-03-25 18:15:05,0.0
2009-03-26 18:15:05,0.0
2009-03-27 18:15:05,0.0
2009-03-28 18:15:05,0.0
2009-03-29 18:15:05,0.0
2009-03-30 18:15:05,0.0
2009-03-31 18:15:05,0.0
2009-04-01 18:15:05,0.0
2009-04-02 18:15:05,0.0
2009-04-03 18:15:05,0.0
2009-04-04 18:15:05,0.0
2009-04-05 18:15:05,0.0
2009-04-06 18:15:05,0.0
2009-04-07 18:15:05,0.0
2009-04-08 18:15:05,0.0
2009-04-09 18:15:05,0.0
2009-04-10 18:15:05,0.0
2009-04-11 18:15:05,0.0
2009-04-12 18:15:05,0.0
2009-04-13 18:15:05,0.0
2009-04-14 18:15:05,0.0
2009-04-15 18:15:05,0.0
2009-04-16 18:15:05,0.0
2009-04-17 18:15:05,0.0
2009-04-18 18:15:05,0.0
2009-04-19 18:15:05,0.0
2009-04-20 18:15:05,0.0
2009-04-21 18:15:05,0.0
2009-04-22 18:15:05,0.0
2009-04-23 18:15:05,0.0
2009-04-24 18:15:05,0.0
2009-04-25 18:15:05,0.0
2009-04-26 18:15:05,0.0
2009-04-27 18:15:05,0.0
2009-04-28 18:15:05,0.0
2009-04-29 18:15:05,0.0
2009-04-30 18:15:05,0.0
2009-05-01 18:15:05,0.0
2009-05-02 18:15:05,0.0
2009-05-03 18:15:05,0.0
2009-05-04 18:15:05,0.0
2009-05-05 18:15:05,0.0
2009-05-06 18:15:05,0.0
2009-05-07 18:15:05,0.0
2009-05-08 18:15:05,0.0
2009-05-09 18:15:05,0.0
2009-05-10 18:15:05,0.0
2009-05-11 18:15:05,0.0
2009-05-12 18:15:05,0.0
2009-05-13 18:15:05,0.0
2009-05-14 18:15:05,0.0
2009-05-15 18:15:05,0.0
2009-05-16 18:15:05,0.0
2009-05-17 18:15:05,0.0
2009-05-18 18:15:05,0.0
2009-05-19 18:15:05,0.0
2009-05-20 18:15:05,0.0
2009-05-21 18:15:05,0.0
2009-05-22 18:15:05,0.0
2009-05-23 18:15:05,0.0
2009-05-24 18:15:05,0.0
2009-05-25 18:15:05,0.0
2009-05-26 18:15:05,0.0
2009-05-27 18:15:05,0.0
2009-05-28 18:15:05,0.0
2009-05-29 18:15:05,0.0
2009-05-30 18:15:05,0.0
2009-05-31 18:15:05,0.0
2009-06-01 18:15:05,0.0
2009-06-02 18:15:05,0.0
2009-06-03 18:15:05,0.0
2009-06-04 18:15:05,0.0
2009-06-05 18:15:05,0.0
2009-06-06 18:15:05,0.0
2009-06-07 18:15:05,0.0
2009-06-08 18:15:05,0.0
2009-06-09 18:15:05,0.0
2009-06-10 18:15:05,0.0
2009-06-11 18:15:05,0.0
2009-06-12 18:15:05,0.0
2009-06-13 18:15:05,0.0
2009-06-14 18:15:05,0.0
2009-06-15 18:15:05,0.0
2009-06-16 18:15:05,0.0
2009-06-17 18:15:05,0.0
2009-06-18 18:15:05,0.0
2009-06-19 18:15:05,0.0
2009-06-20 18:15:05,0.0
2009-06-21 18:15:05,0.0
2009-06-22 18:15:05,0.0
2009-06-23 18:15:05,0.0
2009-06-24 18:15:05,0.0
2009-06-25 18:15:05,0.0
2009-06-26 18:15:05,0.0
2009-06-27 18:15:05,0.0
2009-06-28 18:15:05,0.0
2009-06-29 18:15:05,0.0
2009-06-30 18:15:05,0.0
2009-07-01 18:15:05,0.0
2009-07-02 18:15:05,0.0
2009-07-03 18:15:05,0.0
2009-07-04 18:15:05,0.0
2009-07-05 18:15:05,0.0
2009-07-06 18:15:05,0.0
2009-07-07 18:15:05,0.0
2009-07-08 18:15:05,0.0
2009-07-09 18:15:05,0.0
2009-07-10 18:15:05,0.0
2009-07-11 18:15:05,0.0
2009-07-12 18:15:05,0.0
2009-07-13 18:15:05,0.0
2009-07-14 18:15:05,0.0
2009-07-15 18:15:05,0.0
2009-07-16 18:15:05,0.0
2009-07-17 18:15:05,0.0
2009-07-18 18:15:05,0.0
2009-07-19 18:15:05,0.0
2009-07-20 18:15:05,0.0
2009-07-21 18:15:05,0.0
2009-07-22 18:15:05,0.0
2009-07-23 18:15:05,0.0
2009-07-24 18:15:05,0.0
2009-07-25 18:15:05,0.0
2009-07-26 18:15:05,0.0
2009-07-27 18:15:05,0.0
2009-07-28 18:15:05,0.0
2009-07-29 18:15:05,0.0
2009-07-30 18:15:05,0.0
2009-07-31 18:15:05,0.0
2009-08-01 18:15:05,0.0
2009-08-02 18:15:05,0.0
2009-08-03 18:15:05,0.0
2009-08-04 18:15:05,0.0
2009-08-05 18:15:05,0.0
2009-08-06 18:15:05,0.0
2009-08-07 18:15:05,0.0
2009-08-08 18:15:05,0.0
2009-08-09 18:15:05,0.0
2009-08-10 18:15:05,0.0
2009-08-11 18:15:05,0.0
2009-08-12 18:15:05,0.0
2009-08-13 18:15:05,0.0
2009-08-14 18:15:05,0.0
2009-08-15 18:15:05,0.0
2009-08-16 18:15:05,0.0
2009-08-17 18:15:05,0.0
2009-08-18 18:15:05,0.0
2009-08-19 18:15:05,0.0
2009-08-20 18:15:05,0.0
2009-08-21 18:15:05,0.0
2009-08-22 18:15:05,0.0
2009-08-23 18:15:05,0.0
2009-08-24 18:15:05,0.0
2009-08-25 18:15:05,0.0
2009-08-26 18:15:05,0.0
2009-08-27 18:15:05,0.0
2009-08-28 18:15:05,0.0
2009-08-29 18:15:05,0.0
2009-08-30 18:15:05,0.0
2009-08-31 18:15:05,0.0
2009-09-01 18:15:05,0.0
2009-09-02 18:15:05,0.0
2009-09-03 18:15:05,0.0
2009-09-04 18:15:05,0.0
2009-09-05 18:15:05,0.0
2009-09-06 18:15:05,0.0
2009-09-07 18:15:05,0.0
2009-09-08 18:15:05,0.0
2009-09-09 18:15:05,0.0
2009-09-10 18:15:05,0.0
2009-09-11 18:15:05,0.0
2009-09-12 18:15:05,0.0
2009-09-13 18:15:05,0.0
2009-09-14 18:15:05,0.0
2009-09-15 18:15:05,0.0
2009-09-16 18:15:05,0.0
2009-09-17 18:15:05,0.0
2009-09-18 18:15:05,0.0
2009-09-19 18:15:05,0.0
2009-09-20 18:15:05,0.0
2009-09-21 18:15:05,0.0
2009-09-22 18:15:05,0.0
2009-09-23 18:15:05,0.0
2009-09-24 18:15:05,0.0
2009-09-25 18:15:05,0.0
2009-09-26 18:15:05,0.0
2009-09-27 18:15:05,0.0
2009-09-28 18:15:05,0.0
2009-09-29 18:15:05,0.0
2009-09-30 18:15:05,0.0
2009-10-01 18:15:05,0.0
2009-10-02 18:15:05,0.0
2009-10-03 18:15:05,0.0
2009-10-04 18:15:05,0.0
2009-10-05 18:15:05,0.0
2009-10-06 18:15:05,0.0
2009-10-07 18:15:05,0.0
2009-10-08 18:15:05,0.0
2009-10-09 18:15:05,0.0
2009-10-10 18:15:05,0.0
2009-10-11 18:15:05,0.0
2009-10-12 18:15:05,0.0
2009-10-13 18:15:05,0.0
2009-10-14 18:15:05,0.0
2009-10-15 18:15:05,0.0
2009-10-16 18:15:05,0.0
2009-10-17 18:15:05,0.0
2009-10-18 18:15:05,0.0
2009-10-19 18:15:05,0.0
2009-10-20 18:15:05,0.0
2009-10-21 18:15:05,0.0
2009-10-22 18:15:05,0.0
2009-10-23 18:15:05,0.0
2009-10-24 18:15:05,0.0
2009-10-25 18:15:05,0.0
2009-10-26 18:15:05,0.0
2009-10-27 18:15:05,0.0
2009-10-28 18:15:05,0.0
2009-10-29 18:15:05,0.0
2009-10-30 18:15:05,0.0
2009-10-31 18:15:05,0.0
2009-11-01 18:15:05,0.0
2009-11-02 18:15:05,0.0
2009-11-03 18:15:05,0.0
2009-11-04 18:15:05,0.0
2009-11-05 18:15:05,0.0
2009-11-06 18:15:05,0.0
2009-11-07 18:15:05,0.0
2009-11-08 18:15:05,0.0
2009-11-09 18:15:05,0.0
2009-11-10 18:15:05,0.0
2009-11-11 18:15:05,0.0
2009-11-12 18:15:05,0.0
2009-11-13 18:15:05,0.0
2009-11-14 18:15:05,0.0
2009-11-15 18:15:05,0.0
2009-11-16 18:15:05,0.0
2009-11-17 18:15:05,0.0
2009-11-18 18:15:05,0.0
2009-11-19 18:15:05,0.0
2009-11-20 18:15:05,0.0
2009-11-21 18:15:05,0.0
2009-11-22 18:15:05,0.0
2009-11-23 18:15:05,0.0
2009-11-24 18:15:05,0.0
2009-11-25 18:15:05,0.0
2009-11-26 18:15:05,0.0
2009-11-27 18:15:05,0.0
2009-11-28 18:15:05,0.0
2009-11-29 18:15:05,0.0
2009-11-30 18:15:05,0.0
2009-12-01 18:15:05,0.0
2009-12-02 18:15:05,0.0
2009-12-03 18:15:05,0.0
2009-12-04 18:15:05,0.0
2009-12-05 18:15:05,0.0
2009-12-06 18:15:05,0.0
2009-12-07 18:15:05,0.0
2009-12-08 18:15:05,0.0
2009-12-09 18:15:05,0.0
2009-12-10 18:15:05,0.0
2009-12-11 18:15:05,0.0
2009-12-12 18:15:05,0.0
2009-12-13 18:15:05,0.0
2009-12-14 18:15:05,0.0
2009-12-15 18:15:05,0.0
2009-12-16 18:15:05,0.0
2009-12-17 18:15:05,0.0
2009-12-18 18:15:05,0.0
2009-12-19 18:15:05,0.0
2009-12-20 18:15:05,0.0
2009-12-21 18:15:05,0.0
2009-12-22 18:15:05,0.0
2009-12-23 18:15:05,0.0
2009-12-24 18:15:05,0.0
2009-12-25 18:15:05,0.0
2009-12-26 18:15:05,0.0
2009-12-27 18:15:05,0.0
2009-12-28 18:15:05,0.0
2009-12-29 18:15:05,0.0
2009-12-30 18:15:05,0.0
2009-12-31 18:15:05,0.0
2010-01-01 18:15:05,0.0
2010-01-02 18:15:05,0.0
2010-01-03 18:15:05,0.0
2010-01-04 18:15:05,0.0
2010-01-05 18:15:05,0.0
2010-01-06 18:15:05,0.0
2010-01-07 18:15:05,0.0
2010-01-08 18:15:05,0.0
2010-01-09 18:15:05,0.0
2010-01-10 18:15:05,0.0
2010-01-11 18:15:05,0.0
2010-01-12 18:15:05,0.0
2010-01-13 18:15:05,0.0
2010-01-14 18:15:05,0.0
2010-01-15 18:15:05,0.0
2010-01-16 18:15:05,0.0
2010-01-17 18:15:05,0.0
2010-01-18 18:15:05,0.0
2010-01-19 18:15:05,0.0
2010-01-20 18:15:05,0.0
2010-01-21 18:15:05,0.0
2010-01-22 18:15:05,0.0
2010-01-23 18:15:05,0.0
2010-01-24 18:15:05,0.0
2010-01-25 18:15:05,0.0
2010-01-26 18:15:05,0.0
2010-01-27 18:15:05,0.0
2010-01-28 18:15:05,0.0
2010-01-29 18:15:05,0.0
2010-01-30 18:15:05,0.0
2010-01-31 18:15:05,0.0
2010-02-01 18:15:05,0.0
2010-02-02 18:15:05,0.0
2010-02-03 18:15:05,0.0
2010-02-04 18:15:05,0.0
2010-02-05 18:15:05,0.0
2010-02-06 18:15:05,0.0
2010-02-07 18:15:05,0.0
2010-02-08 18:15:05,0.0
2010-02-09 18:15:05,0.0
2010-02-10 18:15:05,0.0
2010-02-11 18:15:05,0.0
2010-02-12 18:15:05,0.0
2010-02-13 18:15:05,0.0
2010-02-14 18:15:05,0.0
2010-02-15 18:15:05,0.0
2010-02-16 18:15:05,0.0
2010-02-17 18:15:05,0.0
2010-02-18 18:15:05,0.0
2010-02-19 18:15:05,0.0
2010-02-20 18:15:05,0.0
2010-02-21 18:15:05,0.0
2010-02-22 18:15:05,0.0
2010-02-23 18:15:05,0.0
2010-02-24 18:15:05,0.0
2010-02-25 18:15:05,0.0
2010-02-26 18:15:05,0.0
2010-02-27 18:15:05,0.0
2010-02-28 18:15:05,0.0
2010-03-01 18:15:05,0.0
2010-03-02 18:15:05,0.0
2010-03-03 18:15:05,0.0
2010-03-04 18:15:05,0.0
2010-03-05 18:15:05,0.0
2010-03-06 18:15:05,0.0
2010-03-07 18:15:05,0.0
2010-03-08 18:15:05,0.0
2010-03-09 18:15:05,0.0
2010-03-10 18:15:05,0.0
2010-03-11 18:15:05,0.0
2010-03-12 18:15:05,0.0
2010-03-13 18:15:05,0.0
2010-03-14 18:15:05,0.0
2010-03-15 18:15:05,0.0
2010-03-16 18:15:05,0.0
2010-03-17 18:15:05,0.0
2010-03-18 18:15:05,0.0
2010-03-19 18:15:05,0.0
2010-03-20 18:15:05,0.0
2010-03-21 18:15:05,0.0
2010-03-22 18:15:05,0.0
2010-03-23 18:15:05,0.0
2010-03-24 18:15:05,0.0
2010-03-25 18:15:05,0.0
2010-03-26 18:15:05,0.0
2010-03-27 18:15:05,0.0
2010-03-28 18:15:05,0.0
2010-03-29 18:15:05,0.0
2010-03-30 18:15:05,0.0
2010-03-31 18:15:05,0.0
2010-04-01 18:15:05,0.0
2010-04-02 18:15:05,0.0
2010-04-03 18:15:05,0.0
2010-04-04 18:15:05,0.0
2010-04-05 18:15:05,0.0
2010-04-06 18:15:05,0.0
2010-04-07 18:15:05,0.0
2010-04-08 18:15:05,0.0
2010-04-09 18:15:05,0.0
2010-04-10 18:15:05,0.0
2010-04-11 18:15:05,0.0
2010-04-12 18:15:05,0.0
2010-04-13 18:15:05,0.0
2010-04-14 18:15:05,0.0
2010-04-15 18:15:05,0.0
2010-04-16 18:15:05,0.0
2010-04-17 18:15:05,0.0
2010-04-18 18:15:05,0.0
2010-04-19 18:15:05,0.0
2010-04-20 18:15:05,0.0
2010-04-21 18:15:05,0.0
2010-04-22 18:15:05,0.0
2010-04-23 18:15:05,0.0
2010-04-24 18:15:05,0.0
2010-04-25 18:15:05,0.0
2010-04-26 18:15:05,0.0
2010-04-27 18:15:05,0.0
2010-04-28 18:15:05,0.0
2010-04-29 18:15:05,0.0
2010-04-30 18:15:05,0.0
2010-05-01 18:15:05,0.0
2010-05-02 18:15:05,0.0
2010-05-03 18:15:05,0.0
2010-05-04 18:15:05,0.0
2010-05-05 18:15:05,0.0
2010-05-06 18:15:05,0.0
2010-05-07 18:15:05,0.0
2010-05-08 18:15:05,0.0
2010-05-09 18:15:05,0.0
2010-05-10 18:15:05,0.0
2010-05-11 18:15:05,0.0
2010-05-12 18:15:05,0.0
2010-05-13 18:15:05,0.0
2010-05-14 18:15:05,0.0
2010-05-15 18:15:05,0.0
2010-05-16 18:15:05,0.0
2010-05-17 18:15:05,0.0
2010-05-18 18:15:05,0.0
2010-05-19 18:15:05,0.0
2010-05-20 18:15:05,0.0
2010-05-21 18:15:05,0.0
2010-05-22 18:15:05,0.0
2010-05-23 18:15:05,0.0
2010-05-24 18:15:05,0.0
2010-05-25 18:15:05,0.0
2010-05-26 18:15:05,0.0
2010-05-27 18:15:05,0.0
2010-05-28 18:15:05,0.0
2010-05-29 18:15:05,0.0
2010-05-30 18:15:05,0.0
2010-05-31 18:15:05,0.0
2010-06-01 18:15:05,0.0
2010-06-02 18:15:05,0.0
2010-06-03 18:15:05,0.0
2010-06-04 18:15:05,0.0
2010-06-05 18:15:05,0.0
2010-06-06 18:15:05,0.0
2010-06-07 18:15:05,0.0
2010-06-08 18:15:05,0.0
2010-06-09 18:15:05,0.0
2010-06-10 18:15:05,0.0
2010-06-11 18:15:05,0.0
2010-06-12 18:15:05,0.0
2010-06-13 18:15:05,0.0
2010-06-14 18:15:05,0.0
2010-06-15 18:15:05,0.0
2010-06-16 18:15:05,0.0
2010-06-17 18:15:05,0.0
2010-06-18 18:15:05,0.0
2010-06-19 18:15:05,0.0
2010-06-20 18:15:05,0.0
2010-06-21 18:15:05,0.0
2010-06-22 18:15:05,0.0
2010-06-23 18:15:05,0.0
2010-06-24 18:15:05,0.0
2010-06-25 18:15:05,0.0
2010-06-26 18:15:05,0.0
2010-06-27 18:15:05,0.0
2010-06-28 18:15:05,0.0
2010-06-29 18:15:05,0.0
2010-06-30 18:15:05,0.0
2010-07-01 18:15:05,0.0
2010-07-02 18:15:05,0.0
2010-07-03 18:15:05,0.0
2010-07-04 18:15:05,0.0
2010-07-05 18:15:05,0.0
2010-07-06 18:15:05,0.0
2010-07-07 18:15:05,0.0
2010-07-08 18:15:05,0.0
2010-07-09 18:15:05,0.0
2010-07-10 18:15:05,0.0
2010-07-11 18:15:05,0.0
2010-07-12 18:15:05,0.0
2010-07-13 18:15:05,0.0
2010-07-14 18:15:05,0.0
2010-07-15 18:15:05,0.0
2010-07-16 18:15:05,0.0
2010-07-17 18:15:05,0.0
2010-07-18 18:15:05,0.0
2010-07-19 18:15:05,0.0
2010-07-20 18:15:05,0.0
2010-07-21 18:15:05,0.0
2010-07-22 18:15:05,0.0
2010-07-23 18:15:05,0.0
2010-07-24 18:15:05,0.0
2010-07-25 18:15:05,0.0
2010-07-26 18:15:05,0.0
2010-07-27 18:15:05,0.0
2010-07-28 18:15:05,0.0
2010-07-29 18:15:05,0.0
2010-07-30 18:15:05,0.0
2010-07-31 18:15:05,0.0
2010-08-01 18:15:05,0.0
2010-08-02 18:15:05,0.0
2010-08-03 18:15:05,0.0
2010-08-04 18:15:05,0.0
2010-08-05 18:15:05,0.0
2010-08-06 18:15:05,0.0
2010-08-07 18:15:05,0.0
2010-08-08 18:15:05,0.0
2010-08-09 18:15:05,0.0
2010-08-10 18:15:05,0.0
2010-08-11 18:15:05,0.0
2010-08-12 18:15:05,0.0
2010-08-13 18:15:05,0.0
2010-08-14 18:15:05,0.0
2010-08-15 18:15:05,0.0
2010-08-16 18:15:05,0.0
2010-08-17 18:15:05,3712.0
2010-08-18 18:15:05,2649.0
2010-08-19 18:15:05,946.0
2010-08-20 18:15:05,1410.0
2010-08-21 18:15:05,1168.0
2010-08-22 18:15:05,1990.0
2010-08-23 18:15:05,747.0
2010-08-24 18:15:05,779.0
2010-08-25 18:15:05,527.0
2010-08-26 18:15:05,1224.0
2010-08-27 18:15:05,641.0
2010-08-28 18:15:05,1579.0
2010-08-29 18:15:05,660.0
2010-08-30 18:15:05,845.0
2010-08-31 18:15:05,2349.0
2010-09-01 18:15:05,688.0
2010-09-02 18:15:05,1127.0
2010-09-03 18:15:05,1751.0
2010-09-04 18:15:05,1906.0
2010-09-05 18:15:05,862.0
2010-09-06 18:15:05,2469.0
2010-09-07 18:15:05,1347.0
2010-09-08 18:15:05,789.0
2010-09-09 18:15:05,1015.0
2010-09-10 18:15:05,649.0
2010-09-11 18:15:05,556.0
2010-09-12 18:15:05,937.0
2010-09-13 18:15:05,1412.0
2010-09-14 18:15:05,1394.0
2010-09-15 18:15:05,4780.0
2010-09-16 18:15:05,1272.0
2010-09-17 18:15:05,1792.0
2010-09-18 18:15:05,3929.0
2010-09-19 18:15:05,2963.0
2010-09-20 18:15:05,2351.0
2010-09-21 18:15:05,1236.0
2010-09-22 18:15:05,1835.0
2010-09-23 18:15:05,3306.0
2010-09-24 18:15:05,2091.0
2010-09-25 18:15:05,1066.0
2010-09-26 18:15:05,1117.0
2010-09-27 18:15:05,1445.0
2010-09-28 18:15:05,2282.0
2010-09-29 18:15:05,4666.0
2010-09-30 18:15:05,1431.0
2010-10-01 18:15:05,2350.0
2010-10-02 18:15:05,1649.0
2010-10-03 18:15:05,18961.0
2010-10-04 18:15:05,3271.0
2010-10-05 18:15:05,6490.0
2010-10-06 18:15:05,3026.0
2010-10-07 18:15:05,7232.0
2010-10-08 18:15:05,12425.0
2010-10-09 18:15:05,14355.0
2010-10-10 18:15:05,12096.0
2010-10-11 18:15:05,5806.0
2010-10-12 18:15:05,5317.0
2010-10-13 18:15:05,1954.0
2010-10-14 18:15:05,5724.0
2010-10-15 18:15:05,7264.0
2010-10-16 18:15:05,9668.0
2010-10-17 18:15:05,4489.0
2010-10-18 18:15:05,3688.0
2010-10-19 18:15:05,2720.0
2010-10-20 18:15:05,5519.0
2010-10-21 18:15:05,6726.0
2010-10-22 18:15:05,2305.0
2010-10-23 18:15:05,2456.0
2010-10-24 18:15:05,11914.0
2010-10-25 18:15:05,4299.0
2010-10-26 18:15:05,12841.0
2010-10-27 18:15:05,18235.0
2010-10-28 18:15:05,6586.0
2010-10-29 18:15:05,16111.0
2010-10-30 18:15:05,10221.0
2010-10-31 18:15:05,7535.0
2010-11-01 18:15:05,5788.0
2010-11-02 18:15:05,4977.0
2010-11-03 18:15:05,6846.0
2010-11-04 18:15:05,28594.0
2010-11-05 18:15:05,8195.0
2010-11-06 18:15:05,28387.0
2010-11-07 18:15:05,24253.0
2010-11-08 18:15:05,134063.0
2010-11-09 18:15:05,25859.0
2010-11-10 18:15:05,6184.0
2010-11-11 18:15:05,5752.0
2010-11-12 18:15:05,3054.0
2010-11-13 18:15:05,6664.0
2010-11-14 18:15:05,5671.0
2010-11-15 18:15:05,9817.0
2010-11-16 18:15:05,17785.0
2010-11-17 18:15:05,8329.0
2010-11-18 18:15:05,5600.0
2010-11-19 18:15:05,6490.0
2010-11-20 18:15:05,12813.0
2010-11-21 18:15:05,11801.0
2010-11-22 18:15:05,4200.0
2010-11-23 18:15:05,7719.0
2010-11-24 18:15:05,8045.0
2010-11-25 18:15:05,10044.0
2010-11-26 18:15:05,24631.0
2010-11-27 18:15:05,3988.0
2010-11-28 18:15:05,5060.0
2010-11-29 18:15:05,4151.0
2010-11-30 18:15:05,10313.0
2010-12-01 18:15:05,12969.0
2010-12-02 18:15:05,12297.0
2010-12-03 18:15:05,5857.0
2010-12-04 18:15:05,11174.0
2010-12-05 18:15:05,4714.0
2010-12-06 18:15:05,15403.0
2010-12-07 18:15:05,8092.0
2010-12-08 18:15:05,8015.0
2010-12-09 18:15:05,5112.0
2010-12-10 18:15:05,3359.0
2010-12-11 18:15:05,7974.0
2010-12-12 18:15:05,2639.0
2010-12-13 18:15:05,13930.0
2010-12-14 18:15:05,8236.0
2010-12-15 18:15:05,7042.0
2010-12-16 18:15:05,4728.0
2010-12-17 18:15:05,3925.0
2010-12-18 18:15:05,6928.0
2010-12-19 18:15:05,12456.0
2010-12-20 18:15:05,2735.0
2010-12-21 18:15:05,6854.0
2010-12-22 18:15:05,14144.0
2010-12-23 18:15:05,3020.0
2010-12-24 18:15:05,2077.0
2010-12-25 18:15:05,4175.0
2010-12-26 18:15:05,1680.0
2010-12-27 18:15:05,9707.0
2010-12-28 18:15:05,8990.0
2010-12-29 18:15:05,11872.0
2010-12-30 18:15:05,7230.0
2010-12-31 18:15:05,4557.0
2011-01-01 18:15:05,4249.0
2011-01-02 18:15:05,4965.0
2011-01-03 18:15:05,4844.0
2011-01-04 18:15:05,8950.0
2011-01-05 18:15:05,4746.0
2011-01-06 18:15:05,5052.0
2011-01-07 18:15:05,5304.0
2011-01-08 18:15:05,9216.0
2011-01-09 18:15:05,4919.0
2011-01-10 18:15:05,9608.0
2011-01-11 18:15:05,10925.0
2011-01-12 18:15:05,19002.0
2011-01-13 18:15:05,12205.0
2011-01-14 18:15:05,20944.0
2011-01-15 18:15:05,19660.0
2011-01-16 18:15:05,5692.0
2011-01-17 18:15:05,21248.0
2011-01-18 18:15:05,17351.0
2011-01-19 18:15:05,14224.0
2011-01-20 18:15:05,14375.0
2011-01-21 18:15:05,9737.0
2011-01-22 18:15:05,12943.0
2011-01-23 18:15:05,18353.0
2011-01-24 18:15:05,14463.0
2011-01-25 18:15:05,9593.0
2011-01-26 18:15:05,8354.0
2011-01-27 18:15:05,244197.0
2011-01-28 18:15:05,75983.0
2011-01-29 18:15:05,9028.0
2011-01-30 18:15:05,7112.0
2011-01-31 18:15:05,11063.0
2011-02-01 18:15:05,62654.0
2011-02-02 18:15:05,70019.0
2011-02-03 18:15:05,28485.0
2011-02-04 18:15:05,23600.0
2011-02-05 18:15:05,43393.0
2011-02-06 18:15:05,22269.0
2011-02-07 18:15:05,106124.0
2011-02-08 18:15:05,26738.0
2011-02-09 18:15:05,25392.0
2011-02-10 18:15:05,72572.0
2011-02-11 18:15:05,45157.0
2011-02-12 18:15:05,36859.0
2011-02-13 18:15:05,21840.0
2011-02-14 18:15:05,29065.0
2011-02-15 18:15:05,54031.0
2011-02-16 18:15:05,30500.0
2011-02-17 18:15:05,15895.0
2011-02-18 18:15:05,30662.0
2011-02-19 18:15:05,40214.0
2011-02-20 18:15:05,29573.0
2011-02-21 18:15:05,24302.0
2011-02-22 18:15:05,27368.0
2011-02-23 18:15:05,26253.0
2011-02-24 18:15:05,30986.0
2011-02-25 18:15:05,31889.0
2011-02-26 18:15:05,52359.0
2011-02-27 18:15:05,78056.0
2011-02-28 18:15:05,24184.0
2011-03-01 18:15:05,238207.0
2011-03-02 18:15:05,97038.0
2011-03-03 18:15:05,90019.0
2011-03-04 18:15:05,39776.0
2011-03-05 18:15:05,23192.0
2011-03-06 18:15:05,40280.0
2011-03-07 18:15:05,34115.0
2011-03-08 18:15:05,37702.0
2011-03-09 18:15:05,90086.0
2011-03-10 18:15:05,115881.0
2011-03-11 18:15:05,97554.0
2011-03-12 18:15:05,60424.0
2011-03-13 18:15:05,51598.0
2011-03-14 18:15:05,124309.0
2011-03-15 18:15:05,73225.0
2011-03-16 18:15:05,61691.0
2011-03-17 18:15:05,77214.0
2011-03-18 18:15:05,57847.0
2011-03-19 18:15:05,51587.0
2011-03-20 18:15:05,34938.0
2011-03-21 18:15:05,44912.0
2011-03-22 18:15:05,63477.0
2011-03-23 18:15:05,64659.0
2011-03-24 18:15:05,98185.0
2011-03-25 18:15:05,70182.0
2011-03-26 18:15:05,101642.0
2011-03-27 18:15:05,57626.0
2011-03-28 18:15:05,57362.0
2011-03-29 18:15:05,43449.0
2011-03-30 18:15:05,43376.0
2011-03-31 18:15:05,49935.0
2011-04-01 18:15:05,38322.0
2011-04-02 18:15:05,26398.0
2011-04-03 18:15:05,45209.0
2011-04-04 18:15:05,39393.0
2011-04-05 18:15:05,45955.0
2011-04-06 18:15:05,27403.0
2011-04-07 18:15:05,51998.0
2011-04-08 18:15:05,39878.0
2011-04-09 18:15:05,48280.0
2011-04-10 18:15:05,37178.0
2011-04-11 18:15:05,36299.0
2011-04-12 18:15:05,69521.0
2011-04-13 18:15:05,74439.0
2011-04-14 18:15:05,45784.0
2011-04-15 18:15:05,100098.0
2011-04-16 18:15:05,152420.0
2011-04-17 18:15:05,780771.0
2011-04-18 18:15:05,87551.0
2011-04-19 18:15:05,2000468.0
2011-04-20 18:15:05,808384.0
2011-04-21 18:15:05,73586.0
2011-04-22 18:15:05,180531.0
2011-04-23 18:15:05,128333.0
2011-04-24 18:15:05,161867.0
2011-04-25 18:15:05,76427.0
2011-04-26 18:15:05,110594.0
2011-04-27 18:15:05,105119.0
2011-04-28 18:15:05,294932.0
2011-04-29 18:15:05,550045.0
2011-04-30 18:15:05,1202538.0
2011-05-01 18:15:05,327093.0
2011-05-02 18:15:05,215720.0
2011-05-03 18:15:05,321812.0
2011-05-04 18:15:05,659930.0
2011-05-05 18:15:05,267356.0
2011-05-06 18:15:05,354735.0
2011-05-07 18:15:05,369563.0
2011-05-08 18:15:05,309849.0
2011-05-09 18:15:05,285840.0
2011-05-10 18:15:05,543880.0
2011-05-11 18:15:05,692885.0
2011-05-12 18:15:05,604958.0
2011-05-13 18:15:05,2737966.0
2011-05-14 18:15:05,5839842.0
2011-05-15 18:15:05,2326710.0
2011-05-16 18:15:05,529896.0
2011-05-17 18:15:05,1159406.0
2011-05-18 18:15:05,632200.0
2011-05-19 18:15:05,408467.0
2011-05-20 18:15:05,436590.0
2011-05-21 18:15:05,2827342.0
2011-05-22 18:15:05,1649403.0
2011-05-23 18:15:05,656643.0
2011-05-24 18:15:05,411273.0
2011-05-25 18:15:05,566716.0
2011-05-26 18:15:05,828721.0
2011-05-27 18:15:05,3111304.0
2011-05-28 18:15:05,417034.0
2011-05-29 18:15:05,526541.0
2011-05-30 18:15:05,437182.0
2011-05-31 18:15:05,636881.0
2011-06-01 18:15:05,591030.0
2011-06-02 18:15:05,856819.0
2011-06-03 18:15:05,2219953.0
2011-06-04 18:15:05,1521884.0
2011-06-05 18:15:05,1730478.0
2011-06-06 18:15:05,2089946.0
2011-06-07 18:15:05,1363724.0
2011-06-08 18:15:05,4909663.0
2011-06-09 18:15:05,5586476.0
2011-06-10 18:15:05,3843920.0
2011-06-11 18:15:05,4622649.0
2011-06-12 18:15:05,15503803.0
2011-06-13 18:15:05,3777160.0
2011-06-14 18:15:05,6262642.0
2011-06-15 18:15:05,2451236.0
2011-06-16 18:15:05,2639725.0
2011-06-17 18:15:05,2965232.0
2011-06-18 18:15:05,1998701.0
2011-06-19 18:15:05,2125491.0
2011-06-20 18:15:05,14519535.0
2011-06-21 18:15:05,1771098.0
2011-06-22 18:15:05,1843731.0
2011-06-23 18:15:05,7615913.0
2011-06-24 18:15:05,1777963.0
2011-06-25 18:15:05,1944141.0
2011-06-26 18:15:05,1101639.0
2011-06-27 18:15:05,1745381.0
2011-06-28 18:15:05,2629087.0
2011-06-29 18:15:05,1364842.0
2011-06-30 18:15:05,1747351.0
2011-07-01 18:15:05,1731314.0
2011-07-02 18:15:05,1501123.0
2011-07-03 18:15:05,691108.0
2011-07-04 18:15:05,962698.0
2011-07-05 18:15:05,1298978.0
2011-07-06 18:15:05,1426877.0
2011-07-07 18:15:05,1041229.0
2011-07-08 18:15:05,780059.0
2011-07-09 18:15:05,763944.0
2011-07-10 18:15:05,814691.0
2011-07-11 18:15:05,1042605.0
2011-07-12 18:15:05,830828.0
2011-07-13 18:15:05,783567.0
2011-07-14 18:15:05,708563.0
2011-07-15 18:15:05,712134.0
2011-07-16 18:15:05,611225.0
2011-07-17 18:15:05,654844.0
2011-07-18 18:15:05,2566237.0
2011-07-19 18:15:05,1159599.0
2011-07-20 18:15:05,787825.0
2011-07-21 18:15:05,788316.0
2011-07-22 18:15:05,799642.0
2011-07-23 18:15:05,749923.0
2011-07-24 18:15:05,579072.0
2011-07-25 18:15:05,1017419.0
2011-07-26 18:15:05,889346.0
2011-07-27 18:15:05,877234.0
2011-07-28 18:15:05,1298118.0
2011-07-29 18:15:05,1124147.0
2011-07-30 18:15:05,687360.0
2011-07-31 18:15:05,797357.0
2011-08-01 18:15:05,784067.0
2011-08-02 18:15:05,1163645.0
2011-08-03 18:15:05,1241578.0
2011-08-04 18:15:05,957933.0
2011-08-05 18:15:05,1354022.0
2011-08-06 18:15:05,750464.0
2011-08-07 18:15:05,1277865.0
2011-08-08 18:15:05,1522290.0
2011-08-09 18:15:05,838551.0
2011-08-10 18:15:05,641011.0
2011-08-11 18:15:05,580148.0
2011-08-12 18:15:05,553232.0
2011-08-13 18:15:05,450891.0
2011-08-14 18:15:05,631248.0
2011-08-15 18:15:05,794343.0
2011-08-16 18:15:05,618632.0
2011-08-17 18:15:05,712430.0
2011-08-18 18:15:05,1016465.0
2011-08-19 18:15:05,651408.0
2011-08-20 18:15:05,550394.0
2011-08-21 18:15:05,474112.0
2011-08-22 18:15:05,648910.0
2011-08-23 18:15:05,546621.0
2011-08-24 18:15:05,744776.0
2011-08-25 18:15:05,1445247.0
2011-08-26 18:15:05,834111.0
2011-08-27 18:15:05,10297260.0
2011-08-28 18:15:05,370701.0
2011-08-29 18:15:05,390351.0
2011-08-30 18:15:05,449115.0
2011-08-31 18:15:05,445986.0
2011-09-01 18:15:05,478641.0
2011-09-02 18:15:05,476920.0
2011-09-03 18:15:05,377717.0
2011-09-04 18:15:05,568608.0
2011-09-05 18:15:05,682371.0
2011-09-06 18:15:05,645989.0
2011-09-07 18:15:05,976725.0
2011-09-08 18:15:05,453856.0
2011-09-09 18:15:05,887507.0
2011-09-10 18:15:05,461676.0
2011-09-11 18:15:05,5650663.0
2011-09-12 18:15:05,566694.0
2011-09-13 18:15:05,351337.0
2011-09-14 18:15:05,468495.0
2011-09-15 18:15:05,298405.0
2011-09-16 18:15:05,464448.0
2011-09-17 18:15:05,343371.0
2011-09-18 18:15:05,281638.0
2011-09-19 18:15:05,390279.0
2011-09-20 18:15:05,556567.0
2011-09-21 18:15:05,761396.0
2011-09-22 18:15:05,435759.0
2011-09-23 18:15:05,321076.0
2011-09-24 18:15:05,377726.0
2011-09-25 18:15:05,293153.0
2011-09-26 18:15:05,357898.0
2011-09-27 18:15:05,408283.0
2011-09-28 18:15:05,325105.0
2011-09-29 18:15:05,241918.0
2011-09-30 18:15:05,322381.0
2011-10-01 18:15:05,374300.0
2011-10-02 18:15:05,279125.0
2011-10-03 18:15:05,266815.0
2011-10-04 18:15:05,351417.0
2011-10-05 18:15:05,399487.0
2011-10-06 18:15:05,661795.0
2011-10-07 18:15:05,425816.0
2011-10-08 18:15:05,478236.0
2011-10-09 18:15:05,326717.0
2011-10-10 18:15:05,237715.0
2011-10-11 18:15:05,325915.0
2011-10-12 18:15:05,295833.0
2011-10-13 18:15:05,319694.0
2011-10-14 18:15:05,316445.0
2011-10-15 18:15:05,304964.0
2011-10-16 18:15:05,218919.0
2011-10-17 18:15:05,442260.0
2011-10-18 18:15:05,299721.0
2011-10-19 18:15:05,240894.0
2011-10-20 18:15:05,302146.0
2011-10-21 18:15:05,259341.0
2011-10-22 18:15:05,316963.0
2011-10-23 18:15:05,354811.0
2011-10-24 18:15:05,303468.0
2011-10-25 18:15:05,338118.0
2011-10-26 18:15:05,349570.0
2011-10-27 18:15:05,237352.0
2011-10-28 18:15:05,398532.0
2011-10-29 18:15:05,722135.0
2011-10-30 18:15:05,291917.0
2011-10-31 18:15:05,287167.0
2011-11-01 18:15:05,423635.0
2011-11-02 18:15:05,475799.0
2011-11-03 18:15:05,377651.0
2011-11-04 18:15:05,332715.0
2011-11-05 18:15:05,358627.0
2011-11-06 18:15:05,244963.0
2011-11-07 18:15:05,197525.0
2011-11-08 18:15:05,376046.0
2011-11-09 18:15:05,809263.0
2011-11-10 18:15:05,374929.0
2011-11-11 18:15:05,420199.0
2011-11-12 18:15:05,244425.0
2011-11-13 18:15:05,243426.0
2011-11-14 18:15:05,372793.0
2011-11-15 18:15:05,441365.0
2011-11-16 18:15:05,3652992.0
2011-11-17 18:15:05,6702922.0
2011-11-18 18:15:05,6874636.0
2011-11-19 18:15:05,5513644.0
2011-11-20 18:15:05,1644284.0
2011-11-21 18:15:05,2661522.0
2011-11-22 18:15:05,3917824.0
2011-11-23 18:15:05,2729557.0
2011-11-24 18:15:05,419936.0
2011-11-25 18:15:05,454521.0
2011-11-26 18:15:05,446452.0
2011-11-27 18:15:05,2783795.0
2011-11-28 18:15:05,6730250.0
2011-11-29 18:15:05,6103599.0
2011-11-30 18:15:05,13988702.0
2011-12-01 18:15:05,7723835.0
2011-12-02 18:15:05,10383421.0
2011-12-03 18:15:05,11525011.0
2011-12-04 18:15:05,9581607.0
2011-12-05 18:15:05,5518235.0
2011-12-06 18:15:05,17766452.0
2011-12-07 18:15:05,16375162.0
2011-12-08 18:15:05,12093048.0
2011-12-09 18:15:05,3556927.0
2011-12-10 18:15:05,987549.0
2011-12-11 18:15:05,910170.0
2011-12-12 18:15:05,1079987.0
2011-12-13 18:15:05,536072.0
2011-12-14 18:15:05,418430.0
2011-12-15 18:15:05,452855.0
2011-12-16 18:15:05,521381.0
2011-12-17 18:15:05,428890.0
2011-12-18 18:15:05,262169.0
2011-12-19 18:15:05,490970.0
2011-12-20 18:15:05,887634.0
2011-12-21 18:15:05,675626.0
2011-12-22 18:15:05,419517.0
2011-12-23 18:15:05,380340.0
2011-12-24 18:15:05,333486.0
2011-12-25 18:15:05,289996.0
2011-12-26 18:15:05,360058.0
2011-12-27 18:15:05,335821.0
2011-12-28 18:15:05,390823.0
2011-12-29 18:15:05,503870.0
2011-12-30 18:15:05,363108.0
2011-12-31 18:15:05,415486.0
2012-01-01 18:15:05,878045.0
2012-01-02 18:15:05,568334.0
2012-01-03 18:15:05,446936.0
2012-01-04 18:15:05,665796.0
2012-01-05 18:15:05,1350623.0
2012-01-06 18:15:05,1253710.0
2012-01-07 18:15:05,733529.0
2012-01-08 18:15:05,579522.0
2012-01-09 18:15:05,1080678.0
2012-01-10 18:15:05,741592.0
2012-01-11 18:15:05,782777.0
2012-01-12 18:15:05,553600.0
2012-01-13 18:15:05,1178001.0
2012-01-14 18:15:05,836496.0
2012-01-15 18:15:05,554810.0
2012-01-16 18:15:05,917770.0
2012-01-17 18:15:05,1012812.0
2012-01-18 18:15:05,1066261.0
2012-01-19 18:15:05,787340.0
2012-01-20 18:15:05,963301.0
2012-01-21 18:15:05,607503.0
2012-01-22 18:15:05,397685.0
2012-01-23 18:15:05,452390.0
2012-01-24 18:15:05,630962.0
2012-01-25 18:15:05,763512.0
2012-01-26 18:15:05,811708.0
2012-01-27 18:15:05,806235.0
2012-01-28 18:15:05,484063.0
2012-01-29 18:15:05,544968.0
2012-01-30 18:15:05,463445.0
2012-01-31 18:15:05,475445.0
2012-02-01 18:15:05,789751.0
2012-02-02 18:15:05,863863.0
2012-02-03 18:15:05,725368.0
2012-02-04 18:15:05,820333.0
2012-02-05 18:15:05,660909.0
2012-02-06 18:15:05,688019.0
2012-02-07 18:15:05,650888.0
2012-02-08 18:15:05,598229.0
2012-02-09 18:15:05,536018.0
2012-02-10 18:15:05,541171.0
2012-02-11 18:15:05,618951.0
2012-02-12 18:15:05,826452.0
2012-02-13 18:15:05,781324.0
2012-02-14 18:15:05,2137549.0
2012-02-15 18:15:05,2096214.0
2012-02-16 18:15:05,1300415.0
2012-02-17 18:15:05,900215.0
2012-02-18 18:15:05,526421.0
2012-02-19 18:15:05,353030.0
2012-02-20 18:15:05,476064.0
2012-02-21 18:15:05,456992.0
2012-02-22 18:15:05,663998.0
2012-02-23 18:15:05,617242.0
2012-02-24 18:15:05,870747.0
2012-02-25 18:15:05,922316.0
2012-02-26 18:15:05,446782.0
2012-02-27 18:15:05,468194.0
2012-02-28 18:15:05,587931.0
2012-02-29 18:15:05,513594.0
2012-03-01 18:15:05,793554.0
2012-03-02 18:15:05,1164446.0
2012-03-03 18:15:05,757965.0
2012-03-04 18:15:05,473450.0
2012-03-05 18:15:05,446488.0
2012-03-06 18:15:05,587367.0
2012-03-07 18:15:05,558907.0
2012-03-08 18:15:05,485287.0
2012-03-09 18:15:05,529964.0
2012-03-10 18:15:05,505860.0
2012-03-11 18:15:05,365750.0
2012-03-12 18:15:05,540006.0
2012-03-13 18:15:05,730504.0
2012-03-14 18:15:05,646581.0
2012-03-15 18:15:05,855407.0
2012-03-16 18:15:05,749601.0
2012-03-17 18:15:05,484800.0
2012-03-18 18:15:05,484560.0
2012-03-19 18:15:05,612429.0
2012-03-20 18:15:05,610840.0
2012-03-21 18:15:05,712315.0
2012-03-22 18:15:05,615282.0
2012-03-23 18:15:05,616434.0
2012-03-24 18:15:05,492929.0
2012-03-25 18:15:05,592516.0
2012-03-26 18:15:05,527552.0
2012-03-27 18:15:05,646766.0
2012-03-28 18:15:05,653315.0
2012-03-29 18:15:05,694330.0
2012-03-30 18:15:05,669916.0
2012-03-31 18:15:05,567768.0
2012-04-01 18:15:05,452369.0
2012-04-02 18:15:05,566497.0
2012-04-03 18:15:05,768178.0
2012-04-04 18:15:05,777878.0
2012-04-05 18:15:05,829501.0
2012-04-06 18:15:05,893338.0
2012-04-07 18:15:05,542647.0
2012-04-08 18:15:05,412226.0
2012-04-09 18:15:05,1241680.0
2012-04-10 18:15:05,1258479.0
2012-04-11 18:15:05,682008.0
2012-04-12 18:15:05,1272581.0
2012-04-13 18:15:05,960244.0
2012-04-14 18:15:05,943975.0
2012-04-15 18:15:05,431013.0
2012-04-16 18:15:05,814859.0
2012-04-17 18:15:05,1099386.0
2012-04-18 18:15:05,919525.0
2012-04-19 18:15:05,1038662.0
2012-04-20 18:15:05,1151820.0
2012-04-21 18:15:05,933213.0
2012-04-22 18:15:05,940823.0
2012-04-23 18:15:05,612089.0
2012-04-24 18:15:05,810640.0
2012-04-25 18:15:05,787789.0
2012-04-26 18:15:05,1061121.0
2012-04-27 18:15:05,750356.0
2012-04-28 18:15:05,679114.0
2012-04-29 18:15:05,800697.0
2012-04-30 18:15:05,571085.0
2012-05-01 18:15:05,765844.0
2012-05-02 18:15:05,800088.0
2012-05-03 18:15:05,911396.0
2012-05-04 18:15:05,735084.0
2012-05-05 18:15:05,751695.0
2012-05-06 18:15:05,997931.0
2012-05-07 18:15:05,895072.0
2012-05-08 18:15:05,876743.0
2012-05-09 18:15:05,1138844.0
2012-05-10 18:15:05,1200890.0
2012-05-11 18:15:05,1138863.0
2012-05-12 18:15:05,867910.0
2012-05-13 18:15:05,711651.0
2012-05-14 18:15:05,706640.0
2012-05-15 18:15:05,1146251.0
2012-05-16 18:15:05,955951.0
2012-05-17 18:15:05,824999.0
2012-05-18 18:15:05,1314750.0
2012-05-19 18:15:05,764992.0
2012-05-20 18:15:05,762713.0
2012-05-21 18:15:05,1092576.0
2012-05-22 18:15:05,1401980.0
2012-05-23 18:15:05,1086090.0
2012-05-24 18:15:05,798294.0
2012-05-25 18:15:05,831374.0
2012-05-26 18:15:05,738713.0
2012-05-27 18:15:05,685520.0
2012-05-28 18:15:05,771315.0
2012-05-29 18:15:05,1034024.0
2012-05-30 18:15:05,1027259.0
2012-05-31 18:15:05,1095397.0
2012-06-01 18:15:05,3268330.0
2012-06-02 18:15:05,989428.0
2012-06-03 18:15:05,597993.0
2012-06-04 18:15:05,1110604.0
2012-06-05 18:15:05,1320789.0
2012-06-06 18:15:05,1064912.0
2012-06-07 18:15:05,1228372.0
2012-06-08 18:15:05,1389101.0
2012-06-09 18:15:05,1315104.0
2012-06-10 18:15:05,850427.0
2012-06-11 18:15:05,976695.0
2012-06-12 18:15:05,1167081.0
2012-06-13 18:15:05,1576581.0
2012-06-14 18:15:05,1073837.0
2012-06-15 18:15:05,1250131.0
2012-06-16 18:15:05,1776317.0
2012-06-17 18:15:05,1049837.0
2012-06-18 18:15:05,1262781.0
2012-06-19 18:15:05,1415080.0
2012-06-20 18:15:05,1697977.0
2012-06-21 18:15:05,1290179.0
2012-06-22 18:15:05,1676382.0
2012-06-23 18:15:05,1055120.0
2012-06-24 18:15:05,1756136.0
2012-06-25 18:15:05,1197025.0
2012-06-26 18:15:05,1930647.0
2012-06-27 18:15:05,1583553.0
2012-06-28 18:15:05,1547091.0
2012-06-29 18:15:05,986415.0
2012-06-30 18:15:05,958873.0
2012-07-01 18:15:05,669466.0
2012-07-02 18:15:05,977687.0
2012-07-03 18:15:05,1893726.0
2012-07-04 18:15:05,1506107.0
2012-07-05 18:15:05,1234266.0
2012-07-06 18:15:05,1325077.0
2012-07-07 18:15:05,1088100.0
2012-07-08 18:15:05,882943.0
2012-07-09 18:15:05,1285179.0
2012-07-10 18:15:05,1753780.0
2012-07-11 18:15:05,1504151.0
2012-07-12 18:15:05,1769973.0
2012-07-13 18:15:05,2506981.0
2012-07-14 18:15:05,2336848.0
2012-07-15 18:15:05,1129466.0
2012-07-16 18:15:05,1661503.0
2012-07-17 18:15:05,3905528.0
2012-07-18 18:15:05,2758940.0
2012-07-19 18:15:05,1710994.0
2012-07-20 18:15:05,2297360.0
2012-07-21 18:15:05,2214183.0
2012-07-22 18:15:05,1248162.0
2012-07-23 18:15:05,1836824.0
2012-07-24 18:15:05,2030339.0
2012-07-25 18:15:05,1706245.0
2012-07-26 18:15:05,2138892.0
2012-07-27 18:15:05,1486569.0
2012-07-28 18:15:05,1229283.0
2012-07-29 18:15:05,1162123.0
2012-07-30 18:15:05,1424114.0
2012-07-31 18:15:05,2868033.0
2012-08-01 18:15:05,2598530.0
2012-08-02 18:15:05,2640307.0
2012-08-03 18:15:05,2961123.0
2012-08-04 18:15:05,1905221.0
2012-08-05 18:15:05,1596988.0
2012-08-06 18:15:05,2019207.0
2012-08-07 18:15:05,2113987.0
2012-08-08 18:15:05,2222610.0
2012-08-09 18:15:05,2882069.0
2012-08-10 18:15:05,2495366.0
2012-08-11 18:15:05,1692485.0
2012-08-12 18:15:05,1138432.0
2012-08-13 18:15:05,2115786.0
2012-08-14 18:15:05,2948060.0
2012-08-15 18:15:05,2241263.0
2012-08-16 18:15:05,2807715.0
2012-08-17 18:15:05,3341893.0
2012-08-18 18:15:05,4122022.0
2012-08-19 18:15:05,4363895.0
2012-08-20 18:15:05,7101858.0
2012-08-21 18:15:05,3146792.0
2012-08-22 18:15:05,3739343.0
2012-08-23 18:15:05,2653441.0
2012-08-24 18:15:05,2221352.0
2012-08-25 18:15:05,2448928.0
2012-08-26 18:15:05,1965669.0
2012-08-27 18:15:05,3360623.0
2012-08-28 18:15:05,2592620.0
2012-08-29 18:15:05,2736267.0
2012-08-30 18:15:05,2499013.0
2012-08-31 18:15:05,4119638.0
2012-09-01 18:15:05,1608123.0
2012-09-02 18:15:05,1346909.0
2012-09-03 18:15:05,1814331.0
2012-09-04 18:15:05,2515047.0
2012-09-05 18:15:05,2254710.0
2012-09-06 18:15:05,3244593.0
2012-09-07 18:15:05,2173006.0
2012-09-08 18:15:05,1989741.0
2012-09-09 18:15:05,3817108.0
2012-09-10 18:15:05,4662617.0
2012-09-11 18:15:05,3374251.0
2012-09-12 18:15:05,2963400.0
2012-09-13 18:15:05,2967383.0
2012-09-14 18:15:05,2476501.0
2012-09-15 18:15:05,2735262.0
2012-09-16 18:15:05,1647449.0
2012-09-17 18:15:05,2701490.0
2012-09-18 18:15:05,3313125.0
2012-09-19 18:15:05,2873579.0
2012-09-20 18:15:05,3224024.0
2012-09-21 18:15:05,6610139.0
2012-09-22 18:15:05,3035165.0
2012-09-23 18:15:05,1548842.0
2012-09-24 18:15:05,3041292.0
2012-09-25 18:15:05,2989923.0
2012-09-26 18:15:05,2787295.0
2012-09-27 18:15:05,2934561.0
2012-09-28 18:15:05,2864060.0
2012-09-29 18:15:05,2779943.0
2012-09-30 18:15:05,2180981.0
2012-10-01 18:15:05,2348382.0
2012-10-02 18:15:05,3503565.0
2012-10-03 18:15:05,3295084.0
2012-10-04 18:15:05,3326931.0
2012-10-05 18:15:05,3204636.0
2012-10-06 18:15:05,1755079.0
2012-10-07 18:15:05,1621659.0
2012-10-08 18:15:05,2664207.0
2012-10-09 18:15:05,2530211.0
2012-10-10 18:15:05,2462497.0
2012-10-11 18:15:05,2582584.0
2012-10-12 18:15:05,2594250.0
2012-10-13 18:15:05,1747498.0
2012-10-14 18:15:05,1628112.0
2012-10-15 18:15:05,2108981.0
2012-10-16 18:15:05,2729343.0
2012-10-17 18:15:05,2661560.0
2012-10-18 18:15:05,2691907.0
2012-10-19 18:15:05,2520224.0
2012-10-20 18:15:05,3294081.0
2012-10-21 18:15:05,2045224.0
2012-10-22 18:15:05,2481903.0
2012-10-23 18:15:05,3280241.0
2012-10-24 18:15:05,3782770.0
2012-10-25 18:15:05,3763329.0
2012-10-26 18:15:05,2637060.0
2012-10-27 18:15:05,2613945.0
2012-10-28 18:15:05,1585103.0
2012-10-29 18:15:05,1700668.0
2012-10-30 18:15:05,3302044.0
2012-10-31 18:15:05,2900334.0
2012-11-01 18:15:05,3093891.0
2012-11-02 18:15:05,2637844.0
2012-11-03 18:15:05,1626210.0
2012-11-04 18:15:05,1099881.0
2012-11-05 18:15:05,1973937.0
2012-11-06 18:15:05,2190698.0
2012-11-07 18:15:05,2345008.0
2012-11-08 18:15:05,2456684.0
2012-11-09 18:15:05,2089416.0
2012-11-10 18:15:05,1275462.0
2012-11-11 18:15:05,774286.0
2012-11-12 18:15:05,1578039.0
2012-11-13 18:15:05,1439249.0
2012-11-14 18:15:05,1530370.0
2012-11-15 18:15:05,2196317.0
2012-11-16 18:15:05,4164666.0
2012-11-17 18:15:05,2838875.0
2012-11-18 18:15:05,2204342.0
2012-11-19 18:15:05,3084759.0
2012-11-20 18:15:05,2233941.0
2012-11-21 18:15:05,2130171.0
2012-11-22 18:15:05,2334865.0
2012-11-23 18:15:05,1608539.0
2012-11-24 18:15:05,2114463.0
2012-11-25 18:15:05,1392564.0
2012-11-26 18:15:05,2239282.0
2012-11-27 18:15:05,3021259.0
2012-11-28 18:15:05,2787922.0
2012-11-29 18:15:05,2367943.0
2012-11-30 18:15:05,2271445.0
2012-12-01 18:15:05,1680606.0
2012-12-02 18:15:05,1497889.0
2012-12-03 18:15:05,2490623.0
2012-12-04 18:15:05,2827962.0
2012-12-05 18:15:05,3171569.0
2012-12-06 18:15:05,2997416.0
2012-12-07 18:15:05,2952657.0
2012-12-08 18:15:05,2271673.0
2012-12-09 18:15:05,1593928.0
2012-12-10 18:15:05,2782848.0
2012-12-11 18:15:05,3745276.0
2012-12-12 18:15:05,3296555.0
2012-12-13 18:15:05,4343095.0
2012-12-14 18:15:05,3325538.0
2012-12-15 18:15:05,2527927.0
2012-12-16 18:15:05,1448181.0
2012-12-17 18:15:05,2721533.0
2012-12-18 18:15:05,3316623.0
2012-12-19 18:15:05,3168938.0
2012-12-20 18:15:05,2269000.0
2012-12-21 18:15:05,2880933.0
2012-12-22 18:15:05,2095778.0
2012-12-23 18:15:05,1371188.0
2012-12-24 18:15:05,2099686.0
2012-12-25 18:15:05,1495965.0
2012-12-26 18:15:05,1637189.0
2012-12-27 18:15:05,2100887.0
2012-12-28 18:15:05,2378989.0
2012-12-29 18:15:05,2236812.0
2012-12-30 18:15:05,1543400.0
2012-12-31 18:15:05,2475471.0
2013-01-01 18:15:05,1602831.0
2013-01-02 18:15:05,3201112.0
2013-01-03 18:15:05,2127085.0
2013-01-04 18:15:05,2902299.0
2013-01-05 18:15:05,2656630.0
2013-01-06 18:15:05,1924972.0
2013-01-07 18:15:05,2261261.0
2013-01-08 18:15:05,3283637.0
2013-01-09 18:15:05,3605220.0
2013-01-10 18:15:05,3270152.0
2013-01-11 18:15:05,3036299.0
2013-01-12 18:15:05,2481424.0
2013-01-13 18:15:05,2395237.0
2013-01-14 18:15:05,2562183.0
2013-01-15 18:15:05,3434253.0
2013-01-16 18:15:05,3501973.0
2013-01-17 18:15:05,4227299.0
2013-01-18 18:15:05,3924977.0
2013-01-19 18:15:05,2680653.0
2013-01-20 18:15:05,1958761.0
2013-01-21 18:15:05,3249814.0
2013-01-22 18:15:05,4627216.0
2013-01-23 18:15:05,5278950.0
2013-01-24 18:15:05,6239889.0
2013-01-25 18:15:05,5058536.0
2013-01-26 18:15:05,4316986.0
2013-01-27 18:15:05,2866972.0
2013-01-28 18:15:05,3790258.0
2013-01-29 18:15:05,7990846.0
2013-01-30 18:15:05,5821475.0
2013-01-31 18:15:05,7888828.0
2013-02-01 18:15:05,7820485.0
2013-02-02 18:15:05,6881550.0
2013-02-03 18:15:05,3715417.0
2013-02-04 18:15:05,3930883.0
2013-02-05 18:15:05,5488787.0
2013-02-06 18:15:05,6013971.0
2013-02-07 18:15:05,5968552.0
2013-02-08 18:15:05,5081101.0
2013-02-09 18:15:05,4223315.0
2013-02-10 18:15:05,4138412.0
2013-02-11 18:15:05,4426803.0
2013-02-12 18:15:05,7061162.0
2013-02-13 18:15:05,7442417.0
2013-02-14 18:15:05,6911850.0
2013-02-15 18:15:05,9301581.0
2013-02-16 18:15:05,4757318.0
2013-02-17 18:15:05,6067580.0
2013-02-18 18:15:05,6498043.0
2013-02-19 18:15:05,7052949.0
2013-02-20 18:15:05,8693971.0
2013-02-21 18:15:05,7550061.0
2013-02-22 18:15:05,7984119.0
2013-02-23 18:15:05,6872446.0
2013-02-24 18:15:05,8519389.0
2013-02-25 18:15:05,9347856.0
2013-02-26 18:15:05,8510896.0
2013-02-27 18:15:05,6959135.0
2013-02-28 18:15:05,10035688.0
2013-03-01 18:15:05,11051611.0
2013-03-02 18:15:05,8701712.0
2013-03-03 18:15:05,3914052.0
2013-03-04 18:15:05,7038825.0
2013-03-05 18:15:05,11576870.0
2013-03-06 18:15:05,16500967.0
2013-03-07 18:15:05,14236761.0
2013-03-08 18:15:05,10227611.0
2013-03-09 18:15:05,7501147.0
2013-03-10 18:15:05,6980765.0
2013-03-11 18:15:05,9081051.0
2013-03-12 18:15:05,10787561.0
2013-03-13 18:15:05,12910133.0
2013-03-14 18:15:05,11238654.0
2013-03-15 18:15:05,10687439.0
2013-03-16 18:15:05,7545387.0
2013-03-17 18:15:05,6285195.0
2013-03-18 18:15:05,9358810.0
2013-03-19 18:15:05,18778746.0
2013-03-20 18:15:05,18458531.0
2013-03-21 18:15:05,20575727.0
2013-03-22 18:15:05,21801146.0
2013-03-23 18:15:05,15164676.0
2013-03-24 18:15:05,12746354.0
2013-03-25 18:15:05,20725370.0
2013-03-26 18:15:05,20804086.0
2013-03-27 18:15:05,22754510.0
2013-03-28 18:15:05,27694330.0
2013-03-29 18:15:05,27471833.0
2013-03-30 18:15:05,22501619.0
2013-03-31 18:15:05,12404983.0
2013-04-01 18:15:05,18959533.0
2013-04-02 18:15:05,44122940.0
2013-04-03 18:15:05,53723159.0
2013-04-04 18:15:05,48600145.0
2013-04-05 18:15:05,35085788.0
2013-04-06 18:15:05,27164719.0
2013-04-07 18:15:05,26561470.0
2013-04-08 18:15:05,53285205.0
2013-04-09 18:15:05,81522215.0
2013-04-10 18:15:05,109067750.0
2013-04-11 18:15:05,82546564.0
2013-04-12 18:15:05,37369827.0
2013-04-13 18:15:05,31942206.0
2013-04-14 18:15:05,16832998.0
2013-04-15 18:15:05,20737494.0
2013-04-16 18:15:05,50172538.0
2013-04-17 18:15:05,27333638.0
2013-04-18 18:15:05,25397077.0
2013-04-19 18:15:05,32877553.0
2013-04-20 18:15:05,21420855.0
2013-04-21 18:15:05,19031291.0
2013-04-22 18:15:05,19186106.0
2013-04-23 18:15:05,24261348.0
2013-04-24 18:15:05,38367160.0
2013-04-25 18:15:05,39015342.0
2013-04-26 18:15:05,34243763.0
2013-04-27 18:15:05,28298545.0
2013-04-28 18:15:05,22605050.0
2013-04-29 18:15:05,41199388.0
2013-04-30 18:15:05,32294820.0
2013-05-01 18:15:05,32988744.0
2013-05-02 18:15:05,33019004.0
2013-05-03 18:15:05,34738967.0
2013-05-04 18:15:05,19138832.0
2013-05-05 18:15:05,22070654.0
2013-05-06 18:15:05,32747255.0
2013-05-07 18:15:05,48700263.0
2013-05-08 18:15:05,37158553.0
2013-05-09 18:15:05,18432038.0
2013-05-10 18:15:05,23437933.0
2013-05-11 18:15:05,24070739.0
2013-05-12 18:15:05,24398195.0
2013-05-13 18:15:05,30970356.0
2013-05-14 18:15:05,23674574.0
2013-05-15 18:15:05,33062756.0
2013-05-16 18:15:05,24772186.0
2013-05-17 18:15:05,22302152.0
2013-05-18 18:15:05,26655270.0
2013-05-19 18:15:05,13956766.0
2013-05-20 18:15:05,14724464.0
2013-05-21 18:15:05,18248895.0
2013-05-22 18:15:05,16951340.0
2013-05-23 18:15:05,17289205.0
2013-05-24 18:15:05,18356960.0
2013-05-25 18:15:05,32328129.0
2013-05-26 18:15:05,9320100.0
2013-05-27 18:15:05,12042798.0
2013-05-28 18:15:05,21874484.0
2013-05-29 18:15:05,19647318.0
2013-05-30 18:15:05,19997470.0
2013-05-31 18:15:05,21623328.0
2013-06-01 18:15:05,12395215.0
2013-06-02 18:15:05,13732191.0
2013-06-03 18:15:05,21628574.0
2013-06-04 18:15:05,26471992.0
2013-06-05 18:15:05,20651670.0
2013-06-06 18:15:05,19417968.0
2013-06-07 18:15:05,26030025.0
2013-06-08 18:15:05,14984807.0
2013-06-09 18:15:05,22648459.0
2013-06-10 18:15:05,16832721.0
2013-06-11 18:15:05,15612185.0
2013-06-12 18:15:05,18866105.0
2013-06-13 18:15:05,14604166.0
2013-06-14 18:15:05,19223868.0
2013-06-15 18:15:05,14288283.0
2013-06-16 18:15:05,10344457.0
2013-06-17 18:15:05,11990898.0
2013-06-18 18:15:05,15606642.0
2013-06-19 18:15:05,15008169.0
2013-06-20 18:15:05,16649067.0
2013-06-21 18:15:05,20329679.0
2013-06-22 18:15:05,11644483.0
2013-06-23 18:15:05,11109050.0
2013-06-24 18:15:05,15989758.0
2013-06-25 18:15:05,15094760.0
2013-06-26 18:15:05,16456972.0
2013-06-27 18:15:05,14300350.0
2013-06-28 18:15:05,16447575.0
2013-06-29 18:15:05,12964846.0
2013-06-30 18:15:05,10045786.0
2013-07-01 18:15:05,19434641.0
2013-07-02 18:15:05,23261977.0
2013-07-03 18:15:05,21960742.0
2013-07-04 18:15:05,26002648.0
2013-07-05 18:15:05,23177973.0
2013-07-06 18:15:05,17414249.0
2013-07-07 18:15:05,11978048.0
2013-07-08 18:15:05,14716112.0
2013-07-09 18:15:05,24266100.0
2013-07-10 18:15:05,25504393.0
2013-07-11 18:15:05,17778704.0
2013-07-12 18:15:05,32207761.0
2013-07-13 18:15:05,27547900.0
2013-07-14 18:15:05,16176442.0
2013-07-15 18:15:05,14831969.0
2013-07-16 18:15:05,21760731.0
2013-07-17 18:15:05,35799465.0
2013-07-18 18:15:05,29876056.0
2013-07-19 18:15:05,26606654.0
2013-07-20 18:15:05,12358753.0
2013-07-21 18:15:05,11557290.0
2013-07-22 18:15:05,20691538.0
2013-07-23 18:15:05,29454766.0
2013-07-24 18:15:05,22100556.0
2013-07-25 18:15:05,17564335.0
2013-07-26 18:15:05,19630098.0
2013-07-27 18:15:05,13875296.0
2013-07-28 18:15:05,10211744.0
2013-07-29 18:15:05,18173521.0
2013-07-30 18:15:05,17436599.0
2013-07-31 18:15:05,27961402.0
2013-08-01 18:15:05,24802510.0
2013-08-02 18:15:05,17227543.0
2013-08-03 18:15:05,21849030.0
2013-08-04 18:15:05,9821585.0
2013-08-05 18:15:05,16579173.0
2013-08-06 18:15:05,17336173.0
2013-08-07 18:15:05,15577018.0
2013-08-08 18:15:05,15173289.0
2013-08-09 18:15:05,14108629.0
2013-08-10 18:15:05,11394420.0
2013-08-11 18:15:05,12230280.0
2013-08-12 18:15:05,23274506.0
2013-08-13 18:15:05,27791508.0
2013-08-14 18:15:05,18877399.0
2013-08-15 18:15:05,18697134.0
2013-08-16 18:15:05,15799075.0
2013-08-17 18:15:05,10908216.0
2013-08-18 18:15:05,9855148.0
2013-08-19 18:15:05,18536956.0
2013-08-20 18:15:05,21774465.0
2013-08-21 18:15:05,21477614.0
2013-08-22 18:15:05,19417003.0
2013-08-23 18:15:05,18379588.0
2013-08-24 18:15:05,12358432.0
2013-08-25 18:15:05,12086159.0
2013-08-26 18:15:05,15758636.0
2013-08-27 18:15:05,22789346.0
2013-08-28 18:15:05,23599317.0
2013-08-29 18:15:05,26852781.0
2013-08-30 18:15:05,19897419.0
2013-08-31 18:15:05,21527351.0
2013-09-01 18:15:05,19292550.0
2013-09-02 18:15:05,18119264.0
2013-09-03 18:15:05,21059813.0
2013-09-04 18:15:05,24707681.0
2013-09-05 18:15:05,25503578.0
2013-09-06 18:15:05,16094489.0
2013-09-07 18:15:05,13811249.0
2013-09-08 18:15:05,9575050.0
2013-09-09 18:15:05,15359356.0
2013-09-10 18:15:05,18426068.0
2013-09-11 18:15:05,17480102.0
2013-09-12 18:15:05,19081844.0
2013-09-13 18:15:05,17487264.0
2013-09-14 18:15:05,13379196.0
2013-09-15 18:15:05,9903219.0
2013-09-16 18:15:05,15807935.0
2013-09-17 18:15:05,17593089.0
2013-09-18 18:15:05,20504733.0
2013-09-19 18:15:05,27283020.0
2013-09-20 18:15:05,18543950.0
2013-09-21 18:15:05,13680647.0
2013-09-22 18:15:05,14591512.0
2013-09-23 18:15:05,19845271.0
2013-09-24 18:15:05,26370038.0
2013-09-25 18:15:05,22296216.0
2013-09-26 18:15:05,19907594.0
2013-09-27 18:15:05,20570062.0
2013-09-28 18:15:05,17176512.0
2013-09-29 18:15:05,18613584.0
2013-09-30 18:15:05,17858428.0
2013-10-01 18:15:05,28385075.0
2013-10-02 18:15:05,30243868.0
2013-10-03 18:15:05,39333168.0
2013-10-04 18:15:05,18930821.0
2013-10-05 18:15:05,12004509.0
2013-10-06 18:15:05,11506441.0
2013-10-07 18:15:05,22147123.0
2013-10-08 18:15:05,16450364.0
2013-10-09 18:15:05,22600153.0
2013-10-10 18:15:05,19987068.0
2013-10-11 18:15:05,20022201.0
2013-10-12 18:15:05,16997986.0
2013-10-13 18:15:05,13162986.0
2013-10-14 18:15:05,23663367.0
2013-10-15 18:15:05,25180562.0
2013-10-16 18:15:05,29272418.0
2013-10-17 18:15:05,25606096.0
2013-10-18 18:15:05,23370691.0
2013-10-19 18:15:05,32532840.0
2013-10-20 18:15:05,20272986.0
2013-10-21 18:15:05,30979595.0
2013-10-22 18:15:05,65660979.0
2013-10-23 18:15:05,48435641.0
2013-10-24 18:15:05,49099293.0
2013-10-25 18:15:05,59153404.0
2013-10-26 18:15:05,36443698.0
2013-10-27 18:15:05,20364921.0
2013-10-28 18:15:05,23040191.0
2013-10-29 18:15:05,56466616.0
2013-10-30 18:15:05,33905628.0
2013-10-31 18:15:05,30015321.0
2013-11-01 18:15:05,30585801.0
2013-11-02 18:15:05,25308174.0
2013-11-03 18:15:05,22891169.0
2013-11-04 18:15:05,44225105.0
2013-11-05 18:15:05,87485395.0
2013-11-06 18:15:05,66303724.0
2013-11-07 18:15:05,83843663.0
2013-11-08 18:15:05,105554624.0
2013-11-09 18:15:05,105398358.0
2013-11-10 18:15:05,66944275.0
2013-11-11 18:15:05,60555075.0
2013-11-12 18:15:05,80529524.0
2013-11-13 18:15:05,87048365.0
2013-11-14 18:15:05,116172520.0
2013-11-15 18:15:05,97870794.0
2013-11-16 18:15:05,96660457.0
2013-11-17 18:15:05,79545941.0
2013-11-18 18:15:05,183156028.0
2013-11-19 18:15:05,236770803.0
2013-11-20 18:15:05,189981706.0
2013-11-21 18:15:05,198846547.0
2013-11-22 18:15:05,499658342.0
2013-11-23 18:15:05,162973773.0
2013-11-24 18:15:05,188795019.0
2013-11-25 18:15:05,140067968.0
2013-11-26 18:15:05,240113213.0
2013-11-27 18:15:05,317679101.0
2013-11-28 18:15:05,343988520.0
2013-11-29 18:15:05,384357424.0
2013-11-30 18:15:05,259798119.0
2013-12-01 18:15:05,182057510.0
2013-12-02 18:15:05,209705624.0
2013-12-03 18:15:05,177375733.0
2013-12-04 18:15:05,196826039.0
2013-12-05 18:15:05,264518651.0
2013-12-06 18:15:05,278007050.0
2013-12-07 18:15:05,214902235.0
2013-12-08 18:15:05,138704496.0
2013-12-09 18:15:05,117027891.0
2013-12-10 18:15:05,161107070.0
2013-12-11 18:15:05,213807083.0
2013-12-12 18:15:05,92211510.0
2013-12-13 18:15:05,100151178.0
2013-12-14 18:15:05,99250160.0
2013-12-15 18:15:05,94713773.0
2013-12-16 18:15:05,119628591.0
2013-12-17 18:15:05,176116795.0
2013-12-18 18:15:05,197594224.0
2013-12-19 18:15:05,157726334.0
2013-12-20 18:15:05,132627443.0
2013-12-21 18:15:05,185997919.0
2013-12-22 18:15:05,98196637.0
2013-12-23 18:15:05,85126859.0
2013-12-24 18:15:05,83190871.0
2013-12-25 18:15:05,191629293.0
2013-12-26 18:15:05,67082728.0
2013-12-27 18:15:05,82468792.0
2013-12-28 18:15:05,58459390.0
2013-12-29 18:15:05,44478343.0
2013-12-30 18:15:05,88947409.0
2013-12-31 18:15:05,70162130.0
2014-01-01 18:15:05,56483139.0
2014-01-02 18:15:05,74786915.0
2014-01-03 18:15:05,149944252.0
2014-01-04 18:15:05,114646590.0
2014-01-05 18:15:05,133777808.0
2014-01-06 18:15:05,162446901.0
2014-01-07 18:15:05,100994810.0
2014-01-08 18:15:05,113804404.0
2014-01-09 18:15:05,65072095.0
2014-01-10 18:15:05,64780722.0
2014-01-11 18:15:05,86126142.0
2014-01-12 18:15:05,66635322.0
2014-01-13 18:15:05,73322235.0
2014-01-14 18:15:05,83128691.0
2014-01-15 18:15:05,110811182.0
2014-01-16 18:15:05,83152691.0
2014-01-17 18:15:05,69286154.0
2014-01-18 18:15:05,46303539.0
2014-01-19 18:15:05,50510418.0
2014-01-20 18:15:05,75885343.0
2014-01-21 18:15:05,113445881.0
2014-01-22 18:15:05,68931602.0
2014-01-23 18:15:05,73300289.0
2014-01-24 18:15:05,103284815.0
2014-01-25 18:15:05,63934534.0
2014-01-26 18:15:05,53282798.0
2014-01-27 18:15:05,89454816.0
2014-01-28 18:15:05,109368085.0
2014-01-29 18:15:05,55425036.0
2014-01-30 18:15:05,73260237.0
2014-01-31 18:15:05,52245602.0
2014-02-01 18:15:05,57920715.0
2014-02-02 18:15:05,46812767.0
2014-02-03 18:15:05,47583167.0
2014-02-04 18:15:05,84175036.0
2014-02-05 18:15:05,111647129.0
2014-02-06 18:15:05,164571017.0
2014-02-07 18:15:05,110845030.0
2014-02-08 18:15:05,52404670.0
2014-02-09 18:15:05,60241888.0
2014-02-10 18:15:05,80274582.0
2014-02-11 18:15:05,92174104.0
2014-02-12 18:15:05,67142256.0
2014-02-13 18:15:05,51260221.0
2014-02-14 18:15:05,96607239.0
2014-02-15 18:15:05,48064647.0
2014-02-16 18:15:05,61558705.0
2014-02-17 18:15:05,64575559.0
2014-02-18 18:15:05,73726238.0
2014-02-19 18:15:05,53670749.0
2014-02-20 18:15:05,57574083.0
2014-02-21 18:15:05,62632626.0
2014-02-22 18:15:05,48924427.0
2014-02-23 18:15:05,50535385.0
2014-02-24 18:15:05,90670244.0
2014-02-25 18:15:05,140332169.0
2014-02-26 18:15:05,78051369.0
2014-02-27 18:15:05,86979357.0
2014-02-28 18:15:05,71850164.0
2014-03-01 18:15:05,49114674.0
2014-03-02 18:15:05,39679925.0
2014-03-03 18:15:05,89976519.0
2014-03-04 18:15:05,130586369.0
2014-03-05 18:15:05,84472040.0
2014-03-06 18:15:05,80932841.0
2014-03-07 18:15:05,578770710.0
2014-03-08 18:15:05,283095945.0
2014-03-09 18:15:05,97669007.0
2014-03-10 18:15:05,335365185.0
2014-03-11 18:15:05,209103644.0
2014-03-12 18:15:05,191983433.0
2014-03-13 18:15:05,232498993.0
2014-03-14 18:15:05,140788486.0
2014-03-15 18:15:05,118364109.0
2014-03-16 18:15:05,37279671.0
2014-03-17 18:15:05,47725346.0
2014-03-18 18:15:05,55440433.0
2014-03-19 18:15:05,73064040.0
2014-03-20 18:15:05,81945774.0
2014-03-21 18:15:05,58137757.0
2014-03-22 18:15:05,41674092.0
2014-03-23 18:15:05,22231142.0
2014-03-24 18:15:05,46027817.0
2014-03-25 18:15:05,51866136.0
2014-03-26 18:15:05,46966514.0
2014-03-27 18:15:05,83614198.0
2014-03-28 18:15:05,85826500.0
2014-03-29 18:15:05,36870432.0
2014-03-30 18:15:05,43260859.0
2014-03-31 18:15:05,55749218.0
2014-04-01 18:15:05,59045962.0
2014-04-02 18:15:05,53391233.0
2014-04-03 18:15:05,67793531.0
2014-04-04 18:15:05,58176471.0
2014-04-05 18:15:05,52858403.0
2014-04-06 18:15:05,34345024.0
2014-04-07 18:15:05,36774851.0
2014-04-08 18:15:05,48957258.0
2014-04-09 18:15:05,39205732.0
2014-04-10 18:15:05,89536231.0
2014-04-11 18:15:05,86855660.0
2014-04-12 18:15:05,28809372.0
2014-04-13 18:15:05,20899083.0
2014-04-14 18:15:05,46601503.0
2014-04-15 18:15:05,60349096.0
2014-04-16 18:15:05,86171062.0
2014-04-17 18:15:05,66040408.0
2014-04-18 18:15:05,35314496.0
2014-04-19 18:15:05,28166242.0
2014-04-20 18:15:05,23479844.0
2014-04-21 18:15:05,68262812.0
2014-04-22 18:15:05,41304401.0
2014-04-23 18:15:05,57844227.0
2014-04-24 18:15:05,37114163.0
2014-04-25 18:15:05,57255580.0
2014-04-26 18:15:05,36740067.0
2014-04-27 18:15:05,27137031.0
2014-04-28 18:15:05,46745164.0
2014-04-29 18:15:05,43152464.0
2014-04-30 18:15:05,44103451.0
2014-05-01 18:15:05,34726960.0
2014-05-02 18:15:05,30820826.0
2014-05-03 18:15:05,30860338.0
2014-05-04 18:15:05,22565490.0
2014-05-05 18:15:05,27006284.0
2014-05-06 18:15:05,31741831.0
2014-05-07 18:15:05,48178380.0
2014-05-08 18:15:05,35665962.0
2014-05-09 18:15:05,36304065.0
2014-05-10 18:15:05,26092751.0
2014-05-11 18:15:05,21302695.0
2014-05-12 18:15:05,30211908.0
2014-05-13 18:15:05,36846458.0
2014-05-14 18:15:05,48349758.0
2014-05-15 18:15:05,45902853.0
2014-05-16 18:15:05,34513674.0
2014-05-17 18:15:05,19761483.0
2014-05-18 18:15:05,22335885.0
2014-05-19 18:15:05,31446950.0
2014-05-20 18:15:05,59888248.0
2014-05-21 18:15:05,52751556.0
2014-05-22 18:15:05,55019591.0
2014-05-23 18:15:05,64993979.0
2014-05-24 18:15:05,179216731.0
2014-05-25 18:15:05,63234339.0
2014-05-26 18:15:05,65480516.0
2014-05-27 18:15:05,67580046.0
2014-05-28 18:15:05,81882997.0
2014-05-29 18:15:05,45401397.0
2014-05-30 18:15:05,64969710.0
2014-05-31 18:15:05,55048506.0
2014-06-01 18:15:05,65773632.0
2014-06-02 18:15:05,55263584.0
2014-06-03 18:15:05,84081482.0
2014-06-04 18:15:05,66164960.0
2014-06-05 18:15:05,63721940.0
2014-06-06 18:15:05,66893782.0
2014-06-07 18:15:05,40060613.0
2014-06-08 18:15:05,30015285.0
2014-06-09 18:15:05,34774064.0
2014-06-10 18:15:05,112205327.0
2014-06-11 18:15:05,94110214.0
2014-06-12 18:15:05,90337283.0
2014-06-13 18:15:05,176510642.0
2014-06-14 18:15:05,38957451.0
2014-06-15 18:15:05,31780604.0
2014-06-16 18:15:05,49711134.0
2014-06-17 18:15:05,42215599.0
2014-06-18 18:15:05,51361498.0
2014-06-19 18:15:05,48074149.0
2014-06-20 18:15:05,41117791.0
2014-06-21 18:15:05,34112284.0
2014-06-22 18:15:05,29773254.0
2014-06-23 18:15:05,48571764.0
2014-06-24 18:15:05,130567463.0
2014-06-25 18:15:05,59876020.0
2014-06-26 18:15:05,64083057.0
2014-06-27 18:15:05,40507566.0
2014-06-28 18:15:05,38399762.0
2014-06-29 18:15:05,28862991.0
2014-06-30 18:15:05,53399280.0
2014-07-01 18:15:05,89902459.0
2014-07-02 18:15:05,70378228.0
2014-07-03 18:15:05,56230454.0
2014-07-04 18:15:05,52563526.0
2014-07-05 18:15:05,30139697.0
2014-07-06 18:15:05,28240285.0
2014-07-07 18:15:05,38672026.0
2014-07-08 18:15:05,57967072.0
2014-07-09 18:15:05,55825336.0
2014-07-10 18:15:05,46194573.0
2014-07-11 18:15:05,45523061.0
2014-07-12 18:15:05,33905603.0
2014-07-13 18:15:05,38094337.0
2014-07-14 18:15:05,39773995.0
2014-07-15 18:15:05,41867255.0
2014-07-16 18:15:05,66491033.0
2014-07-17 18:15:05,44694593.0
2014-07-18 18:15:05,50696974.0
2014-07-19 18:15:05,46665514.0
2014-07-20 18:15:05,26332169.0
2014-07-21 18:15:05,50291603.0
2014-07-22 18:15:05,66301035.0
2014-07-23 18:15:05,45920939.0
2014-07-24 18:15:05,62927564.0
2014-07-25 18:15:05,47449138.0
2014-07-26 18:15:05,29888490.0
2014-07-27 18:15:05,31352812.0
2014-07-28 18:15:05,45007749.0
2014-07-29 18:15:05,44498551.0
2014-07-30 18:15:05,43910086.0
2014-07-31 18:15:05,49313391.0
2014-08-01 18:15:05,100025886.0
2014-08-02 18:15:05,43323442.0
2014-08-03 18:15:05,29006666.0
2014-08-04 18:15:05,62145559.0
2014-08-05 18:15:05,79081409.0
2014-08-06 18:15:05,67956842.0
2014-08-07 18:15:05,59148318.0
2014-08-08 18:15:05,45429230.0
2014-08-09 18:15:05,54274894.0
2014-08-10 18:15:05,32717703.0
2014-08-11 18:15:05,43160222.0
2014-08-12 18:15:05,61125967.0
2014-08-13 18:15:05,68343254.0
2014-08-14 18:15:05,71874482.0
2014-08-15 18:15:05,68492066.0
2014-08-16 18:15:05,55298333.0
2014-08-17 18:15:05,40549429.0
2014-08-18 18:15:05,74095305.0
2014-08-19 18:15:05,58857523.0
2014-08-20 18:15:05,51935426.0
2014-08-21 18:15:05,59265349.0
2014-08-22 18:15:05,75943076.0
2014-08-23 18:15:05,36094826.0
2014-08-24 18:15:05,30141801.0
2014-08-25 18:15:05,56406843.0
2014-08-26 18:15:05,48832021.0
2014-08-27 18:15:05,59515079.0
2014-08-28 18:15:05,65996027.0
2014-08-29 18:15:05,37526263.0
2014-08-30 18:15:05,65465453.0
2014-08-31 18:15:05,32984034.0
2014-09-01 18:15:05,42130576.0
2014-09-02 18:15:05,57211483.0
2014-09-03 18:15:05,46474195.0
2014-09-04 18:15:05,43029156.0
2014-09-05 18:15:05,43749730.0
2014-09-06 18:15:05,46641358.0
2014-09-07 18:15:05,30541006.0
2014-09-08 18:15:05,50577061.0
2014-09-09 18:15:05,51927046.0
2014-09-10 18:15:05,59807812.0
2014-09-11 18:15:05,48039245.0
2014-09-12 18:15:05,44787910.0
2014-09-13 18:15:05,33280330.0
2014-09-14 18:15:05,33003201.0
2014-09-15 18:15:05,47445745.0
2014-09-16 18:15:05,43919238.0
2014-09-17 18:15:05,50978521.0
2014-09-18 18:15:05,64335430.0
2014-09-19 18:15:05,77510120.0
2014-09-20 18:15:05,59356580.0
2014-09-21 18:15:05,49329319.0
2014-09-22 18:15:05,34182377.0
2014-09-23 18:15:05,44139679.0
2014-09-24 18:15:05,56605228.0
2014-09-25 18:15:05,45246389.0
2014-09-26 18:15:05,47166952.0
2014-09-27 18:15:05,34502943.0
2014-09-28 18:15:05,35314615.0
2014-09-29 18:15:05,62247510.0
2014-09-30 18:15:05,51711511.0
2014-10-01 18:15:05,56591522.0
2014-10-02 18:15:05,44654562.0
2014-10-03 18:15:05,45083900.0
2014-10-04 18:15:05,59714061.0
2014-10-05 18:15:05,66329968.0
2014-10-06 18:15:05,83003776.0
2014-10-07 18:15:05,52380811.0
2014-10-08 18:15:05,63475329.0
2014-10-09 18:15:05,84680185.0
2014-10-10 18:15:05,66251247.0
2014-10-11 18:15:05,62235987.0
2014-10-12 18:15:05,37290971.0
2014-10-13 18:15:05,61807124.0
2014-10-14 18:15:05,85862253.0
2014-10-15 18:15:05,60127968.0
2014-10-16 18:15:05,48944986.0
2014-10-17 18:15:05,54457847.0
2014-10-18 18:15:05,43541830.0
2014-10-19 18:15:05,32531035.0
2014-10-20 18:15:05,47069051.0
2014-10-21 18:15:05,40702541.0
2014-10-22 18:15:05,73884654.0
2014-10-23 18:15:05,50354184.0
2014-10-24 18:15:05,57480880.0
2014-10-25 18:15:05,43824569.0
2014-10-26 18:15:05,32411926.0
2014-10-27 18:15:05,42217623.0
2014-10-28 18:15:05,41415805.0
2014-10-29 18:15:05,48567875.0
2014-10-30 18:15:05,46623283.0
2014-10-31 18:15:05,47869731.0
2014-11-01 18:15:05,36764265.0
2014-11-02 18:15:05,30582252.0
2014-11-03 18:15:05,41105832.0
2014-11-04 18:15:05,47999638.0
2014-11-05 18:15:05,78016547.0
2014-11-06 18:15:05,51460059.0
2014-11-07 18:15:05,61950234.0
2014-11-08 18:15:05,34776386.0
2014-11-09 18:15:05,35847049.0
2014-11-10 18:15:05,62829504.0
2014-11-11 18:15:05,56457994.0
2014-11-12 18:15:05,90416694.0
2014-11-13 18:15:05,121129353.0
2014-11-14 18:15:05,121834674.0
2014-11-15 18:15:05,61511796.0
2014-11-16 18:15:05,47238357.0
2014-11-17 18:15:05,66904022.0
2014-11-18 18:15:05,87672375.0
2014-11-19 18:15:05,53664217.0
2014-11-20 18:15:05,61164935.0
2014-11-21 18:15:05,57490040.0
2014-11-22 18:15:05,41816636.0
2014-11-23 18:15:05,30536153.0
2014-11-24 18:15:05,50358546.0
2014-11-25 18:15:05,77567837.0
2014-11-26 18:15:05,62961524.0
2014-11-27 18:15:05,48525776.0
2014-11-28 18:15:05,152938232.0
2014-11-29 18:15:05,74496486.0
2014-11-30 18:15:05,39169446.0
2014-12-01 18:15:05,60655884.0
2014-12-02 18:15:05,143589145.0
2014-12-03 18:15:05,78960564.0
2014-12-04 18:15:05,71221370.0
2014-12-05 18:15:05,99565413.0
2014-12-06 18:15:05,74212899.0
2014-12-07 18:15:05,41290985.0
2014-12-08 18:15:05,68344784.0
2014-12-09 18:15:05,113085882.0
2014-12-10 18:15:05,61438042.0
2014-12-11 18:15:05,64049604.0
2014-12-12 18:15:05,48992200.0
2014-12-13 18:15:05,48843853.0
2014-12-14 18:15:05,28671320.0
2014-12-15 18:15:05,49816388.0
2014-12-16 18:15:05,62923964.0
2014-12-17 18:15:05,70794117.0
2014-12-18 18:15:05,85842180.0
2014-12-19 18:15:05,59773546.0
2014-12-20 18:15:05,48761047.0
2014-12-21 18:15:05,36054494.0
2014-12-22 18:15:05,62470240.0
2014-12-23 18:15:05,64168766.0
2014-12-24 18:15:05,70710498.0
2014-12-25 18:15:05,37379573.0
2014-12-26 18:15:05,31492805.0
2014-12-27 18:15:05,42707345.0
2014-12-28 18:15:05,30284193.0
2014-12-29 18:15:05,41511175.0
2014-12-30 18:15:05,50225689.0
2014-12-31 18:15:05,53657583.0
2015-01-01 18:15:05,25028606.0
2015-01-02 18:15:05,28315237.0
2015-01-03 18:15:05,54582870.0
2015-01-04 18:15:05,82102043.0
2015-01-05 18:15:05,62633832.0
2015-01-06 18:15:05,56472457.0
2015-01-07 18:15:05,70955899.0
2015-01-08 18:15:05,51516706.0
2015-01-09 18:15:05,78073011.0
2015-01-10 18:15:05,69092710.0
2015-01-11 18:15:05,39759184.0
2015-01-12 18:15:05,51198106.0
2015-01-13 18:15:05,78230238.0
2015-01-14 18:15:05,79330845.0
2015-01-15 18:15:05,79543803.0
2015-01-16 18:15:05,56039500.0
2015-01-17 18:15:05,37461945.0
2015-01-18 18:15:05,32155910.0
2015-01-19 18:15:05,32516443.0
2015-01-20 18:15:05,39491841.0
2015-01-21 18:15:05,89138779.0
2015-01-22 18:15:05,60557888.0
2015-01-23 18:15:05,43759854.0
2015-01-24 18:15:05,47652537.0
2015-01-25 18:15:05,35030135.0
2015-01-26 18:15:05,96483300.0
2015-01-27 18:15:05,64964120.0
2015-01-28 18:15:05,41878308.0
2015-01-29 18:15:05,54731886.0
2015-01-30 18:15:05,44384842.0
2015-01-31 18:15:05,36797125.0
2015-02-01 18:15:05,35646882.0
2015-02-02 18:15:05,33856084.0
2015-02-03 18:15:05,50503768.0
2015-02-04 18:15:05,44478360.0
2015-02-05 18:15:05,45033515.0
2015-02-06 18:15:05,42596292.0
2015-02-07 18:15:05,36922120.0
2015-02-08 18:15:05,33551454.0
2015-02-09 18:15:05,39638684.0
2015-02-10 18:15:05,43915007.0
2015-02-11 18:15:05,43264785.0
2015-02-12 18:15:05,33532143.0
2015-02-13 18:15:05,56852658.0
2015-02-14 18:15:05,45461720.0
2015-02-15 18:15:05,41125612.0
2015-02-16 18:15:05,41112330.0
2015-02-17 18:15:05,36916500.0
2015-02-18 18:15:05,41181074.0
2015-02-19 18:15:05,42918722.0
2015-02-20 18:15:05,38382817.0
2015-02-21 18:15:05,38746758.0
2015-02-22 18:15:05,25054486.0
2015-02-23 18:15:05,32388687.0
2015-02-24 18:15:05,38278265.0
2015-02-25 18:15:05,42974777.0
2015-02-26 18:15:05,36345333.0
2015-02-27 18:15:05,55733310.0
2015-02-28 18:15:05,31953168.0
2015-03-01 18:15:05,27354714.0
2015-03-02 18:15:05,50999042.0
2015-03-03 18:15:05,65278663.0
2015-03-04 18:15:05,66912358.0
2015-03-05 18:15:05,56279040.0
2015-03-06 18:15:05,58987483.0
2015-03-07 18:15:05,56271451.0
2015-03-08 18:15:05,95961386.0
2015-03-09 18:15:05,48021598.0
2015-03-10 18:15:05,87360262.0
2015-03-11 18:15:05,71892311.0
2015-03-12 18:15:05,60449520.0
2015-03-13 18:15:05,55555889.0
2015-03-14 18:15:05,42838369.0
2015-03-15 18:15:05,25077189.0
2015-03-16 18:15:05,37389584.0
2015-03-17 18:15:05,47546831.0
2015-03-18 18:15:05,60289864.0
2015-03-19 18:15:05,60394974.0
2015-03-20 18:15:05,47009366.0
2015-03-21 18:15:05,35086759.0
2015-03-22 18:15:05,25026903.0
2015-03-23 18:15:05,46687559.0
2015-03-24 18:15:05,54478819.0
2015-03-25 18:15:05,55501612.0
2015-03-26 18:15:05,47532733.0
2015-03-27 18:15:05,56541941.0
2015-03-28 18:15:05,33743136.0
2015-03-29 18:15:05,31101436.0
2015-03-30 18:15:05,42268706.0
2015-03-31 18:15:05,42318994.0
2015-04-01 18:15:05,43509758.0
2015-04-02 18:15:05,53544855.0
2015-04-03 18:15:05,40164086.0
2015-04-04 18:15:05,28479112.0
2015-04-05 18:15:05,22055242.0
2015-04-06 18:15:05,28323536.0
2015-04-07 18:15:05,50829827.0
2015-04-08 18:15:05,51341612.0
2015-04-09 18:15:05,50922224.0
2015-04-10 18:15:05,41603422.0
2015-04-11 18:15:05,43162808.0
2015-04-12 18:15:05,26875906.0
2015-04-13 18:15:05,36049660.0
2015-04-14 18:15:05,56332209.0
2015-04-15 18:15:05,41920036.0
2015-04-16 18:15:05,41323958.0
2015-04-17 18:15:05,40555682.0
2015-04-18 18:15:05,36745887.0
2015-04-19 18:15:05,25677167.0
2015-04-20 18:15:05,41368777.0
2015-04-21 18:15:05,38968128.0
2015-04-22 18:15:05,49525610.0
2015-04-23 18:15:05,40213228.0
2015-04-24 18:15:05,42464891.0
2015-04-25 18:15:05,32818421.0
2015-04-26 18:15:05,35461638.0
2015-04-27 18:15:05,50565946.0
2015-04-28 18:15:05,48618543.0
2015-04-29 18:15:05,42213058.0
2015-04-30 18:15:05,46176646.0
2015-05-01 18:15:05,43312468.0
2015-05-02 18:15:05,32343624.0
2015-05-03 18:15:05,34847499.0
2015-05-04 18:15:05,38384611.0
2015-05-05 18:15:05,39710134.0
2015-05-06 18:15:05,43095033.0
2015-05-07 18:15:05,47357958.0
2015-05-08 18:15:05,48016735.0
2015-05-09 18:15:05,38657753.0
2015-05-10 18:15:05,28904386.0
2015-05-11 18:15:05,43124535.0
2015-05-12 18:15:05,49854247.0
2015-05-13 18:15:05,46087784.0
2015-05-14 18:15:05,44447621.0
2015-05-15 18:15:05,43079301.0
2015-05-16 18:15:05,27542351.0
2015-05-17 18:15:05,24683670.0
2015-05-18 18:15:05,36923749.0
2015-05-19 18:15:05,47653800.0
2015-05-20 18:15:05,44881421.0
2015-05-21 18:15:05,42477985.0
2015-05-22 18:15:05,53003651.0
2015-05-23 18:15:05,45374296.0
2015-05-24 18:15:05,25354803.0
2015-05-25 18:15:05,36316995.0
2015-05-26 18:15:05,40991325.0
2015-05-27 18:15:05,48236195.0
2015-05-28 18:15:05,45553743.0
2015-05-29 18:15:05,50625830.0
2015-05-30 18:15:05,42404093.0
2015-05-31 18:15:05,35141983.0
2015-06-01 18:15:05,54061315.0
2015-06-02 18:15:05,58583666.0
2015-06-03 18:15:05,51342887.0
2015-06-04 18:15:05,46705950.0
2015-06-05 18:15:05,51106434.0
2015-06-06 18:15:05,36817685.0
2015-06-07 18:15:05,33394451.0
2015-06-08 18:15:05,46863937.0
2015-06-09 18:15:05,53013732.0
2015-06-10 18:15:05,51729321.0
2015-06-11 18:15:05,57014257.0
2015-06-12 18:15:05,50074783.0
2015-06-13 18:15:05,41248314.0
2015-06-14 18:15:05,40610265.0
2015-06-15 18:15:05,48435031.0
2015-06-16 18:15:05,82533170.0
2015-06-17 18:15:05,87181576.0
2015-06-18 18:15:05,74981782.0
2015-06-19 18:15:05,104131527.0
2015-06-20 18:15:05,54204777.0
2015-06-21 18:15:05,30222339.0
2015-06-22 18:15:05,44621940.0
2015-06-23 18:15:05,54585787.0
2015-06-24 18:15:05,50479376.0
2015-06-25 18:15:05,48103894.0
2015-06-26 18:15:05,57634962.0
2015-06-27 18:15:05,43795621.0
2015-06-28 18:15:05,36009989.0
2015-06-29 18:15:05,58060302.0
2015-06-30 18:15:05,85281203.0
2015-07-01 18:15:05,61661136.0
2015-07-02 18:15:05,65219212.0
2015-07-03 18:15:05,62173772.0
2015-07-04 18:15:05,43833637.0
2015-07-05 18:15:05,59595969.0
2015-07-06 18:15:05,94959442.0
2015-07-07 18:15:05,84736311.0
2015-07-08 18:15:05,69235259.0
2015-07-09 18:15:05,65311331.0
2015-07-10 18:15:05,105642225.0
2015-07-11 18:15:05,67172689.0
2015-07-12 18:15:05,82213700.0
2015-07-13 18:15:05,67272969.0
2015-07-14 18:15:05,65965298.0
2015-07-15 18:15:05,61601890.0
2015-07-16 18:15:05,72857510.0
2015-07-17 18:15:05,59778318.0
2015-07-18 18:15:05,49511142.0
2015-07-19 18:15:05,32334590.0
2015-07-20 18:15:05,50612170.0
2015-07-21 18:15:05,58457812.0
2015-07-22 18:15:05,51471899.0
2015-07-23 18:15:05,56501264.0
2015-07-24 18:15:05,66494345.0
2015-07-25 18:15:05,55741425.0
2015-07-26 18:15:05,36188518.0
2015-07-27 18:15:05,51172701.0
2015-07-28 18:15:05,88465494.0
2015-07-29 18:15:05,58218216.0
2015-07-30 18:15:05,57134372.0
2015-07-31 18:15:05,59564971.0
2015-08-01 18:15:05,52663134.0
2015-08-02 18:15:05,47657290.0
2015-08-03 18:15:05,55632970.0
2015-08-04 18:15:05,60197462.0
2015-08-05 18:15:05,68213484.0
2015-08-06 18:15:05,53340726.0
2015-08-07 18:15:05,64378476.0
2015-08-08 18:15:05,67351785.0
2015-08-09 18:15:05,81070335.0
2015-08-10 18:15:05,93522987.0
2015-08-11 18:15:05,68909307.0
2015-08-12 18:15:05,68147769.0
2015-08-13 18:15:05,69892790.0
2015-08-14 18:15:05,71276048.0
2015-08-15 18:15:05,68152204.0
2015-08-16 18:15:05,55579679.0
2015-08-17 18:15:05,86472860.0
2015-08-18 18:15:05,90618565.0
2015-08-19 18:15:05,92590013.0
2015-08-20 18:15:05,83122435.0
2015-08-21 18:15:05,76017672.0
2015-08-22 18:15:05,60251864.0
2015-08-23 18:15:05,40171357.0
2015-08-24 18:15:05,93056448.0
2015-08-25 18:15:05,91014422.0
2015-08-26 18:15:05,86427540.0
2015-08-27 18:15:05,56877510.0
2015-08-28 18:15:05,76610058.0
2015-08-29 18:15:05,49182357.0
2015-08-30 18:15:05,39950881.0
2015-08-31 18:15:05,52272214.0
2015-09-01 18:15:05,84204525.0
2015-09-02 18:15:05,52401262.0
2015-09-03 18:15:05,58224697.0
2015-09-04 18:15:05,56015308.0
2015-09-05 18:15:05,46221429.0
2015-09-06 18:15:05,58546934.0
2015-09-07 18:15:05,53100171.0
2015-09-08 18:15:05,65127397.0
2015-09-09 18:15:05,75625367.0
2015-09-10 18:15:05,70923369.0
2015-09-11 18:15:05,61956502.0
2015-09-12 18:15:05,35121165.0
2015-09-13 18:15:05,41946773.0
2015-09-14 18:15:05,53013943.0
2015-09-15 18:15:05,58032972.0
2015-09-16 18:15:05,58298798.0
2015-09-17 18:15:05,64611517.0
2015-09-18 18:15:05,64622090.0
2015-09-19 18:15:05,62502611.0
2015-09-20 18:15:05,47230390.0
2015-09-21 18:15:05,76311891.0
2015-09-22 18:15:05,73488137.0
2015-09-23 18:15:05,64070252.0
2015-09-24 18:15:05,51929411.0
2015-09-25 18:15:05,74253335.0
2015-09-26 18:15:05,43064749.0
2015-09-27 18:15:05,35851772.0
2015-09-28 18:15:05,68370342.0
2015-09-29 18:15:05,73949342.0
2015-09-30 18:15:05,75431055.0
2015-10-01 18:15:05,66783456.0
2015-10-02 18:15:05,89839880.0
2015-10-03 18:15:05,50721843.0
2015-10-04 18:15:05,33138950.0
2015-10-05 18:15:05,54579155.0
2015-10-06 18:15:05,84528657.0
2015-10-07 18:15:05,77926003.0
2015-10-08 18:15:05,102730022.0
2015-10-09 18:15:05,73817327.0
2015-10-10 18:15:05,55896797.0
2015-10-11 18:15:05,40021301.0
2015-10-12 18:15:05,58347195.0
2015-10-13 18:15:05,72717263.0
2015-10-14 18:15:05,84280201.0
2015-10-15 18:15:05,93268450.0
2015-10-16 18:15:05,79291658.0
2015-10-17 18:15:05,94336338.0
2015-10-18 18:15:05,55639300.0
2015-10-19 18:15:05,79757425.0
2015-10-20 18:15:05,85037764.0
2015-10-21 18:15:05,84130269.0
2015-10-22 18:15:05,92020442.0
2015-10-23 18:15:05,82728670.0
2015-10-24 18:15:05,74004369.0
2015-10-25 18:15:05,92380642.0
2015-10-26 18:15:05,88690534.0
2015-10-27 18:15:05,109466158.0
2015-10-28 18:15:05,113847827.0
2015-10-29 18:15:05,149071857.0
2015-10-30 18:15:05,178614779.0
2015-10-31 18:15:05,121977590.0
2015-11-01 18:15:05,119375905.0
2015-11-02 18:15:05,157289900.0
2015-11-03 18:15:05,257446389.0
2015-11-04 18:15:05,335396983.0
2015-11-05 18:15:05,297532097.0
2015-11-06 18:15:05,215916541.0
2015-11-07 18:15:05,160161961.0
2015-11-08 18:15:05,126005472.0
2015-11-09 18:15:05,192380718.0
2015-11-10 18:15:05,156434921.0
2015-11-11 18:15:05,208061443.0
2015-11-12 18:15:05,169188929.0
2015-11-13 18:15:05,144215203.0
2015-11-14 18:15:05,139059749.0
2015-11-15 18:15:05,110601252.0
2015-11-16 18:15:05,138934071.0
2015-11-17 18:15:05,130298464.0
2015-11-18 18:15:05,148663615.0
2015-11-19 18:15:05,122475995.0
2015-11-20 18:15:05,117210976.0
2015-11-21 18:15:05,102265473.0
2015-11-22 18:15:05,75147447.0
2015-11-23 18:15:05,89102741.0
2015-11-24 18:15:05,91364433.0
2015-11-25 18:15:05,106664445.0
2015-11-26 18:15:05,156934988.0
2015-11-27 18:15:05,160003408.0
2015-11-28 18:15:05,110478101.0
2015-11-29 18:15:05,80614403.0
2015-11-30 18:15:05,149526592.0
2015-12-01 18:15:05,164357757.0
2015-12-02 18:15:05,179126440.0
2015-12-03 18:15:05,144818393.0
2015-12-04 18:15:05,125600042.0
2015-12-05 18:15:05,194326396.0
2015-12-06 18:15:05,204388399.0
2015-12-07 18:15:05,171097161.0
2015-12-08 18:15:05,169230099.0
2015-12-09 18:15:05,209048581.0
2015-12-10 18:15:05,188140441.0
2015-12-11 18:15:05,194034052.0
2015-12-12 18:15:05,181266304.0
2015-12-13 18:15:05,166932544.0
2015-12-14 18:15:05,180001345.0
2015-12-15 18:15:05,211179671.0
2015-12-16 18:15:05,196572300.0
2015-12-17 18:15:05,178504692.0
2015-12-18 18:15:05,181706820.0
2015-12-19 18:15:05,170727429.0
2015-12-20 18:15:05,137599935.0
2015-12-21 18:15:05,191824512.0
2015-12-22 18:15:05,204851463.0
2015-12-23 18:15:05,169017138.0
2015-12-24 18:15:05,188405318.0
2015-12-25 18:15:05,130919375.0
2015-12-26 18:15:05,130951953.0
2015-12-27 18:15:05,77008774.0
2015-12-28 18:15:05,105765156.0
2015-12-29 18:15:05,102312368.0
2015-12-30 18:15:05,99926963.0
2015-12-31 18:15:05,75660801.0
2016-01-01 18:15:05,56110092.0
2016-01-02 18:15:05,45906482.0
2016-01-03 18:15:05,51825525.0
2016-01-04 18:15:05,81211038.0
2016-01-05 18:15:05,90298235.0
2016-01-06 18:15:05,92674992.0
2016-01-07 18:15:05,127522745.0
2016-01-08 18:15:05,121105566.0
2016-01-09 18:15:05,70372025.0
2016-01-10 18:15:05,85552386.0
2016-01-11 18:15:05,106830047.0
2016-01-12 18:15:05,99053316.0
2016-01-13 18:15:05,107417819.0
2016-01-14 18:15:05,88360661.0
2016-01-15 18:15:05,127558283.0
2016-01-16 18:15:05,112705089.0
2016-01-17 18:15:05,69422433.0
2016-01-18 18:15:05,73971077.0
2016-01-19 18:15:05,86289615.0
2016-01-20 18:15:05,128208178.0
2016-01-21 18:15:05,135289667.0
2016-01-22 18:15:05,102268007.0
2016-01-23 18:15:05,109228485.0
2016-01-24 18:15:05,80026649.0
2016-01-25 18:15:05,179714636.0
2016-01-26 18:15:05,124530436.0
2016-01-27 18:15:05,134666967.0
2016-01-28 18:15:05,150896201.0
2016-01-29 18:15:05,147102840.0
2016-01-30 18:15:05,147357727.0
2016-01-31 18:15:05,76182517.0
2016-02-01 18:15:05,150761429.0
2016-02-02 18:15:05,144577638.0
2016-02-03 18:15:05,107890707.0
2016-02-04 18:15:05,121094475.0
2016-02-05 18:15:05,155714041.0
2016-02-06 18:15:05,120896315.0
2016-02-07 18:15:05,79599219.0
2016-02-08 18:15:05,93311393.0
2016-02-09 18:15:05,108565966.0
2016-02-10 18:15:05,129887155.0
2016-02-11 18:15:05,135127313.0
2016-02-12 18:15:05,118457185.0
2016-02-13 18:15:05,119714883.0
2016-02-14 18:15:05,104891981.0
2016-02-15 18:15:05,144821341.0
2016-02-16 18:15:05,150215514.0
2016-02-17 18:15:05,171220047.0
2016-02-18 18:15:05,150820601.0
2016-02-19 18:15:05,134002007.0
2016-02-20 18:15:05,151924621.0
2016-02-21 18:15:05,136792550.0
2016-02-22 18:15:05,142238677.0
2016-02-23 18:15:05,157192209.0
2016-02-24 18:15:05,140056077.0
2016-02-25 18:15:05,150561021.0
2016-02-26 18:15:05,142870420.0
2016-02-27 18:15:05,149095588.0
2016-02-28 18:15:05,146428747.0
2016-02-29 18:15:05,226500160.0
2016-03-01 18:15:05,222905346.0
2016-03-02 18:15:05,236848413.0
2016-03-03 18:15:05,216563283.0
2016-03-04 18:15:05,165605628.0
2016-03-05 18:15:05,200160841.0
2016-03-06 18:15:05,135654591.0
2016-03-07 18:15:05,127840873.0
2016-03-08 18:15:05,120042367.0
2016-03-09 18:15:05,114428780.0
2016-03-10 18:15:05,139051016.0
2016-03-11 18:15:05,137839767.0
2016-03-12 18:15:05,94789300.0
2016-03-13 18:15:05,70582774.0
2016-03-14 18:15:05,112266995.0
2016-03-15 18:15:05,117684224.0
2016-03-16 18:15:05,106343004.0
2016-03-17 18:15:05,115249577.0
2016-03-18 18:15:05,121630357.0
2016-03-19 18:15:05,92984532.0
2016-03-20 18:15:05,70623066.0
2016-03-21 18:15:05,95667032.0
2016-03-22 18:15:05,123716357.0
2016-03-23 18:15:05,111018758.0
2016-03-24 18:15:05,139400527.0
2016-03-25 18:15:05,132338613.0
2016-03-26 18:15:05,100661549.0
2016-03-27 18:15:05,115335330.0
2016-03-28 18:15:05,120905357.0
2016-03-29 18:15:05,117297491.0
2016-03-30 18:15:05,156573869.0
2016-03-31 18:15:05,122664433.0
2016-04-01 18:15:05,120362457.0
2016-04-02 18:15:05,96731087.0
2016-04-03 18:15:05,75942750.0
2016-04-04 18:15:05,111607536.0
2016-04-05 18:15:05,139881431.0
2016-04-06 18:15:05,151503740.0
2016-04-07 18:15:05,159074674.0
2016-04-08 18:15:05,123583371.0
2016-04-09 18:15:05,100882908.0
2016-04-10 18:15:05,84161958.0
2016-04-11 18:15:05,111212456.0
2016-04-12 18:15:05,145387002.0
2016-04-13 18:15:05,131626794.0
2016-04-14 18:15:05,116332488.0
2016-04-15 18:15:05,120741023.0
2016-04-16 18:15:05,86155565.0
2016-04-17 18:15:05,79440650.0
2016-04-18 18:15:05,104817236.0
2016-04-19 18:15:05,118542250.0
2016-04-20 18:15:05,132923312.0
2016-04-21 18:15:05,141617054.0
2016-04-22 18:15:05,130790397.0
2016-04-23 18:15:05,91247915.0
2016-04-24 18:15:05,85009339.0
2016-04-25 18:15:05,142528397.0
2016-04-26 18:15:05,161229768.0
2016-04-27 18:15:05,152628463.0
2016-04-28 18:15:05,147927879.0
2016-04-29 18:15:05,126617408.0
2016-04-30 18:15:05,85873468.0
2016-05-01 18:15:05,76956896.0
2016-05-02 18:15:05,110592158.0
2016-05-03 18:15:05,113051768.0
