Date,EuroPriceInUSD
2009-01-03,1.37713333333
2009-01-04,1.36766666667
2009-01-05,1.3582
2009-01-06,1.3332
2009-01-07,1.3595
2009-01-08,1.3617
2009-01-09,1.3684
2009-01-10,1.35873333333
2009-01-11,1.34906666667
2009-01-12,1.3394
2009-01-13,1.3262
2009-01-14,1.3173
2009-01-15,1.3085
2009-01-16,1.327
2009-01-17,1.32406666667
2009-01-18,1.32113333333
2009-01-19,1.3182
2009-01-20,1.293
2009-01-21,1.291
2009-01-22,1.2984
2009-01-23,1.2795
2009-01-24,1.286
2009-01-25,1.2925
2009-01-26,1.299
2009-01-27,1.3174
2009-01-28,1.326
2009-01-29,1.3111
2009-01-30,1.2816
2009-01-31,1.27973333333
2009-02-01,1.27786666667
2009-02-02,1.276
2009-02-03,1.2849
2009-02-04,1.2818
2009-02-05,1.2829
2009-02-06,1.2796
2009-02-07,1.28666666667
2009-02-08,1.29373333333
2009-02-09,1.3008
2009-02-10,1.2967
2009-02-11,1.2938
2009-02-12,1.2833
2009-02-13,1.2823
2009-02-14,1.28036666667
2009-02-15,1.27843333333
2009-02-16,1.2765
2009-02-17,1.2634
2009-02-18,1.2596
2009-02-19,1.2705
2009-02-20,1.2591
2009-02-21,1.266
2009-02-22,1.2729
2009-02-23,1.2798
2009-02-24,1.2763
2009-02-25,1.2795
2009-02-26,1.2782
2009-02-27,1.2644
2009-02-28,1.2628
2009-03-01,1.2612
2009-03-02,1.2596
2009-03-03,1.2615
2009-03-04,1.2555
2009-03-05,1.2555
2009-03-06,1.2658
2009-03-07,1.2627
2009-03-08,1.2596
2009-03-09,1.2565
2009-03-10,1.2783
2009-03-11,1.2786
2009-03-12,1.2782
2009-03-13,1.2905
2009-03-14,1.29506666667
2009-03-15,1.29963333333
2009-03-16,1.3042
2009-03-17,1.2942
2009-03-18,1.313
2009-03-19,1.3671
2009-03-20,1.3549
2009-03-21,1.3552
2009-03-22,1.3555
2009-03-23,1.3558
2009-03-24,1.3507
2009-03-25,1.3494
2009-03-26,1.3607
2009-03-27,1.3295
2009-03-28,1.3261
2009-03-29,1.3227
2009-03-30,1.3193
2009-03-31,1.3308
2009-04-01,1.3246
2009-04-02,1.3392
2009-04-03,1.3425
2009-04-04,1.34486666667
2009-04-05,1.34723333333
2009-04-06,1.3496
2009-04-07,1.3255
2009-04-08,1.3231
2009-04-09,1.3273
2009-04-10,1.3274
2009-04-11,1.32743333333
2009-04-12,1.32746666667
2009-04-13,1.3275
2009-04-14,1.3276
2009-04-15,1.3173
2009-04-16,1.3196
2009-04-17,1.3058
2009-04-18,1.30273333333
2009-04-19,1.29966666667
2009-04-20,1.2966
2009-04-21,1.2932
2009-04-22,1.2947
2009-04-23,1.305
2009-04-24,1.3232
2009-04-25,1.31963333333
2009-04-26,1.31606666667
2009-04-27,1.3125
2009-04-28,1.2992
2009-04-29,1.3266
2009-04-30,1.3275
2009-05-01,1.3249
2009-05-02,1.32403333333
2009-05-03,1.32316666667
2009-05-04,1.3223
2009-05-05,1.3403
2009-05-06,1.3322
2009-05-07,1.3363
2009-05-08,1.3425
2009-05-09,1.34746666667
2009-05-10,1.35243333333
2009-05-11,1.3574
2009-05-12,1.3683
2009-05-13,1.3623
2009-05-14,1.3563
2009-05-15,1.3518
2009-05-16,1.351
2009-05-17,1.3502
2009-05-18,1.3494
2009-05-19,1.3612
2009-05-20,1.369
2009-05-21,1.3771
2009-05-22,1.3972
2009-05-23,1.39846666667
2009-05-24,1.39973333333
2009-05-25,1.401
2009-05-26,1.3908
2009-05-27,1.3901
2009-05-28,1.3856
2009-05-29,1.4098
2009-05-30,1.41386666667
2009-05-31,1.41793333333
2009-06-01,1.422
2009-06-02,1.4238
2009-06-03,1.4207
2009-06-04,1.4095
2009-06-05,1.4177
2009-06-06,1.40733333333
2009-06-07,1.39696666667
2009-06-08,1.3866
2009-06-09,1.3959
2009-06-10,1.4102
2009-06-11,1.3969
2009-06-12,1.4004
2009-06-13,1.39526666667
2009-06-14,1.39013333333
2009-06-15,1.385
2009-06-16,1.389
2009-06-17,1.384
2009-06-18,1.392
2009-06-19,1.3932
2009-06-20,1.39073333333
2009-06-21,1.38826666667
2009-06-22,1.3858
2009-06-23,1.3978
2009-06-24,1.4029
2009-06-25,1.394
2009-06-26,1.4096
2009-06-27,1.40833333333
2009-06-28,1.40706666667
2009-06-29,1.4058
2009-06-30,1.4134
2009-07-01,1.4096
2009-07-02,1.4049
2009-07-03,1.4009
2009-07-04,1.39716666667
2009-07-05,1.39343333333
2009-07-06,1.3897
2009-07-07,1.4019
2009-07-08,1.3901
2009-07-09,1.399
2009-07-10,1.3901
2009-07-11,1.39256666667
2009-07-12,1.39503333333
2009-07-13,1.3975
2009-07-14,1.3991
2009-07-15,1.4089
2009-07-16,1.413
2009-07-17,1.409
2009-07-18,1.41323333333
2009-07-19,1.41746666667
2009-07-20,1.4217
2009-07-21,1.4223
2009-07-22,1.4191
2009-07-23,1.4229
2009-07-24,1.4227
2009-07-25,1.4241
2009-07-26,1.4255
2009-07-27,1.4269
2009-07-28,1.4229
2009-07-29,1.4104
2009-07-30,1.4053
2009-07-31,1.4138
2009-08-01,1.4193
2009-08-02,1.4248
2009-08-03,1.4303
2009-08-04,1.4384
2009-08-05,1.441
2009-08-06,1.437
2009-08-07,1.4357
2009-08-08,1.43053333333
2009-08-09,1.42536666667
2009-08-10,1.4202
2009-08-11,1.4166
2009-08-12,1.417
2009-08-13,1.4293
2009-08-14,1.4294
2009-08-15,1.422
2009-08-16,1.4146
2009-08-17,1.4072
2009-08-18,1.4101
2009-08-19,1.4112
2009-08-20,1.4243
2009-08-21,1.433
2009-08-22,1.43276666667
2009-08-23,1.43253333333
2009-08-24,1.4323
2009-08-25,1.4324
2009-08-26,1.427
2009-08-27,1.4268
2009-08-28,1.4364
2009-08-29,1.43333333333
2009-08-30,1.43026666667
2009-08-31,1.4272
2009-09-01,1.4314
2009-09-02,1.422
2009-09-03,1.4335
2009-09-04,1.4262
2009-09-05,1.42846666667
2009-09-06,1.43073333333
2009-09-07,1.433
2009-09-08,1.4473
2009-09-09,1.4522
2009-09-10,1.4545
2009-09-11,1.4594
2009-09-12,1.4583
2009-09-13,1.4572
2009-09-14,1.4561
2009-09-15,1.4611
2009-09-16,1.4671
2009-09-17,1.4712
2009-09-18,1.4705
2009-09-19,1.46893333333
2009-09-20,1.46736666667
2009-09-21,1.4658
2009-09-22,1.478
2009-09-23,1.4783
2009-09-24,1.4768
2009-09-25,1.467
2009-09-26,1.46633333333
2009-09-27,1.46566666667
2009-09-28,1.465
2009-09-29,1.4549
2009-09-30,1.4643
2009-10-01,1.4539
2009-10-02,1.4537
2009-10-03,1.45633333333
2009-10-04,1.45896666667
2009-10-05,1.4616
2009-10-06,1.4722
2009-10-07,1.4694
2009-10-08,1.4763
2009-10-09,1.475
2009-10-10,1.4755
2009-10-11,1.476
2009-10-12,1.4765
2009-10-13,1.4864
2009-10-14,1.4881
2009-10-15,1.4864
2009-10-16,1.4869
2009-10-17,1.48853333333
2009-10-18,1.49016666667
2009-10-19,1.4918
2009-10-20,1.4971
2009-10-21,1.4921
2009-10-22,1.5
2009-10-23,1.502
2009-10-24,1.50196666667
2009-10-25,1.50193333333
2009-10-26,1.5019
2009-10-27,1.4874
2009-10-28,1.4785
2009-10-29,1.4788
2009-10-30,1.48
2009-10-31,1.47906666667
2009-11-01,1.47813333333
2009-11-02,1.4772
2009-11-03,1.4658
2009-11-04,1.4761
2009-11-05,1.4867
2009-11-06,1.4862
2009-11-07,1.49026666667
2009-11-08,1.49433333333
2009-11-09,1.4984
2009-11-10,1.4966
2009-11-11,1.5037
2009-11-12,1.4922
2009-11-13,1.4868
2009-11-14,1.49003333333
2009-11-15,1.49326666667
2009-11-16,1.4965
2009-11-17,1.4875
2009-11-18,1.4957
2009-11-19,1.4863
2009-11-20,1.4815
2009-11-21,1.4866
2009-11-22,1.4917
2009-11-23,1.4968
2009-11-24,1.4969
2009-11-25,1.5083
2009-11-26,1.5071
2009-11-27,1.4918
2009-11-28,1.4953
2009-11-29,1.4988
2009-11-30,1.5023
2009-12-01,1.5074
2009-12-02,1.509
2009-12-03,1.512
2009-12-04,1.5068
2009-12-05,1.49743333333
2009-12-06,1.48806666667
2009-12-07,1.4787
2009-12-08,1.4774
2009-12-09,1.4768
2009-12-10,1.473
2009-12-11,1.4757
2009-12-12,1.47203333333
2009-12-13,1.46836666667
2009-12-14,1.4647
2009-12-15,1.4541
2009-12-16,1.456
2009-12-17,1.4343
2009-12-18,1.4337
2009-12-19,1.43473333333
2009-12-20,1.43576666667
2009-12-21,1.4368
2009-12-22,1.4279
2009-12-23,1.4276
2009-12-24,1.4398
2009-12-25,1.44015
2009-12-26,1.44026666667
2009-12-27,1.44038333333
2009-12-28,1.4405
2009-12-29,1.4433
2009-12-30,1.4338
2009-12-31,1.4406
2010-01-01,1.43975
2010-01-02,1.43946666667
2010-01-03,1.43918333333
2010-01-04,1.4389
2010-01-05,1.4442
2010-01-06,1.435
2010-01-07,1.4304
2010-01-08,1.4273
2010-01-09,1.4358
2010-01-10,1.4443
2010-01-11,1.4528
2010-01-12,1.4481
2010-01-13,1.4563
2010-01-14,1.4486
2010-01-15,1.4374
2010-01-16,1.43723333333
2010-01-17,1.43706666667
2010-01-18,1.4369
2010-01-19,1.4279
2010-01-20,1.4132
2010-01-21,1.4064
2010-01-22,1.4135
2010-01-23,1.41403333333
2010-01-24,1.41456666667
2010-01-25,1.4151
2010-01-26,1.4085
2010-01-27,1.4072
2010-01-28,1.3999
2010-01-29,1.3966
2010-01-30,1.39483333333
2010-01-31,1.39306666667
2010-02-01,1.3913
2010-02-02,1.3937
2010-02-03,1.3984
2010-02-04,1.3847
2010-02-05,1.3691
2010-02-06,1.36856666667
2010-02-07,1.36803333333
2010-02-08,1.3675
2010-02-09,1.376
2010-02-10,1.374
2010-02-11,1.3718
2010-02-12,1.3572
2010-02-13,1.35836666667
2010-02-14,1.35953333333
2010-02-15,1.3607
2010-02-16,1.3649
2010-02-17,1.3726
2010-02-18,1.3567
2010-02-19,1.3519
2010-02-20,1.35546666667
2010-02-21,1.35903333333
2010-02-22,1.3626
2010-02-23,1.3577
2010-02-24,1.3547
2010-02-25,1.3489
2010-02-26,1.357
2010-02-27,1.3555
2010-02-28,1.354
2010-03-01,1.3525
2010-03-02,1.3548
2010-03-03,1.3641
2010-03-04,1.3668
2010-03-05,1.3582
2010-03-06,1.36086666667
2010-03-07,1.36353333333
2010-03-08,1.3662
2010-03-09,1.3557
2010-03-10,1.361
2010-03-11,1.3657
2010-03-12,1.3765
2010-03-13,1.3745
2010-03-14,1.3725
2010-03-15,1.3705
2010-03-16,1.3723
2010-03-17,1.3756
2010-03-18,1.366
2010-03-19,1.3548
2010-03-20,1.35223333333
2010-03-21,1.34966666667
2010-03-22,1.3471
2010-03-23,1.3519
2010-03-24,1.3338
2010-03-25,1.3356
2010-03-26,1.3353
2010-03-27,1.33923333333
2010-03-28,1.34316666667
2010-03-29,1.3471
2010-03-30,1.3482
2010-03-31,1.3479
2010-04-01,1.3468
2010-04-02,1.3444
2010-04-03,1.3436
2010-04-04,1.3428
2010-04-05,1.342
2010-04-06,1.3396
2010-04-07,1.334
2010-04-08,1.3296
2010-04-09,1.3384
2010-04-10,1.3451
2010-04-11,1.3518
2010-04-12,1.3585
2010-04-13,1.3583
2010-04-14,1.3615
2010-04-15,1.3544
2010-04-16,1.3535
2010-04-17,1.35006666667
2010-04-18,1.34663333333
2010-04-19,1.3432
2010-04-20,1.3486
2010-04-21,1.3373
2010-04-22,1.3339
2010-04-23,1.3311
2010-04-24,1.33143333333
2010-04-25,1.33176666667
2010-04-26,1.3321
2010-04-27,1.329
2010-04-28,1.3245
2010-04-29,1.3256
2010-04-30,1.3315
2010-05-01,1.32893333333
2010-05-02,1.32636666667
2010-05-03,1.3238
2010-05-04,1.3089
2010-05-05,1.2924
2010-05-06,1.2727
2010-05-07,1.2746
2010-05-08,1.28203333333
2010-05-09,1.28946666667
2010-05-10,1.2969
2010-05-11,1.2698
2010-05-12,1.2686
2010-05-13,1.2587
2010-05-14,1.2492
2010-05-15,1.24443333333
2010-05-16,1.23966666667
2010-05-17,1.2349
2010-05-18,1.2428
2010-05-19,1.227
2010-05-20,1.2334
2010-05-21,1.2497
2010-05-22,1.24513333333
2010-05-23,1.24056666667
2010-05-24,1.236
2010-05-25,1.2223
2010-05-26,1.2309
2010-05-27,1.2255
2010-05-28,1.2384
2010-05-29,1.23583333333
2010-05-30,1.23326666667
2010-05-31,1.2307
2010-06-01,1.2155
2010-06-02,1.2218
2010-06-03,1.2268
2010-06-04,1.206
2010-06-05,1.20263333333
2010-06-06,1.19926666667
2010-06-07,1.1959
2010-06-08,1.1942
2010-06-09,1.201
2010-06-10,1.2045
2010-06-11,1.2127
2010-06-12,1.21676666667
2010-06-13,1.22083333333
2010-06-14,1.2249
2010-06-15,1.2258
2010-06-16,1.2277
2010-06-17,1.2363
2010-06-18,1.2372
2010-06-19,1.23783333333
2010-06-20,1.23846666667
2010-06-21,1.2391
2010-06-22,1.2258
2010-06-23,1.2271
2010-06-24,1.2262
2010-06-25,1.2294
2010-06-26,1.2309
2010-06-27,1.2324
2010-06-28,1.2339
2010-06-29,1.2198
2010-06-30,1.2271
2010-07-01,1.2328
2010-07-02,1.2548
2010-07-03,1.25423333333
2010-07-04,1.25366666667
2010-07-05,1.2531
2010-07-06,1.2579
2010-07-07,1.2567
2010-07-08,1.266
2010-07-09,1.2637
2010-07-10,1.26153333333
2010-07-11,1.25936666667
2010-07-12,1.2572
2010-07-13,1.2569
2010-07-14,1.2703
2010-07-15,1.2828
2010-07-16,1.3
2010-07-17,1.29856666667
2010-07-18,1.29713333333
2010-07-19,1.2957
2010-07-20,1.2844
2010-07-21,1.2817
2010-07-22,1.285
2010-07-23,1.2897
2010-07-24,1.29083333333
2010-07-25,1.29196666667
2010-07-26,1.2931
2010-07-27,1.3033
2010-07-28,1.2992
2010-07-29,1.3069
2010-07-30,1.3028
2010-07-31,1.3043
2010-08-01,1.3058
2010-08-02,1.3073
2010-08-03,1.3221
2010-08-04,1.3206
2010-08-05,1.3184
2010-08-06,1.3176
2010-08-07,1.32016666667
2010-08-08,1.32273333333
2010-08-09,1.3253
2010-08-10,1.3133
2010-08-11,1.3016
2010-08-12,1.279
2010-08-13,1.2799
2010-08-14,1.2806
2010-08-15,1.2813
2010-08-16,1.282
2010-08-17,1.286
2010-08-18,1.288
2010-08-19,1.2836
2010-08-20,1.2711
2010-08-21,1.27086666667
2010-08-22,1.27063333333
2010-08-23,1.2704
2010-08-24,1.2611
2010-08-25,1.2613
2010-08-26,1.2693
2010-08-27,1.2713
2010-08-28,1.27086666667
2010-08-29,1.27043333333
2010-08-30,1.27
2010-08-31,1.268
2010-09-01,1.28
2010-09-02,1.2818
2010-09-03,1.2834
2010-09-04,1.28473333333
2010-09-05,1.28606666667
2010-09-06,1.2874
2010-09-07,1.2744
2010-09-08,1.2697
2010-09-09,1.2715
2010-09-10,1.2725
2010-09-11,1.27503333333
2010-09-12,1.27756666667
2010-09-13,1.2801
2010-09-14,1.285
2010-09-15,1.2989
2010-09-16,1.3078
2010-09-17,1.306
2010-09-18,1.30646666667
2010-09-19,1.30693333333
2010-09-20,1.3074
2010-09-21,1.312
2010-09-22,1.3364
2010-09-23,1.3323
2010-09-24,1.3412
2010-09-25,1.34336666667
2010-09-26,1.34553333333
2010-09-27,1.3477
2010-09-28,1.346
2010-09-29,1.3611
2010-09-30,1.3648
2010-10-01,1.3726
2010-10-02,1.3719
2010-10-03,1.3712
2010-10-04,1.3705
2010-10-05,1.378
2010-10-06,1.3856
2010-10-07,1.397
2010-10-08,1.3874
2010-10-09,1.38946666667
2010-10-10,1.39153333333
2010-10-11,1.3936
2010-10-12,1.3833
2010-10-13,1.3958
2010-10-14,1.4101
2010-10-15,1.4089
2010-10-16,1.40246666667
2010-10-17,1.39603333333
2010-10-18,1.3896
2010-10-19,1.3859
2010-10-20,1.3861
2010-10-21,1.4016
2010-10-22,1.3934
2010-10-23,1.39663333333
2010-10-24,1.39986666667
2010-10-25,1.4031
2010-10-26,1.3912
2010-10-27,1.3803
2010-10-28,1.3857
2010-10-29,1.3857
2010-10-30,1.388
2010-10-31,1.3903
2010-11-01,1.3926
2010-11-02,1.4018
2010-11-03,1.4014
2010-11-04,1.4244
2010-11-05,1.4084
2010-11-06,1.40283333333
2010-11-07,1.39726666667
2010-11-08,1.3917
2010-11-09,1.3945
2010-11-10,1.377
2010-11-11,1.37
2010-11-12,1.3711
2010-11-13,1.36826666667
2010-11-14,1.36543333333
2010-11-15,1.3626
2010-11-16,1.3612
2010-11-17,1.3481
2010-11-18,1.3647
2010-11-19,1.3674
2010-11-20,1.3665
2010-11-21,1.3656
2010-11-22,1.3647
2010-11-23,1.3496
2010-11-24,1.3339
2010-11-25,1.3321
2010-11-26,1.3225
2010-11-27,1.31986666667
2010-11-28,1.31723333333
2010-11-29,1.3146
2010-11-30,1.2998
2010-12-01,1.3115
2010-12-02,1.3155
2010-12-03,1.3246
2010-12-04,1.32573333333
2010-12-05,1.32686666667
2010-12-06,1.328
2010-12-07,1.3363
2010-12-08,1.32
2010-12-09,1.3214
2010-12-10,1.3244
2010-12-11,1.32516666667
2010-12-12,1.32593333333
2010-12-13,1.3267
2010-12-14,1.3435
2010-12-15,1.336
2010-12-16,1.3238
2010-12-17,1.326
2010-12-18,1.32223333333
2010-12-19,1.31846666667
2010-12-20,1.3147
2010-12-21,1.3155
2010-12-22,1.3112
2010-12-23,1.3064
2010-12-24,1.3099
2010-12-25,1.31113333333
2010-12-26,1.31236666667
2010-12-27,1.3136
2010-12-28,1.3195
2010-12-29,1.3136
2010-12-30,1.328
2010-12-31,1.3362
2011-01-01,1.33573333333
2011-01-02,1.33526666667
2011-01-03,1.3348
2011-01-04,1.3421
2011-01-05,1.3213
2011-01-06,1.3091
2011-01-07,1.2961
2011-01-08,1.29416666667
2011-01-09,1.29223333333
2011-01-10,1.2903
2011-01-11,1.2948
2011-01-12,1.2973
2011-01-13,1.3199
2011-01-14,1.3349
2011-01-15,1.33363333333
2011-01-16,1.33236666667
2011-01-17,1.3311
2011-01-18,1.3371
2011-01-19,1.3506
2011-01-20,1.3472
2011-01-21,1.3521
2011-01-22,1.35376666667
2011-01-23,1.35543333333
2011-01-24,1.3571
2011-01-25,1.3596
2011-01-26,1.3681
2011-01-27,1.3716
2011-01-28,1.371
2011-01-29,1.3704
2011-01-30,1.3698
2011-01-31,1.3692
2011-02-01,1.3755
2011-02-02,1.3803
2011-02-03,1.3745
2011-02-04,1.3631
2011-02-05,1.3605
2011-02-06,1.3579
2011-02-07,1.3553
2011-02-08,1.3635
2011-02-09,1.3647
2011-02-10,1.3604
2011-02-11,1.3524
2011-02-12,1.3496
2011-02-13,1.3468
2011-02-14,1.344
2011-02-15,1.351
2011-02-16,1.351
2011-02-17,1.356
2011-02-18,1.3627
2011-02-19,1.36406666667
2011-02-20,1.36543333333
2011-02-21,1.3668
2011-02-22,1.3667
2011-02-23,1.3731
2011-02-24,1.3773
2011-02-25,1.3762
2011-02-26,1.3786
2011-02-27,1.381
2011-02-28,1.3834
2011-03-01,1.3825
2011-03-02,1.3809
2011-03-03,1.385
2011-03-04,1.3957
2011-03-05,1.39806666667
2011-03-06,1.40043333333
2011-03-07,1.4028
2011-03-08,1.3898
2011-03-09,1.3928
2011-03-10,1.3817
2011-03-11,1.3773
2011-03-12,1.38313333333
2011-03-13,1.38896666667
2011-03-14,1.3948
2011-03-15,1.3884
2011-03-16,1.3951
2011-03-17,1.4004
2011-03-18,1.413
2011-03-19,1.41513333333
2011-03-20,1.41726666667
2011-03-21,1.4194
2011-03-22,1.4211
2011-03-23,1.4136
2011-03-24,1.4128
2011-03-25,1.4115
2011-03-26,1.40873333333
2011-03-27,1.40596666667
2011-03-28,1.4032
2011-03-29,1.4066
2011-03-30,1.409
2011-03-31,1.4207
2011-04-01,1.4141
2011-04-02,1.4174
2011-04-03,1.4207
2011-04-04,1.424
2011-04-05,1.4166
2011-04-06,1.43
2011-04-07,1.4283
2011-04-08,1.4401
2011-04-09,1.4412
2011-04-10,1.4423
2011-04-11,1.4434
2011-04-12,1.447
2011-04-13,1.4493
2011-04-14,1.4401
2011-04-15,1.445
2011-04-16,1.43916666667
2011-04-17,1.43333333333
2011-04-18,1.4275
2011-04-19,1.4302
2011-04-20,1.4515
2011-04-21,1.4584
2011-04-22,1.4595
2011-04-23,1.45986666667
2011-04-24,1.46023333333
2011-04-25,1.4606
2011-04-26,1.4617
2011-04-27,1.4668
2011-04-28,1.4794
2011-04-29,1.486
2011-04-30,1.48523333333
2011-05-01,1.48446666667
2011-05-02,1.4837
2011-05-03,1.478
2011-05-04,1.4882
2011-05-05,1.4814
2011-05-06,1.4501
2011-05-07,1.44663333333
2011-05-08,1.44316666667
2011-05-09,1.4397
2011-05-10,1.4358
2011-05-11,1.4357
2011-05-12,1.4153
2011-05-13,1.428
2011-05-14,1.42343333333
2011-05-15,1.41886666667
2011-05-16,1.4143
2011-05-17,1.4171
2011-05-18,1.4227
2011-05-19,1.4265
2011-05-20,1.4237
2011-05-21,1.41646666667
2011-05-22,1.40923333333
2011-05-23,1.402
2011-05-24,1.4089
2011-05-25,1.4069
2011-05-26,1.4168
2011-05-27,1.4265
2011-05-28,1.42673333333
2011-05-29,1.42696666667
2011-05-30,1.4272
2011-05-31,1.4385
2011-06-01,1.4408
2011-06-02,1.446
2011-06-03,1.4488
2011-06-04,1.4524
2011-06-05,1.456
2011-06-06,1.4596
2011-06-07,1.4652
2011-06-08,1.4608
2011-06-09,1.4614
2011-06-10,1.4486
2011-06-11,1.4442
2011-06-12,1.4398
2011-06-13,1.4354
2011-06-14,1.4448
2011-06-15,1.4292
2011-06-16,1.4088
2011-06-17,1.427
2011-06-18,1.42583333333
2011-06-19,1.42466666667
2011-06-20,1.4235
2011-06-21,1.4373
2011-06-22,1.4397
2011-06-23,1.4212
2011-06-24,1.422
2011-06-25,1.4215
2011-06-26,1.421
2011-06-27,1.4205
2011-06-28,1.4261
2011-06-29,1.4425
2011-06-30,1.4453
2011-07-01,1.4488
2011-07-02,1.4492
2011-07-03,1.4496
2011-07-04,1.45
2011-07-05,1.4461
2011-07-06,1.4318
2011-07-07,1.4247
2011-07-08,1.4242
2011-07-09,1.418
2011-07-10,1.4118
2011-07-11,1.4056
2011-07-12,1.3975
2011-07-13,1.4073
2011-07-14,1.4202
2011-07-15,1.4146
2011-07-16,1.41123333333
2011-07-17,1.40786666667
2011-07-18,1.4045
2011-07-19,1.416
2011-07-20,1.4207
2011-07-21,1.4222
2011-07-22,1.4391
2011-07-23,1.43873333333
2011-07-24,1.43836666667
2011-07-25,1.438
2011-07-26,1.4471
2011-07-27,1.4446
2011-07-28,1.426
2011-07-29,1.426
2011-07-30,1.43116666667
2011-07-31,1.43633333333
2011-08-01,1.4415
2011-08-02,1.417
2011-08-03,1.43
2011-08-04,1.4229
2011-08-05,1.4155
2011-08-06,1.41783333333
2011-08-07,1.42016666667
2011-08-08,1.4225
2011-08-09,1.4267
2011-08-10,1.4367
2011-08-11,1.4143
2011-08-12,1.425
2011-08-13,1.42696666667
2011-08-14,1.42893333333
2011-08-15,1.4309
2011-08-16,1.436
2011-08-17,1.4477
2011-08-18,1.4369
2011-08-19,1.4385
2011-08-20,1.43943333333
2011-08-21,1.44036666667
2011-08-22,1.4413
2011-08-23,1.4462
2011-08-24,1.4433
2011-08-25,1.4424
2011-08-26,1.4402
2011-08-27,1.44303333333
2011-08-28,1.44586666667
2011-08-29,1.4487
2011-08-30,1.4402
2011-08-31,1.445
2011-09-01,1.4285
2011-09-02,1.4255
2011-09-03,1.4212
2011-09-04,1.4169
2011-09-05,1.4126
2011-09-06,1.4099
2011-09-07,1.4036
2011-09-08,1.4044
2011-09-09,1.3817
2011-09-10,1.37633333333
2011-09-11,1.37096666667
2011-09-12,1.3656
2011-09-13,1.3645
2011-09-14,1.3729
2011-09-15,1.3795
2011-09-16,1.376
2011-09-17,1.37203333333
2011-09-18,1.36806666667
2011-09-19,1.3641
2011-09-20,1.371
2011-09-21,1.3636
2011-09-22,1.3448
2011-09-23,1.343
2011-09-24,1.34533333333
2011-09-25,1.34766666667
2011-09-26,1.35
2011-09-27,1.3579
2011-09-28,1.3631
2011-09-29,1.3615
2011-09-30,1.3503
2011-10-01,1.34443333333
2011-10-02,1.33856666667
2011-10-03,1.3327
2011-10-04,1.3181
2011-10-05,1.3337
2011-10-06,1.3269
2011-10-07,1.3434
2011-10-08,1.3487
2011-10-09,1.354
2011-10-10,1.3593
2011-10-11,1.3607
2011-10-12,1.3766
2011-10-13,1.3727
2011-10-14,1.3807
2011-10-15,1.37966666667
2011-10-16,1.37863333333
2011-10-17,1.3776
2011-10-18,1.3676
2011-10-19,1.3828
2011-10-20,1.3807
2011-10-21,1.3798
2011-10-22,1.38173333333
2011-10-23,1.38366666667
2011-10-24,1.3856
2011-10-25,1.3918
2011-10-26,1.3927
2011-10-27,1.4038
2011-10-28,1.416
2011-10-29,1.4107
2011-10-30,1.4054
2011-10-31,1.4001
2011-11-01,1.3627
2011-11-02,1.3809
2011-11-03,1.3773
2011-11-04,1.3773
2011-11-05,1.37626666667
2011-11-06,1.37523333333
2011-11-07,1.3742
2011-11-08,1.3788
2011-11-09,1.3633
2011-11-10,1.3616
2011-11-11,1.365
2011-11-12,1.3653
2011-11-13,1.3656
2011-11-14,1.3659
2011-11-15,1.3532
2011-11-16,1.3484
2011-11-17,1.348
2011-11-18,1.3576
2011-11-19,1.35366666667
2011-11-20,1.34973333333
2011-11-21,1.3458
2011-11-22,1.3535
2011-11-23,1.3387
2011-11-24,1.3373
2011-11-25,1.3229
2011-11-26,1.32686666667
2011-11-27,1.33083333333
2011-11-28,1.3348
2011-11-29,1.3336
2011-11-30,1.3418
2011-12-01,1.3492
2011-12-02,1.3511
2011-12-03,1.3488
2011-12-04,1.3465
2011-12-05,1.3442
2011-12-06,1.3394
2011-12-07,1.3377
2011-12-08,1.341
2011-12-09,1.3384
2011-12-10,1.33396666667
2011-12-11,1.32953333333
2011-12-12,1.3251
2011-12-13,1.3181
2011-12-14,1.2993
2011-12-15,1.3019
2011-12-16,1.3064
2011-12-17,1.30556666667
2011-12-18,1.30473333333
2011-12-19,1.3039
2011-12-20,1.3074
2011-12-21,1.3054
2011-12-22,1.3047
2011-12-23,1.3057
2011-12-24,1.3059
2011-12-25,1.3061
2011-12-26,1.3063
2011-12-27,1.3069
2011-12-28,1.3074
2011-12-29,1.2889
2011-12-30,1.2939
2011-12-31,1.29376666667
2012-01-01,1.29363333333
2012-01-02,1.2935
2012-01-03,1.3014
2012-01-04,1.2948
2012-01-05,1.2832
2012-01-06,1.2776
2012-01-07,1.276
2012-01-08,1.2744
2012-01-09,1.2728
2012-01-10,1.2808
2012-01-11,1.2718
2012-01-12,1.2736
2012-01-13,1.2771
2012-01-14,1.2737
2012-01-15,1.2703
2012-01-16,1.2669
2012-01-17,1.279
2012-01-18,1.2831
2012-01-19,1.2911
2012-01-20,1.2902
2012-01-21,1.29403333333
2012-01-22,1.29786666667
2012-01-23,1.3017
2012-01-24,1.3003
2012-01-25,1.2942
2012-01-26,1.3145
2012-01-27,1.3145
2012-01-28,1.31333333333
2012-01-29,1.31216666667
2012-01-30,1.311
2012-01-31,1.3176
2012-02-01,1.3175
2012-02-02,1.3094
2012-02-03,1.316
2012-02-04,1.31206666667
2012-02-05,1.30813333333
2012-02-06,1.3042
2012-02-07,1.3113
2012-02-08,1.3274
2012-02-09,1.3288
2012-02-10,1.3189
2012-02-11,1.32106666667
2012-02-12,1.32323333333
2012-02-13,1.3254
2012-02-14,1.3169
2012-02-15,1.3092
2012-02-16,1.2982
2012-02-17,1.3159
2012-02-18,1.31946666667
2012-02-19,1.32303333333
2012-02-20,1.3266
2012-02-21,1.3222
2012-02-22,1.323
2012-02-23,1.33
2012-02-24,1.3412
2012-02-25,1.3404
2012-02-26,1.3396
2012-02-27,1.3388
2012-02-28,1.3454
2012-02-29,1.3443
2012-03-01,1.3312
2012-03-02,1.3217
2012-03-03,1.3218
2012-03-04,1.3219
2012-03-05,1.322
2012-03-06,1.3153
2012-03-07,1.312
2012-03-08,1.3242
2012-03-09,1.3191
2012-03-10,1.3167
2012-03-11,1.3143
2012-03-12,1.3119
2012-03-13,1.3057
2012-03-14,1.3062
2012-03-15,1.3057
2012-03-16,1.3116
2012-03-17,1.31273333333
2012-03-18,1.31386666667
2012-03-19,1.315
2012-03-20,1.3198
2012-03-21,1.3225
2012-03-22,1.3167
2012-03-23,1.3242
2012-03-24,1.32533333333
2012-03-25,1.32646666667
2012-03-26,1.3276
2012-03-27,1.3333
2012-03-28,1.3337
2012-03-29,1.3272
2012-03-30,1.3356
2012-03-31,1.33436666667
2012-04-01,1.33313333333
2012-04-02,1.3319
2012-04-03,1.3315
2012-04-04,1.3142
2012-04-05,1.3068
2012-04-06,1.30833333333
2012-04-07,1.30884444444
2012-04-08,1.30935555556
2012-04-09,1.30986666667
2012-04-10,1.3114
2012-04-11,1.3131
2012-04-12,1.3153
2012-04-13,1.3148
2012-04-14,1.31066666667
2012-04-15,1.30653333333
2012-04-16,1.3024
2012-04-17,1.3132
2012-04-18,1.3093
2012-04-19,1.3086
2012-04-20,1.3192
2012-04-21,1.31716666667
2012-04-22,1.31513333333
2012-04-23,1.3131
2012-04-24,1.3161
2012-04-25,1.3206
2012-04-26,1.3215
2012-04-27,1.3229
2012-04-28,1.3224
2012-04-29,1.3219
2012-04-30,1.3214
2012-05-01,1.31725
2012-05-02,1.3131
2012-05-03,1.3123
2012-05-04,1.3132
2012-05-05,1.3099
2012-05-06,1.3066
2012-05-07,1.3033
2012-05-08,1.3025
2012-05-09,1.295
2012-05-10,1.2961
2012-05-11,1.2944
2012-05-12,1.2917
2012-05-13,1.289
2012-05-14,1.2863
2012-05-15,1.2843
2012-05-16,1.2738
2012-05-17,1.2682
2012-05-18,1.2721
2012-05-19,1.27306666667
2012-05-20,1.27403333333
2012-05-21,1.275
2012-05-22,1.2768
2012-05-23,1.2659
2012-05-24,1.2557
2012-05-25,1.2546
2012-05-26,1.25526666667
2012-05-27,1.25593333333
2012-05-28,1.2566
2012-05-29,1.2523
2012-05-30,1.2438
2012-05-31,1.2403
2012-06-01,1.2322
2012-06-02,1.23603333333
2012-06-03,1.23986666667
2012-06-04,1.2437
2012-06-05,1.2429
2012-06-06,1.2485
2012-06-07,1.2595
2012-06-08,1.2468
2012-06-09,1.24933333333
2012-06-10,1.25186666667
2012-06-11,1.2544
2012-06-12,1.2492
2012-06-13,1.2534
2012-06-14,1.2551
2012-06-15,1.2596
2012-06-16,1.26033333333
2012-06-17,1.26106666667
2012-06-18,1.2618
2012-06-19,1.2619
2012-06-20,1.2704
2012-06-21,1.267
2012-06-22,1.2539
2012-06-23,1.2522
2012-06-24,1.2505
2012-06-25,1.2488
2012-06-26,1.2475
2012-06-27,1.2478
2012-06-28,1.2418
2012-06-29,1.259
2012-06-30,1.2591
2012-07-01,1.2592
2012-07-02,1.2593
2012-07-03,1.2575
2012-07-04,1.256
2012-07-05,1.2426
2012-07-06,1.2377
2012-07-07,1.2349
2012-07-08,1.2321
2012-07-09,1.2293
2012-07-10,1.2285
2012-07-11,1.226
2012-07-12,1.2178
2012-07-13,1.2185
2012-07-14,1.21823333333
2012-07-15,1.21796666667
2012-07-16,1.2177
2012-07-17,1.2281
2012-07-18,1.2234
2012-07-19,1.2287
2012-07-20,1.22
2012-07-21,1.21683333333
2012-07-22,1.21366666667
2012-07-23,1.2105
2012-07-24,1.2089
2012-07-25,1.2134
2012-07-26,1.226
2012-07-27,1.2317
2012-07-28,1.22933333333
2012-07-29,1.22696666667
2012-07-30,1.2246
2012-07-31,1.2284
2012-08-01,1.2298
2012-08-02,1.2346
2012-08-03,1.2245
2012-08-04,1.22896666667
2012-08-05,1.23343333333
2012-08-06,1.2379
2012-08-07,1.2436
2012-08-08,1.2336
2012-08-09,1.2301
2012-08-10,1.2262
2012-08-11,1.22876666667
2012-08-12,1.23133333333
2012-08-13,1.2339
2012-08-14,1.2352
2012-08-15,1.2276
2012-08-16,1.2279
2012-08-17,1.2337
2012-08-18,1.23246666667
2012-08-19,1.23123333333
2012-08-20,1.23
2012-08-21,1.2428
2012-08-22,1.2448
2012-08-23,1.2552
2012-08-24,1.2507
2012-08-25,1.25146666667
2012-08-26,1.25223333333
2012-08-27,1.253
2012-08-28,1.2548
2012-08-29,1.2545
2012-08-30,1.2544
2012-08-31,1.2611
2012-09-01,1.25966666667
2012-09-02,1.25823333333
2012-09-03,1.2568
2012-09-04,1.2579
2012-09-05,1.2578
2012-09-06,1.2638
2012-09-07,1.2706
2012-09-08,1.27293333333
2012-09-09,1.27526666667
2012-09-10,1.2776
2012-09-11,1.2787
2012-09-12,1.2896
2012-09-13,1.291
2012-09-14,1.3095
2012-09-15,1.3092
2012-09-16,1.3089
2012-09-17,1.3086
2012-09-18,1.3054
2012-09-19,1.3002
2012-09-20,1.2954
2012-09-21,1.2988
2012-09-22,1.2964
2012-09-23,1.294
2012-09-24,1.2916
2012-09-25,1.2932
2012-09-26,1.2845
2012-09-27,1.2874
2012-09-28,1.293
2012-09-29,1.29123333333
2012-09-30,1.28946666667
2012-10-01,1.2877
2012-10-02,1.293
2012-10-03,1.2904
2012-10-04,1.2951
2012-10-05,1.3002
2012-10-06,1.29873333333
2012-10-07,1.29726666667
2012-10-08,1.2958
2012-10-09,1.2953
2012-10-10,1.2889
2012-10-11,1.2918
2012-10-12,1.297
2012-10-13,1.29703333333
2012-10-14,1.29706666667
2012-10-15,1.2971
2012-10-16,1.3046
2012-10-17,1.312
2012-10-18,1.3118
2012-10-19,1.3035
2012-10-20,1.30443333333
2012-10-21,1.30536666667
2012-10-22,1.3063
2012-10-23,1.3005
2012-10-24,1.2942
2012-10-25,1.2993
2012-10-26,1.2908
2012-10-27,1.29046666667
2012-10-28,1.29013333333
2012-10-29,1.2898
2012-10-30,1.2962
2012-10-31,1.2993
2012-11-01,1.2975
2012-11-02,1.285
2012-11-03,1.28256666667
2012-11-04,1.28013333333
2012-11-05,1.2777
2012-11-06,1.28
2012-11-07,1.2746
2012-11-08,1.2736
2012-11-09,1.2694
2012-11-10,1.27076666667
2012-11-11,1.27213333333
2012-11-12,1.2735
2012-11-13,1.2696
2012-11-14,1.2726
2012-11-15,1.2756
2012-11-16,1.2745
2012-11-17,1.27506666667
2012-11-18,1.27563333333
2012-11-19,1.2762
2012-11-20,1.2809
2012-11-21,1.2805
2012-11-22,1.2893
2012-11-23,1.2909
2012-11-24,1.29273333333
2012-11-25,1.29456666667
2012-11-26,1.2964
2012-11-27,1.2961
2012-11-28,1.2891
2012-11-29,1.2994
2012-11-30,1.2986
2012-12-01,1.30096666667
2012-12-02,1.30333333333
2012-12-03,1.3057
2012-12-04,1.3092
2012-12-05,1.3065
2012-12-06,1.3072
2012-12-07,1.2905
2012-12-08,1.29133333333
2012-12-09,1.29216666667
2012-12-10,1.293
2012-12-11,1.2993
2012-12-12,1.304
2012-12-13,1.3077
2012-12-14,1.3081
2012-12-15,1.31073333333
2012-12-16,1.31336666667
2012-12-17,1.316
2012-12-18,1.3178
2012-12-19,1.3302
2012-12-20,1.3246
2012-12-21,1.3209
2012-12-22,1.3212
2012-12-23,1.3215
2012-12-24,1.3218
2012-12-25,1.3234
2012-12-26,1.325
2012-12-27,1.3266
2012-12-28,1.3183
2012-12-29,1.31866666667
2012-12-30,1.31903333333
2012-12-31,1.3194
2013-01-01,1.3228
2013-01-02,1.3262
2013-01-03,1.3102
2013-01-04,1.3012
2013-01-05,1.3021
2013-01-06,1.303
2013-01-07,1.3039
2013-01-08,1.3086
2013-01-09,1.3056
2013-01-10,1.3113
2013-01-11,1.3274
2013-01-12,1.32963333333
2013-01-13,1.33186666667
2013-01-14,1.3341
2013-01-15,1.3327
2013-01-16,1.3277
2013-01-17,1.3368
2013-01-18,1.3324
2013-01-19,1.33236666667
2013-01-20,1.33233333333
2013-01-21,1.3323
2013-01-22,1.3317
2013-01-23,1.333
2013-01-24,1.3349
2013-01-25,1.3469
2013-01-26,1.34606666667
2013-01-27,1.34523333333
2013-01-28,1.3444
2013-01-29,1.3433
2013-01-30,1.3541
2013-01-31,1.355
2013-02-01,1.3644
2013-02-02,1.36133333333
2013-02-03,1.35826666667
2013-02-04,1.3552
2013-02-05,1.3537
2013-02-06,1.3517
2013-02-07,1.3546
2013-02-08,1.3374
2013-02-09,1.33796666667
2013-02-10,1.33853333333
2013-02-11,1.3391
2013-02-12,1.3438
2013-02-13,1.348
2013-02-14,1.3327
2013-02-15,1.3325
2013-02-16,1.3334
2013-02-17,1.3343
2013-02-18,1.3352
2013-02-19,1.3349
2013-02-20,1.337
2013-02-21,1.3186
2013-02-22,1.3186
2013-02-23,1.32253333333
2013-02-24,1.32646666667
2013-02-25,1.3304
2013-02-26,1.3077
2013-02-27,1.3097
2013-02-28,1.3129
2013-03-01,1.3
2013-03-02,1.30023333333
2013-03-03,1.30046666667
2013-03-04,1.3007
2013-03-05,1.3034
2013-03-06,1.3035
2013-03-07,1.301
2013-03-08,1.309
2013-03-09,1.3058
2013-03-10,1.3026
2013-03-11,1.2994
2013-03-12,1.3053
2013-03-13,1.2981
2013-03-14,1.2937
2013-03-15,1.3086
2013-03-16,1.30336666667
2013-03-17,1.29813333333
2013-03-18,1.2929
2013-03-19,1.2944
2013-03-20,1.2945
2013-03-21,1.291
2013-03-22,1.2948
2013-03-23,1.29436666667
2013-03-24,1.29393333333
2013-03-25,1.2935
2013-03-26,1.2861
2013-03-27,1.2768
2013-03-28,1.2805
2013-03-29,1.2812
2013-03-30,1.2819
2013-03-31,1.2826
2013-04-01,1.2833
2013-04-02,1.284
2013-04-03,1.2828
2013-04-04,1.2818
2013-04-05,1.2944
2013-04-06,1.29703333333
2013-04-07,1.29966666667
2013-04-08,1.3023
2013-04-09,1.304
2013-04-10,1.3086
2013-04-11,1.3119
2013-04-12,1.3052
2013-04-13,1.30616666667
2013-04-14,1.30713333333
2013-04-15,1.3081
2013-04-16,1.3129
2013-04-17,1.3129
2013-04-18,1.3045
2013-04-19,1.3115
2013-04-20,1.3089
2013-04-21,1.3063
2013-04-22,1.3037
2013-04-23,1.299
2013-04-24,1.3006
2013-04-25,1.308
2013-04-26,1.2999
2013-04-27,1.3037
2013-04-28,1.3075
2013-04-29,1.3113
2013-04-30,1.3072
2013-05-01,1.31315
2013-05-02,1.3191
2013-05-03,1.3114
2013-05-04,1.31116666667
2013-05-05,1.31093333333
2013-05-06,1.3107
2013-05-07,1.3107
2013-05-08,1.3135
2013-05-09,1.3142
2013-05-10,1.2988
2013-05-11,1.2983
2013-05-12,1.2978
2013-05-13,1.2973
2013-05-14,1.2977
2013-05-15,1.2864
2013-05-16,1.289
2013-05-17,1.2869
2013-05-18,1.28636666667
2013-05-19,1.28583333333
2013-05-20,1.2853
2013-05-21,1.2866
2013-05-22,1.2923
2013-05-23,1.2888
2013-05-24,1.2939
2013-05-25,1.2939
2013-05-26,1.2939
2013-05-27,1.2939
2013-05-28,1.2938
2013-05-29,1.2952
2013-05-30,1.2944
2013-05-31,1.3006
2013-06-01,1.30066666667
2013-06-02,1.30073333333
2013-06-03,1.3008
2013-06-04,1.3092
2013-06-05,1.3067
2013-06-06,1.3118
2013-06-07,1.326
2013-06-08,1.3243
2013-06-09,1.3226
2013-06-10,1.3209
2013-06-11,1.3273
2013-06-12,1.3277
2013-06-13,1.3315
2013-06-14,1.3303
2013-06-15,1.33143333333
2013-06-16,1.33256666667
2013-06-17,1.3337
2013-06-18,1.3374
2013-06-19,1.3406
2013-06-20,1.32
2013-06-21,1.318
2013-06-22,1.31486666667
2013-06-23,1.31173333333
2013-06-24,1.3086
2013-06-25,1.3134
2013-06-26,1.3024
2013-06-27,1.3032
2013-06-28,1.308
2013-06-29,1.30656666667
2013-06-30,1.30513333333
2013-07-01,1.3037
2013-07-02,1.3017
2013-07-03,1.2959
2013-07-04,1.2984
2013-07-05,1.2883
2013-07-06,1.2872
2013-07-07,1.2861
2013-07-08,1.285
2013-07-09,1.2857
2013-07-10,1.2813
2013-07-11,1.3044
2013-07-12,1.3034
2013-07-13,1.30266666667
2013-07-14,1.30193333333
2013-07-15,1.3012
2013-07-16,1.3118
2013-07-17,1.3136
2013-07-18,1.3093
2013-07-19,1.3123
2013-07-20,1.31373333333
2013-07-21,1.31516666667
2013-07-22,1.3166
2013-07-23,1.318
2013-07-24,1.3246
2013-07-25,1.3202
2013-07-26,1.326
2013-07-27,1.32633333333
2013-07-28,1.32666666667
2013-07-29,1.327
2013-07-30,1.3284
2013-07-31,1.3275
2013-08-01,1.3236
2013-08-02,1.3203
2013-08-03,1.3221
2013-08-04,1.3239
2013-08-05,1.3257
2013-08-06,1.328
2013-08-07,1.3305
2013-08-08,1.336
2013-08-09,1.3373
2013-08-10,1.3342
2013-08-11,1.3311
2013-08-12,1.328
2013-08-13,1.329
2013-08-14,1.3243
2013-08-15,1.3297
2013-08-16,1.334
2013-08-17,1.33413333333
2013-08-18,1.33426666667
2013-08-19,1.3344
2013-08-20,1.3392
2013-08-21,1.3384
2013-08-22,1.3323
2013-08-23,1.3355
2013-08-24,1.3357
2013-08-25,1.3359
2013-08-26,1.3361
2013-08-27,1.3338
2013-08-28,1.3347
2013-08-29,1.3266
2013-08-30,1.3235
2013-08-31,1.32256666667
2013-09-01,1.32163333333
2013-09-02,1.3207
2013-09-03,1.3172
2013-09-04,1.3171
2013-09-05,1.3202
2013-09-06,1.3117
2013-09-07,1.31426666667
2013-09-08,1.31683333333
2013-09-09,1.3194
2013-09-10,1.324
2013-09-11,1.3268
2013-09-12,1.329
2013-09-13,1.3295
2013-09-14,1.33156666667
2013-09-15,1.33363333333
2013-09-16,1.3357
2013-09-17,1.3356
2013-09-18,1.3352
2013-09-19,1.3545
2013-09-20,1.3514
2013-09-21,1.3512
2013-09-22,1.351
2013-09-23,1.3508
2013-09-24,1.3473
2013-09-25,1.3504
2013-09-26,1.3499
2013-09-27,1.3537
2013-09-28,1.35263333333
2013-09-29,1.35156666667
2013-09-30,1.3505
2013-10-01,1.3554
2013-10-02,1.3515
2013-10-03,1.3594
2013-10-04,1.3593
2013-10-05,1.3586
2013-10-06,1.3579
2013-10-07,1.3572
2013-10-08,1.3576
2013-10-09,1.3515
2013-10-10,1.3532
2013-10-11,1.3566
2013-10-12,1.35653333333
2013-10-13,1.35646666667
2013-10-14,1.3564
2013-10-15,1.3493
2013-10-16,1.3561
2013-10-17,1.3662
2013-10-18,1.3684
2013-10-19,1.36783333333
2013-10-20,1.36726666667
2013-10-21,1.3667
2013-10-22,1.3674
2013-10-23,1.3752
2013-10-24,1.3805
2013-10-25,1.3777
2013-10-26,1.37793333333
2013-10-27,1.37816666667
2013-10-28,1.3784
2013-10-29,1.3768
2013-10-30,1.3755
2013-10-31,1.3641
2013-11-01,1.3505
2013-11-02,1.35053333333
2013-11-03,1.35056666667
2013-11-04,1.3506
2013-11-05,1.3494
2013-11-06,1.3517
2013-11-07,1.3365
2013-11-08,1.3431
2013-11-09,1.34186666667
2013-11-10,1.34063333333
2013-11-11,1.3394
2013-11-12,1.3432
2013-11-13,1.3415
2013-11-14,1.3436
2013-11-15,1.346
2013-11-16,1.3479
2013-11-17,1.3498
2013-11-18,1.3517
2013-11-19,1.3502
2013-11-20,1.3527
2013-11-21,1.3472
2013-11-22,1.3518
2013-11-23,1.35166666667
2013-11-24,1.35153333333
2013-11-25,1.3514
2013-11-26,1.3547
2013-11-27,1.3596
2013-11-28,1.3592
2013-11-29,1.3611
2013-11-30,1.3586
2013-12-01,1.3561
2013-12-02,1.3536
2013-12-03,1.3578
2013-12-04,1.3592
2013-12-05,1.3594
2013-12-06,1.3661
2013-12-07,1.36813333333
2013-12-08,1.37016666667
2013-12-09,1.3722
2013-12-10,1.375
2013-12-11,1.3767
2013-12-12,1.3775
2013-12-13,1.3727
2013-12-14,1.37433333333
2013-12-15,1.37596666667
2013-12-16,1.3776
2013-12-17,1.3749
2013-12-18,1.3749
2013-12-19,1.3667
2013-12-20,1.3655
2013-12-21,1.36706666667
2013-12-22,1.36863333333
2013-12-23,1.3702
2013-12-24,1.3684
2013-12-25,1.37273333333
2013-12-26,1.37706666667
2013-12-27,1.3814
2013-12-28,1.38036666667
2013-12-29,1.37933333333
2013-12-30,1.3783
2013-12-31,1.3791
2014-01-01,1.37245
2014-01-02,1.3658
2014-01-03,1.3634
2014-01-04,1.36233333333
2014-01-05,1.36126666667
2014-01-06,1.3602
2014-01-07,1.3641
2014-01-08,1.3594
2014-01-09,1.3612
2014-01-10,1.3587
2014-01-11,1.36093333333
2014-01-12,1.36316666667
2014-01-13,1.3654
2014-01-14,1.3667
2014-01-15,1.3606
2014-01-16,1.3597
2014-01-17,1.3584
2014-01-18,1.3578
2014-01-19,1.3572
2014-01-20,1.3566
2014-01-21,1.3526
2014-01-22,1.3566
2014-01-23,1.3639
2014-01-24,1.3687
2014-01-25,1.36773333333
2014-01-26,1.36676666667
2014-01-27,1.3658
2014-01-28,1.3649
2014-01-29,1.3608
2014-01-30,1.3574
2014-01-31,1.3516
2014-02-01,1.351
2014-02-02,1.3504
2014-02-03,1.3498
2014-02-04,1.3519
2014-02-05,1.3543
2014-02-06,1.3495
2014-02-07,1.3574
2014-02-08,1.35953333333
2014-02-09,1.36166666667
2014-02-10,1.3638
2014-02-11,1.3676
2014-02-12,1.3573
2014-02-13,1.3675
2014-02-14,1.3707
2014-02-15,1.37043333333
2014-02-16,1.37016666667
2014-02-17,1.3699
2014-02-18,1.3731
2014-02-19,1.3745
2014-02-20,1.3706
2014-02-21,1.3707
2014-02-22,1.37163333333
2014-02-23,1.37256666667
2014-02-24,1.3735
2014-02-25,1.3754
2014-02-26,1.3726
2014-02-27,1.3656
2014-02-28,1.3813
2014-03-01,1.3798
2014-03-02,1.3783
2014-03-03,1.3768
2014-03-04,1.3768
2014-03-05,1.3732
2014-03-06,1.3745
2014-03-07,1.3894
2014-03-08,1.38896666667
2014-03-09,1.38853333333
2014-03-10,1.3881
2014-03-11,1.385
2014-03-12,1.3887
2014-03-13,1.3942
2014-03-14,1.3884
2014-03-15,1.38913333333
2014-03-16,1.38986666667
2014-03-17,1.3906
2014-03-18,1.3902
2014-03-19,1.3913
2014-03-20,1.3762
2014-03-21,1.378
2014-03-22,1.3778
2014-03-23,1.3776
2014-03-24,1.3774
2014-03-25,1.3789
2014-03-26,1.3791
2014-03-27,1.3758
2014-03-28,1.3759
2014-03-29,1.37686666667
2014-03-30,1.37783333333
2014-03-31,1.3788
2014-04-01,1.379
2014-04-02,1.3795
2014-04-03,1.3771
2014-04-04,1.37
2014-04-05,1.37076666667
2014-04-06,1.37153333333
2014-04-07,1.3723
2014-04-08,1.3774
2014-04-09,1.3794
2014-04-10,1.3867
2014-04-11,1.3872
2014-04-12,1.3857
2014-04-13,1.3842
2014-04-14,1.3827
2014-04-15,1.3803
2014-04-16,1.384
2014-04-17,1.3855
2014-04-18,1.38474
2014-04-19,1.38398
2014-04-20,1.38322
2014-04-21,1.38246
2014-04-22,1.3817
2014-04-23,1.3834
2014-04-24,1.382
2014-04-25,1.3831
2014-04-26,1.3841
2014-04-27,1.3851
2014-04-28,1.3861
2014-04-29,1.3826
2014-04-30,1.385
2014-05-01,1.3856
2014-05-02,1.3862
2014-05-03,1.3866
2014-05-04,1.387
2014-05-05,1.3874
2014-05-06,1.3945
2014-05-07,1.3927
2014-05-08,1.3953
2014-05-09,1.3781
2014-05-10,1.37756666667
2014-05-11,1.37703333333
2014-05-12,1.3765
2014-05-13,1.3703
2014-05-14,1.3719
2014-05-15,1.3659
2014-05-16,1.3696
2014-05-17,1.37023333333
2014-05-18,1.37086666667
2014-05-19,1.3715
2014-05-20,1.3702
2014-05-21,1.3676
2014-05-22,1.3668
2014-05-23,1.363
2014-05-24,1.36316666667
2014-05-25,1.36333333333
2014-05-26,1.3635
2014-05-27,1.3638
2014-05-28,1.3608
2014-05-29,1.3612
2014-05-30,1.3607
2014-05-31,1.36083333333
2014-06-01,1.36096666667
2014-06-02,1.3611
2014-06-03,1.3645
2014-06-04,1.3627
2014-06-05,1.3567
2014-06-06,1.3642
2014-06-07,1.36306666667
2014-06-08,1.36193333333
2014-06-09,1.3608
2014-06-10,1.3547
2014-06-11,1.3547
2014-06-12,1.3528
2014-06-13,1.3534
2014-06-14,1.35333333333
2014-06-15,1.35326666667
2014-06-16,1.3532
2014-06-17,1.3568
2014-06-18,1.3563
2014-06-19,1.362
2014-06-20,1.3588
2014-06-21,1.35906666667
2014-06-22,1.35933333333
2014-06-23,1.3596
2014-06-24,1.3618
2014-06-25,1.3615
2014-06-26,1.3606
2014-06-27,1.362
2014-06-28,1.36326666667
2014-06-29,1.36453333333
2014-06-30,1.3658
2014-07-01,1.3688
2014-07-02,1.3656
2014-07-03,1.3646
2014-07-04,1.3588
2014-07-05,1.35893333333
2014-07-06,1.35906666667
2014-07-07,1.3592
2014-07-08,1.3589
2014-07-09,1.3603
2014-07-10,1.3604
2014-07-11,1.3595
2014-07-12,1.36056666667
2014-07-13,1.36163333333
2014-07-14,1.3627
2014-07-15,1.3613
2014-07-16,1.3532
2014-07-17,1.3525
2014-07-18,1.3525
2014-07-19,1.35226666667
2014-07-20,1.35203333333
2014-07-21,1.3518
2014-07-22,1.3481
2014-07-23,1.3465
2014-07-24,1.3472
2014-07-25,1.344
2014-07-26,1.34376666667
2014-07-27,1.34353333333
2014-07-28,1.3433
2014-07-29,1.3429
2014-07-30,1.3401
2014-07-31,1.3379
2014-08-01,1.3395
2014-08-02,1.3404
2014-08-03,1.3413
2014-08-04,1.3422
2014-08-05,1.3382
2014-08-06,1.3345
2014-08-07,1.3368
2014-08-08,1.3388
2014-08-09,1.33873333333
2014-08-10,1.33866666667
2014-08-11,1.3386
2014-08-12,1.3346
2014-08-13,1.336
2014-08-14,1.3373
2014-08-15,1.3388
2014-08-16,1.33863333333
2014-08-17,1.33846666667
2014-08-18,1.3383
2014-08-19,1.3354
2014-08-20,1.3284
2014-08-21,1.3262
2014-08-22,1.3267
2014-08-23,1.32446666667
2014-08-24,1.32223333333
2014-08-25,1.32
2014-08-26,1.3192
2014-08-27,1.3177
2014-08-28,1.3178
2014-08-29,1.3188
2014-08-30,1.31696666667
2014-08-31,1.31513333333
2014-09-01,1.3133
2014-09-02,1.3115
2014-09-03,1.3151
2014-09-04,1.3015
2014-09-05,1.2948
2014-09-06,1.29476666667
2014-09-07,1.29473333333
2014-09-08,1.2947
2014-09-09,1.2902
2014-09-10,1.2929
2014-09-11,1.2928
2014-09-12,1.2931
2014-09-13,1.29243333333
2014-09-14,1.29176666667
2014-09-15,1.2911
2014-09-16,1.2949
2014-09-17,1.2956
2014-09-18,1.2872
2014-09-19,1.2852
2014-09-20,1.28496666667
2014-09-21,1.28473333333
2014-09-22,1.2845
2014-09-23,1.2892
2014-09-24,1.2826
2014-09-25,1.2712
2014-09-26,1.2732
2014-09-27,1.27216666667
2014-09-28,1.27113333333
2014-09-29,1.2701
2014-09-30,1.2583
2014-10-01,1.2603
2014-10-02,1.2631
2014-10-03,1.2616
2014-10-04,1.2599
2014-10-05,1.2582
2014-10-06,1.2565
2014-10-07,1.2607
2014-10-08,1.2645
2014-10-09,1.2763
2014-10-10,1.2638
2014-10-11,1.26516666667
2014-10-12,1.26653333333
2014-10-13,1.2679
2014-10-14,1.2646
2014-10-15,1.2666
2014-10-16,1.2749
2014-10-17,1.2823
2014-10-18,1.28063333333
2014-10-19,1.27896666667
2014-10-20,1.2773
2014-10-21,1.2762
2014-10-22,1.2693
2014-10-23,1.2669
2014-10-24,1.2659
2014-10-25,1.26656666667
2014-10-26,1.26723333333
2014-10-27,1.2679
2014-10-28,1.2748
2014-10-29,1.2737
2014-10-30,1.2598
2014-10-31,1.2524
2014-11-01,1.25136666667
2014-11-02,1.25033333333
2014-11-03,1.2493
2014-11-04,1.2514
2014-11-05,1.248
2014-11-06,1.2517
2014-11-07,1.2393
2014-11-08,1.2424
2014-11-09,1.2455
2014-11-10,1.2486
2014-11-11,1.2424
2014-11-12,1.2467
2014-11-13,1.2456
2014-11-14,1.2436
2014-11-15,1.2456
2014-11-16,1.2476
2014-11-17,1.2496
2014-11-18,1.2514
2014-11-19,1.2535
2014-11-20,1.2539
2014-11-21,1.2422
2014-11-22,1.2418
2014-11-23,1.2414
2014-11-24,1.241
2014-11-25,1.2424
2014-11-26,1.2475
2014-11-27,1.248
2014-11-28,1.2483
2014-11-29,1.24783333333
2014-11-30,1.24736666667
2014-12-01,1.2469
2014-12-02,1.2424
2014-12-03,1.2331
2014-12-04,1.2311
2014-12-05,1.2362
2014-12-06,1.23273333333
2014-12-07,1.22926666667
2014-12-08,1.2258
2014-12-09,1.2369
2014-12-10,1.2392
2014-12-11,1.2428
2014-12-12,1.245
2014-12-13,1.2442
2014-12-14,1.2434
2014-12-15,1.2426
2014-12-16,1.2537
2014-12-17,1.2448
2014-12-18,1.2285
2014-12-19,1.2279
2014-12-20,1.22723333333
2014-12-21,1.22656666667
2014-12-22,1.2259
2014-12-23,1.2213
2014-12-24,1.2219
2014-12-25,1.22146
2014-12-26,1.22102
2014-12-27,1.22058
2014-12-28,1.22014
2014-12-29,1.2197
2014-12-30,1.216
2014-12-31,1.2141
2015-01-01,1.2092
2015-01-02,1.2043
2015-01-03,1.20003333333
2015-01-04,1.19576666667
2015-01-05,1.1915
2015-01-06,1.1914
2015-01-07,1.1831
2015-01-08,1.1768
2015-01-09,1.1813
2015-01-10,1.181
2015-01-11,1.1807
2015-01-12,1.1804
2015-01-13,1.1782
2015-01-14,1.1775
2015-01-15,1.1708
2015-01-16,1.1588
2015-01-17,1.15936666667
2015-01-18,1.15993333333
2015-01-19,1.1605
2015-01-20,1.1579
2015-01-21,1.1593
2015-01-22,1.1618
2015-01-23,1.1198
2015-01-24,1.12133333333
2015-01-25,1.12286666667
2015-01-26,1.1244
2015-01-27,1.1306
2015-01-28,1.1344
2015-01-29,1.1315
2015-01-30,1.1305
2015-01-31,1.13066666667
2015-02-01,1.13083333333
2015-02-02,1.131
2015-02-03,1.1376
2015-02-04,1.1446
2015-02-05,1.141
2015-02-06,1.1447
2015-02-07,1.13896666667
2015-02-08,1.13323333333
2015-02-09,1.1275
2015-02-10,1.1297
2015-02-11,1.1314
2015-02-12,1.1328
2015-02-13,1.1381
2015-02-14,1.139
2015-02-15,1.1399
2015-02-16,1.1408
2015-02-17,1.1415
2015-02-18,1.1372
2015-02-19,1.1387
2015-02-20,1.1298
2015-02-21,1.1298
2015-02-22,1.1298
2015-02-23,1.1298
2015-02-24,1.1328
2015-02-25,1.1346
2015-02-26,1.1317
2015-02-27,1.124
2015-02-28,1.12356666667
2015-03-01,1.12313333333
2015-03-02,1.1227
2015-03-03,1.1168
2015-03-04,1.1124
2015-03-05,1.1069
2015-03-06,1.0963
2015-03-07,1.09286666667
2015-03-08,1.08943333333
2015-03-09,1.086
2015-03-10,1.0738
2015-03-11,1.0578
2015-03-12,1.0613
2015-03-13,1.0572
2015-03-14,1.0567
2015-03-15,1.0562
2015-03-16,1.0557
2015-03-17,1.0635
2015-03-18,1.0592
2015-03-19,1.0677
2015-03-20,1.0776
2015-03-21,1.08213333333
2015-03-22,1.08666666667
2015-03-23,1.0912
2015-03-24,1.095
2015-03-25,1.0985
2015-03-26,1.0973
2015-03-27,1.0856
2015-03-28,1.08523333333
2015-03-29,1.08486666667
2015-03-30,1.0845
2015-03-31,1.0759
2015-04-01,1.0755
2015-04-02,1.083
2015-04-03,1.08334
2015-04-04,1.08368
2015-04-05,1.08402
2015-04-06,1.08436
2015-04-07,1.0847
2015-04-08,1.0862
2015-04-09,1.0774
2015-04-10,1.057
2015-04-11,1.0564
2015-04-12,1.0558
2015-04-13,1.0552
2015-04-14,1.0564
2015-04-15,1.0579
2015-04-16,1.0711
2015-04-17,1.0814
2015-04-18,1.07836666667
2015-04-19,1.07533333333
2015-04-20,1.0723
2015-04-21,1.07
2015-04-22,1.0743
2015-04-23,1.0772
2015-04-24,1.0824
2015-04-25,1.08233333333
2015-04-26,1.08226666667
2015-04-27,1.0822
2015-04-28,1.0927
2015-04-29,1.1002
2015-04-30,1.1215
2015-05-01,1.119925
2015-05-02,1.11835
2015-05-03,1.116775
2015-05-04,1.1152
2015-05-05,1.1117
2015-05-06,1.123
2015-05-07,1.1305
2015-05-08,1.1221
2015-05-09,1.11946666667
2015-05-10,1.11683333333
2015-05-11,1.1142
2015-05-12,1.1239
2015-05-13,1.1221
2015-05-14,1.1419
2015-05-15,1.1328
2015-05-16,1.13483333333
2015-05-17,1.13686666667
2015-05-18,1.1389
2015-05-19,1.118
2015-05-20,1.1118
2015-05-21,1.1133
2015-05-22,1.1164
2015-05-23,1.1102
2015-05-24,1.104
2015-05-25,1.0978
2015-05-26,1.0926
2015-05-27,1.0863
2015-05-28,1.0896
2015-05-29,1.097
2015-05-30,1.09613333333
2015-05-31,1.09526666667
2015-06-01,1.0944
2015-06-02,1.1029
2015-06-03,1.1134
2015-06-04,1.1317
2015-06-05,1.1218
2015-06-06,1.11993333333
2015-06-07,1.11806666667
2015-06-08,1.1162
2015-06-09,1.1249
2015-06-10,1.1279
2015-06-11,1.1232
2015-06-12,1.122
2015-06-13,1.12193333333
2015-06-14,1.12186666667
2015-06-15,1.1218
2015-06-16,1.1215
2015-06-17,1.1279
2015-06-18,1.1404
2015-06-19,1.1299
2015-06-20,1.13143333333
2015-06-21,1.13296666667
2015-06-22,1.1345
2015-06-23,1.1204
2015-06-24,1.1213
2015-06-25,1.1206
2015-06-26,1.1202
2015-06-27,1.1179
2015-06-28,1.1156
2015-06-29,1.1133
2015-06-30,1.1189
2015-07-01,1.11
2015-07-02,1.1066
2015-07-03,1.1096
2015-07-04,1.10666666667
2015-07-05,1.10373333333
2015-07-06,1.1008
2015-07-07,1.0931
2015-07-08,1.1024
2015-07-09,1.1054
2015-07-10,1.1185
2015-07-11,1.11396666667
2015-07-12,1.10943333333
2015-07-13,1.1049
2015-07-14,1.1031
2015-07-15,1.1009
2015-07-16,1.0867
2015-07-17,1.0889
2015-07-18,1.08766666667
2015-07-19,1.08643333333
2015-07-20,1.0852
2015-07-21,1.0867
2015-07-22,1.0902
2015-07-23,1.0999
2015-07-24,1.0939
2015-07-25,1.09786666667
2015-07-26,1.10183333333
2015-07-27,1.1058
2015-07-28,1.1025
2015-07-29,1.103
2015-07-30,1.0955
2015-07-31,1.0967
2015-08-01,1.09616666667
2015-08-02,1.09563333333
2015-08-03,1.0951
2015-08-04,1.0973
2015-08-05,1.0883
2015-08-06,1.0885
2015-08-07,1.0941
2015-08-08,1.09473333333
2015-08-09,1.09536666667
2015-08-10,1.096
2015-08-11,1.1055
2015-08-12,1.1155
2015-08-13,1.1109
2015-08-14,1.1171
2015-08-15,1.11473333333
2015-08-16,1.11236666667
2015-08-17,1.11
2015-08-18,1.106
2015-08-19,1.1041
2015-08-20,1.1183
2015-08-21,1.1281
2015-08-22,1.1353
2015-08-23,1.1425
2015-08-24,1.1497
2015-08-25,1.1506
2015-08-26,1.1402
2015-08-27,1.1284
2015-08-28,1.1268
2015-08-29,1.12503333333
2015-08-30,1.12326666667
2015-08-31,1.1215
2015-09-01,1.1236
2015-09-02,1.1255
2015-09-03,1.1229
2015-09-04,1.1138
2015-09-05,1.11406666667
2015-09-06,1.11433333333
2015-09-07,1.1146
2015-09-08,1.1162
2015-09-09,1.1139
2015-09-10,1.1185
2015-09-11,1.1268
2015-09-12,1.12803333333
2015-09-13,1.12926666667
2015-09-14,1.1305
2015-09-15,1.132
2015-09-16,1.1228
2015-09-17,1.1312
2015-09-18,1.1419
2015-09-19,1.13626666667
2015-09-20,1.13063333333
2015-09-21,1.125
2015-09-22,1.1155
2015-09-23,1.115
2015-09-24,1.1241
2015-09-25,1.1151
2015-09-26,1.11573333333
2015-09-27,1.11636666667
2015-09-28,1.117
2015-09-29,1.1204
2015-09-30,1.1203
2015-10-01,1.1153
2015-10-02,1.116
2015-10-03,1.11853333333
2015-10-04,1.12106666667
2015-10-05,1.1236
2015-10-06,1.1224
2015-10-07,1.1266
2015-10-08,1.1254
2015-10-09,1.1362
2015-10-10,1.13656666667
2015-10-11,1.13693333333
2015-10-12,1.1373
2015-10-13,1.1374
2015-10-14,1.141
2015-10-15,1.1439
2015-10-16,1.136
2015-10-17,1.1351
2015-10-18,1.1342
2015-10-19,1.1333
2015-10-20,1.1373
2015-10-21,1.1354
2015-10-22,1.1313
2015-10-23,1.1084
2015-10-24,1.10596666667
2015-10-25,1.10353333333
2015-10-26,1.1011
2015-10-27,1.1061
2015-10-28,1.1085
2015-10-29,1.093
2015-10-30,1.1017
2015-10-31,1.1022
2015-11-01,1.1027
2015-11-02,1.1032
2015-11-03,1.0976
2015-11-04,1.0935
2015-11-05,1.0883
2015-11-06,1.0864
2015-11-07,1.08346666667
2015-11-08,1.08053333333
2015-11-09,1.0776
2015-11-10,1.0711
2015-11-11,1.0716
2015-11-12,1.0726
2015-11-13,1.0764
2015-11-14,1.07503333333
2015-11-15,1.07366666667
2015-11-16,1.0723
2015-11-17,1.067
2015-11-18,1.0666
2015-11-19,1.0687
2015-11-20,1.0688
2015-11-21,1.0669
2015-11-22,1.065
2015-11-23,1.0631
2015-11-24,1.0651
2015-11-25,1.0586
2015-11-26,1.0612
2015-11-27,1.058
2015-11-28,1.05796666667
2015-11-29,1.05793333333
2015-11-30,1.0579
2015-12-01,1.06
2015-12-02,1.0612
2015-12-03,1.0671
2015-12-04,1.0902
2015-12-05,1.0871
2015-12-06,1.084
2015-12-07,1.0809
2015-12-08,1.0875
2015-12-09,1.0941
2015-12-10,1.0943
2015-12-11,1.095
2015-12-12,1.0961
2015-12-13,1.0972
2015-12-14,1.0983
2015-12-15,1.099
2015-12-16,1.0933
2015-12-17,1.0841
2015-12-18,1.0836
2015-12-19,1.08473333333
2015-12-20,1.08586666667
2015-12-21,1.087
2015-12-22,1.0952
2015-12-23,1.0916
2015-12-24,1.0947
2015-12-25,1.095075
2015-12-26,1.09545
2015-12-27,1.095825
2015-12-28,1.0962
2015-12-29,1.0952
2015-12-30,1.0926
2015-12-31,1.0887
2016-01-01,1.088975
2016-01-02,1.08925
2016-01-03,1.089525
2016-01-04,1.0898
2016-01-05,1.0746
2016-01-06,1.0742
2016-01-07,1.0868
2016-01-08,1.0861
2016-01-09,1.087
2016-01-10,1.0879
2016-01-11,1.0888
2016-01-12,1.0836
2016-01-13,1.0816
2016-01-14,1.0893
2016-01-15,1.0914
2016-01-16,1.09066666667
2016-01-17,1.08993333333
2016-01-18,1.0892
2016-01-19,1.0868
2016-01-20,1.0907
2016-01-21,1.0893
2016-01-22,1.0808
2016-01-23,1.08103333333
2016-01-24,1.08126666667
2016-01-25,1.0815
2016-01-26,1.0837
2016-01-27,1.0888
2016-01-28,1.0903
2016-01-29,1.092
2016-01-30,1.0908
2016-01-31,1.0896
2016-02-01,1.0884
2016-02-02,1.0919
2016-02-03,1.0933
2016-02-04,1.1206
2016-02-05,1.1202
2016-02-06,1.11683333333
2016-02-07,1.11346666667
2016-02-08,1.1101
2016-02-09,1.1236
2016-02-10,1.1257
2016-02-11,1.1347
2016-02-12,1.1275
2016-02-13,1.12433333333
2016-02-14,1.12116666667
2016-02-15,1.118
2016-02-16,1.1166
2016-02-17,1.1136
2016-02-18,1.1084
2016-02-19,1.1096
2016-02-20,1.10726666667
2016-02-21,1.10493333333
2016-02-22,1.1026
2016-02-23,1.1002
2016-02-24,1.0981
2016-02-25,1.1027
2016-02-26,1.1006
2016-02-27,1.09666666667
2016-02-28,1.09273333333
2016-02-29,1.0888
2016-03-01,1.0872
2016-03-02,1.0856
2016-03-03,1.0901
2016-03-04,1.097
2016-03-05,1.09643333333
2016-03-06,1.09586666667
2016-03-07,1.0953
2016-03-08,1.1028
2016-03-09,1.0973
2016-03-10,1.0857
2016-03-11,1.109
2016-03-12,1.10996666667
2016-03-13,1.11093333333
2016-03-14,1.1119
2016-03-15,1.1109
2016-03-16,1.1064
2016-03-17,1.1311
2016-03-18,1.1279
2016-03-19,1.12763333333
2016-03-20,1.12736666667
2016-03-21,1.1271
2016-03-22,1.1212
2016-03-23,1.1171
2016-03-24,1.1154
2016-03-25,1.1162
2016-03-26,1.117
2016-03-27,1.1178
2016-03-28,1.1186
2016-03-29,1.1194
2016-03-30,1.1324
2016-03-31,1.1385
2016-04-01,1.1432
2016-04-02,1.14146666667
2016-04-03,1.13973333333
2016-04-04,1.138
2016-04-05,1.1367
2016-04-06,1.1336
2016-04-07,1.1364
2016-04-08,1.1363
2016-04-09,1.1372
2016-04-10,1.1381
2016-04-11,1.139
2016-04-12,1.1396
2016-04-13,1.1298
2016-04-14,1.1252
2016-04-15,1.1284
2016-04-16,1.12913333333
2016-04-17,1.12986666667
2016-04-18,1.1306
2016-04-19,1.1343
2016-04-20,1.1379
2016-04-21,1.1355
2016-04-22,1.1263
2016-04-23,1.12633333333
2016-04-24,1.12636666667
2016-04-25,1.1264
2016-04-26,1.1287
2016-04-27,1.1303
2016-04-28,1.1358
