,HashRate
2009-01-03 18:15:05,4.97102696296e-05
2009-01-04 18:15:05,0.0
2009-01-05 18:15:05,0.0
2009-01-06 18:15:05,0.0
2009-01-07 18:15:05,0.0
2009-01-08 18:15:05,0.0
2009-01-09 18:15:05,0.000695943774815
2009-01-10 18:15:05,0.00154101835852
2009-01-11 18:15:05,0.00526928858074
2009-01-12 18:15:05,0.00442421399704
2009-01-13 18:15:05,0.00571668100741
2009-01-14 18:15:05,0.00626349397333
2009-01-15 18:15:05,0.00631320424296
2009-01-16 18:15:05,0.00576639127704
2009-01-17 18:15:05,0.00536870912
2009-01-18 18:15:05,0.00502073723259
2009-01-19 18:15:05,0.00591552208593
2009-01-20 18:15:05,0.00576639127704
2009-01-21 18:15:05,0.00561726046815
2009-01-22 18:15:05,0.00372827022222
2009-01-23 18:15:05,0.00333058806519
2009-01-24 18:15:05,0.0098923436563
2009-01-25 18:15:05,0.00964379230815
2009-01-26 18:15:05,0.00576639127704
2009-01-27 18:15:05,0.00512015777185
2009-01-28 18:15:05,0.00512015777185
2009-01-29 18:15:05,0.00606465289481
2009-01-30 18:15:05,0.00601494262519
2009-01-31 18:15:05,0.00641262478222
2009-02-01 18:15:05,0.00576639127704
2009-02-02 18:15:05,0.00631320424296
2009-02-03 18:15:05,0.00676059666963
2009-02-04 18:15:05,0.00611436316444
2009-02-05 18:15:05,0.00601494262519
2009-02-06 18:15:05,0.00641262478222
2009-02-07 18:15:05,0.00626349397333
2009-02-08 18:15:05,0.00666117613037
2009-02-09 18:15:05,0.00636291451259
2009-02-10 18:15:05,0.00631320424296
2009-02-11 18:15:05,0.00651204532148
2009-02-12 18:15:05,0.0058658118163
2009-02-13 18:15:05,0.00616407343407
2009-02-14 18:15:05,0.00700914801778
2009-02-15 18:15:05,0.00606465289481
2009-02-16 18:15:05,0.00611436316444
2009-02-17 18:15:05,0.0058658118163
2009-02-18 18:15:05,0.00616407343407
2009-02-19 18:15:05,0.00581610154667
2009-02-20 18:15:05,0.00636291451259
2009-02-21 18:15:05,0.00546812965926
2009-02-22 18:15:05,0.00601494262519
2009-02-23 18:15:05,0.00531899885037
2009-02-24 18:15:05,0.00551783992889
2009-02-25 18:15:05,0.00531899885037
2009-02-26 18:15:05,0.00477218588444
2009-02-27 18:15:05,0.00611436316444
2009-02-28 18:15:05,0.00507044750222
2009-03-01 18:15:05,0.00526928858074
2009-03-02 18:15:05,0.00516986804148
2009-03-03 18:15:05,0.00526928858074
2009-03-04 18:15:05,0.00526928858074
2009-03-05 18:15:05,0.00526928858074
2009-03-06 18:15:05,0.0058658118163
2009-03-07 18:15:05,0.00551783992889
2009-03-08 18:15:05,0.00556755019852
2009-03-09 18:15:05,0.00561726046815
2009-03-10 18:15:05,0.00521957831111
2009-03-11 18:15:05,0.00536870912
2009-03-12 18:15:05,0.0058658118163
2009-03-13 18:15:05,0.00566697073778
2009-03-14 18:15:05,0.00576639127704
2009-03-15 18:15:05,0.00551783992889
2009-03-16 18:15:05,0.00646233505185
2009-03-17 18:15:05,0.00571668100741
2009-03-18 18:15:05,0.00546812965926
2009-03-19 18:15:05,0.00606465289481
2009-03-20 18:15:05,0.0058658118163
2009-03-21 18:15:05,0.00382769076148
2009-03-22 18:15:05,0.00472247561481
2009-03-23 18:15:05,0.00656175559111
2009-03-24 18:15:05,0.00521957831111
2009-03-25 18:15:05,0.00576639127704
2009-03-26 18:15:05,0.00561726046815
2009-03-27 18:15:05,0.00546812965926
2009-03-28 18:15:05,0.00591552208593
2009-03-29 18:15:05,0.00556755019852
2009-03-30 18:15:05,0.0062137837037
2009-03-31 18:15:05,0.00561726046815
2009-04-01 18:15:05,0.00531899885037
2009-04-02 18:15:05,0.00596523235556
2009-04-03 18:15:05,0.00561726046815
2009-04-04 18:15:05,0.00561726046815
2009-04-05 18:15:05,0.00641262478222
2009-04-06 18:15:05,0.00571668100741
2009-04-07 18:15:05,0.00492131669333
2009-04-08 18:15:05,0.00516986804148
2009-04-09 18:15:05,0.00492131669333
2009-04-10 18:15:05,0.00512015777185
2009-04-11 18:15:05,0.00606465289481
2009-04-12 18:15:05,0.00571668100741
2009-04-13 18:15:05,0.00571668100741
2009-04-14 18:15:05,0.00631320424296
2009-04-15 18:15:05,0.00556755019852
2009-04-16 18:15:05,0.00611436316444
2009-04-17 18:15:05,0.00571668100741
2009-04-18 18:15:05,0.00606465289481
2009-04-19 18:15:05,0.00591552208593
2009-04-20 18:15:05,0.00581610154667
2009-04-21 18:15:05,0.00611436316444
2009-04-22 18:15:05,0.00601494262519
2009-04-23 18:15:05,0.00397682157037
2009-04-24 18:15:05,0.00561726046815
2009-04-25 18:15:05,0.00606465289481
2009-04-26 18:15:05,0.00541841938963
2009-04-27 18:15:05,0.00521957831111
2009-04-28 18:15:05,0.00581610154667
2009-04-29 18:15:05,0.00611436316444
2009-04-30 18:15:05,0.00656175559111
2009-05-01 18:15:05,0.00611436316444
2009-05-02 18:15:05,0.00611436316444
2009-05-03 18:15:05,0.00566697073778
2009-05-04 18:15:05,0.00606465289481
2009-05-05 18:15:05,0.00656175559111
2009-05-06 18:15:05,0.00681030693926
2009-05-07 18:15:05,0.00601494262519
2009-05-08 18:15:05,0.00606465289481
2009-05-09 18:15:05,0.0045236345363
2009-05-10 18:15:05,0.00308203671704
2009-05-11 18:15:05,0.00591552208593
2009-05-12 18:15:05,0.00631320424296
2009-05-13 18:15:05,0.00571668100741
2009-05-14 18:15:05,0.00661146586074
2009-05-15 18:15:05,0.00710856855704
2009-05-16 18:15:05,0.00566697073778
2009-05-17 18:15:05,0.0062137837037
2009-05-18 18:15:05,0.00616407343407
2009-05-19 18:15:05,0.00497102696296
2009-05-20 18:15:05,0.00516986804148
2009-05-21 18:15:05,0.00442421399704
2009-05-22 18:15:05,0.00412595237926
2009-05-23 18:15:05,0.000347971887407
2009-05-24 18:15:05,0.00477218588444
2009-05-25 18:15:05,0.00556755019852
2009-05-26 18:15:05,0.00561726046815
2009-05-27 18:15:05,0.0062137837037
2009-05-28 18:15:05,0.00512015777185
2009-05-29 18:15:05,0.00531899885037
2009-05-30 18:15:05,0.00512015777185
2009-05-31 18:15:05,0.0058658118163
2009-06-01 18:15:05,0.00362884968296
2009-06-02 18:15:05,0.00442421399704
2009-06-03 18:15:05,0.0048716064237
2009-06-04 18:15:05,0.00193870051556
2009-06-05 18:15:05,0.00283348536889
2009-06-06 18:15:05,0.00119304647111
2009-06-07 18:15:05,0.000198841078519
2009-06-08 18:15:05,0.00357913941333
2009-06-09 18:15:05,0.00467276534519
2009-06-10 18:15:05,0.00412595237926
2009-06-11 18:15:05,0.00462305507556
2009-06-12 18:15:05,0.0045236345363
2009-06-13 18:15:05,0.00367855995259
2009-06-14 18:15:05,0.00347971887407
2009-06-15 18:15:05,0.00407624210963
2009-06-16 18:15:05,0.00362884968296
2009-06-17 18:15:05,0.00382769076148
2009-06-18 18:15:05,0.00402653184
2009-06-19 18:15:05,0.00432479345778
2009-06-20 18:15:05,0.00417566264889
2009-06-21 18:15:05,0.00372827022222
2009-06-22 18:15:05,0.00397682157037
2009-06-23 18:15:05,0.00377798049185
2009-06-24 18:15:05,0.00422537291852
2009-06-25 18:15:05,0.00367855995259
2009-06-26 18:15:05,0.00442421399704
2009-06-27 18:15:05,0.00422537291852
2009-06-28 18:15:05,0.00253522375111
2009-06-29 18:15:05,0.00377798049185
2009-06-30 18:15:05,0.00432479345778
2009-07-01 18:15:05,0.00412595237926
2009-07-02 18:15:05,0.00357913941333
2009-07-03 18:15:05,0.00412595237926
2009-07-04 18:15:05,0.00442421399704
2009-07-05 18:15:05,0.00397682157037
2009-07-06 18:15:05,0.0045236345363
2009-07-07 18:15:05,0.00313174698667
2009-07-08 18:15:05,0.00392711130074
2009-07-09 18:15:05,0.00402653184
2009-07-10 18:15:05,0.00407624210963
2009-07-11 18:15:05,0.00417566264889
2009-07-12 18:15:05,0.00377798049185
2009-07-13 18:15:05,0.00377798049185
2009-07-14 18:15:05,0.00357913941333
2009-07-15 18:15:05,0.00228667240296
2009-07-16 18:15:05,0.00343000860444
2009-07-17 18:15:05,0.00323116752593
2009-07-18 18:15:05,0.000149130808889
2009-07-19 18:15:05,0.00258493402074
2009-07-20 18:15:05,0.00372827022222
2009-07-21 18:15:05,0.00367855995259
2009-07-22 18:15:05,0.00343000860444
2009-07-23 18:15:05,0.00328087779556
2009-07-24 18:15:05,0.00372827022222
2009-07-25 18:15:05,0.00263464429037
2009-07-26 18:15:05,0.000646233505185
2009-07-27 18:15:05,0.0031814572563
2009-07-28 18:15:05,0.0021872518637
2009-07-29 18:15:05,0.00159072862815
2009-07-30 18:15:05,0.000695943774815
2009-07-31 18:15:05,0.000596523235556
2009-08-01 18:15:05,0.00114333620148
2009-08-02 18:15:05,0.00149130808889
2009-08-03 18:15:05,0.000745654044444
2009-08-04 18:15:05,0.00288319563852
2009-08-05 18:15:05,0.0045236345363
2009-08-06 18:15:05,0.00477218588444
2009-08-07 18:15:05,0.00367855995259
2009-08-08 18:15:05,0.00407624210963
2009-08-09 18:15:05,0.0048716064237
2009-08-10 18:15:05,0.00407624210963
2009-08-11 18:15:05,0.00333058806519
2009-08-12 18:15:05,0.00338029833481
2009-08-13 18:15:05,0.00402653184
2009-08-14 18:15:05,0.00323116752593
2009-08-15 18:15:05,0.00169014916741
2009-08-16 18:15:05,0.00124275674074
2009-08-17 18:15:05,0.000845074583704
2009-08-18 18:15:05,0.000447392426667
2009-08-19 18:15:05,0.000745654044444
2009-08-20 18:15:05,0.00119304647111
2009-08-21 18:15:05,0.000795364314074
2009-08-22 18:15:05,0.000397682157037
2009-08-23 18:15:05,0.000596523235556
2009-08-24 18:15:05,0.000397682157037
2009-08-25 18:15:05,0.00273406482963
2009-08-26 18:15:05,0.00208783132444
2009-08-27 18:15:05,0.00149130808889
2009-08-28 18:15:05,0.0031814572563
2009-08-29 18:15:05,0.00412595237926
2009-08-30 18:15:05,0.00447392426667
2009-08-31 18:15:05,0.00467276534519
2009-09-01 18:15:05,0.00392711130074
2009-09-02 18:15:05,0.00338029833481
2009-09-03 18:15:05,0.00298261617778
2009-09-04 18:15:05,0.00313174698667
2009-09-05 18:15:05,0.0035294291437
2009-09-06 18:15:05,0.00357913941333
2009-09-07 18:15:05,0.00387740103111
2009-09-08 18:15:05,0.00328087779556
2009-09-09 18:15:05,0.00288319563852
2009-09-10 18:15:05,0.00303232644741
2009-09-11 18:15:05,0.00338029833481
2009-09-12 18:15:05,0.0035294291437
2009-09-13 18:15:05,0.00347971887407
2009-09-14 18:15:05,0.00402653184
2009-09-15 18:15:05,0.00278377509926
2009-09-16 18:15:05,0.00288319563852
2009-09-17 18:15:05,0.00412595237926
2009-09-18 18:15:05,0.00402653184
2009-09-19 18:15:05,0.0035294291437
2009-09-20 18:15:05,0.00392711130074
2009-09-21 18:15:05,0.00367855995259
2009-09-22 18:15:05,0.00169014916741
2009-09-23 18:15:05,0.00134217728
2009-09-24 18:15:05,0.00407624210963
2009-09-25 18:15:05,0.00497102696296
2009-09-26 18:15:05,0.00467276534519
2009-09-27 18:15:05,0.00442421399704
2009-09-28 18:15:05,0.00437450372741
2009-09-29 18:15:05,0.00412595237926
2009-09-30 18:15:05,0.00432479345778
2009-10-01 18:15:05,0.00422537291852
2009-10-02 18:15:05,0.00372827022222
2009-10-03 18:15:05,0.00288319563852
2009-10-04 18:15:05,0.00303232644741
2009-10-05 18:15:05,0.00288319563852
2009-10-06 18:15:05,0.00203812105481
2009-10-07 18:15:05,0.00253522375111
2009-10-08 18:15:05,0.00347971887407
2009-10-09 18:15:05,0.00387740103111
2009-10-10 18:15:05,0.00382769076148
2009-10-11 18:15:05,0.00392711130074
2009-10-12 18:15:05,0.00308203671704
2009-10-13 18:15:05,0.00253522375111
2009-10-14 18:15:05,0.00278377509926
2009-10-15 18:15:05,0.00422537291852
2009-10-16 18:15:05,0.00323116752593
2009-10-17 18:15:05,0.00273406482963
2009-10-18 18:15:05,0.0031814572563
2009-10-19 18:15:05,0.00492131669333
2009-10-20 18:15:05,0.00551783992889
2009-10-21 18:15:05,0.00412595237926
2009-10-22 18:15:05,0.00427508318815
2009-10-23 18:15:05,0.00432479345778
2009-10-24 18:15:05,0.00372827022222
2009-10-25 18:15:05,0.00362884968296
2009-10-26 18:15:05,0.00323116752593
2009-10-27 18:15:05,0.00328087779556
2009-10-28 18:15:05,0.0031814572563
2009-10-29 18:15:05,0.00248551348148
2009-10-30 18:15:05,0.00303232644741
2009-10-31 18:15:05,0.00223696213333
2009-11-01 18:15:05,0.00149130808889
2009-11-02 18:15:05,0.00164043889778
2009-11-03 18:15:05,0.00283348536889
2009-11-04 18:15:05,0.00308203671704
2009-11-05 18:15:05,0.0031814572563
2009-11-06 18:15:05,0.00243580321185
2009-11-07 18:15:05,0.00377798049185
2009-11-08 18:15:05,0.00347971887407
2009-11-09 18:15:05,0.00323116752593
2009-11-10 18:15:05,0.0035294291437
2009-11-11 18:15:05,0.00343000860444
2009-11-12 18:15:05,0.00347971887407
2009-11-13 18:15:05,0.00347971887407
2009-11-14 18:15:05,0.00412595237926
2009-11-15 18:15:05,0.00477218588444
2009-11-16 18:15:05,0.00497102696296
2009-11-17 18:15:05,0.0045236345363
2009-11-18 18:15:05,0.00392711130074
2009-11-19 18:15:05,0.00362884968296
2009-11-20 18:15:05,0.00407624210963
2009-11-21 18:15:05,0.00382769076148
2009-11-22 18:15:05,0.00497102696296
2009-11-23 18:15:05,0.00477218588444
2009-11-24 18:15:05,0.00507044750222
2009-11-25 18:15:05,0.00422537291852
2009-11-26 18:15:05,0.00387740103111
2009-11-27 18:15:05,0.00372827022222
2009-11-28 18:15:05,0.00387740103111
2009-11-29 18:15:05,0.00288319563852
2009-11-30 18:15:05,0.00367855995259
2009-12-01 18:15:05,0.00328087779556
2009-12-02 18:15:05,0.0048716064237
2009-12-03 18:15:05,0.00422537291852
2009-12-04 18:15:05,0.00243580321185
2009-12-05 18:15:05,0.00258493402074
2009-12-06 18:15:05,0.00521957831111
2009-12-07 18:15:05,0.00467276534519
2009-12-08 18:15:05,0.00591552208593
2009-12-09 18:15:05,0.00467276534519
2009-12-10 18:15:05,0.00512015777185
2009-12-11 18:15:05,0.0062137837037
2009-12-12 18:15:05,0.00502073723259
2009-12-13 18:15:05,0.00516986804148
2009-12-14 18:15:05,0.00536870912
2009-12-15 18:15:05,0.00576639127704
2009-12-16 18:15:05,0.00591552208593
2009-12-17 18:15:05,0.00800335341037
2009-12-18 18:15:05,0.00994205392593
2009-12-19 18:15:05,0.011135100397
2009-12-20 18:15:05,0.00869929718519
2009-12-21 18:15:05,0.00929582042074
2009-12-22 18:15:05,0.0075559609837
2009-12-23 18:15:05,0.00840103556741
2009-12-24 18:15:05,0.00715827882667
2009-12-25 18:15:05,0.00780451233185
2009-12-26 18:15:05,0.00790393287111
2009-12-27 18:15:05,0.00840103556741
2009-12-28 18:15:05,0.00686001720889
2009-12-29 18:15:05,0.00815248421926
2009-12-30 18:15:05,0.00917315174809
2009-12-31 18:15:05,0.00882033821932
2010-01-01 18:15:05,0.00699746832066
2010-01-02 18:15:05,0.00764429312341
2010-01-03 18:15:05,0.00958476753166
2010-01-04 18:15:05,0.0111724284111
2010-01-05 18:15:05,0.0122308689975
2010-01-06 18:15:05,0.00929075625768
2010-01-07 18:15:05,0.00934955851248
2010-01-08 18:15:05,0.00882033821932
2010-01-09 18:15:05,0.00870273370973
2010-01-10 18:15:05,0.0112312306659
2010-01-11 18:15:05,0.0090555472385
2010-01-12 18:15:05,0.0107692484138
2010-01-13 18:15:05,0.0102502484903
2010-01-14 18:15:05,0.0102502484903
2010-01-15 18:15:05,0.0088229987005
2010-01-16 18:15:05,0.00869324871961
2010-01-17 18:15:05,0.00797962382471
2010-01-18 18:15:05,0.00843374875783
2010-01-19 18:15:05,0.00772012386294
2010-01-20 18:15:05,0.00908249866228
2010-01-21 18:15:05,0.0115477482992
2010-01-22 18:15:05,0.00973124856673
2010-01-23 18:15:05,0.00979612355717
2010-01-24 18:15:05,0.0094068736145
2010-01-25 18:15:05,0.0135648225052
2010-01-26 18:15:05,0.0134980007195
2010-01-27 18:15:05,0.011827456076
2010-01-28 18:15:05,0.011560168933
2010-01-29 18:15:05,0.0128966046478
2010-01-30 18:15:05,0.0120279214332
2010-01-31 18:15:05,0.0137652878624
2010-02-01 18:15:05,0.0119610996474
2010-02-02 18:15:05,0.00948869357507
2010-02-03 18:15:05,0.0162376939348
2010-02-04 18:15:05,0.0154358325059
2010-02-05 18:15:05,0.0221493497279
2010-02-06 18:15:05,0.0172674522368
2010-02-07 18:15:05,0.0187139403823
2010-02-08 18:15:05,0.0190755624187
2010-02-09 18:15:05,0.0188947514005
2010-02-10 18:15:05,0.0143744759458
2010-02-11 18:15:05,0.0160921806186
2010-02-12 18:15:05,0.0169058302005
2010-02-13 18:15:05,0.0202508340369
2010-02-14 18:15:05,0.0186235348732
2010-02-15 18:15:05,0.0232460914215
2010-02-16 18:15:05,0.0219895459393
2010-02-17 18:15:05,0.0291518551881
2010-02-18 18:15:05,0.0287748915434
2010-02-19 18:15:05,0.0224921641322
2010-02-20 18:15:05,0.0278953097058
2010-02-21 18:15:05,0.02689007332
2010-02-22 18:15:05,0.0320419097972
2010-02-23 18:15:05,0.0315392916043
2010-02-24 18:15:05,0.0357130536259
2010-02-25 18:15:05,0.0278185891402
2010-02-26 18:15:05,0.0319537848232
2010-02-27 18:15:05,0.0325176751436
2010-02-28 18:15:05,0.0304500773021
2010-03-01 18:15:05,0.0349611998654
2010-03-02 18:15:05,0.0368408342668
2010-03-03 18:15:05,0.0278185891402
2010-03-04 18:15:05,0.0342093461049
2010-03-05 18:15:05,0.0328936020239
2010-03-06 18:15:05,0.034397309545
2010-03-07 18:15:05,0.0325176751436
2010-03-08 18:15:05,0.0306328161893
2010-03-09 18:15:05,0.0333357117355
2010-03-10 18:15:05,0.033560953031
2010-03-11 18:15:05,0.0328852291444
2010-03-12 18:15:05,0.0265784728702
2010-03-13 18:15:05,0.0355881246906
2010-03-14 18:15:05,0.0281551619387
2010-03-15 18:15:05,0.0279299206432
2010-03-16 18:15:05,0.0306328161893
2010-03-17 18:15:05,0.0277046793477
2010-03-18 18:15:05,0.0351376420995
2010-03-19 18:15:05,0.0299570923028
2010-03-20 18:15:05,0.0434715700334
2010-03-21 18:15:05,0.0407686744873
2010-03-22 18:15:05,0.0401675798142
2010-03-23 18:15:05,0.0465217732311
2010-03-24 18:15:05,0.0394867733766
2010-03-25 18:15:05,0.0422099991267
2010-03-26 18:15:05,0.0442524184393
2010-03-27 18:15:05,0.0394867733766
2010-03-28 18:15:05,0.0440254829602
2010-03-29 18:15:05,0.0435716120018
2010-03-30 18:15:05,0.0478833861061
2010-03-31 18:15:05,0.0469756441894
2010-04-01 18:15:05,0.0571745218884
2010-04-02 18:15:05,0.0447715832777
2010-04-03 18:15:05,0.0502167758385
2010-04-04 18:15:05,0.0502167758385
2010-04-05 18:15:05,0.0502167758385
2010-04-06 18:15:05,0.0438640511842
2010-04-07 18:15:05,0.0583845646797
2010-04-08 18:15:05,0.0589895860753
2010-04-09 18:15:05,0.0535443935145
2010-04-10 18:15:05,0.0726025674773
2010-04-11 18:15:05,0.0723000567795
2010-04-12 18:15:05,0.0843531550865
2010-04-13 18:15:05,0.0641394958031
2010-04-14 18:15:05,0.0777448433977
2010-04-15 18:15:05,0.0800771886996
2010-04-16 18:15:05,0.0785222918317
2010-04-17 18:15:05,0.0816320855676
2010-04-18 18:15:05,0.103011917502
2010-04-19 18:15:05,0.0843531550865
2010-04-20 18:15:05,0.0796884644827
2010-04-21 18:15:05,0.0859080519545
2010-04-22 18:15:05,0.100871278677
2010-04-23 18:15:05,0.0854841344717
2010-04-24 18:15:05,0.0837744517823
2010-04-25 18:15:05,0.0963121248381
2010-04-26 18:15:05,0.0968820190679
2010-04-27 18:15:05,0.0968820190679
2010-04-28 18:15:05,0.099731490217
2010-04-29 18:15:05,0.09061318254
2010-04-30 18:15:05,0.0871938171611
2010-05-01 18:15:05,0.0928927594592
2010-05-02 18:15:05,0.0968820190679
2010-05-03 18:15:05,0.0911830767698
2010-05-04 18:15:05,0.0830357266438
2010-05-05 18:15:05,0.0932555083846
2010-05-06 18:15:05,0.0964491901786
2010-05-07 18:15:05,0.0836744630026
2010-05-08 18:15:05,0.0945329811022
2010-05-09 18:15:05,0.0907005629494
2010-05-10 18:15:05,0.0875068811554
2010-05-11 18:15:05,0.0734546812619
2010-05-12 18:15:05,0.0772870994147
2010-05-13 18:15:05,0.0830357266438
2010-05-14 18:15:05,0.0766483630559
2010-05-15 18:15:05,0.0677060540327
2010-05-16 18:15:05,0.0613186904447
2010-05-17 18:15:05,0.091978035667
2010-05-18 18:15:05,0.107307708278
2010-05-19 18:15:05,0.103475290125
2010-05-20 18:15:05,0.107764892761
2010-05-21 18:15:05,0.108942651152
2010-05-22 18:15:05,0.11306480552
2010-05-23 18:15:05,0.126609027014
2010-05-24 18:15:05,0.111887047129
2010-05-25 18:15:05,0.126609027014
2010-05-26 18:15:05,0.124842389428
2010-05-27 18:15:05,0.114831443106
2010-05-28 18:15:05,0.128964543796
2010-05-29 18:15:05,0.162749360493
2010-05-30 18:15:05,0.124746971748
2010-05-31 18:15:05,0.125573110634
2010-06-01 18:15:05,0.109876471805
2010-06-02 18:15:05,0.109876471805
2010-06-03 18:15:05,0.129703805063
2010-06-04 18:15:05,0.109876471805
2010-06-05 18:15:05,0.114833305119
2010-06-06 18:15:05,0.124746971748
2010-06-07 18:15:05,0.128877666177
2010-06-08 18:15:05,0.130529943949
2010-06-09 18:15:05,0.133834499492
2010-06-10 18:15:05,0.13796519392
2010-06-11 18:15:05,0.138791332806
2010-06-12 18:15:05,0.118373269418
2010-06-13 18:15:05,0.139110192528
2010-06-14 18:15:05,0.131333846362
2010-06-15 18:15:05,0.169351538729
2010-06-16 18:15:05,0.127013654047
2010-06-17 18:15:05,0.123557500195
2010-06-18 18:15:05,0.12787769251
2010-06-19 18:15:05,0.136518077139
2010-06-20 18:15:05,0.149478654083
2010-06-21 18:15:05,0.139974230991
2010-06-22 18:15:05,0.136518077139
2010-06-23 18:15:05,0.147750577157
2010-06-24 18:15:05,0.175560413682
2010-06-25 18:15:05,0.146621883954
2010-06-26 18:15:05,0.157232678187
2010-06-27 18:15:05,0.153374207557
2010-06-28 18:15:05,0.157232678187
2010-06-29 18:15:05,0.155303442872
2010-06-30 18:15:05,0.177489648997
2010-07-01 18:15:05,0.200640472779
2010-07-02 18:15:05,0.168808090079
2010-07-03 18:15:05,0.192923531518
2010-07-04 18:15:05,0.179418884312
2010-07-05 18:15:05,0.169772707736
2010-07-06 18:15:05,0.196266643975
2010-07-07 18:15:05,0.179911090311
2010-07-08 18:15:05,0.184584105643
2010-07-09 18:15:05,0.220799974472
2010-07-10 18:15:05,0.227809497471
2010-07-11 18:15:05,0.206780928474
2010-07-12 18:15:05,0.599314216424
2010-07-13 18:15:05,1.67856925066
2010-07-14 18:15:05,1.29502520145
2010-07-15 18:15:05,1.40783227474
2010-07-16 18:15:05,5.39669038651
2010-07-17 18:15:05,1.65149555306
2010-07-18 18:15:05,1.61539728961
2010-07-19 18:15:05,1.48002880165
2010-07-20 18:15:05,1.60637272375
2010-07-21 18:15:05,1.82296230447
2010-07-22 18:15:05,1.68759381652
2010-07-23 18:15:05,1.75076577756
2010-07-24 18:15:05,1.66954468479
2010-07-25 18:15:05,1.93125709484
2010-07-26 18:15:05,2.34638712457
2010-07-27 18:15:05,2.12448340423
2010-07-28 18:15:05,1.96666463706
2010-07-29 18:15:05,2.12448340423
2010-07-30 18:15:05,2.2094627404
2010-07-31 18:15:05,2.29444207657
2010-08-01 18:15:05,2.68291904192
2010-08-02 18:15:05,3.08353591243
2010-08-03 18:15:05,2.76789837809
2010-08-04 18:15:05,2.76789837809
2010-08-05 18:15:05,2.96213686076
2010-08-06 18:15:05,2.81847061359
2010-08-07 18:15:05,2.48585606913
2010-08-08 18:15:05,3.36115750193
2010-08-09 18:15:05,3.30863941596
2010-08-10 18:15:05,3.62374793176
2010-08-11 18:15:05,3.79880821832
2010-08-12 18:15:05,3.81631424698
2010-08-13 18:15:05,3.79880821832
2010-08-14 18:15:05,4.56907347918
2010-08-15 18:15:05,6.99611010373
2010-08-16 18:15:05,2.95108644376
2010-08-17 18:15:05,3.33269244941
2010-08-18 18:15:05,3.38357325017
2010-08-19 18:15:05,3.56165605281
2010-08-20 18:15:05,4.24854686299
2010-08-21 18:15:05,4.68103366941
2010-08-22 18:15:05,5.06263967506
2010-08-23 18:15:05,5.52056688185
2010-08-24 18:15:05,5.21528207733
2010-08-25 18:15:05,5.77497088563
2010-08-26 18:15:05,5.29160327846
2010-08-27 18:15:05,5.51599462684
2010-08-28 18:15:05,5.5469833607
2010-08-29 18:15:05,4.89621994967
2010-08-30 18:15:05,4.61732134494
2010-08-31 18:15:05,5.42302842527
2010-09-01 18:15:05,5.45401715913
2010-09-02 18:15:05,4.67929881266
2010-09-03 18:15:05,4.95819741739
2010-09-04 18:15:05,5.5469833607
2010-09-05 18:15:05,5.02017488511
2010-09-06 18:15:05,5.23709602212
2010-09-07 18:15:05,4.67929881266
2010-09-08 18:15:05,5.38653022243
2010-09-09 18:15:05,5.3510925236
2010-09-10 18:15:05,6.05984650023
2010-09-11 18:15:05,5.74090721075
2010-09-12 18:15:05,6.48509888621
2010-09-13 18:15:05,5.81178260841
2010-09-14 18:15:05,6.91035127219
2010-09-15 18:15:05,6.66228738037
2010-09-16 18:15:05,6.73316277804
2010-09-17 18:15:05,7.65454294766
2010-09-18 18:15:05,8.39873462313
2010-09-19 18:15:05,9.58137886114
2010-09-20 18:15:05,9.62700447476
2010-09-21 18:15:05,8.07573361153
2010-09-22 18:15:05,7.89323115703
2010-09-23 18:15:05,9.67263008839
2010-09-24 18:15:05,11.2239009516
2010-09-25 18:15:05,9.21637395214
2010-09-26 18:15:05,8.98824588402
2010-09-27 18:15:05,10.8588960426
2010-09-28 18:15:05,9.85513254288
2010-09-29 18:15:05,11.602605543
2010-09-30 18:15:05,9.24275356814
2010-10-01 18:15:05,10.2260252243
2010-10-02 18:15:05,7.14510736828
2010-10-03 18:15:05,7.93172469322
2010-10-04 18:15:05,10.0949223368
2010-10-05 18:15:05,8.06282758072
2010-10-06 18:15:05,9.96381944934
2010-10-07 18:15:05,11.340399768
2010-10-08 18:15:05,10.1604737806
2010-10-09 18:15:05,10.0293708931
2010-10-10 18:15:05,11.2748483243
2010-10-11 18:15:05,10.815988218
2010-10-12 18:15:05,10.9603442626
2010-10-13 18:15:05,11.5768636274
2010-10-14 18:15:05,13.1524131151
2010-10-15 18:15:05,12.6728980536
2010-10-16 18:15:05,16.3720142423
2010-10-17 18:15:05,19.3176067628
2010-10-18 18:15:05,17.8790615784
2010-10-19 18:15:05,16.6460228488
2010-10-20 18:15:05,16.029503484
2010-10-21 18:15:05,24.8910297496
2010-10-22 18:15:05,16.3447534407
2010-10-23 18:15:05,18.5881509718
2010-10-24 18:15:05,20.1905777797
2010-10-25 18:15:05,22.4339753108
2010-10-26 18:15:05,25.8524858344
2010-10-27 18:15:05,22.6476322185
2010-10-28 18:15:05,22.9681175801
2010-10-29 18:15:05,25.1046866573
2010-10-30 18:15:05,25.6388289266
2010-10-31 18:15:05,27.9717755492
2010-11-01 18:15:05,28.8939219959
2010-11-02 18:15:05,25.820100507
2010-11-03 18:15:05,30.8919059637
2010-11-04 18:15:05,29.3549952192
2010-11-05 18:15:05,33.6583453037
2010-11-06 18:15:05,31.0455970381
2010-11-07 18:15:05,38.1153864627
2010-11-08 18:15:05,40.1133704305
2010-11-09 18:15:05,54.1208080127
2010-11-10 18:15:05,43.5221497768
2010-11-11 18:15:05,52.3167810789
2010-11-12 18:15:05,38.561075709
2010-11-13 18:15:05,49.3852373115
2010-11-14 18:15:05,53.6698012792
2010-11-15 18:15:05,49.836244045
2010-11-16 18:15:05,40.8161093762
2010-11-17 18:15:05,56.3758416798
2010-11-18 18:15:05,59.3073854472
2010-11-19 18:15:05,56.6649936377
2010-11-20 18:15:05,39.2558690864
2010-11-21 18:15:05,46.0829767536
2010-11-22 18:15:05,54.6168613376
2010-11-23 18:15:05,49.1551752038
2010-11-24 18:15:05,63.1507459216
2010-11-25 18:15:05,51.8860182707
2010-11-26 18:15:05,69.295142822
2010-11-27 18:15:05,62.4680351548
2010-11-28 18:15:05,56.6649936377
2010-11-29 18:15:05,72.3673412723
2010-11-30 18:15:05,84.3295455224
2010-12-01 18:15:05,71.0777597974
2010-12-02 18:15:05,77.5028680277
2010-12-03 18:15:05,77.1012987633
2010-12-04 18:15:05,87.9436689019
2010-12-05 18:15:05,95.5734849254
2010-12-06 18:15:05,96.3766234541
2010-12-07 18:15:05,93.5656386034
2010-12-08 18:15:05,92.7625000746
2010-12-09 18:15:05,100.392316098
2010-12-10 18:15:05,91.3575317386
2010-12-11 18:15:05,104.756636394
2010-12-12 18:15:05,105.974736817
2010-12-13 18:15:05,92.5756321617
2010-12-14 18:15:05,99.2751844892
2010-12-15 18:15:05,109.019987875
2010-12-16 18:15:05,113.283339356
2010-12-17 18:15:05,105.365686605
2010-12-18 18:15:05,96.2299334313
2010-12-19 18:15:05,112.065238933
2010-12-20 18:15:05,96.8389836429
2010-12-21 18:15:05,119.982891683
2010-12-22 18:15:05,113.761835381
2010-12-23 18:15:05,102.961661136
2010-12-24 18:15:05,108.00174245
2010-12-25 18:15:05,116.641881846
2010-12-26 18:15:05,105.841707601
2010-12-27 18:15:05,115.92187023
2010-12-28 18:15:05,121.681963161
2010-12-29 18:15:05,123.84199801
2010-12-30 18:15:05,115.201858614
2010-12-31 18:15:05,118.081905079
2011-01-01 18:15:05,128.162067708
2011-01-02 18:15:05,129.60209094
2011-01-03 18:15:05,132.945991858
2011-01-04 18:15:05,115.111773438
2011-01-05 18:15:05,121.596943773
2011-01-06 18:15:05,119.165004897
2011-01-07 18:15:05,116.733066022
2011-01-08 18:15:05,155.644088029
2011-01-09 18:15:05,123.218236356
2011-01-10 18:15:05,135.377930734
2011-01-11 18:15:05,131.324699274
2011-01-12 18:15:05,135.377930734
2011-01-13 18:15:05,149.969563986
2011-01-14 18:15:05,141.052454776
2011-01-15 18:15:05,157.64492714
2011-01-16 18:15:05,158.561467414
2011-01-17 18:15:05,158.561467414
2011-01-18 18:15:05,142.980282755
2011-01-19 18:15:05,162.22762851
2011-01-20 18:15:05,153.978766044
2011-01-21 18:15:05,163.144168784
2011-01-22 18:15:05,150.312604947
2011-01-23 18:15:05,155.811846592
2011-01-24 18:15:05,164.977249333
2011-01-25 18:15:05,142.980282755
2011-01-26 18:15:05,178.725353444
2011-01-27 18:15:05,175.07862584
2011-01-28 18:15:05,178.361350075
2011-01-29 18:15:05,164.136211725
2011-01-30 18:15:05,179.455591486
2011-01-31 18:15:05,164.136211725
2011-02-01 18:15:05,195.869212659
2011-02-02 18:15:05,177.267108663
2011-02-03 18:15:05,163.041970314
2011-02-04 18:15:05,207.905868185
2011-02-05 18:15:05,200.246178305
2011-02-06 18:15:05,191.492247013
2011-02-07 18:15:05,225.413730769
2011-02-08 18:15:05,222.286198822
2011-02-09 18:15:05,236.502176654
2011-02-10 18:15:05,244.25634638
2011-02-11 18:15:05,246.841069622
2011-02-12 18:15:05,245.548708001
2011-02-13 18:15:05,263.641770696
2011-02-14 18:15:05,240.379261517
2011-02-15 18:15:05,273.980663665
2011-02-16 18:15:05,298.535534465
2011-02-17 18:15:05,310.166789054
2011-02-18 18:15:05,391.485054898
2011-02-19 18:15:05,318.987822509
2011-02-20 18:15:05,340.736992226
2011-02-21 18:15:05,337.112130606
2011-02-22 18:15:05,384.235331659
2011-02-23 18:15:05,440.42068676
2011-02-24 18:15:05,387.860193278
2011-02-25 18:15:05,402.359639756
2011-02-26 18:15:05,454.920133238
2011-02-27 18:15:05,748.873252295
2011-02-28 18:15:05,461.48277909
2011-03-01 18:15:05,359.238091507
2011-03-02 18:15:05,467.009518959
2011-03-03 18:15:05,505.696698044
2011-03-04 18:15:05,549.910616999
2011-03-05 18:15:05,732.293032687
2011-03-06 18:15:05,746.10988236
2011-03-07 18:15:05,649.391934647
2011-03-08 18:15:05,533.330397391
2011-03-09 18:15:05,598.433792945
2011-03-10 18:15:05,450.719122535
2011-03-11 18:15:05,511.32001296
2011-03-12 18:15:05,518.895124263
2011-03-13 18:15:05,450.719122535
2011-03-14 18:15:05,443.144011232
2011-03-15 18:15:05,367.392898201
2011-03-16 18:15:05,552.983125127
2011-03-17 18:15:05,496.169790353
2011-03-18 18:15:05,522.682679914
2011-03-19 18:15:05,412.843566019
2011-03-20 18:15:05,473.444456444
2011-03-21 18:15:05,587.071125991
2011-03-22 18:15:05,477.232012096
2011-03-23 18:15:05,560.55823643
2011-03-24 18:15:05,575.708459036
2011-03-25 18:15:05,613.584015552
2011-03-26 18:15:05,483.475502412
2011-03-27 18:15:05,524.622353681
2011-03-28 18:15:05,558.911396405
2011-03-29 18:15:05,528.051257953
2011-03-30 18:15:05,534.909066498
2011-03-31 18:15:05,692.638663029
2011-04-01 18:15:05,600.058247674
2011-04-02 18:15:05,648.062907488
2011-04-03 18:15:05,572.627013495
2011-04-04 18:15:05,617.202769036
2011-04-05 18:15:05,692.638663029
2011-04-06 18:15:05,568.985959864
2011-04-07 18:15:05,663.134715812
2011-04-08 18:15:05,638.574170782
2011-04-09 18:15:05,650.854443297
2011-04-10 18:15:05,687.695260842
2011-04-11 18:15:05,630.387322439
2011-04-12 18:15:05,683.601836671
2011-04-13 18:15:05,822.778258508
2011-04-14 18:15:05,667.228139984
2011-04-15 18:15:05,552.612263177
2011-04-16 18:15:05,683.601836671
2011-04-17 18:15:05,728.629502559
2011-04-18 18:15:05,716.137288757
2011-04-19 18:15:05,647.277934068
2011-04-20 18:15:05,661.049805006
2011-04-21 18:15:05,757.452901569
2011-04-22 18:15:05,794.177890736
2011-04-23 18:15:05,780.406019799
2011-04-24 18:15:05,725.318536048
2011-04-25 18:15:05,863.037245425
2011-04-26 18:15:05,885.990363654
2011-04-27 18:15:05,872.218492716
2011-04-28 18:15:05,729.909159694
2011-04-29 18:15:05,927.305976467
2011-04-30 18:15:05,1008.57040081
2011-05-01 18:15:05,1068.53945167
2011-05-02 18:15:05,970.408277539
2011-05-03 18:15:05,1128.50850253
2011-05-04 18:15:05,1014.02213271
2011-05-05 18:15:05,1242.99487235
2011-05-06 18:15:05,1084.89464736
2011-05-07 18:15:05,1193.92928529
2011-05-08 18:15:05,1123.05677064
2011-05-09 18:15:05,1357.48124218
2011-05-10 18:15:05,1565.04235595
2011-05-11 18:15:05,1463.31460282
2011-05-12 18:15:05,1283.33473188
2011-05-13 18:15:05,1572.86756773
2011-05-14 18:15:05,1940.65252138
2011-05-15 18:15:05,1784.14828579
2011-05-16 18:15:05,1752.84743867
2011-05-17 18:15:05,2034.55506274
2011-05-18 18:15:05,2214.53493368
2011-05-19 18:15:05,2196.41646329
2011-05-20 18:15:05,2718.21705954
2011-05-21 18:15:05,2584.73318608
2011-05-22 18:15:05,3082.26398715
2011-05-23 18:15:05,3361.36663166
2011-05-24 18:15:05,3579.79478823
2011-05-25 18:15:05,3543.39009547
2011-05-26 18:15:05,3858.89743274
2011-05-27 18:15:05,4280.33532741
2011-05-28 18:15:05,3350.76755428
2011-05-29 18:15:05,3739.88894768
2011-05-30 18:15:05,3307.5318439
2011-05-31 18:15:05,3242.67827834
2011-06-01 18:15:05,3847.97822363
2011-06-02 18:15:05,4107.39248589
2011-06-03 18:15:05,4388.42460335
2011-06-04 18:15:05,4669.45672081
2011-06-05 18:15:05,4496.51387929
2011-06-06 18:15:05,7049.78032426
2011-06-07 18:15:05,4765.6514992
2011-06-08 18:15:05,5160.43919736
2011-06-09 18:15:05,5978.21371497
2011-06-10 18:15:05,6373.00141313
2011-06-11 18:15:05,6542.19614091
2011-06-12 18:15:05,6711.3908687
2011-06-13 18:15:05,6908.78471778
2011-06-14 18:15:05,6344.80229184
2011-06-15 18:15:05,12293.4076998
2011-06-16 18:15:05,8762.32250942
2011-06-17 18:15:05,7846.85597859
2011-06-18 18:15:05,8805.91615375
2011-06-19 18:15:05,9547.00810728
2011-06-20 18:15:05,10113.7254835
2011-06-21 18:15:05,10070.1318392
2011-06-22 18:15:05,11770.2839679
2011-06-23 18:15:05,10375.2873495
2011-06-24 18:15:05,16454.4049245
2011-06-25 18:15:05,10352.5630984
2011-06-26 18:15:05,10626.8031804
2011-06-27 18:15:05,10969.603283
2011-06-28 18:15:05,10489.6831394
2011-06-29 18:15:05,12135.1236318
2011-06-30 18:15:05,12409.3637139
2011-07-01 18:15:05,12340.8036934
2011-07-02 18:15:05,11998.0035908
2011-07-03 18:15:05,10969.603283
2011-07-04 18:15:05,11243.8433651
2011-07-05 18:15:05,10352.5630984
2011-07-06 18:15:05,10695.363201
2011-07-07 18:15:05,10567.0018651
2011-07-08 18:15:05,11421.6858395
2011-07-09 18:15:05,12276.3698138
2011-07-10 18:15:05,11188.5902101
2011-07-11 18:15:05,11577.0829257
2011-07-12 18:15:05,11188.5902101
2011-07-13 18:15:05,14218.833392
2011-07-14 18:15:05,11965.5756413
2011-07-15 18:15:05,12509.4654432
2011-07-16 18:15:05,12354.068357
2011-07-17 18:15:05,13131.0537882
2011-07-18 18:15:05,11887.8770982
2011-07-19 18:15:05,12742.5610726
2011-07-20 18:15:05,12019.8487388
2011-07-21 18:15:05,13028.5073742
2011-07-22 18:15:05,12019.8487388
2011-07-23 18:15:05,12187.9585114
2011-07-24 18:15:05,14793.6599862
2011-07-25 18:15:05,13196.6171468
2011-07-26 18:15:05,14205.2757822
2011-07-27 18:15:05,15129.8795314
2011-07-28 18:15:05,14037.1660097
2011-07-29 18:15:05,13532.8366919
2011-07-30 18:15:05,12776.3427154
2011-07-31 18:15:05,14121.2208959
2011-08-01 18:15:05,16431.1168693
2011-08-02 18:15:05,13802.1381702
2011-08-03 18:15:05,14928.843327
2011-08-04 18:15:05,12487.6488207
2011-08-05 18:15:05,12957.1093026
2011-08-06 18:15:05,11642.6199531
2011-08-07 18:15:05,12112.0804351
2011-08-08 18:15:05,12112.0804351
2011-08-09 18:15:05,12487.6488207
2011-08-10 18:15:05,15586.0880017
2011-08-11 18:15:05,12675.4330135
2011-08-12 18:15:05,12863.2172062
2011-08-13 18:15:05,12018.1883387
2011-08-14 18:15:05,11548.7278567
2011-08-15 18:15:05,13426.5697846
2011-08-16 18:15:05,12675.4330135
2011-08-17 18:15:05,11579.2819315
2011-08-18 18:15:05,14182.3763191
2011-08-19 18:15:05,12117.8531841
2011-08-20 18:15:05,13015.4719385
2011-08-21 18:15:05,13015.4719385
2011-08-22 18:15:05,15798.090077
2011-08-23 18:15:05,15259.5188244
2011-08-24 18:15:05,11758.8056823
2011-08-25 18:15:05,11489.520056
2011-08-26 18:15:05,13823.3288174
2011-08-27 18:15:05,11758.8056823
2011-08-28 18:15:05,10232.8537999
2011-08-29 18:15:05,11220.2344297
2011-08-30 18:15:05,13913.0906928
2011-08-31 18:15:05,13344.420975
2011-09-01 18:15:05,11223.4534028
2011-09-02 18:15:05,14316.5311122
2011-09-03 18:15:05,12549.0581354
2011-09-04 18:15:05,11135.079754
2011-09-05 18:15:05,13609.5419215
2011-09-06 18:15:05,13256.0473261
2011-09-07 18:15:05,12990.9263796
2011-09-08 18:15:05,11046.7061051
2011-09-09 18:15:05,12372.3108377
2011-09-10 18:15:05,12637.4317843
2011-09-11 18:15:05,12195.5635401
2011-09-12 18:15:05,11488.5743493
2011-09-13 18:15:05,12018.8162424
2011-09-14 18:15:05,13263.9252302
2011-09-15 18:15:05,12914.8745663
2011-09-16 18:15:05,10995.0959145
2011-09-17 18:15:05,10733.3079166
2011-09-18 18:15:05,14572.86522
2011-09-19 18:15:05,10646.0452506
2011-09-20 18:15:05,12129.5105724
2011-09-21 18:15:05,12914.8745663
2011-09-22 18:15:05,13089.3998982
2011-09-23 18:15:05,11693.1972424
2011-09-24 18:15:05,10820.5705825
2011-09-25 18:15:05,12391.2985703
2011-09-26 18:15:05,11954.9852404
2011-09-27 18:15:05,11867.7225744
2011-09-28 18:15:05,11605.9345764
2011-09-29 18:15:05,11252.9540121
2011-09-30 18:15:05,10329.2040559
2011-10-01 18:15:05,11420.9085496
2011-10-02 18:15:05,11001.0222059
2011-10-03 18:15:05,10917.0449371
2011-10-04 18:15:05,10917.0449371
2011-10-05 18:15:05,11504.8858184
2011-10-06 18:15:05,11168.9767434
2011-10-07 18:15:05,10749.0903996
2011-10-08 18:15:05,10833.0676684
2011-10-09 18:15:05,10329.2040559
2011-10-10 18:15:05,9909.31771216
2011-10-11 18:15:05,8901.5904872
2011-10-12 18:15:05,9993.29498091
2011-10-13 18:15:05,7641.93145599
2011-10-14 18:15:05,11168.9767434
2011-10-15 18:15:05,10290.7990684
2011-10-16 18:15:05,8977.0800384
2011-10-17 18:15:05,8247.23613284
2011-10-18 18:15:05,9269.01760063
2011-10-19 18:15:05,9633.93955341
2011-10-20 18:15:05,7517.39222728
2011-10-21 18:15:05,10071.8458967
2011-10-22 18:15:05,6860.53271228
2011-10-23 18:15:05,7663.36100839
2011-10-24 18:15:05,8977.0800384
2011-10-25 18:15:05,9487.9707723
2011-10-26 18:15:05,7955.29857062
2011-10-27 18:15:05,8393.20491396
2011-10-28 18:15:05,7444.40783673
2011-10-29 18:15:05,8685.14247618
2011-10-30 18:15:05,7079.48588395
2011-10-31 18:15:05,9998.86150619
2011-11-01 18:15:05,8734.36486
2011-11-02 18:15:05,9033.48694425
2011-11-03 18:15:05,7597.70093987
2011-11-04 18:15:05,8554.89160946
2011-11-05 18:15:05,8973.6625274
2011-11-06 18:15:05,8854.0136937
2011-11-07 18:15:05,7836.99860726
2011-11-08 18:15:05,8076.29627466
2011-11-09 18:15:05,10110.3264475
2011-11-10 18:15:05,8674.54044315
2011-11-11 18:15:05,7298.57885562
2011-11-12 18:15:05,8076.29627466
2011-11-13 18:15:05,8794.18927685
2011-11-14 18:15:05,8136.12069151
2011-11-15 18:15:05,10255.3335513
2011-11-16 18:15:05,7884.15816373
2011-11-17 18:15:05,8595.51078
2011-11-18 18:15:05,7765.59939435
2011-11-19 18:15:05,7647.04062497
2011-11-20 18:15:05,7587.76124028
2011-11-21 18:15:05,8002.71693311
2011-11-22 18:15:05,8002.71693311
2011-11-23 18:15:05,7765.59939435
2011-11-24 18:15:05,6639.29108524
2011-11-25 18:15:05,7706.32000966
2011-11-26 18:15:05,7528.48185559
2011-11-27 18:15:05,6757.84985462
2011-11-28 18:15:05,7350.64370152
2011-11-29 18:15:05,8239.83447186
2011-11-30 18:15:05,7916.08649951
2011-12-01 18:15:05,10030.6575508
2011-12-02 18:15:05,8512.5039755
2011-12-03 18:15:05,8132.96558169
2011-12-04 18:15:05,7428.10856461
2011-12-05 18:15:05,8675.16328714
2011-12-06 18:15:05,8620.94351659
2011-12-07 18:15:05,7970.30627006
2011-12-08 18:15:05,8349.84466387
2011-12-09 18:15:05,8187.18535224
2011-12-10 18:15:05,8512.5039755
2011-12-11 18:15:05,7861.86672897
2011-12-12 18:15:05,7265.44925298
2011-12-13 18:15:05,7406.82744479
2011-12-14 18:15:05,8268.08645
2011-12-15 18:15:05,7062.32384271
2011-12-16 18:15:05,7119.74110972
2011-12-17 18:15:05,8382.92098403
2011-12-18 18:15:05,8440.33825104
2011-12-19 18:15:05,8670.0073191
2011-12-20 18:15:05,7751.33104688
2011-12-21 18:15:05,8899.67638715
2011-12-22 18:15:05,7923.58284792
2011-12-23 18:15:05,8727.42458611
2011-12-24 18:15:05,7579.07924583
2011-12-25 18:15:05,9990.60446042
2011-12-26 18:15:05,9875.76992639
2011-12-27 18:15:05,9168.00488128
2011-12-28 18:15:05,8649.06120876
2011-12-29 18:15:05,8072.45712817
2011-12-30 18:15:05,7380.53223147
2011-12-31 18:15:05,9283.3256974
2012-01-01 18:15:05,8591.4008007
2012-01-02 18:15:05,8764.38202487
2012-01-03 18:15:05,9340.98610546
2012-01-04 18:15:05,8879.70284099
2012-01-05 18:15:05,8476.07998458
2012-01-06 18:15:05,9802.26936993
2012-01-07 18:15:05,10436.5338586
2012-01-08 18:15:05,9283.3256974
2012-01-09 18:15:05,10010.2562182
2012-01-10 18:15:05,9077.62365126
2012-01-11 18:15:05,9450.67667802
2012-01-12 18:15:05,10321.1337405
2012-01-13 18:15:05,7709.76255313
2012-01-14 18:15:05,9948.08071371
2012-01-15 18:15:05,9201.97466018
2012-01-16 18:15:05,9823.72970479
2012-01-17 18:15:05,9823.72970479
2012-01-18 18:15:05,8828.92163342
2012-01-19 18:15:05,8455.86860665
2012-01-20 18:15:05,8580.21961558
2012-01-21 18:15:05,11129.4152985
2012-01-22 18:15:05,8450.97882303
2012-01-23 18:15:05,11116.2875288
2012-01-24 18:15:05,8776.01647007
2012-01-25 18:15:05,10076.1670582
2012-01-26 18:15:05,8450.97882303
2012-01-27 18:15:05,9036.0465877
2012-01-28 18:15:05,10076.1670582
2012-01-29 18:15:05,10596.2272935
2012-01-30 18:15:05,10791.2498817
2012-01-31 18:15:05,10271.1896465
2012-02-01 18:15:05,8776.01647007
2012-02-02 18:15:05,10596.2272935
2012-02-03 18:15:05,10401.2047053
2012-02-04 18:15:05,11247.5539763
2012-02-05 18:15:05,9327.23988282
2012-02-06 18:15:05,10150.2316372
2012-02-07 18:15:05,9807.3184062
2012-02-08 18:15:05,9052.90929803
2012-02-09 18:15:05,9875.90105239
2012-02-10 18:15:05,10081.648991
2012-02-11 18:15:05,9464.40517521
2012-02-12 18:15:05,10973.2233915
2012-02-13 18:15:05,10081.648991
2012-02-14 18:15:05,9327.23988282
2012-02-15 18:15:05,9738.73576
2012-02-16 18:15:05,8847.16135944
2012-02-17 18:15:05,9738.73576
2012-02-18 18:15:05,12001.9630845
2012-02-19 18:15:05,10741.3680221
2012-02-20 18:15:05,9988.78809696
2012-02-21 18:15:05,8757.29367405
2012-02-22 18:15:05,10741.3680221
2012-02-23 18:15:05,11493.9479472
2012-02-24 18:15:05,9920.37174013
2012-02-25 18:15:05,11425.5315904
2012-02-26 18:15:05,10399.2862379
2012-02-27 18:15:05,10809.7843789
2012-02-28 18:15:05,10262.4535243
2012-02-29 18:15:05,12725.4423701
2012-03-01 18:15:05,10672.9516652
2012-03-02 18:15:05,9897.22287527
2012-03-03 18:15:05,8855.40994103
2012-03-04 18:15:05,9673.97724651
2012-03-05 18:15:05,9822.80766568
2012-03-06 18:15:05,11013.4510191
2012-03-07 18:15:05,11087.8662287
2012-03-08 18:15:05,11608.7726958
2012-03-09 18:15:05,12352.9247917
2012-03-10 18:15:05,12873.8312588
2012-03-11 18:15:05,9897.22287527
2012-03-12 18:15:05,12576.1704205
2012-03-13 18:15:05,11311.1118575
2012-03-14 18:15:05,10269.2989232
2012-03-15 18:15:05,9599.56203692
2012-03-16 18:15:05,10650.7281967
2012-03-17 18:15:05,12810.6660827
2012-03-18 18:15:05,11618.9762146
2012-03-19 18:15:05,11767.9374481
2012-03-20 18:15:05,11023.1312805
2012-03-21 18:15:05,12065.8599151
2012-03-22 18:15:05,11618.9762146
2012-03-23 18:15:05,9682.48017882
2012-03-24 18:15:05,12810.6660827
2012-03-25 18:15:05,12438.2629989
2012-03-26 18:15:05,11321.0537475
2012-03-27 18:15:05,11023.1312805
2012-03-28 18:15:05,11842.4180649
2012-03-29 18:15:05,11239.0412852
2012-03-30 18:15:05,12128.4618186
2012-03-31 18:15:05,13179.5951762
2012-04-01 18:15:05,12128.4618186
2012-04-02 18:15:05,10268.7643397
2012-04-03 18:15:05,10349.6207519
2012-04-04 18:15:05,11400.7541095
2012-04-05 18:15:05,9621.91304274
2012-04-06 18:15:05,9945.33869124
2012-04-07 18:15:05,10673.0464004
2012-04-08 18:15:05,11805.0361701
2012-04-09 18:15:05,12209.3182307
2012-04-10 18:15:05,11562.4669337
2012-04-11 18:15:05,11562.4669337
2012-04-12 18:15:05,11158.1848731
2012-04-13 18:15:05,9883.25160798
2012-04-14 18:15:05,10432.3211418
2012-04-15 18:15:05,9177.30506455
2012-04-16 18:15:05,10432.3211418
2012-04-17 18:15:05,11138.2676852
2012-04-18 18:15:05,9569.49758868
2012-04-19 18:15:05,12236.4067527
2012-04-20 18:15:05,12157.9682479
2012-04-21 18:15:05,11530.4602093
2012-04-22 18:15:05,11687.337219
2012-04-23 18:15:05,11608.8987141
2012-04-24 18:15:05,9647.9360935
2012-04-25 18:15:05,10824.5136659
2012-04-26 18:15:05,12079.5297431
2012-04-27 18:15:05,9883.25160798
2012-04-28 18:15:05,11698.8142999
2012-04-29 18:15:05,12448.7382935
2012-04-30 18:15:05,12673.7154916
2012-05-01 18:15:05,13423.6394852
2012-05-02 18:15:05,11548.8295012
2012-05-03 18:15:05,12448.7382935
2012-05-04 18:15:05,11623.8219006
2012-05-05 18:15:05,11698.8142999
2012-05-06 18:15:05,12898.6926897
2012-05-07 18:15:05,12823.7002903
2012-05-08 18:15:05,13948.5862807
2012-05-09 18:15:05,14129.9469054
2012-05-10 18:15:05,12406.7826486
2012-05-11 18:15:05,10597.460179
2012-05-12 18:15:05,11803.6751587
2012-05-13 18:15:05,11372.8840946
2012-05-14 18:15:05,12320.6244358
2012-05-15 18:15:05,11286.7258817
2012-05-16 18:15:05,9649.7198378
2012-05-17 18:15:05,10166.6691148
2012-05-18 18:15:05,12406.7826486
2012-05-19 18:15:05,12579.0990743
2012-05-20 18:15:05,12234.4662229
2012-05-21 18:15:05,11372.8840946
2012-05-22 18:15:05,10080.510902
2012-05-23 18:15:05,10425.1437533
2012-05-24 18:15:05,11631.3587331
2012-05-25 18:15:05,9174.76078111
2012-05-26 18:15:05,10677.5233228
2012-05-27 18:15:05,12971.2135181
2012-05-28 18:15:05,10914.8016189
2012-05-29 18:15:05,10756.6160882
2012-05-30 18:15:05,9491.13184253
2012-05-31 18:15:05,11547.5437417
2012-06-01 18:15:05,11943.0075685
2012-06-02 18:15:05,12338.4713953
2012-06-03 18:15:05,12496.656926
2012-06-04 18:15:05,11943.0075685
2012-06-05 18:15:05,10756.6160882
2012-06-06 18:15:05,13366.6773449
2012-06-07 18:15:05,9965.68843465
2012-06-08 18:15:05,11705.7292724
2012-06-09 18:15:05,13142.9330106
2012-06-10 18:15:05,13379.0336036
2012-06-11 18:15:05,12119.8304409
2012-06-12 18:15:05,11018.0276735
2012-06-13 18:15:05,12749.4320222
2012-06-14 18:15:05,11490.2288595
2012-06-15 18:15:05,12513.3314292
2012-06-16 18:15:05,12592.0316269
2012-06-17 18:15:05,12828.1322199
2012-06-18 18:15:05,12355.9310339
2012-06-19 18:15:05,14323.4359756
2012-06-20 18:15:05,11672.62013
2012-06-21 18:15:05,10471.0268813
2012-06-22 18:15:05,12101.7605759
2012-06-23 18:15:05,13904.1504489
2012-06-24 18:15:05,12015.9324867
2012-06-25 18:15:05,13131.6976462
2012-06-26 18:15:05,12702.5572003
2012-06-27 18:15:05,13904.1504489
2012-06-28 18:15:05,11586.7920408
2012-06-29 18:15:05,12015.9324867
2012-06-30 18:15:05,12187.5886651
2012-07-01 18:15:05,11844.2763084
2012-07-02 18:15:05,13818.3223598
2012-07-03 18:15:05,12445.0729327
2012-07-04 18:15:05,13843.3790741
2012-07-05 18:15:05,11927.9429758
2012-07-06 18:15:05,13320.987411
2012-07-07 18:15:05,14801.0971233
2012-07-08 18:15:05,13408.0526882
2012-07-09 18:15:05,14365.7707373
2012-07-10 18:15:05,13146.8568566
2012-07-11 18:15:05,11927.9429758
2012-07-12 18:15:05,13146.8568566
2012-07-13 18:15:05,14017.5096285
2012-07-14 18:15:05,12972.7263022
2012-07-15 18:15:05,12972.7263022
2012-07-16 18:15:05,12885.661025
2012-07-17 18:15:05,16421.8502561
2012-07-18 18:15:05,14009.6010659
2012-07-19 18:15:05,13267.3705459
2012-07-20 18:15:05,12896.2552858
2012-07-21 18:15:05,13916.8222509
2012-07-22 18:15:05,12896.2552858
2012-07-23 18:15:05,13916.8222509
2012-07-24 18:15:05,14937.389216
2012-07-25 18:15:05,14287.9375109
2012-07-26 18:15:05,16514.6290711
2012-07-27 18:15:05,15586.840921
2012-07-28 18:15:05,15772.398551
2012-07-29 18:15:05,13452.9281759
2012-07-30 18:15:05,18730.0417587
2012-07-31 18:15:05,13465.3813725
2012-08-01 18:15:05,14275.3291242
2012-08-02 18:15:05,15591.4942207
2012-08-03 18:15:05,17515.1201311
2012-08-04 18:15:05,15186.5203449
2012-08-05 18:15:05,14680.303
2012-08-06 18:15:05,14275.3291242
2012-08-07 18:15:05,15085.2768759
2012-08-08 18:15:05,17211.3897242
2012-08-09 18:15:05,16097.7115656
2012-08-10 18:15:05,16603.9289104
2012-08-11 18:15:05,15996.4680966
2012-08-12 18:15:05,18405.5429383
2012-08-13 18:15:05,16663.0063287
2012-08-14 18:15:05,17752.0917097
2012-08-15 18:15:05,18623.3600144
2012-08-16 18:15:05,16771.9148668
2012-08-17 18:15:05,15573.9209478
2012-08-18 18:15:05,16118.4636382
2012-08-19 18:15:05,17207.5490192
2012-08-20 18:15:05,20583.7137002
2012-08-21 18:15:05,19712.4453954
2012-08-22 18:15:05,16227.3721763
2012-08-23 18:15:05,17969.9087859
2012-08-24 18:15:05,16989.731943
2012-08-25 18:15:05,15893.5752698
2012-08-26 18:15:05,21353.2003624
2012-08-27 18:15:05,18077.4253068
2012-08-28 18:15:05,18198.7503089
2012-08-29 18:15:05,20139.9503419
2012-08-30 18:15:05,19169.3503254
2012-08-31 18:15:05,17349.4752945
2012-09-01 18:15:05,19775.9753357
2012-09-02 18:15:05,18562.7253151
2012-09-03 18:15:05,21838.5003707
2012-09-04 18:15:05,15529.6002636
2012-09-05 18:15:05,21838.5003707
2012-09-06 18:15:05,24909.4641254
2012-09-07 18:15:05,23034.5582235
2012-09-08 18:15:05,18749.0590191
2012-09-09 18:15:05,20490.0430709
2012-09-10 18:15:05,19284.7464197
2012-09-11 18:15:05,21159.6523216
2012-09-12 18:15:05,18882.9808693
2012-09-13 18:15:05,19418.6682698
2012-09-14 18:15:05,21695.3397221
2012-09-15 18:15:05,19150.8245695
2012-09-16 18:15:05,20088.2775205
2012-09-17 18:15:05,23570.245624
2012-09-18 18:15:05,22364.9489728
2012-09-19 18:15:05,19150.8245695
2012-09-20 18:15:05,20929.4479444
2012-09-21 18:15:05,23207.4830948
2012-09-22 18:15:05,24488.8778669
2012-09-23 18:15:05,21214.2023382
2012-09-24 18:15:05,22210.8427165
2012-09-25 18:15:05,21214.2023382
2012-09-26 18:15:05,20359.9391568
2012-09-27 18:15:05,20359.9391568
2012-09-28 18:15:05,23349.8602917
2012-09-29 18:15:05,23919.3690793
2012-09-30 18:15:05,21641.3339289
2012-10-01 18:15:05,21071.8251413
2012-10-02 18:15:05,19363.2987785
2012-10-03 18:15:05,20954.7974016
2012-10-04 18:15:05,20347.4119697
2012-10-05 18:15:05,20651.1046856
2012-10-06 18:15:05,21562.1828335
2012-10-07 18:15:05,20802.9510436
2012-10-08 18:15:05,25206.4954251
2012-10-09 18:15:05,22017.7219075
2012-10-10 18:15:05,22625.1073394
2012-10-11 18:15:05,20954.7974016
2012-10-12 18:15:05,22928.8000554
2012-10-13 18:15:05,22169.5682655
2012-10-14 18:15:05,20954.7974016
2012-10-15 18:15:05,23839.8782033
2012-10-16 18:15:05,23080.6464134
2012-10-17 18:15:05,21534.357778
2012-10-18 18:15:05,23672.5209616
2012-10-19 18:15:05,24283.4247283
2012-10-20 18:15:05,21076.1799529
2012-10-21 18:15:05,24130.6987867
2012-10-22 18:15:05,25352.5063202
2012-10-23 18:15:05,20923.4540112
2012-10-24 18:15:05,23825.2469033
2012-10-25 18:15:05,21076.1799529
2012-10-26 18:15:05,24588.8766117
2012-10-27 18:15:05,27185.2176204
2012-10-28 18:15:05,25810.6841452
2012-10-29 18:15:05,24130.6987867
2012-10-30 18:15:05,24474.8066399
2012-10-31 18:15:05,22832.2021675
2012-11-01 18:15:05,22175.1603785
2012-11-02 18:15:05,23817.764851
2012-11-03 18:15:05,23489.2439565
2012-11-04 18:15:05,26281.6715597
2012-11-05 18:15:05,25131.8484289
2012-11-06 18:15:05,22339.4208257
2012-11-07 18:15:05,25788.8902179
2012-11-08 18:15:05,26610.1924542
2012-11-09 18:15:05,23817.764851
2012-11-10 18:15:05,26281.6715597
2012-11-11 18:15:05,21682.3790367
2012-11-12 18:15:05,23612.1875254
2012-11-13 18:15:05,22774.875911
2012-11-14 18:15:05,24114.574494
2012-11-15 18:15:05,22774.875911
2012-11-16 18:15:05,23612.1875254
2012-11-17 18:15:05,23612.1875254
2012-11-18 18:15:05,26626.5093372
2012-11-19 18:15:05,20597.8657137
2012-11-20 18:15:05,26626.5093372
2012-11-21 18:15:05,25789.1977228
2012-11-22 18:15:05,24616.9614627
2012-11-23 18:15:05,24282.0368169
2012-11-24 18:15:05,27128.8963058
2012-11-25 18:15:05,23612.1875254
2012-11-26 18:15:05,27180.905571
2012-11-27 18:15:05,25984.2619295
2012-11-28 18:15:05,28890.3964874
2012-11-29 18:15:05,28206.6001208
2012-11-30 18:15:05,22052.4328217
2012-12-01 18:15:05,27351.8546626
2012-12-02 18:15:05,25813.3128378
2012-12-03 18:15:05,25642.3637462
2012-12-04 18:15:05,18975.3491722
2012-12-05 18:15:05,20513.890997
2012-12-06 18:15:05,24445.7201047
2012-12-07 18:15:05,21197.6873635
2012-12-08 18:15:05,23078.1273716
2012-12-09 18:15:05,22223.3819134
2012-12-10 18:15:05,24274.7710131
2012-12-11 18:15:05,24292.2336617
2012-12-12 18:15:05,21611.7113266
2012-12-13 18:15:05,22784.4398482
2012-12-14 18:15:05,17423.3951781
2012-12-15 18:15:05,19768.8522213
2012-12-16 18:15:05,19266.2542834
2012-12-17 18:15:05,21109.1133888
2012-12-18 18:15:05,21109.1133888
2012-12-19 18:15:05,23957.1683698
2012-12-20 18:15:05,18093.5257618
2012-12-21 18:15:05,20271.4501591
2012-12-22 18:15:05,24124.7010158
2012-12-23 18:15:05,23119.5051401
2012-12-24 18:15:05,21276.6460348
2012-12-25 18:15:05,20606.515451
2012-12-26 18:15:05,24124.7010158
2012-12-27 18:15:05,23847.0848798
2012-12-28 18:15:05,26068.8629742
2012-12-29 18:15:05,19847.8843099
2012-12-30 18:15:05,23698.9663402
2012-12-31 18:15:05,24883.9146572
2013-01-01 18:15:05,24291.4404987
2013-01-02 18:15:05,23106.4921817
2013-01-03 18:15:05,23698.9663402
2013-01-04 18:15:05,20884.7140873
2013-01-05 18:15:05,22069.6624043
2013-01-06 18:15:05,21032.8326269
2013-01-07 18:15:05,24735.7961176
2013-01-08 18:15:05,23261.1819868
2013-01-09 18:15:05,21645.8221266
2013-01-10 18:15:05,23584.2539589
2013-01-11 18:15:05,19545.8543084
2013-01-12 18:15:05,19222.7823363
2013-01-13 18:15:05,19707.3902944
2013-01-14 18:15:05,24876.541847
2013-01-15 18:15:05,20515.0702245
2013-01-16 18:15:05,19868.9262804
2013-01-17 18:15:05,19868.9262804
2013-01-18 18:15:05,20191.9982525
2013-01-19 18:15:05,22776.5740288
2013-01-20 18:15:05,21322.7501546
2013-01-21 18:15:05,23584.2539589
2013-01-22 18:15:05,20676.6062105
2013-01-23 18:15:05,21645.8221266
2013-01-24 18:15:05,23907.3259309
2013-01-25 18:15:05,20513.4284896
2013-01-26 18:15:05,22136.7933341
2013-01-27 18:15:05,22431.9505785
2013-01-28 18:15:05,21841.6360896
2013-01-29 18:15:05,23907.7368008
2013-01-30 18:15:05,21398.900223
2013-01-31 18:15:05,28039.9382232
2013-02-01 18:15:05,22579.5292008
2013-02-02 18:15:05,23760.1581786
2013-02-03 18:15:05,24350.4726675
2013-02-04 18:15:05,25973.837512
2013-02-05 18:15:05,28005.7671748
2013-02-06 18:15:05,25074.9310751
2013-02-07 18:15:05,24097.9857086
2013-02-08 18:15:05,24749.2826196
2013-02-09 18:15:05,22144.0949754
2013-02-10 18:15:05,26703.1733527
2013-02-11 18:15:05,25889.0522139
2013-02-12 18:15:05,23283.8645697
2013-02-13 18:15:05,25563.4037584
2013-02-14 18:15:05,26703.1733527
2013-02-15 18:15:05,28657.0640858
2013-02-16 18:15:05,30773.7790467
2013-02-17 18:15:05,30285.3063634
2013-02-18 18:15:05,29220.3363858
2013-02-19 18:15:05,30127.8002487
2013-02-20 18:15:05,31398.2496568
2013-02-21 18:15:05,35754.0761988
2013-02-22 18:15:05,29220.3363858
2013-02-23 18:15:05,29401.8291584
2013-02-24 18:15:05,29764.8147036
2013-02-25 18:15:05,35391.0906536
2013-02-26 18:15:05,28131.3797503
2013-02-27 18:15:05,36843.0328343
2013-02-28 18:15:05,31035.2641116
2013-03-01 18:15:05,34306.2704063
2013-03-02 18:15:05,32569.2440566
2013-03-03 18:15:05,33003.500644
2013-03-04 18:15:05,37997.4513994
2013-03-05 18:15:05,32569.2440566
2013-03-06 18:15:05,35174.7835811
2013-03-07 18:15:05,33003.500644
2013-03-08 18:15:05,31700.7308818
2013-03-09 18:15:05,36911.8099308
2013-03-10 18:15:05,40168.7343365
2013-03-11 18:15:05,40385.8626302
2013-03-12 18:15:05,25621.1386579
2013-03-13 18:15:05,33437.7572314
2013-03-14 18:15:05,44580.9016947
2013-03-15 18:15:05,40966.2339897
2013-03-16 18:15:05,42412.1010717
2013-03-17 18:15:05,48918.5029407
2013-03-18 18:15:05,43135.0346127
2013-03-19 18:15:05,47472.6358587
2013-03-20 18:15:05,45062.8573887
2013-03-21 18:15:05,53738.0598807
2013-03-22 18:15:05,54220.0155747
2013-03-23 18:15:05,50605.3478697
2013-03-24 18:15:05,72228.7385885
2013-03-25 18:15:05,45267.7808665
2013-03-26 18:15:05,51924.8074646
2013-03-27 18:15:05,41939.2675675
2013-03-28 18:15:05,59580.3880523
2013-03-29 18:15:05,60578.942042
2013-03-30 18:15:05,55253.3207636
2013-03-31 18:15:05,52257.6587945
2013-04-01 18:15:05,72561.5899184
2013-04-02 18:15:05,58248.9827327
2013-04-03 18:15:05,59247.5367224
2013-04-04 18:15:05,53256.2127842
2013-04-05 18:15:05,54925.4728655
2013-04-06 18:15:05,64079.7183431
2013-04-07 18:15:05,61791.1569737
2013-04-08 18:15:05,64461.145238
2013-04-09 18:15:05,64079.7183431
2013-04-10 18:15:05,70182.5486615
2013-04-11 18:15:05,62554.0107635
2013-04-12 18:15:05,65986.8528176
2013-04-13 18:15:05,60646.876289
2013-04-14 18:15:05,62172.5838686
2013-04-15 18:15:05,61028.3031839
2013-04-16 18:15:05,69801.1217666
2013-04-17 18:15:05,74501.1506642
2013-04-18 18:15:05,72716.6919657
2013-04-19 18:15:05,55764.3343295
2013-04-20 18:15:05,64686.6278222
2013-04-21 18:15:05,77623.9533867
2013-04-22 18:15:05,72270.5772911
2013-04-23 18:15:05,70932.2332672
2013-04-24 18:15:05,78070.0680613
2013-04-25 18:15:05,70932.2332672
2013-04-26 18:15:05,76731.7240374
2013-04-27 18:15:05,70932.2332672
2013-04-28 18:15:05,74501.1506642
2013-04-29 18:15:05,80746.7561091
2013-04-30 18:15:05,74633.3901792
2013-05-01 18:15:05,70626.2282904
2013-05-02 18:15:05,72128.9139987
2013-05-03 18:15:05,73631.599707
2013-05-04 18:15:05,77137.8663597
2013-05-05 18:15:05,77137.8663597
2013-05-06 18:15:05,81645.9234846
2013-05-07 18:15:05,88157.5615539
2013-05-08 18:15:05,81645.9234846
2013-05-09 18:15:05,83148.6091929
2013-05-10 18:15:05,83649.504429
2013-05-11 18:15:05,87656.6663178
2013-05-12 18:15:05,89159.3520261
2013-05-13 18:15:05,100101.885268
2013-05-14 18:15:05,81749.8729686
2013-05-15 18:15:05,81749.8729686
2013-05-16 18:15:05,80637.6297989
2013-05-17 18:15:05,89535.5751561
2013-05-18 18:15:05,81749.8729686
2013-05-19 18:15:05,85642.7240623
2013-05-20 18:15:05,76744.7787052
2013-05-21 18:15:05,82862.1161382
2013-05-22 18:15:05,92316.1830802
2013-05-23 18:15:05,89535.5751561
2013-05-24 18:15:05,90091.6967409
2013-05-25 18:15:05,103913.692158
2013-05-26 18:15:05,97268.0490551
2013-05-27 18:15:05,103913.692158
2013-05-28 18:15:05,97872.1984281
2013-05-29 18:15:05,101497.094666
2013-05-30 18:15:05,102101.244039
2013-05-31 18:15:05,112371.78338
2013-06-01 18:15:05,119621.575857
2013-06-02 18:15:05,123246.472095
2013-06-03 18:15:05,126267.21896
2013-06-04 18:15:05,126871.368333
2013-06-05 18:15:05,156703.562082
2013-06-06 18:15:05,138085.317082
2013-06-07 18:15:05,124897.393541
2013-06-08 18:15:05,130327.714999
2013-06-09 18:15:05,129551.954791
2013-06-10 18:15:05,139636.837499
2013-06-11 18:15:05,136533.796666
2013-06-12 18:15:05,155152.041666
2013-06-13 18:15:05,149721.720207
2013-06-14 18:15:05,133430.755832
2013-06-15 18:15:05,136533.796666
2013-06-16 18:15:05,145067.158957
2013-06-17 18:15:05,148049.400446
2013-06-18 18:15:05,140358.522501
2013-06-19 18:15:05,120169.967895
2013-06-20 18:15:05,140358.522501
2013-06-21 18:15:05,166315.235566
2013-06-22 18:15:05,165353.875823
2013-06-23 18:15:05,169199.314796
2013-06-24 18:15:05,137474.443272
2013-06-25 18:15:05,142281.241987
2013-06-26 18:15:05,181696.991457
2013-06-27 18:15:05,159585.717364
2013-06-28 18:15:05,161508.43685
2013-06-29 18:15:05,170754.179026
2013-06-30 18:15:05,173935.933914
2013-07-01 18:15:05,162269.499323
2013-07-02 18:15:05,166511.839174
2013-07-03 18:15:05,185602.368506
2013-07-04 18:15:05,180299.443692
2013-07-05 18:15:05,187723.538432
2013-07-06 18:15:05,199389.973024
2013-07-07 18:15:05,198329.388061
2013-07-08 18:15:05,197268.803098
2013-07-09 18:15:05,213177.577541
2013-07-10 18:15:05,181360.028655
2013-07-11 18:15:05,249708.212058
2013-07-12 18:15:05,214592.994737
2013-07-13 18:15:05,196385.104275
2013-07-14 18:15:05,211991.867528
2013-07-15 18:15:05,222396.376364
2013-07-16 18:15:05,213292.431133
2013-07-17 18:15:05,219795.249155
2013-07-18 18:15:05,223696.939968
2013-07-19 18:15:05,219795.249155
2013-07-20 18:15:05,243205.394035
2013-07-21 18:15:05,253609.902871
2013-07-22 18:15:05,279682.550204
2013-07-23 18:15:05,225299.832109
2013-07-24 18:15:05,239283.959619
2013-07-25 18:15:05,212869.496544
2013-07-26 18:15:05,276574.966313
2013-07-27 18:15:05,256375.671021
2013-07-28 18:15:05,275021.174368
2013-07-29 18:15:05,257929.462966
2013-07-30 18:15:05,287451.509932
2013-07-31 18:15:05,309204.59717
2013-08-01 18:15:05,287451.509932
2013-08-02 18:15:05,295220.46966
2013-08-03 18:15:05,332726.003145
2013-08-04 18:15:05,317855.56725
2013-08-05 18:15:05,356890.461474
2013-08-06 18:15:05,351314.048013
2013-08-07 18:15:05,327149.589684
2013-08-08 18:15:05,375478.506342
2013-08-09 18:15:05,386631.333263
2013-08-10 18:15:05,369902.092882
2013-08-11 18:15:05,397784.160184
2013-08-12 18:15:05,425666.227487
2013-08-13 18:15:05,484952.76558
2013-08-14 18:15:05,388972.530726
2013-08-15 18:15:05,421807.874228
2013-08-16 18:15:05,434436.852499
2013-08-17 18:15:05,472323.78731
2013-08-18 18:15:05,497581.74385
2013-08-19 18:15:05,449591.626423
2013-08-20 18:15:05,457169.013385
2013-08-21 18:15:05,520313.904737
2013-08-22 18:15:05,525365.496045
2013-08-23 18:15:05,543046.065623
2013-08-24 18:15:05,607932.298581
2013-08-25 18:15:05,467388.810199
2013-08-26 18:15:05,532757.874563
2013-08-27 18:15:05,562173.953526
2013-08-28 18:15:05,545831.687435
2013-08-29 18:15:05,647153.737199
2013-08-30 18:15:05,634079.924326
2013-08-31 18:15:05,702717.441908
2013-09-01 18:15:05,725596.614435
2013-09-02 18:15:05,768086.506271
2013-09-03 18:15:05,604663.845362
2013-09-04 18:15:05,751934.693043
2013-09-05 18:15:05,704398.591759
2013-09-06 18:15:05,821078.113093
2013-09-07 18:15:05,704398.591759
2013-09-08 18:15:05,643898.099215
2013-09-09 18:15:05,834042.504353
2013-09-10 18:15:05,803792.258081
2013-09-11 18:15:05,868614.214378
2013-09-12 18:15:05,898864.46065
2013-09-13 18:15:05,907507.388156
2013-09-14 18:15:05,933436.170675
2013-09-15 18:15:05,1024579.58056
2013-09-16 18:15:05,946196.443251
2013-09-17 18:15:05,990986.807429
2013-09-18 18:15:05,845418.123852
2013-09-19 18:15:05,1091765.12683
2013-09-20 18:15:05,1080567.53578
2013-09-21 18:15:05,1046974.76265
2013-09-22 18:15:05,1153351.87757
2013-09-23 18:15:05,1237333.81041
2013-09-24 18:15:05,1125357.89996
2013-09-25 18:15:05,1583138.30535
2013-09-26 18:15:05,1265031.07577
2013-09-27 18:15:05,1302020.28851
2013-09-28 18:15:05,1265031.07577
2013-09-29 18:15:05,1242837.54813
2013-09-30 18:15:05,1213246.17793
2013-10-01 18:15:05,1449977.13948
2013-10-02 18:15:05,1279826.76087
2013-10-03 18:15:05,1538751.25006
2013-10-04 18:15:05,1316815.97361
2013-10-05 18:15:05,1560944.77771
2013-10-06 18:15:05,1900662.83139
2013-10-07 18:15:05,1439610.95645
2013-10-08 18:15:05,1467838.62226
2013-10-09 18:15:05,1721887.61458
2013-10-10 18:15:05,1834798.27783
2013-10-11 18:15:05,1665432.28295
2013-10-12 18:15:05,1853616.72171
2013-10-13 18:15:05,2154711.82371
2013-10-14 18:15:05,2427579.2599
2013-10-15 18:15:05,2333487.04052
2013-10-16 18:15:05,2914669.37941
2013-10-17 18:15:05,2382309.67541
2013-10-18 18:15:05,2302455.71981
2013-10-19 18:15:05,2914669.37941
2013-10-20 18:15:05,2874742.40161
2013-10-21 18:15:05,2675107.51261
2013-10-22 18:15:05,3313939.15741
2013-10-23 18:15:05,2808197.43861
2013-10-24 18:15:05,2781579.45341
2013-10-25 18:15:05,3194158.22401
2013-10-26 18:15:05,3867201.91246
2013-10-27 18:15:05,3439672.05279
2013-10-28 18:15:05,3478538.40367
2013-10-29 18:15:05,3051008.544
2013-10-30 18:15:05,3808902.38614
2013-10-31 18:15:05,4061533.66685
2013-11-01 18:15:05,3692303.3335
2013-11-02 18:15:05,4216999.07037
2013-11-03 18:15:05,3808902.38614
2013-11-04 18:15:05,3886635.08789
2013-11-05 18:15:05,3303639.82471
2013-11-06 18:15:05,4114549.71625
2013-11-07 18:15:05,3911362.07594
2013-11-08 18:15:05,3377994.52013
2013-11-09 18:15:05,3606580.61548
2013-11-10 18:15:05,4266940.44648
2013-11-11 18:15:05,4952698.73252
2013-11-12 18:15:05,4800308.00229
2013-11-13 18:15:05,4774909.54725
2013-11-14 18:15:05,4292338.90152
2013-11-15 18:15:05,4139948.17129
2013-11-16 18:15:05,4978097.18756
2013-11-17 18:15:05,5847426.8319
2013-11-18 18:15:05,4968797.9297
2013-11-19 18:15:05,4696119.99454
2013-11-20 18:15:05,4938500.38135
2013-11-21 18:15:05,4484037.15607
2013-11-22 18:15:05,5029393.02641
2013-11-23 18:15:05,4908202.833
2013-11-24 18:15:05,5211178.31652
2013-11-25 18:15:05,5453558.70333
2013-11-26 18:15:05,4968797.9297
2013-11-27 18:15:05,5029393.02641
2013-11-28 18:15:05,5514153.80003
2013-11-29 18:15:05,6505609.45041
2013-11-30 18:15:05,5626473.0382
2013-12-01 18:15:05,6857264.0153
2013-12-02 18:15:05,5731969.40766
2013-12-03 18:15:05,6681436.73286
2013-12-04 18:15:05,6224285.7985
2013-12-05 18:15:05,6013293.05957
2013-12-06 18:15:05,7419911.31912
2013-12-07 18:15:05,6751767.64583
2013-12-08 18:15:05,6294616.71148
2013-12-09 18:15:05,6857264.0153
2013-12-10 18:15:05,9076027.6243
2013-12-11 18:15:05,7134389.87383
2013-12-12 18:15:05,7495624.80415
2013-12-13 18:15:05,7495624.80415
2013-12-14 18:15:05,9030873.25801
2013-12-15 18:15:05,8037477.19963
2013-12-16 18:15:05,8714792.69398
2013-12-17 18:15:05,8895410.15914
2013-12-18 18:15:05,9482416.92091
2013-12-19 18:15:05,9753343.11865
2013-12-20 18:15:05,9121181.99059
2013-12-21 18:15:05,9568753.70305
2013-12-22 18:15:05,9744865.73439
2013-12-23 18:15:05,9333937.66126
2013-12-24 18:15:05,9744865.73439
2013-12-25 18:15:05,10097089.7971
2013-12-26 18:15:05,10508017.8702
2013-12-27 18:15:05,10273201.8284
2013-12-28 18:15:05,9627457.7135
2013-12-29 18:15:05,8805601.56722
2013-12-30 18:15:05,11388578.0269
2013-12-31 18:15:05,9920977.76574
2014-01-01 18:15:05,11740802.0896
2014-01-02 18:15:05,10294911.523
2014-01-03 18:15:05,11493634.0976
2014-01-04 18:15:05,10435937.7082
2014-01-05 18:15:05,12692356.6722
2014-01-06 18:15:05,12480817.3943
2014-01-07 18:15:05,13185948.3205
2014-01-08 18:15:05,13891079.2468
2014-01-09 18:15:05,12762869.7648
2014-01-10 18:15:05,14243644.7099
2014-01-11 18:15:05,14596210.173
2014-01-12 18:15:05,13397487.5984
2014-01-13 18:15:05,18058648.8747
2014-01-14 18:15:05,13699664.6636
2014-01-15 18:15:05,15211965.3082
2014-01-16 18:15:05,17791772.2903
2014-01-17 18:15:05,13610705.8021
2014-01-18 18:15:05,14500294.4166
2014-01-19 18:15:05,16368430.5071
2014-01-20 18:15:05,16279471.6457
2014-01-21 18:15:05,15300924.1697
2014-01-22 18:15:05,16902183.6758
2014-01-23 18:15:05,15834677.3384
2014-01-24 18:15:05,21375126.7539
2014-01-25 18:15:05,16903799.2187
2014-01-26 18:15:05,17449083.0644
2014-01-27 18:15:05,17558139.8336
2014-01-28 18:15:05,18103423.6794
2014-01-29 18:15:05,17230969.5261
2014-01-30 18:15:05,17449083.0644
2014-01-31 18:15:05,20066445.5241
2014-02-01 18:15:05,21484183.5231
2014-02-02 18:15:05,19412104.9092
2014-02-03 18:15:05,21157013.2156
2014-02-04 18:15:05,18430593.9868
2014-02-05 18:15:05,22283133.4911
2014-02-06 18:15:05,21761890.6024
2014-02-07 18:15:05,21501269.1581
2014-02-08 18:15:05,22804376.3798
2014-02-09 18:15:05,19676919.0477
2014-02-10 18:15:05,19937540.492
2014-02-11 18:15:05,21761890.6024
2014-02-12 18:15:05,21761890.6024
2014-02-13 18:15:05,23455929.9906
2014-02-14 18:15:05,24889347.9345
2014-02-15 18:15:05,23455929.9906
2014-02-16 18:15:05,25149969.3788
2014-02-17 18:15:05,25824939.771
2014-02-18 18:15:05,25980511.6973
2014-02-19 18:15:05,29714237.9293
2014-02-20 18:15:05,26602799.4026
2014-02-21 18:15:05,26136083.6236
2014-02-22 18:15:05,25513795.9183
2014-02-23 18:15:05,28314090.5923
2014-02-24 18:15:05,28314090.5923
2014-02-25 18:15:05,26447227.4763
2014-02-26 18:15:05,28158518.6659
2014-02-27 18:15:05,28314090.5923
2014-02-28 18:15:05,35659963.8678
2014-03-01 18:15:05,28072737.5129
2014-03-02 18:15:05,28262418.1718
2014-03-03 18:15:05,26934653.5597
2014-03-04 18:15:05,26365611.5831
2014-03-05 18:15:05,30538586.0783
2014-03-06 18:15:05,30728266.7371
2014-03-07 18:15:05,31676670.0315
2014-03-08 18:15:05,33194115.3025
2014-03-09 18:15:05,31107628.0549
2014-03-10 18:15:05,31297308.7138
2014-03-11 18:15:05,31866350.6904
2014-03-12 18:15:05,31866350.6904
2014-03-13 18:15:05,35706231.9141
2014-03-14 18:15:05,29367847.5506
2014-03-15 18:15:05,36973908.7867
2014-03-16 18:15:05,33382157.6475
2014-03-17 18:15:05,37607747.2231
2014-03-18 18:15:05,30635524.4233
2014-03-19 18:15:05,32748319.2111
2014-03-20 18:15:05,35283672.9565
2014-03-21 18:15:05,38241585.6594
2014-03-22 18:15:05,37185188.2655
2014-03-23 18:15:05,43312293.1502
2014-03-24 18:15:05,42044616.2775
2014-03-25 18:15:05,37582750.873
2014-03-26 18:15:05,39324997.6022
2014-03-27 18:15:05,41565029.1112
2014-03-28 18:15:05,45547307.3494
2014-03-29 18:15:05,42560598.6707
2014-03-30 18:15:05,37084966.0932
2014-03-31 18:15:05,41813921.5011
2014-04-01 18:15:05,44551737.7898
2014-04-02 18:15:05,46045092.1292
2014-04-03 18:15:05,51769617.0966
2014-04-04 18:15:05,50027370.3674
2014-04-05 18:15:05,54454168.8771
2014-04-06 18:15:05,43198279.2209
2014-04-07 18:15:05,44415132.1567
2014-04-08 18:15:05,47457264.4962
2014-04-09 18:15:05,44110918.9228
2014-04-10 18:15:05,53237315.9413
2014-04-11 18:15:05,45327771.8586
2014-04-12 18:15:05,48674117.432
2014-04-13 18:15:05,60538433.5561
2014-04-14 18:15:05,55366808.5789
2014-04-15 18:15:05,59321580.6203
2014-04-16 18:15:05,45327771.8586
2014-04-17 18:15:05,60364106.0676
2014-04-18 18:15:05,54119543.371
2014-04-19 18:15:05,56547984.4197
2014-04-20 18:15:05,58976425.4684
2014-04-21 18:15:05,61404866.5171
2014-04-22 18:15:05,53425703.0714
2014-04-23 18:15:05,60711026.2174
2014-04-24 18:15:05,50997262.0227
2014-04-25 18:15:05,56894904.5695
2014-04-26 18:15:05,61751786.6669
2014-04-27 18:15:05,57935665.0189
2014-04-28 18:15:05,57588744.8691
2014-04-29 18:15:05,54813383.6706
2014-04-30 18:15:05,58067924.6281
2014-05-01 18:15:05,66817885.8734
2014-05-02 18:15:05,67613336.8957
2014-05-03 18:15:05,57272473.6058
2014-05-04 18:15:05,60454277.695
2014-05-05 18:15:05,49715688.8939
2014-05-06 18:15:05,73976945.0741
2014-05-07 18:15:05,64829258.3176
2014-05-08 18:15:05,62045179.7396
2014-05-09 18:15:05,66022434.8511
2014-05-10 18:15:05,70397415.4738
2014-05-11 18:15:05,66022434.8511
2014-05-12 18:15:05,69096596.7636
2014-05-13 18:15:05,74817971.0179
2014-05-14 18:15:05,66015856.7805
2014-05-15 18:15:05,73057548.1704
2014-05-16 18:15:05,80099239.5604
2014-05-17 18:15:05,80539345.2722
2014-05-18 18:15:05,67776279.628
2014-05-19 18:15:05,77898711.001
2014-05-20 18:15:05,78778922.4247
2014-05-21 18:15:05,78338816.7129
2014-05-22 18:15:05,73497653.8823
2014-05-23 18:15:05,69536702.4755
2014-05-24 18:15:05,87319120.099
2014-05-25 18:15:05,78483256.7557
2014-05-26 18:15:05,87838876.7663
2014-05-27 18:15:05,67048610.076
2014-05-28 18:15:05,91996930.1043
2014-05-29 18:15:05,68088123.4105
2014-05-30 18:15:05,84720336.7627
2014-05-31 18:15:05,79003013.4229
2014-06-01 18:15:05,93036443.4388
2014-06-02 18:15:05,93036443.4388
2014-06-03 18:15:05,97714253.4441
2014-06-04 18:15:05,95115470.1079
2014-06-05 18:15:05,75364716.7521
2014-06-06 18:15:05,86494362.1242
2014-06-07 18:15:05,89416468.9527
2014-06-08 18:15:05,87663204.8556
2014-06-09 18:15:05,79481305.7357
2014-06-10 18:15:05,103442581.73
2014-06-11 18:15:05,85325519.3928
2014-06-12 18:15:05,90585311.6841
2014-06-13 18:15:05,98182789.4383
2014-06-14 18:15:05,102858160.364
2014-06-15 18:15:05,108702374.021
2014-06-16 18:15:05,118637537.238
2014-06-17 18:15:05,104027003.095
2014-06-18 18:15:05,113768842.859
2014-06-19 18:15:05,101053501.598
2014-06-20 18:15:05,123807270.17
2014-06-21 18:15:05,126484184.119
2014-06-22 18:15:05,129161098.069
2014-06-23 18:15:05,105738101.01
2014-06-24 18:15:05,132507240.506
2014-06-25 18:15:05,124476498.657
2014-06-26 18:15:05,114438071.346
2014-06-27 18:15:05,125145727.144
2014-06-28 18:15:05,125145727.144
2014-06-29 18:15:05,145472743.416
2014-06-30 18:15:05,104506281.189
2014-07-01 18:15:05,115374934.433
2014-07-02 18:15:05,116210984.683
2014-07-03 18:15:05,111194683.186
2014-07-04 18:15:05,133768039.923
2014-07-05 18:15:05,127079637.926
2014-07-06 18:15:05,124571487.178
2014-07-07 18:15:05,116210984.683
2014-07-08 18:15:05,135440140.422
2014-07-09 18:15:05,132931989.673
2014-07-10 18:15:05,128751738.425
2014-07-11 18:15:05,125407537.427
2014-07-12 18:15:05,137948291.17
2014-07-13 18:15:05,132716120.673
2014-07-14 18:15:05,124959983.751
2014-07-15 18:15:05,118927432.811
2014-07-16 18:15:05,142195843.579
2014-07-17 18:15:05,147366601.527
2014-07-18 18:15:05,137025085.63
2014-07-19 18:15:05,148228394.518
2014-07-20 18:15:05,146504808.536
2014-07-21 18:15:05,128407155.717
2014-07-22 18:15:05,123236397.768
2014-07-23 18:15:05,125821776.742
2014-07-24 18:15:05,128407155.717
2014-07-25 18:15:05,135301499.648
2014-07-26 18:15:05,130395098.647
2014-07-27 18:15:05,149954363.444
2014-07-28 18:15:05,126669524.4
2014-07-29 18:15:05,138777640.703
2014-07-30 18:15:05,162993873.309
2014-07-31 18:15:05,143434608.512
2014-08-01 18:15:05,142503214.95
2014-08-02 18:15:05,157405511.938
2014-08-03 18:15:05,141571821.388
2014-08-04 18:15:05,125738130.838
2014-08-05 18:15:05,122943950.153
2014-08-06 18:15:05,142503214.95
2014-08-07 18:15:05,146228789.197
2014-08-08 18:15:05,157903329.124
2014-08-09 18:15:05,169672521.357
2014-08-10 18:15:05,175557117.473
2014-08-11 18:15:05,178499415.531
2014-08-12 18:15:05,177518649.512
2014-08-13 18:15:05,153980265.046
2014-08-14 18:15:05,166730223.299
2014-08-15 18:15:05,159864861.163
2014-08-16 18:15:05,167710989.318
2014-08-17 18:15:05,161826393.202
2014-08-18 18:15:05,171634053.396
2014-08-19 18:15:05,202037799.997
2014-08-20 18:15:05,187281346.344
2014-08-21 18:15:05,199134596.112
2014-08-22 18:15:05,190837321.274
2014-08-23 18:15:05,186096021.367
2014-08-24 18:15:05,194393296.205
2014-08-25 18:15:05,158833546.899
2014-08-26 18:15:05,196763946.159
2014-08-27 18:15:05,190837321.274
2014-08-28 18:15:05,214543820.811
2014-08-29 18:15:05,196763946.159
2014-08-30 18:15:05,203875896.02
2014-08-31 18:15:05,231138370.487
2014-09-01 18:15:05,204522695.658
2014-09-02 18:15:05,194978303.194
2014-09-03 18:15:05,216794057.398
2014-09-04 18:15:05,227701934.5
2014-09-05 18:15:05,203159211.021
2014-09-06 18:15:05,229065419.137
2014-09-07 18:15:05,223611480.587
2014-09-08 18:15:05,208613149.572
2014-09-09 18:15:05,179979972.179
2014-09-10 18:15:05,212703603.485
2014-09-11 18:15:05,220884511.311
2014-09-12 18:15:05,219521026.673
2014-09-13 18:15:05,241336780.877
2014-09-14 18:15:05,252083493.018
2014-09-15 18:15:05,219460923.333
2014-09-16 18:15:05,250600648.941
2014-09-17 18:15:05,280257530.473
2014-09-18 18:15:05,274326154.167
2014-09-19 18:15:05,240220740.405
2014-09-20 18:15:05,256532025.248
2014-09-21 18:15:05,259497713.401
2014-09-22 18:15:05,232806520.022
2014-09-23 18:15:05,223909455.563
2014-09-24 18:15:05,241703584.482
2014-09-25 18:15:05,241703584.482
2014-09-26 18:15:05,260177353.093
2014-09-27 18:15:05,220547690.039
2014-09-28 18:15:05,239501007.152
2014-09-29 18:15:05,237777978.323
2014-09-30 18:15:05,261900381.921
2014-10-01 18:15:05,249839180.122
2014-10-02 18:15:05,255008266.607
2014-10-03 18:15:05,242947064.808
2014-10-04 18:15:05,246393122.465
2014-10-05 18:15:05,306699131.46
2014-10-06 18:15:05,275684612.549
2014-10-07 18:15:05,260177353.093
2014-10-08 18:15:05,225716776.524
2014-10-09 18:15:05,247077560.33
2014-10-10 18:15:05,276657268.257
2014-10-11 18:15:05,248817543.149
2014-10-12 18:15:05,257517457.245
2014-10-13 18:15:05,266217371.341
2014-10-14 18:15:05,243597594.692
2014-10-15 18:15:05,255777474.426
2014-10-16 18:15:05,260997422.884
2014-10-17 18:15:05,233157697.776
2014-10-18 18:15:05,294057096.449
2014-10-19 18:15:05,233157697.776
2014-10-20 18:15:05,240117629.053
2014-10-21 18:15:05,243597594.692
2014-10-22 18:15:05,297537062.088
2014-10-23 18:15:05,255806390.893
2014-10-24 18:15:05,291583508.501
2014-10-25 18:15:05,271906093.817
2014-10-26 18:15:05,232551264.448
2014-10-27 18:15:05,266539526.175
2014-10-28 18:15:05,268328382.056
2014-10-29 18:15:05,257595246.774
2014-10-30 18:15:05,309472067.304
2014-10-31 18:15:05,336304905.51
2014-11-01 18:15:05,286216940.859
2014-11-02 18:15:05,293372364.381
2014-11-03 18:15:05,277272661.458
2014-11-04 18:15:05,293372364.381
2014-11-05 18:15:05,314993428.437
2014-11-06 18:15:05,285462794.521
2014-11-07 18:15:05,283494085.593
2014-11-08 18:15:05,307118592.726
2014-11-09 18:15:05,273650540.954
2014-11-10 18:15:05,311056010.581
2014-11-11 18:15:05,277587958.81
2014-11-12 18:15:05,265775705.243
2014-11-13 18:15:05,287431503.449
2014-11-14 18:15:05,287431503.449
2014-11-15 18:15:05,295306339.159
2014-11-16 18:15:05,285462794.521
2014-11-17 18:15:05,299243757.015
2014-11-18 18:15:05,295306339.159
2014-11-19 18:15:05,274455576.194
2014-11-20 18:15:05,274455576.194
2014-11-21 18:15:05,248412346.337
2014-11-22 18:15:05,316525409.042
2014-11-23 18:15:05,282468877.689
2014-11-24 18:15:05,310515432.921
2014-11-25 18:15:05,256425647.831
2014-11-26 18:15:05,286475528.436
2014-11-27 18:15:05,262435623.952
2014-11-28 18:15:05,310515432.921
2014-11-29 18:15:05,302502131.426
2014-11-30 18:15:05,312518758.294
2014-12-01 18:15:05,286475528.436
2014-12-02 18:15:05,284472203.063
2014-12-03 18:15:05,242402370.215
2014-12-04 18:15:05,294339755.889
2014-12-05 18:15:05,298317320.158
2014-12-06 18:15:05,288373409.486
2014-12-07 18:15:05,242631420.395
2014-12-08 18:15:05,298317320.158
2014-12-09 18:15:05,276440716.679
2014-12-10 18:15:05,326160270.039
2014-12-11 18:15:05,288373409.486
2014-12-12 18:15:05,282407063.083
2014-12-13 18:15:05,284395845.217
2014-12-14 18:15:05,262519241.739
2014-12-15 18:15:05,304283666.561
2014-12-16 18:15:05,264508023.873
2014-12-17 18:15:05,252575331.067
2014-12-18 18:15:05,272641755.669
2014-12-19 18:15:05,243219983.475
2014-12-20 18:15:05,276564658.629
2014-12-21 18:15:05,284410464.547
2014-12-22 18:15:05,253027240.873
2014-12-23 18:15:05,317755139.701
2014-12-24 18:15:05,296179173.425
2014-12-25 18:15:05,331485300.058
2014-12-26 18:15:05,282449013.067
2014-12-27 18:15:05,313832236.742
2014-12-28 18:15:05,327562397.099
2014-12-29 18:15:05,331485300.058
2014-12-30 18:15:05,286371916.027
2014-12-31 18:15:05,313142288.941
2015-01-01 18:15:05,335365290.092
2015-01-02 18:15:05,323243653.101
2015-01-03 18:15:05,331324744.428
2015-01-04 18:15:05,335365290.092
2015-01-05 18:15:05,339405835.756
2015-01-06 18:15:05,317182834.605
2015-01-07 18:15:05,299000379.118
2015-01-08 18:15:05,272736832.304
2015-01-09 18:15:05,307081470.446
2015-01-10 18:15:05,284858469.295
2015-01-11 18:15:05,296980106.286
2015-01-12 18:15:05,358478281.007
2015-01-13 18:15:05,229513533.571
2015-01-14 18:15:05,330062319.708
2015-01-15 18:15:05,303832201.585
2015-01-16 18:15:05,325690633.354
2015-01-17 18:15:05,299460515.231
2015-01-18 18:15:05,325690633.354
2015-01-19 18:15:05,338805692.415
2015-01-20 18:15:05,262301181.225
2015-01-21 18:15:05,299460515.231
2015-01-22 18:15:05,327876476.531
2015-01-23 18:15:05,271044553.932
2015-01-24 18:15:05,264487024.401
2015-01-25 18:15:05,275416240.286
2015-01-26 18:15:05,277602083.463
2015-01-27 18:15:05,316947260.646
2015-01-28 18:15:05,324166338.972
2015-01-29 18:15:05,348786567.248
2015-01-30 18:15:05,285184310.868
2015-01-31 18:15:05,318011281.903
2015-02-01 18:15:05,348786567.248
2015-02-02 18:15:05,301597796.385
2015-02-03 18:15:05,276977568.109
2015-02-04 18:15:05,330321396.041
2015-02-05 18:15:05,301597796.385
2015-02-06 18:15:05,359044995.697
2015-02-07 18:15:05,352889938.628
2015-02-08 18:15:05,262615768.281
2015-02-09 18:15:05,342533060.668
2015-02-10 18:15:05,331483607.098
2015-02-11 18:15:05,331483607.098
2015-02-12 18:15:05,300545137.102
2015-02-13 18:15:05,309384699.958
2015-02-14 18:15:05,355792404.952
2015-02-15 18:15:05,296125355.674
2015-02-16 18:15:05,349162732.81
2015-02-17 18:15:05,342533060.668
2015-02-18 18:15:05,355792404.952
2015-02-19 18:15:05,362422077.094
2015-02-20 18:15:05,366841858.522
2015-02-21 18:15:05,304964918.53
2015-02-22 18:15:05,333693497.812
2015-02-23 18:15:05,317934931.986
2015-02-24 18:15:05,320255624.92
2015-02-25 18:15:05,362028097.736
2015-02-26 18:15:05,334179782.525
2015-02-27 18:15:05,366669483.604
2015-02-28 18:15:05,313293546.117
2015-03-01 18:15:05,348103940.13
2015-03-02 18:15:05,348103940.13
2015-03-03 18:15:05,357386711.867
2015-03-04 18:15:05,364348790.67
2015-03-05 18:15:05,264558994.499
2015-03-06 18:15:05,366669483.604
2015-03-07 18:15:05,327217703.723
2015-03-08 18:15:05,362028097.736
2015-03-09 18:15:05,311208023.87
2015-03-10 18:15:05,356003118.215
2015-03-11 18:15:05,391367666.382
2015-03-12 18:15:05,313565660.415
2015-03-13 18:15:05,327711479.681
2015-03-14 18:15:05,315923296.959
2015-03-15 18:15:05,346572572.037
2015-03-16 18:15:05,308850387.326
2015-03-17 18:15:05,337142025.859
2015-03-18 18:15:05,332426752.77
2015-03-19 18:15:05,337142025.859
2015-03-20 18:15:05,332426752.77
2015-03-21 18:15:05,337142025.859
2015-03-22 18:15:05,313565660.415
2015-03-23 18:15:05,358360754.76
2015-03-24 18:15:05,387831112.209
2015-03-25 18:15:05,385508770.219
2015-03-26 18:15:05,346028956.402
2015-03-27 18:15:05,399442822.155
2015-03-28 18:15:05,348351298.391
2015-03-29 18:15:05,350673640.38
2015-03-30 18:15:05,329772562.477
2015-03-31 18:15:05,346028956.402
2015-04-01 18:15:05,329772562.477
2015-04-02 18:15:05,341384272.423
2015-04-03 18:15:05,350673640.38
2015-04-04 18:15:05,357640666.348
2015-04-05 18:15:05,371157005.412
2015-04-06 18:15:05,317081150.319
2015-04-07 18:15:05,390820952.719
2015-04-08 18:15:05,292501216.186
2015-04-09 18:15:05,351493058.105
2015-04-10 18:15:05,349035064.692
2015-04-11 18:15:05,336745097.625
2015-04-12 18:15:05,334287104.212
2015-04-13 18:15:05,346577071.279
2015-04-14 18:15:05,388362959.305
2015-04-15 18:15:05,302333189.839
2015-04-16 18:15:05,339203091.039
2015-04-17 18:15:05,329371117.385
2015-04-18 18:15:05,326913123.972
2015-04-19 18:15:05,334287104.212
2015-04-20 18:15:05,408026906.612
2015-04-21 18:15:05,376310705.87
2015-04-22 18:15:05,338442961.883
2015-04-23 18:15:05,326609291.887
2015-04-24 18:15:05,284008079.902
2015-04-25 18:15:05,364477035.874
2015-04-26 18:15:05,352643365.878
2015-04-27 18:15:05,326609291.887
2015-04-28 18:15:05,371577237.872
2015-04-29 18:15:05,305308685.895
2015-04-30 18:15:05,314775621.891
2015-05-01 18:15:05,347909897.88
2015-05-02 18:15:05,347909897.88
2015-05-03 18:15:05,326609291.887
2015-05-04 18:15:05,312624333.323
2015-05-05 18:15:05,364728388.877
2015-05-06 18:15:05,338676361.1
2015-05-07 18:15:05,381306952.007
2015-05-08 18:15:05,350518191.907
2015-05-09 18:15:05,298414136.354
2015-05-10 18:15:05,305519234.838
2015-05-11 18:15:05,352886558.069
2015-05-12 18:15:05,374201853.523
2015-05-13 18:15:05,383675318.169
2015-05-14 18:15:05,331571262.615
2015-05-15 18:15:05,390780416.654
2015-05-16 18:15:05,303150868.677
2015-05-17 18:15:05,419738369.702
2015-05-18 18:15:05,332393969.07
2015-05-19 18:15:05,329967735.719
2015-05-20 18:15:05,344525135.825
2015-05-21 18:15:05,371213702.684
2015-05-22 18:15:05,344525135.825
2015-05-23 18:15:05,291148002.105
2015-05-24 18:15:05,342098902.474
2015-05-25 18:15:05,349377602.526
2015-05-26 18:15:05,327541502.369
2015-05-27 18:15:05,351803835.877
2015-05-28 18:15:05,320262802.316
2015-05-29 18:15:05,380918636.088
2015-05-30 18:15:05,300852935.509
2015-05-31 18:15:05,356656302.579
2015-06-01 18:15:05,332393969.07
2015-06-02 18:15:05,345390945.54
2015-06-03 18:15:05,335928179.909
2015-06-04 18:15:05,335928179.909
2015-06-05 18:15:05,335928179.909
2015-06-06 18:15:05,380876316.657
2015-06-07 18:15:05,395070465.104
2015-06-08 18:15:05,333562488.501
2015-06-09 18:15:05,383242008.065
2015-06-10 18:15:05,373779242.434
2015-06-11 18:15:05,366682168.211
2015-06-12 18:15:05,321734031.462
2015-06-13 18:15:05,373779242.434
2015-06-14 18:15:05,358182179.015
2015-06-15 18:15:05,370533288.636
2015-06-16 18:15:05,303837296.682
2015-06-17 18:15:05,350771513.242
2015-06-18 18:15:05,380414176.333
2015-06-19 18:15:05,397705729.803
2015-06-20 18:15:05,331009737.848
2015-06-21 18:15:05,301367074.757
2015-06-22 18:15:05,365592844.788
2015-06-23 18:15:05,353241735.167
2015-06-24 18:15:05,373003510.56
2015-06-25 18:15:05,395235507.879
2015-06-26 18:15:05,365592844.788
2015-06-27 18:15:05,316188406.303
2015-06-28 18:15:05,363122622.864
2015-06-29 18:15:05,336442885.1
2015-06-30 18:15:05,351177609.994
2015-07-01 18:15:05,356089184.959
2015-07-02 18:15:05,343810247.547
2015-07-03 18:15:05,397837572.161
2015-07-04 18:15:05,380647059.784
2015-07-05 18:15:05,356089184.959
2015-07-06 18:15:05,417483872.021
2015-07-07 18:15:05,363456547.407
2015-07-08 18:15:05,378191272.302
2015-07-09 18:15:05,338898672.582
2015-07-10 18:15:05,383102847.267
2015-07-11 18:15:05,356089184.959
2015-07-12 18:15:05,350384751.809
2015-07-13 18:15:05,368157891.394
2015-07-14 18:15:05,352923771.75
2015-07-15 18:15:05,391009070.86
2015-07-16 18:15:05,345306711.928
2015-07-17 18:15:05,365618871.453
2015-07-18 18:15:05,406243190.504
2015-07-19 18:15:05,363079851.513
2015-07-20 18:15:05,365618871.453
2015-07-21 18:15:05,355462791.691
2015-07-22 18:15:05,373235931.275
2015-07-23 18:15:05,378313971.157
2015-07-24 18:15:05,426555350.029
2015-07-25 18:15:05,397611600.337
2015-07-26 18:15:05,358630070.892
2015-07-27 18:15:05,402809137.596
2015-07-28 18:15:05,369025145.411
2015-07-29 18:15:05,387216525.818
2015-07-30 18:15:05,356031302.263
2015-07-31 18:15:05,361228839.522
2015-08-01 18:15:05,426198055.263
2015-08-02 18:15:05,408006674.856
2015-08-03 18:15:05,382018988.559
2015-08-04 18:15:05,374222682.67
2015-08-05 18:15:05,327444847.336
2015-08-06 18:15:05,363827608.152
2015-08-07 18:15:05,369025145.411
2015-08-08 18:15:05,411296569.97
2015-08-09 18:15:05,353662655.707
2015-08-10 18:15:05,458451590.731
2015-08-11 18:15:05,442733250.478
2015-08-12 18:15:05,322225975.2
2015-08-13 18:15:05,390338782.966
2015-08-14 18:15:05,351042932.331
2015-08-15 18:15:05,351042932.331
2015-08-16 18:15:05,385099336.214
2015-08-17 18:15:05,377240166.087
2015-08-18 18:15:05,379859889.463
2015-08-19 18:15:05,398197953.092
2015-08-20 18:15:05,406057123.219
2015-08-21 18:15:05,403437399.844
2015-08-22 18:15:05,412658093.588
2015-08-23 18:15:05,369504306.023
2015-08-24 18:15:05,423446540.479
2015-08-25 18:15:05,372201417.746
2015-08-26 18:15:05,418052317.033
2015-08-27 18:15:05,401869646.696
2015-08-28 18:15:05,401869646.696
2015-08-29 18:15:05,445023434.261
2015-08-30 18:15:05,388384088.082
2015-08-31 18:15:05,428840763.924
2015-09-01 18:15:05,409960981.865
2015-09-02 18:15:05,415355205.31
2015-09-03 18:15:05,407263870.142
2015-09-04 18:15:05,430369769.45
2015-09-05 18:15:05,427538389.387
2015-09-06 18:15:05,450189429.885
2015-09-07 18:15:05,385067688.455
2015-09-08 18:15:05,393561828.641
2015-09-09 18:15:05,399224588.766
2015-09-10 18:15:05,478503230.506
2015-09-11 18:15:05,489828750.755
2015-09-12 18:15:05,385067688.455
2015-09-13 18:15:05,396393208.704
2015-09-14 18:15:05,450189429.885
2015-09-15 18:15:05,461514950.133
2015-09-16 18:15:05,421875629.263
2015-09-17 18:15:05,399224588.766
2015-09-18 18:15:05,424738988.41
2015-09-19 18:15:05,389344072.709
2015-09-20 18:15:05,353949157.009
2015-09-21 18:15:05,389344072.709
2015-09-22 18:15:05,471932209.345
2015-09-23 18:15:05,442436446.261
2015-09-24 18:15:05,427688564.719
2015-09-25 18:15:05,477831361.961
2015-09-26 18:15:05,448335598.877
2015-09-27 18:15:05,424738988.41
2015-09-28 18:15:05,409991106.868
2015-09-29 18:15:05,510276701.354
2015-09-30 18:15:05,457184327.803
2015-10-01 18:15:05,465548431.663
2015-10-02 18:15:05,377880220.506
2015-10-03 18:15:05,459502348.135
2015-10-04 18:15:05,456479306.371
2015-10-05 18:15:05,447410181.079
2015-10-06 18:15:05,450433222.843
2015-10-07 18:15:05,408110638.146
2015-10-08 18:15:05,414156721.675
2015-10-09 18:15:05,402064554.618
2015-10-10 18:15:05,450433222.843
2015-10-11 18:15:05,453456264.607
2015-10-12 18:15:05,423225846.967
2015-10-13 18:15:05,405087596.382
2015-10-14 18:15:05,459502348.135
2015-10-15 18:15:05,493327875.054
2015-10-16 18:15:05,469115464.008
2015-10-17 18:15:05,396478230.872
2015-10-18 18:15:05,432796847.44
2015-10-19 18:15:05,502407529.196
2015-10-20 18:15:05,384372025.349
2015-10-21 18:15:05,438849950.201
2015-10-22 18:15:05,475168566.77
2015-10-23 18:15:05,466088912.628
2015-10-24 18:15:05,420690641.917
2015-10-25 18:15:05,469115464.008
2015-10-26 18:15:05,460035809.866
2015-10-27 18:15:05,478195118.15
2015-10-28 18:15:05,411610987.775
2015-10-29 18:15:05,458010013.458
2015-10-30 18:15:05,507524609.508
2015-10-31 18:15:05,470388662.471
2015-11-01 18:15:05,492051298.242
2015-11-02 18:15:05,448726026.699
2015-11-03 18:15:05,488956635.989
2015-11-04 18:15:05,479672649.23
2015-11-05 18:15:05,461104675.711
2015-11-06 18:15:05,423968728.674
2015-11-07 18:15:05,504429947.255
2015-11-08 18:15:05,433252715.433
2015-11-09 18:15:05,454915351.205
2015-11-10 18:15:05,442536702.193
2015-11-11 18:15:05,579380209.973
2015-11-12 18:15:05,477906839.865
2015-11-13 18:15:05,546646864.777
2015-11-14 18:15:05,497546846.983
2015-11-15 18:15:05,474633505.345
2015-11-16 18:15:05,576106875.454
2015-11-17 18:15:05,527006857.659
2015-11-18 18:15:05,458266832.747
2015-11-19 18:15:05,458266832.747
2015-11-20 18:15:05,520460188.62
2015-11-21 18:15:05,582653544.493
2015-11-22 18:15:05,569560206.415
2015-11-23 18:15:05,523733523.14
2015-11-24 18:15:05,549490493.162
2015-11-25 18:15:05,556720631.229
2015-11-26 18:15:05,585641183.501
2015-11-27 18:15:05,538645286.06
2015-11-28 18:15:05,527800078.958
2015-11-29 18:15:05,567565838.331
2015-11-30 18:15:05,542260355.094
2015-12-01 18:15:05,694093254.52
2015-12-02 18:15:05,531415147.992
2015-12-03 18:15:05,520569940.89
2015-12-04 18:15:05,527800078.958
2015-12-05 18:15:05,607331597.705
2015-12-06 18:15:05,621791873.841
2015-12-07 18:15:05,593762303.117
2015-12-08 18:15:05,625219908.58
2015-12-09 18:15:05,695999520.873
2015-12-10 18:15:05,770711333.848
2015-12-11 18:15:05,688135119.507
2015-12-12 18:15:05,656677514.044
2015-12-13 18:15:05,585897901.751
2015-12-14 18:15:05,692067320.19
2015-12-15 18:15:05,758914731.799
2015-12-16 18:15:05,660609714.727
2015-12-17 18:15:05,625219908.58
2015-12-18 18:15:05,629152109.263
2015-12-19 18:15:05,720030586.381
2015-12-20 18:15:05,785065607.087
2015-12-21 18:15:05,715385227.76
2015-12-22 18:15:05,654995565.676
2015-12-23 18:15:05,766484172.6
2015-12-24 18:15:05,692158434.651
2015-12-25 18:15:05,622478055.323
2015-12-26 18:15:05,864036703.658
2015-12-27 18:15:05,905844931.254
2015-12-28 18:15:05,747902738.112
2015-12-29 18:15:05,706094510.516
2015-12-30 18:15:05,803647041.574
2015-12-31 18:15:05,743604444.166
2016-01-01 18:15:05,697129166.406
2016-01-02 18:15:05,707457005.908
2016-01-03 18:15:05,769424042.922
2016-01-04 18:15:05,903685956.452
2016-01-05 18:15:05,841718919.438
2016-01-06 18:15:05,702293086.157
2016-01-07 18:15:05,743604444.166
2016-01-08 18:15:05,903685956.452
2016-01-09 18:15:05,821063240.434
2016-01-10 18:15:05,877866357.696
2016-01-11 18:15:05,877866357.696
2016-01-12 18:15:05,908849876.203
2016-01-13 18:15:05,862135539.442
2016-01-14 18:15:05,743803210.499
2016-01-15 18:15:05,693089355.238
2016-01-16 18:15:05,783247320.146
2016-01-17 18:15:05,783247320.146
2016-01-18 18:15:05,986102741.192
2016-01-19 18:15:05,839596048.215
2016-01-20 18:15:05,822691429.794
2016-01-21 18:15:05,755072956.112
2016-01-22 18:15:05,929754013.123
2016-01-23 18:15:05,1008642232.42
2016-01-24 18:15:05,935388885.93
2016-01-25 18:15:05,974832995.578
2016-01-26 18:15:05,978569915.444
2016-01-27 18:15:05,918901018.161
2016-01-28 18:15:05,883099679.791
2016-01-29 18:15:05,1014371253.81
2016-01-30 18:15:05,1056139481.91
2016-01-31 18:15:05,1068073261.37
2016-02-01 18:15:05,1050172592.18
2016-02-02 18:15:05,978569915.444
2016-02-03 18:15:05,1038238812.73
2016-02-04 18:15:05,1103874599.74
2016-02-05 18:15:05,1074040151.1
2016-02-06 18:15:05,1139675938.11
2016-02-07 18:15:05,1303860281.46
2016-02-08 18:15:05,1153414864.37
2016-02-09 18:15:05,1210727404.21
2016-02-10 18:15:05,1210727404.21
2016-02-11 18:15:05,1375500956.27
2016-02-12 18:15:05,1139086729.41
2016-02-13 18:15:05,1096102324.53
2016-02-14 18:15:05,1289532146.5
2016-02-15 18:15:05,1060281987.12
2016-02-16 18:15:05,1067446054.6
2016-02-17 18:15:05,1002969447.28
2016-02-18 18:15:05,1289532146.5
2016-02-19 18:15:05,1129682780.43
2016-02-20 18:15:05,1284099851.14
2016-02-21 18:15:05,1024028995.21
2016-02-22 18:15:05,1056537852.2
2016-02-23 18:15:05,1097173923.44
2016-02-24 18:15:05,999647352.469
2016-02-25 18:15:05,1178446065.92
2016-02-26 18:15:05,1219082137.16
2016-02-27 18:15:05,1064665066.45
2016-02-28 18:15:05,1210954922.91
2016-02-29 18:15:05,1097173923.44
2016-03-01 18:15:05,1040283423.71
2016-03-02 18:15:05,1275972636.89
2016-03-03 18:15:05,1080919494.95
2016-03-04 18:15:05,1235336565.65
2016-03-05 18:15:05,1292227065.39
2016-03-06 18:15:05,1094688803.22
2016-03-07 18:15:05,1220696147.47
2016-03-08 18:15:05,1055311508.14
2016-03-09 18:15:05,1299450737.63
2016-03-10 18:15:05,1267948901.57
2016-03-11 18:15:05,1283699819.6
2016-03-12 18:15:05,1141941557.31
2016-03-13 18:15:05,1031685131.09
2016-03-14 18:15:05,1189194311.41
2016-03-15 18:15:05,1197069770.42
2016-03-16 18:15:05,1338828032.71
2016-03-17 18:15:05,1063186967.15
2016-03-18 18:15:05,1135311136.93
2016-03-19 18:15:05,1110630460.04
2016-03-20 18:15:05,1242260736.78
2016-03-21 18:15:05,1036588429.37
2016-03-22 18:15:05,1225806952.19
2016-03-23 18:15:05,1242260736.78
2016-03-24 18:15:05,1242260736.78
2016-03-25 18:15:05,1192899383.0
2016-03-26 18:15:05,1209353167.6
2016-03-27 18:15:05,1258714521.38
2016-03-28 18:15:05,1168218706.11
2016-03-29 18:15:05,1398571690.42
2016-03-30 18:15:05,1308075875.16
2016-03-31 18:15:05,1028361537.07
2016-04-01 18:15:05,1136310018.74
2016-04-02 18:15:05,1244135057.01
2016-04-03 18:15:05,1219252355.87
2016-04-04 18:15:05,1360254329.0
2016-04-05 18:15:05,1235840823.3
2016-04-06 18:15:05,1285606225.58
2016-04-07 18:15:05,1210958122.16
2016-04-08 18:15:05,1169486953.59
2016-04-09 18:15:05,1343665861.57
2016-04-10 18:15:05,1443196666.13
2016-04-11 18:15:05,1252429290.72
2016-04-12 18:15:05,1260723524.44
2016-04-13 18:15:05,1302194693.0
2016-04-14 18:15:05,1465554230.47
2016-04-15 18:15:05,1287911293.44
2016-04-16 18:15:05,1270146999.74
2016-04-17 18:15:05,1358968468.25
2016-04-18 18:15:05,1199089824.93
2016-04-19 18:15:05,1332322027.7
2016-04-20 18:15:05,1305675587.14
2016-04-21 18:15:05,1456672083.62
2016-04-22 18:15:05,1252382706.04
2016-04-23 18:15:05,1314557734.0
2016-04-24 18:15:05,1172443384.37
2016-04-25 18:15:05,1163561237.52
2016-04-26 18:15:05,1314557734.0
2016-04-27 18:15:05,1207971971.78
2016-04-28 18:15:05,1172443384.37
2016-04-29 18:15:05,1341061181.23
2016-04-30 18:15:05,1341061181.23
2016-05-01 18:15:05,1367704780.86
2016-05-02 18:15:05,1323298781.48
