Date,MarketCap
03/01/2009 18:15:05,0.0
04/01/2009 18:15:05,0.0
05/01/2009 18:15:05,0.0
06/01/2009 18:15:05,0.0
07/01/2009 18:15:05,0.0
08/01/2009 18:15:05,0.0
09/01/2009 18:15:05,0.0
10/01/2009 18:15:05,0.0
11/01/2009 18:15:05,0.0
12/01/2009 18:15:05,0.0
13/01/2009 18:15:05,0.0
14/01/2009 18:15:05,0.0
15/01/2009 18:15:05,0.0
16/01/2009 18:15:05,0.0
17/01/2009 18:15:05,0.0
18/01/2009 18:15:05,0.0
19/01/2009 18:15:05,0.0
20/01/2009 18:15:05,0.0
21/01/2009 18:15:05,0.0
22/01/2009 18:15:05,0.0
23/01/2009 18:15:05,0.0
24/01/2009 18:15:05,0.0
25/01/2009 18:15:05,0.0
26/01/2009 18:15:05,0.0
27/01/2009 18:15:05,0.0
28/01/2009 18:15:05,0.0
29/01/2009 18:15:05,0.0
30/01/2009 18:15:05,0.0
31/01/2009 18:15:05,0.0
01/02/2009 18:15:05,0.0
02/02/2009 18:15:05,0.0
03/02/2009 18:15:05,0.0
04/02/2009 18:15:05,0.0
05/02/2009 18:15:05,0.0
06/02/2009 18:15:05,0.0
07/02/2009 18:15:05,0.0
08/02/2009 18:15:05,0.0
09/02/2009 18:15:05,0.0
10/02/2009 18:15:05,0.0
11/02/2009 18:15:05,0.0
12/02/2009 18:15:05,0.0
13/02/2009 18:15:05,0.0
14/02/2009 18:15:05,0.0
15/02/2009 18:15:05,0.0
16/02/2009 18:15:05,0.0
17/02/2009 18:15:05,0.0
18/02/2009 18:15:05,0.0
19/02/2009 18:15:05,0.0
20/02/2009 18:15:05,0.0
21/02/2009 18:15:05,0.0
22/02/2009 18:15:05,0.0
23/02/2009 18:15:05,0.0
24/02/2009 18:15:05,0.0
25/02/2009 18:15:05,0.0
26/02/2009 18:15:05,0.0
27/02/2009 18:15:05,0.0
28/02/2009 18:15:05,0.0
01/03/2009 18:15:05,0.0
02/03/2009 18:15:05,0.0
03/03/2009 18:15:05,0.0
04/03/2009 18:15:05,0.0
05/03/2009 18:15:05,0.0
06/03/2009 18:15:05,0.0
07/03/2009 18:15:05,0.0
08/03/2009 18:15:05,0.0
09/03/2009 18:15:05,0.0
10/03/2009 18:15:05,0.0
11/03/2009 18:15:05,0.0
12/03/2009 18:15:05,0.0
13/03/2009 18:15:05,0.0
14/03/2009 18:15:05,0.0
15/03/2009 18:15:05,0.0
16/03/2009 18:15:05,0.0
17/03/2009 18:15:05,0.0
18/03/2009 18:15:05,0.0
19/03/2009 18:15:05,0.0
20/03/2009 18:15:05,0.0
21/03/2009 18:15:05,0.0
22/03/2009 18:15:05,0.0
23/03/2009 18:15:05,0.0
24/03/2009 18:15:05,0.0
25/03/2009 18:15:05,0.0
26/03/2009 18:15:05,0.0
27/03/2009 18:15:05,0.0
28/03/2009 18:15:05,0.0
29/03/2009 18:15:05,0.0
30/03/2009 18:15:05,0.0
31/03/2009 18:15:05,0.0
01/04/2009 18:15:05,0.0
02/04/2009 18:15:05,0.0
03/04/2009 18:15:05,0.0
04/04/2009 18:15:05,0.0
05/04/2009 18:15:05,0.0
06/04/2009 18:15:05,0.0
07/04/2009 18:15:05,0.0
08/04/2009 18:15:05,0.0
09/04/2009 18:15:05,0.0
10/04/2009 18:15:05,0.0
11/04/2009 18:15:05,0.0
12/04/2009 18:15:05,0.0
13/04/2009 18:15:05,0.0
14/04/2009 18:15:05,0.0
15/04/2009 18:15:05,0.0
16/04/2009 18:15:05,0.0
17/04/2009 18:15:05,0.0
18/04/2009 18:15:05,0.0
19/04/2009 18:15:05,0.0
20/04/2009 18:15:05,0.0
21/04/2009 18:15:05,0.0
22/04/2009 18:15:05,0.0
23/04/2009 18:15:05,0.0
24/04/2009 18:15:05,0.0
25/04/2009 18:15:05,0.0
26/04/2009 18:15:05,0.0
27/04/2009 18:15:05,0.0
28/04/2009 18:15:05,0.0
29/04/2009 18:15:05,0.0
30/04/2009 18:15:05,0.0
01/05/2009 18:15:05,0.0
02/05/2009 18:15:05,0.0
03/05/2009 18:15:05,0.0
04/05/2009 18:15:05,0.0
05/05/2009 18:15:05,0.0
06/05/2009 18:15:05,0.0
07/05/2009 18:15:05,0.0
08/05/2009 18:15:05,0.0
09/05/2009 18:15:05,0.0
10/05/2009 18:15:05,0.0
11/05/2009 18:15:05,0.0
12/05/2009 18:15:05,0.0
13/05/2009 18:15:05,0.0
14/05/2009 18:15:05,0.0
15/05/2009 18:15:05,0.0
16/05/2009 18:15:05,0.0
17/05/2009 18:15:05,0.0
18/05/2009 18:15:05,0.0
19/05/2009 18:15:05,0.0
20/05/2009 18:15:05,0.0
21/05/2009 18:15:05,0.0
22/05/2009 18:15:05,0.0
23/05/2009 18:15:05,0.0
24/05/2009 18:15:05,0.0
25/05/2009 18:15:05,0.0
26/05/2009 18:15:05,0.0
27/05/2009 18:15:05,0.0
28/05/2009 18:15:05,0.0
29/05/2009 18:15:05,0.0
30/05/2009 18:15:05,0.0
31/05/2009 18:15:05,0.0
01/06/2009 18:15:05,0.0
02/06/2009 18:15:05,0.0
03/06/2009 18:15:05,0.0
04/06/2009 18:15:05,0.0
05/06/2009 18:15:05,0.0
06/06/2009 18:15:05,0.0
07/06/2009 18:15:05,0.0
08/06/2009 18:15:05,0.0
09/06/2009 18:15:05,0.0
10/06/2009 18:15:05,0.0
11/06/2009 18:15:05,0.0
12/06/2009 18:15:05,0.0
13/06/2009 18:15:05,0.0
14/06/2009 18:15:05,0.0
15/06/2009 18:15:05,0.0
16/06/2009 18:15:05,0.0
17/06/2009 18:15:05,0.0
18/06/2009 18:15:05,0.0
19/06/2009 18:15:05,0.0
20/06/2009 18:15:05,0.0
21/06/2009 18:15:05,0.0
22/06/2009 18:15:05,0.0
23/06/2009 18:15:05,0.0
24/06/2009 18:15:05,0.0
25/06/2009 18:15:05,0.0
26/06/2009 18:15:05,0.0
27/06/2009 18:15:05,0.0
28/06/2009 18:15:05,0.0
29/06/2009 18:15:05,0.0
30/06/2009 18:15:05,0.0
01/07/2009 18:15:05,0.0
02/07/2009 18:15:05,0.0
03/07/2009 18:15:05,0.0
04/07/2009 18:15:05,0.0
05/07/2009 18:15:05,0.0
06/07/2009 18:15:05,0.0
07/07/2009 18:15:05,0.0
08/07/2009 18:15:05,0.0
09/07/2009 18:15:05,0.0
10/07/2009 18:15:05,0.0
11/07/2009 18:15:05,0.0
12/07/2009 18:15:05,0.0
13/07/2009 18:15:05,0.0
14/07/2009 18:15:05,0.0
15/07/2009 18:15:05,0.0
16/07/2009 18:15:05,0.0
17/07/2009 18:15:05,0.0
18/07/2009 18:15:05,0.0
19/07/2009 18:15:05,0.0
20/07/2009 18:15:05,0.0
21/07/2009 18:15:05,0.0
22/07/2009 18:15:05,0.0
23/07/2009 18:15:05,0.0
24/07/2009 18:15:05,0.0
25/07/2009 18:15:05,0.0
26/07/2009 18:15:05,0.0
27/07/2009 18:15:05,0.0
28/07/2009 18:15:05,0.0
29/07/2009 18:15:05,0.0
30/07/2009 18:15:05,0.0
31/07/2009 18:15:05,0.0
01/08/2009 18:15:05,0.0
02/08/2009 18:15:05,0.0
03/08/2009 18:15:05,0.0
04/08/2009 18:15:05,0.0
05/08/2009 18:15:05,0.0
06/08/2009 18:15:05,0.0
07/08/2009 18:15:05,0.0
08/08/2009 18:15:05,0.0
09/08/2009 18:15:05,0.0
10/08/2009 18:15:05,0.0
11/08/2009 18:15:05,0.0
12/08/2009 18:15:05,0.0
13/08/2009 18:15:05,0.0
14/08/2009 18:15:05,0.0
15/08/2009 18:15:05,0.0
16/08/2009 18:15:05,0.0
17/08/2009 18:15:05,0.0
18/08/2009 18:15:05,0.0
19/08/2009 18:15:05,0.0
20/08/2009 18:15:05,0.0
21/08/2009 18:15:05,0.0
22/08/2009 18:15:05,0.0
23/08/2009 18:15:05,0.0
24/08/2009 18:15:05,0.0
25/08/2009 18:15:05,0.0
26/08/2009 18:15:05,0.0
27/08/2009 18:15:05,0.0
28/08/2009 18:15:05,0.0
29/08/2009 18:15:05,0.0
30/08/2009 18:15:05,0.0
31/08/2009 18:15:05,0.0
01/09/2009 18:15:05,0.0
02/09/2009 18:15:05,0.0
03/09/2009 18:15:05,0.0
04/09/2009 18:15:05,0.0
05/09/2009 18:15:05,0.0
06/09/2009 18:15:05,0.0
07/09/2009 18:15:05,0.0
08/09/2009 18:15:05,0.0
09/09/2009 18:15:05,0.0
10/09/2009 18:15:05,0.0
11/09/2009 18:15:05,0.0
12/09/2009 18:15:05,0.0
13/09/2009 18:15:05,0.0
14/09/2009 18:15:05,0.0
15/09/2009 18:15:05,0.0
16/09/2009 18:15:05,0.0
17/09/2009 18:15:05,0.0
18/09/2009 18:15:05,0.0
19/09/2009 18:15:05,0.0
20/09/2009 18:15:05,0.0
21/09/2009 18:15:05,0.0
22/09/2009 18:15:05,0.0
23/09/2009 18:15:05,0.0
24/09/2009 18:15:05,0.0
25/09/2009 18:15:05,0.0
26/09/2009 18:15:05,0.0
27/09/2009 18:15:05,0.0
28/09/2009 18:15:05,0.0
29/09/2009 18:15:05,0.0
30/09/2009 18:15:05,0.0
01/10/2009 18:15:05,0.0
02/10/2009 18:15:05,0.0
03/10/2009 18:15:05,0.0
04/10/2009 18:15:05,0.0
05/10/2009 18:15:05,0.0
06/10/2009 18:15:05,0.0
07/10/2009 18:15:05,0.0
08/10/2009 18:15:05,0.0
09/10/2009 18:15:05,0.0
10/10/2009 18:15:05,0.0
11/10/2009 18:15:05,0.0
12/10/2009 18:15:05,0.0
13/10/2009 18:15:05,0.0
14/10/2009 18:15:05,0.0
15/10/2009 18:15:05,0.0
16/10/2009 18:15:05,0.0
17/10/2009 18:15:05,0.0
18/10/2009 18:15:05,0.0
19/10/2009 18:15:05,0.0
20/10/2009 18:15:05,0.0
21/10/2009 18:15:05,0.0
22/10/2009 18:15:05,0.0
23/10/2009 18:15:05,0.0
24/10/2009 18:15:05,0.0
25/10/2009 18:15:05,0.0
26/10/2009 18:15:05,0.0
27/10/2009 18:15:05,0.0
28/10/2009 18:15:05,0.0
29/10/2009 18:15:05,0.0
30/10/2009 18:15:05,0.0
31/10/2009 18:15:05,0.0
01/11/2009 18:15:05,0.0
02/11/2009 18:15:05,0.0
03/11/2009 18:15:05,0.0
04/11/2009 18:15:05,0.0
05/11/2009 18:15:05,0.0
06/11/2009 18:15:05,0.0
07/11/2009 18:15:05,0.0
08/11/2009 18:15:05,0.0
09/11/2009 18:15:05,0.0
10/11/2009 18:15:05,0.0
11/11/2009 18:15:05,0.0
12/11/2009 18:15:05,0.0
13/11/2009 18:15:05,0.0
14/11/2009 18:15:05,0.0
15/11/2009 18:15:05,0.0
16/11/2009 18:15:05,0.0
17/11/2009 18:15:05,0.0
18/11/2009 18:15:05,0.0
19/11/2009 18:15:05,0.0
20/11/2009 18:15:05,0.0
21/11/2009 18:15:05,0.0
22/11/2009 18:15:05,0.0
23/11/2009 18:15:05,0.0
24/11/2009 18:15:05,0.0
25/11/2009 18:15:05,0.0
26/11/2009 18:15:05,0.0
27/11/2009 18:15:05,0.0
28/11/2009 18:15:05,0.0
29/11/2009 18:15:05,0.0
30/11/2009 18:15:05,0.0
01/12/2009 18:15:05,0.0
02/12/2009 18:15:05,0.0
03/12/2009 18:15:05,0.0
04/12/2009 18:15:05,0.0
05/12/2009 18:15:05,0.0
06/12/2009 18:15:05,0.0
07/12/2009 18:15:05,0.0
08/12/2009 18:15:05,0.0
09/12/2009 18:15:05,0.0
10/12/2009 18:15:05,0.0
11/12/2009 18:15:05,0.0
12/12/2009 18:15:05,0.0
13/12/2009 18:15:05,0.0
14/12/2009 18:15:05,0.0
15/12/2009 18:15:05,0.0
16/12/2009 18:15:05,0.0
17/12/2009 18:15:05,0.0
18/12/2009 18:15:05,0.0
19/12/2009 18:15:05,0.0
20/12/2009 18:15:05,0.0
21/12/2009 18:15:05,0.0
22/12/2009 18:15:05,0.0
23/12/2009 18:15:05,0.0
24/12/2009 18:15:05,0.0
25/12/2009 18:15:05,0.0
26/12/2009 18:15:05,0.0
27/12/2009 18:15:05,0.0
28/12/2009 18:15:05,0.0
29/12/2009 18:15:05,0.0
30/12/2009 18:15:05,0.0
31/12/2009 18:15:05,0.0
01/01/2010 18:15:05,0.0
02/01/2010 18:15:05,0.0
03/01/2010 18:15:05,0.0
04/01/2010 18:15:05,0.0
05/01/2010 18:15:05,0.0
06/01/2010 18:15:05,0.0
07/01/2010 18:15:05,0.0
08/01/2010 18:15:05,0.0
09/01/2010 18:15:05,0.0
10/01/2010 18:15:05,0.0
11/01/2010 18:15:05,0.0
12/01/2010 18:15:05,0.0
13/01/2010 18:15:05,0.0
14/01/2010 18:15:05,0.0
15/01/2010 18:15:05,0.0
16/01/2010 18:15:05,0.0
17/01/2010 18:15:05,0.0
18/01/2010 18:15:05,0.0
19/01/2010 18:15:05,0.0
20/01/2010 18:15:05,0.0
21/01/2010 18:15:05,0.0
22/01/2010 18:15:05,0.0
23/01/2010 18:15:05,0.0
24/01/2010 18:15:05,0.0
25/01/2010 18:15:05,0.0
26/01/2010 18:15:05,0.0
27/01/2010 18:15:05,0.0
28/01/2010 18:15:05,0.0
29/01/2010 18:15:05,0.0
30/01/2010 18:15:05,0.0
31/01/2010 18:15:05,0.0
01/02/2010 18:15:05,0.0
02/02/2010 18:15:05,0.0
03/02/2010 18:15:05,0.0
04/02/2010 18:15:05,0.0
05/02/2010 18:15:05,0.0
06/02/2010 18:15:05,0.0
07/02/2010 18:15:05,0.0
08/02/2010 18:15:05,0.0
09/02/2010 18:15:05,0.0
10/02/2010 18:15:05,0.0
11/02/2010 18:15:05,0.0
12/02/2010 18:15:05,0.0
13/02/2010 18:15:05,0.0
14/02/2010 18:15:05,0.0
15/02/2010 18:15:05,0.0
16/02/2010 18:15:05,0.0
17/02/2010 18:15:05,0.0
18/02/2010 18:15:05,0.0
19/02/2010 18:15:05,0.0
20/02/2010 18:15:05,0.0
21/02/2010 18:15:05,0.0
22/02/2010 18:15:05,0.0
23/02/2010 18:15:05,0.0
24/02/2010 18:15:05,0.0
25/02/2010 18:15:05,0.0
26/02/2010 18:15:05,0.0
27/02/2010 18:15:05,0.0
28/02/2010 18:15:05,0.0
01/03/2010 18:15:05,0.0
02/03/2010 18:15:05,0.0
03/03/2010 18:15:05,0.0
04/03/2010 18:15:05,0.0
05/03/2010 18:15:05,0.0
06/03/2010 18:15:05,0.0
07/03/2010 18:15:05,0.0
08/03/2010 18:15:05,0.0
09/03/2010 18:15:05,0.0
10/03/2010 18:15:05,0.0
11/03/2010 18:15:05,0.0
12/03/2010 18:15:05,0.0
13/03/2010 18:15:05,0.0
14/03/2010 18:15:05,0.0
15/03/2010 18:15:05,0.0
16/03/2010 18:15:05,0.0
17/03/2010 18:15:05,0.0
18/03/2010 18:15:05,0.0
19/03/2010 18:15:05,0.0
20/03/2010 18:15:05,0.0
21/03/2010 18:15:05,0.0
22/03/2010 18:15:05,0.0
23/03/2010 18:15:05,0.0
24/03/2010 18:15:05,0.0
25/03/2010 18:15:05,0.0
26/03/2010 18:15:05,0.0
27/03/2010 18:15:05,0.0
28/03/2010 18:15:05,0.0
29/03/2010 18:15:05,0.0
30/03/2010 18:15:05,0.0
31/03/2010 18:15:05,0.0
01/04/2010 18:15:05,0.0
02/04/2010 18:15:05,0.0
03/04/2010 18:15:05,0.0
04/04/2010 18:15:05,0.0
05/04/2010 18:15:05,0.0
06/04/2010 18:15:05,0.0
07/04/2010 18:15:05,0.0
08/04/2010 18:15:05,0.0
09/04/2010 18:15:05,0.0
10/04/2010 18:15:05,0.0
11/04/2010 18:15:05,0.0
12/04/2010 18:15:05,0.0
13/04/2010 18:15:05,0.0
14/04/2010 18:15:05,0.0
15/04/2010 18:15:05,0.0
16/04/2010 18:15:05,0.0
17/04/2010 18:15:05,0.0
18/04/2010 18:15:05,0.0
19/04/2010 18:15:05,0.0
20/04/2010 18:15:05,0.0
21/04/2010 18:15:05,0.0
22/04/2010 18:15:05,0.0
23/04/2010 18:15:05,0.0
24/04/2010 18:15:05,0.0
25/04/2010 18:15:05,0.0
26/04/2010 18:15:05,0.0
27/04/2010 18:15:05,0.0
28/04/2010 18:15:05,0.0
29/04/2010 18:15:05,0.0
30/04/2010 18:15:05,0.0
01/05/2010 18:15:05,0.0
02/05/2010 18:15:05,0.0
03/05/2010 18:15:05,0.0
04/05/2010 18:15:05,0.0
05/05/2010 18:15:05,0.0
06/05/2010 18:15:05,0.0
07/05/2010 18:15:05,0.0
08/05/2010 18:15:05,0.0
09/05/2010 18:15:05,0.0
10/05/2010 18:15:05,0.0
11/05/2010 18:15:05,0.0
12/05/2010 18:15:05,0.0
13/05/2010 18:15:05,0.0
14/05/2010 18:15:05,0.0
15/05/2010 18:15:05,0.0
16/05/2010 18:15:05,0.0
17/05/2010 18:15:05,0.0
18/05/2010 18:15:05,0.0
19/05/2010 18:15:05,0.0
20/05/2010 18:15:05,0.0
21/05/2010 18:15:05,0.0
22/05/2010 18:15:05,0.0
23/05/2010 18:15:05,0.0
24/05/2010 18:15:05,0.0
25/05/2010 18:15:05,0.0
26/05/2010 18:15:05,0.0
27/05/2010 18:15:05,0.0
28/05/2010 18:15:05,0.0
29/05/2010 18:15:05,0.0
30/05/2010 18:15:05,0.0
31/05/2010 18:15:05,0.0
01/06/2010 18:15:05,0.0
02/06/2010 18:15:05,0.0
03/06/2010 18:15:05,0.0
04/06/2010 18:15:05,0.0
05/06/2010 18:15:05,0.0
06/06/2010 18:15:05,0.0
07/06/2010 18:15:05,0.0
08/06/2010 18:15:05,0.0
09/06/2010 18:15:05,0.0
10/06/2010 18:15:05,0.0
11/06/2010 18:15:05,0.0
12/06/2010 18:15:05,0.0
13/06/2010 18:15:05,0.0
14/06/2010 18:15:05,0.0
15/06/2010 18:15:05,0.0
16/06/2010 18:15:05,0.0
17/06/2010 18:15:05,0.0
18/06/2010 18:15:05,0.0
19/06/2010 18:15:05,0.0
20/06/2010 18:15:05,0.0
21/06/2010 18:15:05,0.0
22/06/2010 18:15:05,0.0
23/06/2010 18:15:05,0.0
24/06/2010 18:15:05,0.0
25/06/2010 18:15:05,0.0
26/06/2010 18:15:05,0.0
27/06/2010 18:15:05,0.0
28/06/2010 18:15:05,0.0
29/06/2010 18:15:05,0.0
30/06/2010 18:15:05,0.0
01/07/2010 18:15:05,0.0
02/07/2010 18:15:05,0.0
03/07/2010 18:15:05,0.0
04/07/2010 18:15:05,0.0
05/07/2010 18:15:05,0.0
06/07/2010 18:15:05,0.0
07/07/2010 18:15:05,0.0
08/07/2010 18:15:05,0.0
09/07/2010 18:15:05,0.0
10/07/2010 18:15:05,0.0
11/07/2010 18:15:05,0.0
12/07/2010 18:15:05,0.0
13/07/2010 18:15:05,0.0
14/07/2010 18:15:05,0.0
15/07/2010 18:15:05,0.0
16/07/2010 18:15:05,0.0
17/07/2010 18:15:05,0.0
18/07/2010 18:15:05,0.0
19/07/2010 18:15:05,0.0
20/07/2010 18:15:05,0.0
21/07/2010 18:15:05,0.0
22/07/2010 18:15:05,0.0
23/07/2010 18:15:05,0.0
24/07/2010 18:15:05,0.0
25/07/2010 18:15:05,0.0
26/07/2010 18:15:05,0.0
27/07/2010 18:15:05,0.0
28/07/2010 18:15:05,0.0
29/07/2010 18:15:05,0.0
30/07/2010 18:15:05,0.0
31/07/2010 18:15:05,0.0
01/08/2010 18:15:05,0.0
02/08/2010 18:15:05,0.0
03/08/2010 18:15:05,0.0
04/08/2010 18:15:05,0.0
05/08/2010 18:15:05,0.0
06/08/2010 18:15:05,0.0
07/08/2010 18:15:05,0.0
08/08/2010 18:15:05,0.0
09/08/2010 18:15:05,0.0
10/08/2010 18:15:05,0.0
11/08/2010 18:15:05,0.0
12/08/2010 18:15:05,0.0
13/08/2010 18:15:05,0.0
14/08/2010 18:15:05,0.0
15/08/2010 18:15:05,0.0
16/08/2010 18:15:05,0.0
17/08/2010 18:15:05,287932.825
18/08/2010 18:15:05,277566.6
19/08/2010 18:15:05,258543.52
20/08/2010 18:15:05,251208.87499999997
21/08/2010 18:15:05,252573.82955
22/08/2010 18:15:05,251350.56
23/08/2010 18:15:05,250552.5
24/08/2010 18:15:05,254612.97850000003
25/08/2010 18:15:05,253887.02500000002
26/08/2010 18:15:05,254574.79675
27/08/2010 18:15:05,249414.75
28/08/2010 18:15:05,249996.5
29/08/2010 18:15:05,249739.19999999998
30/08/2010 18:15:05,266440.05000000005
31/08/2010 18:15:05,251446.894
01/09/2010 18:15:05,251747.1
02/09/2010 18:15:05,244463.995
03/09/2010 18:15:05,246914.47
04/09/2010 18:15:05,239284.55
05/09/2010 18:15:05,246039.63999999998
06/09/2010 18:15:05,250883.2
07/09/2010 18:15:05,242922.06
08/09/2010 18:15:05,244021.752
09/09/2010 18:15:05,246027.59999999998
10/09/2010 18:15:05,245020.113
11/09/2010 18:15:05,245482.8
12/09/2010 18:15:05,257951.78145
13/09/2010 18:15:05,246598.26750000002
14/09/2010 18:15:05,255534.65000000002
15/09/2010 18:15:05,699282.5
16/09/2010 18:15:05,247934.25999999998
17/09/2010 18:15:05,244586.58000000002
18/09/2010 18:15:05,245308.24500000002
19/09/2010 18:15:05,252809.19145
20/09/2010 18:15:05,256712.94
21/09/2010 18:15:05,256868.235
22/09/2010 18:15:05,255382.47999999998
23/09/2010 18:15:05,256863.6
24/09/2010 18:15:05,256861.49500000002
25/09/2010 18:15:05,255815.03999999998
26/09/2010 18:15:05,255932.43655
27/09/2010 18:15:05,256372.69809999998
28/09/2010 18:15:05,259127.1265
29/09/2010 18:15:05,257528.79
30/09/2010 18:15:05,256847.25600000002
01/10/2010 18:15:05,257658.54415
02/10/2010 18:15:05,257996.4387
03/10/2010 18:15:05,255875.29
04/10/2010 18:15:05,258853.1
05/10/2010 18:15:05,263457.412
06/10/2010 18:15:05,265151.04
07/10/2010 18:15:05,267797.31
08/10/2010 18:15:05,370057.6
09/10/2010 18:15:05,505584.12850000005
10/10/2010 18:15:05,506574.0
11/10/2010 18:15:05,550283.97
12/10/2010 18:15:05,419532.30000000005
13/10/2010 18:15:05,403384.25
14/10/2010 18:15:05,446853.75
15/10/2010 18:15:05,507535.0
16/10/2010 18:15:05,466187.55
17/10/2010 18:15:05,448414.725
18/10/2010 18:15:05,443322.3
19/10/2010 18:15:05,441984.0
20/10/2010 18:15:05,445778.85
21/10/2010 18:15:05,473016.4
22/10/2010 18:15:05,465155.75
23/10/2010 18:15:05,474842.10949999996
24/10/2010 18:15:05,829426.0
25/10/2010 18:15:05,656385.0
26/10/2010 18:15:05,833720.0
27/10/2010 18:15:05,835734.0
28/10/2010 18:15:05,837820.5935000001
29/10/2010 18:15:05,844430.1
30/10/2010 18:15:05,850711.8899999999
31/10/2010 18:15:05,883997.8
01/11/2010 18:15:05,879191.0
02/11/2010 18:15:05,871930.0
03/11/2010 18:15:05,1229263.75
04/11/2010 18:15:05,1057230.396
05/11/2010 18:15:05,1077282.945
06/11/2010 18:15:05,1305188.5
07/11/2010 18:15:05,2256520.4869500003
08/11/2010 18:15:05,1674657.0
09/11/2010 18:15:05,1528432.0799999998
10/11/2010 18:15:05,1212884.925
11/11/2010 18:15:05,1094244.0
12/11/2010 18:15:05,1146542.9
13/11/2010 18:15:05,1373655.0
14/11/2010 18:15:05,1372634.25
15/11/2010 18:15:05,1301389.04
16/11/2010 18:15:05,1303487.295
17/11/2010 18:15:05,1294538.0000000002
18/11/2010 18:15:05,1344580.3635
19/11/2010 18:15:05,1314478.4
20/11/2010 18:15:05,1344008.95
21/11/2010 18:15:05,1350617.0
22/11/2010 18:15:05,1315614.5999999999
23/11/2010 18:15:05,1345212.75
24/11/2010 18:15:05,1324888.4325
25/11/2010 18:15:05,1327039.1565
26/11/2010 18:15:05,1358155.5
27/11/2010 18:15:05,1339135.3513500001
28/11/2010 18:15:05,1342491.1394999998
29/11/2010 18:15:05,1318986.4500000002
30/11/2010 18:15:05,1302963.75
01/12/2010 18:15:05,1068052.5
02/12/2010 18:15:05,1189137.5
03/12/2010 18:15:05,1216798.0950000002
04/12/2010 18:15:05,1236791.1900000002
05/12/2010 18:15:05,1125415.0
06/12/2010 18:15:05,1080225.0
07/12/2010 18:15:05,1087658.9000000001
08/12/2010 18:15:05,1194954.34
09/12/2010 18:15:05,1155003.96
10/12/2010 18:15:05,988216.7999999999
11/12/2010 18:15:05,1104012.0
12/12/2010 18:15:05,1108422.0
13/12/2010 18:15:05,1107622.868
14/12/2010 18:15:05,1121767.5
15/12/2010 18:15:05,1205914.16
16/12/2010 18:15:05,1203803.45
17/12/2010 18:15:05,1250558.25
18/12/2010 18:15:05,1223100.45
19/12/2010 18:15:05,1229820.375
20/12/2010 18:15:05,1355530.0
21/12/2010 18:15:05,1329048.9645
22/12/2010 18:15:05,1320835.6500000001
23/12/2010 18:15:05,1238525.0
24/12/2010 18:15:05,1240400.0
25/12/2010 18:15:05,1242425.0
26/12/2010 18:15:05,1343798.52295
27/12/2010 18:15:05,1321051.5
28/12/2010 18:15:05,1398194.0000000002
29/12/2010 18:15:05,1505647.15
30/12/2010 18:15:05,1503039.98985
31/12/2010 18:15:05,1505499.98165
01/01/2011 18:15:05,1508164.9455
02/01/2011 18:15:05,1510854.855
03/01/2011 18:15:05,1513324.9111
04/01/2011 18:15:05,1514954.7934500002
05/01/2011 18:15:05,1512645.8318999999
06/01/2011 18:15:05,1514853.5999999999
07/01/2011 18:15:05,1633699.2
08/01/2011 18:15:05,1641355.1136
09/01/2011 18:15:05,1644318.2184000001
10/01/2011 18:15:05,1677620.35
11/01/2011 18:15:05,1680285.25
12/01/2011 18:15:05,1790460.0
13/01/2011 18:15:05,2075564.2500000002
14/01/2011 18:15:05,2310097.5
15/01/2011 18:15:05,2056860.0
16/01/2011 18:15:05,2060320.0
17/01/2011 18:15:05,2063780.0
18/01/2011 18:15:05,1998640.6275000002
19/01/2011 18:15:05,1760391.61
20/01/2011 18:15:05,1905303.75
21/01/2011 18:15:05,2285096.0
22/01/2011 18:15:05,2236167.84
23/01/2011 18:15:05,2314847.4299999997
24/01/2011 18:15:05,2312061.3
25/01/2011 18:15:05,2221432.5
26/01/2011 18:15:05,2225576.25
27/01/2011 18:15:05,2189116.91
28/01/2011 18:15:05,2363760.0
29/01/2011 18:15:05,2346093.8
30/01/2011 18:15:05,2528880.0
31/01/2011 18:15:05,2638000.0
01/02/2011 18:15:05,5020702.5
02/02/2011 18:15:05,4446686.01195
03/02/2011 18:15:05,3975375.0
04/02/2011 18:15:05,4672800.0
05/02/2011 18:15:05,4876064.805
06/02/2011 18:15:05,4901668.0
07/02/2011 18:15:05,4835608.470000001
08/02/2011 18:15:05,4812120.0
09/02/2011 18:15:05,5007813.25
10/02/2011 18:15:05,5901940.000000001
11/02/2011 18:15:05,5409887.175
12/02/2011 18:15:05,5868512.055000001
13/02/2011 18:15:05,5826222.0
14/02/2011 18:15:05,5836266.0
15/02/2011 18:15:05,5874786.75
16/02/2011 18:15:05,5698435.959
17/02/2011 18:15:05,5711038.239
18/02/2011 18:15:05,5722380.291
19/02/2011 18:15:05,5566854.0
20/02/2011 18:15:05,5220511.9216
21/02/2011 18:15:05,4817041.44
22/02/2011 18:15:05,4770941.013
23/02/2011 18:15:05,5224192.5
24/02/2011 18:15:05,5233806.515
25/02/2011 18:15:05,5520950.0
26/02/2011 18:15:05,5470235.4945
27/02/2011 18:15:05,5325168.0
28/02/2011 18:15:05,5273357.8974
01/03/2011 18:15:05,5395043.0
02/03/2011 18:15:05,5290718.43
03/03/2011 18:15:05,5244730.0
04/03/2011 18:15:05,5249611.44
05/03/2011 18:15:05,5148326.6327
06/03/2011 18:15:05,5113241.209
07/03/2011 18:15:05,5115806.55
08/03/2011 18:15:05,5114430.72
09/03/2011 18:15:05,4989216.2705
10/03/2011 18:15:05,4916761.5
11/03/2011 18:15:05,5278534.779999999
12/03/2011 18:15:05,5210146.484999999
13/03/2011 18:15:05,5215051.6
14/03/2011 18:15:05,5109165.0
15/03/2011 18:15:05,5112876.6045
16/03/2011 18:15:05,5063210.0
17/03/2011 18:15:05,5012084.0
18/03/2011 18:15:05,4850600.91165
19/03/2011 18:15:05,4703309.6
20/03/2011 18:15:05,4514178.5
21/03/2011 18:15:05,4510573.77
22/03/2011 18:15:05,4580532.2172
23/03/2011 18:15:05,4875260.0
24/03/2011 18:15:05,5168880.0
25/03/2011 18:15:05,5118657.0
26/03/2011 18:15:05,5211306.75
27/03/2011 18:15:05,5165182.8
28/03/2011 18:15:05,4951333.625
29/03/2011 18:15:05,4625480.0
30/03/2011 18:15:05,4602771.75
31/03/2011 18:15:05,4645483.755
01/04/2011 18:15:05,4646625.745
02/04/2011 18:15:05,4636731.6115
03/04/2011 18:15:05,4659874.739999999
04/04/2011 18:15:05,4609887.0
05/04/2011 18:15:05,4150234.0
06/04/2011 18:15:05,4376644.8334
07/04/2011 18:15:05,4499067.465
08/04/2011 18:15:05,4688731.75
09/04/2011 18:15:05,4510571.12
10/04/2011 18:15:05,4465817.0554
11/04/2011 18:15:05,4601886.3
12/04/2011 18:15:05,5292883.05
13/04/2011 18:15:05,5910700.0
14/04/2011 18:15:05,5563719.0
15/04/2011 18:15:05,6458844.744
16/04/2011 18:15:05,6497675.25
17/04/2011 18:15:05,6447992.25
18/04/2011 18:15:05,7140184.935
19/04/2011 18:15:05,7089663.0
20/04/2011 18:15:05,7145353.71
21/04/2011 18:15:05,7155236.385
22/04/2011 18:15:05,7967757.600000001
23/04/2011 18:15:05,9278974.7
24/04/2011 18:15:05,11696490
25/04/2011 18:15:05,10218927.6
26/04/2011 18:15:05,10409842.5
27/04/2011 18:15:05,11752162.5
28/04/2011 18:15:05,15991955
29/04/2011 18:15:05,16320960.000000002
30/04/2011 18:15:05,25124065.338
01/05/2011 18:15:05,24801146.5
02/05/2011 18:15:05,21224261.25
03/05/2011 18:15:05,21230019
04/05/2011 18:15:05,21810792
05/05/2011 18:15:05,21363300
06/05/2011 18:15:05,22008277.25
07/05/2011 18:15:05,22661390
08/05/2011 18:15:05,23926500
09/05/2011 18:15:05,24202510.65
10/05/2011 18:15:05,32018740
11/05/2011 18:15:05,37401642
12/05/2011 18:15:05,36741126.5
13/05/2011 18:15:05,52263672.49999999
14/05/2011 18:15:05,55157305
15/05/2011 18:15:05,53085667.50000001
16/05/2011 18:15:05,52870425
17/05/2011 18:15:05,52289118.7805
18/05/2011 18:15:05,49190452.8
19/05/2011 18:15:05,45920875
20/05/2011 18:15:05,44498895
21/05/2011 18:15:05,41458061.160000004
22/05/2011 18:15:05,41582188
23/05/2011 18:15:05,46969642.5
24/05/2011 18:15:05,45499680
25/05/2011 18:15:05,47568340
26/05/2011 18:15:05,59244567
27/05/2011 18:15:05,56729416
28/05/2011 18:15:05,55620549.25
29/05/2011 18:15:05,54192599.04
30/05/2011 18:15:05,57454650
31/05/2011 18:15:05,60716546.730000004
01/06/2011 18:15:05,60104747.75
02/06/2011 18:15:05,67751057.5
03/06/2011 18:15:05,91804570
04/06/2011 18:15:05,111958487
05/06/2011 18:15:05,122368017.80000001
06/06/2011 18:15:05,124102728
07/06/2011 18:15:05,123166672.99999999
08/06/2011 18:15:05,206495344.88
09/06/2011 18:15:05,204176700
10/06/2011 18:15:05,227258500
11/06/2011 18:15:05,195141000
12/06/2011 18:15:05,162849834
13/06/2011 18:15:05,159956825
14/06/2011 18:15:05,137276699
15/06/2011 18:15:05,131084000
16/06/2011 18:15:05,131022430
17/06/2011 18:15:05,127454002.85000001
18/06/2011 18:15:05,113233620
19/06/2011 18:15:05,124477963.38
20/06/2011 18:15:05,114612365.00000001
21/06/2011 18:15:05,102570475
22/06/2011 18:15:05,99795797.5
23/06/2011 18:15:05,106285600
24/06/2011 18:15:05,111469402.985
25/06/2011 18:15:05,117258240.00000001
26/06/2011 18:15:05,116794393.20150001
27/06/2011 18:15:05,120206700
28/06/2011 18:15:05,117135216
29/06/2011 18:15:05,115817445
30/06/2011 18:15:05,117314750
01/07/2011 18:15:05,114115900
02/07/2011 18:15:05,110836710.49999999
03/07/2011 18:15:05,105652365
04/07/2011 18:15:05,106791752.5
05/07/2011 18:15:05,101178000
06/07/2011 18:15:05,111424500
07/07/2011 18:15:05,109846750
08/07/2011 18:15:05,105856903.334
09/07/2011 18:15:05,101625750
10/07/2011 18:15:05,106345680
11/07/2011 18:15:05,103202761.03
12/07/2011 18:15:05,99505800.372
13/07/2011 18:15:05,96305607.5
14/07/2011 18:15:05,96073875
15/07/2011 18:15:05,97551740
16/07/2011 18:15:05,96299475
17/07/2011 18:15:05,95461272
18/07/2011 18:15:05,93720371.085
19/07/2011 18:15:05,100754535
20/07/2011 18:15:05,96331248
21/07/2011 18:15:05,95745607.155
22/07/2011 18:15:05,95845270.29
23/07/2011 18:15:05,95816232
24/07/2011 18:15:05,96352250.10785
25/07/2011 18:15:05,101705310
26/07/2011 18:15:05,99481680
27/07/2011 18:15:05,97743568.5
28/07/2011 18:15:05,96961200
29/07/2011 18:15:05,95687130
30/07/2011 18:15:05,95792010
31/07/2011 18:15:05,103552070.015
01/08/2011 18:15:05,94289725.86
02/08/2011 18:15:05,93692027.5
03/08/2011 18:15:05,91358090
04/08/2011 18:15:05,80190145.223865
05/08/2011 18:15:05,80705047.5
06/08/2011 18:15:05,76930150
07/08/2011 18:15:05,68600980
08/08/2011 18:15:05,62288229.50000001
09/08/2011 18:15:05,84859720
10/08/2011 18:15:05,75130050
11/08/2011 18:15:05,73767809.17500001
12/08/2011 18:15:05,69613745.65039301
13/08/2011 18:15:05,70767075
14/08/2011 18:15:05,79215586
15/08/2011 18:15:05,83881572
16/08/2011 18:15:05,80360439
17/08/2011 18:15:05,79868400
18/08/2011 18:15:05,82575753
19/08/2011 18:15:05,83646096.5
20/08/2011 18:15:05,83646640.2
21/08/2011 18:15:05,82255968.5
22/08/2011 18:15:05,81725530.95
23/08/2011 18:15:05,81745030.5
24/08/2011 18:15:05,81179400
25/08/2011 18:15:05,78155789.796
26/08/2011 18:15:05,73491530
27/08/2011 18:15:05,65060431.49999999
28/08/2011 18:15:05,67756878
29/08/2011 18:15:05,67823996.96
30/08/2011 18:15:05,65528572.51849999
31/08/2011 18:15:05,64520100
01/09/2011 18:15:05,60626126.83284743
02/09/2011 18:15:05,61050573.315000005
03/09/2011 18:15:05,62656143.21000001
04/09/2011 18:15:05,61848869.4913639
05/09/2011 18:15:05,61000078.150000006
06/09/2011 18:15:05,55222838.7035
07/09/2011 18:15:05,54860615.788
08/09/2011 18:15:05,52855548.549499996
09/09/2011 18:15:05,50193897
10/09/2011 18:15:05,44950718.12544794
11/09/2011 18:15:05,53624840
12/09/2011 18:15:05,51359201.1
13/09/2011 18:15:05,45374375
14/09/2011 18:15:05,43532325.006540745
15/09/2011 18:15:05,41394181
16/09/2011 18:15:05,38080676
17/09/2011 18:15:05,36597071.7
18/09/2011 18:15:05,36478500
19/09/2011 18:15:05,40890080
20/09/2011 18:15:05,49662956.25
21/09/2011 18:15:05,45994001.236
22/09/2011 18:15:05,42696952.736499995
23/09/2011 18:15:05,41830862.185499996
24/09/2011 18:15:05,41524873
25/09/2011 18:15:05,40390075
26/09/2011 18:15:05,40134759.07
27/09/2011 18:15:05,37744273.314
28/09/2011 18:15:05,36738746.55
29/09/2011 18:15:05,35445455.85
30/09/2011 18:15:05,39465880
01/10/2011 18:15:05,39133080
02/10/2011 18:15:05,38133174
03/10/2011 18:15:05,37541401.209
04/10/2011 18:15:05,37237844.5
05/10/2011 18:15:05,37235250
06/10/2011 18:15:05,36564084.5
07/10/2011 18:15:05,36001792.5
08/10/2011 18:15:05,34131123
09/10/2011 18:15:05,32635067.85
10/10/2011 18:15:05,31696314.823499996
11/10/2011 18:15:05,30830033.468500003
12/10/2011 18:15:05,31347371.136000004
13/10/2011 18:15:05,33185207.5
14/10/2011 18:15:05,30711001.200000003
15/10/2011 18:15:05,30257752.5
16/10/2011 18:15:05,29167809.48149544
17/10/2011 18:15:05,28135216.686
18/10/2011 18:15:05,21718680
19/10/2011 18:15:05,19863795.042
20/10/2011 18:15:05,18152299
21/10/2011 18:15:05,20421502.156999998
22/10/2011 18:15:05,24791415
23/10/2011 18:15:05,25259808
24/10/2011 18:15:05,24076640
25/10/2011 18:15:05,22892568
26/10/2011 18:15:05,21673248.4
27/10/2011 18:15:05,23001278.335
28/10/2011 18:15:05,24564671.25
29/10/2011 18:15:05,28905466.859
30/10/2011 18:15:05,27587022.463
31/10/2011 18:15:05,25628187.2
01/11/2011 18:15:05,25365195
02/11/2011 18:15:05,26072620
03/11/2011 18:15:05,25024894.4
04/11/2011 18:15:05,24439088.134999998
05/11/2011 18:15:05,24396802.5
06/11/2011 18:15:05,23203332.5
07/11/2011 18:15:05,23062650.380000003
08/11/2011 18:15:05,24463249.5
09/11/2011 18:15:05,23757951.599999998
10/11/2011 18:15:05,22909950
11/11/2011 18:15:05,22928250
12/11/2011 18:15:05,23789945
13/11/2011 18:15:05,23728578.150000002
14/11/2011 18:15:05,23220859.5
15/11/2011 18:15:05,20638487
16/11/2011 18:15:05,19965270
17/11/2011 18:15:05,19986502.722
18/11/2011 18:15:05,18385518.645
19/11/2011 18:15:05,17708160
20/11/2011 18:15:05,19256294.400000002
21/11/2011 18:15:05,17661281.5
22/11/2011 18:15:05,18139885
23/11/2011 18:15:05,18387047
24/11/2011 18:15:05,19018875
25/11/2011 18:15:05,19808640
26/11/2011 18:15:05,19602253.125
27/11/2011 18:15:05,19347375.700000003
28/11/2011 18:15:05,19692406.44
29/11/2011 18:15:05,23141353.95
30/11/2011 18:15:05,22992169.75
01/12/2011 18:15:05,24427630
02/12/2011 18:15:05,24436704.3
03/12/2011 18:15:05,24397802.5515
04/12/2011 18:15:05,23327083
05/12/2011 18:15:05,22882421
06/12/2011 18:15:05,23843832.5
07/12/2011 18:15:05,24116650
08/12/2011 18:15:05,24281370
09/12/2011 18:15:05,23826519.75
10/12/2011 18:15:05,23858224
11/12/2011 18:15:05,26551083
12/12/2011 18:15:05,26277880.0585
13/12/2011 18:15:05,25966050
14/12/2011 18:15:05,25808668.900000002
15/12/2011 18:15:05,25169111.604999997
16/12/2011 18:15:05,25478401.5
17/12/2011 18:15:05,25501980.5
18/12/2011 18:15:05,25683775
19/12/2011 18:15:05,29270772.689999998
20/12/2011 18:15:05,35626500
21/12/2011 18:15:05,32570722.500000004
22/12/2011 18:15:05,31663067.4835
23/12/2011 18:15:05,31360037.5
24/12/2011 18:15:05,31385312.915
25/12/2011 18:15:05,34918088.135000005
26/12/2011 18:15:05,34341801.0585
27/12/2011 18:15:05,32362665.999999996
28/12/2011 18:15:05,33421397.968000002
29/12/2011 18:15:05,34577648
30/12/2011 18:15:05,34365600
31/12/2011 18:15:05,39960249.75
01/01/2012 18:15:05,41639000
02/01/2012 18:15:05,44082248.49
03/01/2012 18:15:05,42442728
04/01/2012 18:15:05,45023634.67
05/01/2012 18:15:05,51436761.75
06/01/2012 18:15:05,58097535
07/01/2012 18:15:05,56515948.247999996
08/01/2012 18:15:05,58059720
09/01/2012 18:15:05,58117680
10/01/2012 18:15:05,55665688
11/01/2012 18:15:05,57723578.4
12/01/2012 18:15:05,56641414.699999996
13/01/2012 18:15:05,55561874.82355661
14/01/2012 18:15:05,54737775
15/01/2012 18:15:05,56735651.833
16/01/2012 18:15:05,58406774.448
17/01/2012 18:15:05,56764850
18/01/2012 18:15:05,56570220
19/01/2012 18:15:05,51322320
20/01/2012 18:15:05,53648714
21/01/2012 18:15:05,53462737.5
22/01/2012 18:15:05,52198312.5
23/01/2012 18:15:05,52783244.905
24/01/2012 18:15:05,53319085.75
25/01/2012 18:15:05,52837110
26/01/2012 18:15:05,50829460
27/01/2012 18:15:05,46679667.25
28/01/2012 18:15:05,47209555.949999996
29/01/2012 18:15:05,47353824
30/01/2012 18:15:05,46084920
31/01/2012 18:15:05,46541027.5
01/02/2012 18:15:05,46480235.8
02/02/2012 18:15:05,51163950
03/02/2012 18:15:05,50784017
04/02/2012 18:15:05,49610700
05/02/2012 18:15:05,49341178.125
06/02/2012 18:15:05,47956543.5
07/02/2012 18:15:05,47334675.102000006
08/02/2012 18:15:05,48528962.160000004
09/02/2012 18:15:05,48160880
10/02/2012 18:15:05,49244456.487500004
11/02/2012 18:15:05,49907100
12/02/2012 18:15:05,48706222.5
13/02/2012 18:15:05,47665904
14/02/2012 18:15:05,46704000
15/02/2012 18:15:05,40733848
16/02/2012 18:15:05,39543032.563999996
17/02/2012 18:15:05,39880133.287
18/02/2012 18:15:05,37635099.449999996
19/02/2012 18:15:05,36301388.7425
20/02/2012 18:15:05,37898166
21/02/2012 18:15:05,37217219.629999995
22/02/2012 18:15:05,38130552
23/02/2012 18:15:05,41403862.632
24/02/2012 18:15:05,43736459.921
25/02/2012 18:15:05,42703596
26/02/2012 18:15:05,42158154.192
27/02/2012 18:15:05,43035330
28/02/2012 18:15:05,42229000
29/02/2012 18:15:05,41429990
01/03/2012 18:15:05,42180870.809
02/03/2012 18:15:05,42253568.604
03/03/2012 18:15:05,40512466.225
04/03/2012 18:15:05,41561800
05/03/2012 18:15:05,42782544
06/03/2012 18:15:05,42904800
07/03/2012 18:15:05,43112491.5
08/03/2012 18:15:05,42556250
09/03/2012 18:15:05,42170920.545
10/03/2012 18:15:05,42129308
11/03/2012 18:15:05,42588901.5
12/03/2012 18:15:05,42367506.195
13/03/2012 18:15:05,46260369
14/03/2012 18:15:05,46592086.32
15/03/2012 18:15:05,46675162.5
16/03/2012 18:15:05,46285560
17/03/2012 18:15:05,46330284
18/03/2012 18:15:05,46202192.243999995
19/03/2012 18:15:05,45642307.43
20/03/2012 18:15:05,42843438
21/03/2012 18:15:05,41936544
22/03/2012 18:15:05,42060720
23/03/2012 18:15:05,41661165
24/03/2012 18:15:05,41002995.536000006
25/03/2012 18:15:05,40472074.803
26/03/2012 18:15:05,40983331.39650001
27/03/2012 18:15:05,41036313
28/03/2012 18:15:05,41991835.168
29/03/2012 18:15:05,42155599.562
30/03/2012 18:15:05,41923675.5
31/03/2012 18:15:05,43005600
01/04/2012 18:15:05,42860119.5
02/04/2012 18:15:05,44205398
03/04/2012 18:15:05,43628332.5
04/04/2012 18:15:05,43315041
05/04/2012 18:15:05,43125360.275
06/04/2012 18:15:05,43287904
07/04/2012 18:15:05,43495320
08/04/2012 18:15:05,41958240
09/04/2012 18:15:05,41994480
10/04/2012 18:15:05,42904400
11/04/2012 18:15:05,42887732.415
12/04/2012 18:15:05,43674849.00000001
13/04/2012 18:15:05,43395891.264
14/04/2012 18:15:05,44178490
15/04/2012 18:15:05,43802661.626499996
16/04/2012 18:15:05,43801590.00000001
17/04/2012 18:15:05,44207273.382
18/04/2012 18:15:05,45613210.34
19/04/2012 18:15:05,45757635
20/04/2012 18:15:05,45621372.5
21/04/2012 18:15:05,48397168.00000001
22/04/2012 18:15:05,47100645.73500001
23/04/2012 18:15:05,46160687.63550001
24/04/2012 18:15:05,46033520
25/04/2012 18:15:05,45715020
26/04/2012 18:15:05,45932096
27/04/2012 18:15:05,45584944.2
28/04/2012 18:15:05,45450940.88
29/04/2012 18:15:05,44611568.64
30/04/2012 18:15:05,44490250
01/05/2012 18:15:05,44535000
02/05/2012 18:15:05,46168339.83
03/05/2012 18:15:05,46256832
04/05/2012 18:15:05,45993362.5
05/05/2012 18:15:05,46029063.224999994
06/05/2012 18:15:05,45621517.85
07/05/2012 18:15:05,45626604.79
08/05/2012 18:15:05,45721500
09/05/2012 18:15:05,45728234.788
10/05/2012 18:15:05,46024550
11/05/2012 18:15:05,45219241.214
12/05/2012 18:15:05,44967000
13/05/2012 18:15:05,44989920
14/05/2012 18:15:05,45360007.4
15/05/2012 18:15:05,45879733
16/05/2012 18:15:05,45908056.614
17/05/2012 18:15:05,46339889.4
18/05/2012 18:15:05,46336212
19/05/2012 18:15:05,46490363.526999995
20/05/2012 18:15:05,46591020
21/05/2012 18:15:05,46602376.5
22/05/2012 18:15:05,46383360
23/05/2012 18:15:05,46776948
24/05/2012 18:15:05,47468594.42
25/05/2012 18:15:05,46750927.5
26/05/2012 18:15:05,46776605.4
27/05/2012 18:15:05,46809734.4
28/05/2012 18:15:05,46954452
29/05/2012 18:15:05,46979431.785000004
30/05/2012 18:15:05,47134406.25
31/05/2012 18:15:05,47331762
01/06/2012 18:15:05,48101134.49999999
02/06/2012 18:15:05,48224456.85
03/06/2012 18:15:05,48135049.613
04/06/2012 18:15:05,48301442.1
05/06/2012 18:15:05,50365700
06/06/2012 18:15:05,50137199.5
07/06/2012 18:15:05,50712817.35
08/06/2012 18:15:05,51956253
09/06/2012 18:15:05,52370938.121
10/06/2012 18:15:05,51683768
11/06/2012 18:15:05,51040876.345
12/06/2012 18:15:05,52503270
13/06/2012 18:15:05,54946432
14/06/2012 18:15:05,54897675
15/06/2012 18:15:05,56930384.25
16/06/2012 18:15:05,60990927.550000004
17/06/2012 18:15:05,60406325.493999995
18/06/2012 18:15:05,59872544.46
19/06/2012 18:15:05,60544348.097
20/06/2012 18:15:05,61674334.7565
21/06/2012 18:15:05,63107060
22/06/2012 18:15:05,63151470.75
23/06/2012 18:15:05,61821503.272
24/06/2012 18:15:05,61318087.9
25/06/2012 18:15:05,60051019.39749999
26/06/2012 18:15:05,60111887.20999999
27/06/2012 18:15:05,61135420.4125
28/06/2012 18:15:05,62238162.525
29/06/2012 18:15:05,62219749
30/06/2012 18:15:05,62556793.8
01/07/2012 18:15:05,62612329
02/07/2012 18:15:05,63190462.5
03/07/2012 18:15:05,63379932
04/07/2012 18:15:05,61417712.5
05/07/2012 18:15:05,63526971.99999999
06/07/2012 18:15:05,63245279.2125
07/07/2012 18:15:05,63448312.5
08/07/2012 18:15:05,64629181.5
09/07/2012 18:15:05,64930667.199999996
10/07/2012 18:15:05,68214906.75
11/07/2012 18:15:05,68434235.7
12/07/2012 18:15:05,69083598
13/07/2012 18:15:05,74621030
14/07/2012 18:15:05,72684419.5665
15/07/2012 18:15:05,72361953.462
16/07/2012 18:15:05,78488773.19999999
17/07/2012 18:15:05,89935306.5
18/07/2012 18:15:05,89143780.756
19/07/2012 18:15:05,88033272.0105
20/07/2012 18:15:05,87704874.675
21/07/2012 18:15:05,92208200
22/07/2012 18:15:05,85616550
23/07/2012 18:15:05,87588140
24/07/2012 18:15:05,85375360.00000001
25/07/2012 18:15:05,83632283.27600001
26/07/2012 18:15:05,84951390
27/07/2012 18:15:05,85503825
28/07/2012 18:15:05,85388660
29/07/2012 18:15:05,85061063.25
30/07/2012 18:15:05,87643275
31/07/2012 18:15:05,90483816
01/08/2012 18:15:05,91509587.99999999
02/08/2012 18:15:05,94079020
03/08/2012 18:15:05,106835545.74000001
04/08/2012 18:15:05,108661365
05/08/2012 18:15:05,107654894.77
06/08/2012 18:15:05,108737437.492
07/08/2012 18:15:05,106401311.99999999
08/08/2012 18:15:05,107556148.537
09/08/2012 18:15:05,115851000
10/08/2012 18:15:05,112084420
11/08/2012 18:15:05,112155558.858
12/08/2012 18:15:05,113871082
13/08/2012 18:15:05,114978064.6355
14/08/2012 18:15:05,118069273.102
15/08/2012 18:15:05,122938910.5
16/08/2012 18:15:05,134409719.9115
17/08/2012 18:15:05,149657200
18/08/2012 18:15:05,148410965.556
19/08/2012 18:15:05,116799600
20/08/2012 18:15:05,102298875
21/08/2012 18:15:05,100443442.482
22/08/2012 18:15:05,100129905
23/08/2012 18:15:05,100116875
24/08/2012 18:15:05,100196825
25/08/2012 18:15:05,100263962.5
26/08/2012 18:15:05,103968185.1345
27/08/2012 18:15:05,119046817.01900001
28/08/2012 18:15:05,111594591.91999999
29/08/2012 18:15:05,110013720.861
30/08/2012 18:15:05,107421026.6
31/08/2012 18:15:05,106505519.305
01/09/2012 18:15:05,102502582
02/09/2012 18:15:05,100317904.0525
03/09/2012 18:15:05,103464375
04/09/2012 18:15:05,104452513.01
05/09/2012 18:15:05,104404553.552
06/09/2012 18:15:05,110342286.5
07/09/2012 18:15:05,111624794.49999999
08/09/2012 18:15:05,110912300.50000001
09/09/2012 18:15:05,110333454.896
10/09/2012 18:15:05,110256330.30000001
11/09/2012 18:15:05,111008758.368
12/09/2012 18:15:05,112922496.765
13/09/2012 18:15:05,113204608.89999999
14/09/2012 18:15:05,116785600
15/09/2012 18:15:05,117356983.64999999
16/09/2012 18:15:05,119346661.5
17/09/2012 18:15:05,119178200.625
18/09/2012 18:15:05,120549390
19/09/2012 18:15:05,125824471.5
20/09/2012 18:15:05,126682643.42999999
21/09/2012 18:15:05,125620280.4365
22/09/2012 18:15:05,124460997.42500001
23/09/2012 18:15:05,122868066.53
24/09/2012 18:15:05,123204030.4
25/09/2012 18:15:05,122596015.7955
26/09/2012 18:15:05,123194188
27/09/2012 18:15:05,125089055.00000001
28/09/2012 18:15:05,125030467.80000001
29/09/2012 18:15:05,125597566.5
30/09/2012 18:15:05,125541438.1155
01/10/2012 18:15:05,125694278.85
02/10/2012 18:15:05,129800132.00000001
03/10/2012 18:15:05,130089686.545
04/10/2012 18:15:05,132093453.375
05/10/2012 18:15:05,131173669.5
06/10/2012 18:15:05,130356333.9485
07/10/2012 18:15:05,128795532.8
08/10/2012 18:15:05,122253224
09/10/2012 18:15:05,125075242.5
10/10/2012 18:15:05,123140250
11/10/2012 18:15:05,123629761
12/10/2012 18:15:05,123315817.5
13/10/2012 18:15:05,123272474.75
14/10/2012 18:15:05,121963800
15/10/2012 18:15:05,122363145
16/10/2012 18:15:05,122047409
17/10/2012 18:15:05,122131938.5
18/10/2012 18:15:05,121918840.122
19/10/2012 18:15:05,122085538.95
20/10/2012 18:15:05,120973687.5
21/10/2012 18:15:05,120520711.725
22/10/2012 18:15:05,120756659.5
23/10/2012 18:15:05,122781600
24/10/2012 18:15:05,121032072
25/10/2012 18:15:05,119986515.00000001
26/10/2012 18:15:05,113824274.45400001
27/10/2012 18:15:05,111243789.76349999
28/10/2012 18:15:05,108984859
29/10/2012 18:15:05,112563810
30/10/2012 18:15:05,111616662.5
31/10/2012 18:15:05,114677388
01/11/2012 18:15:05,116184415.05
02/11/2012 18:15:05,115554818.918
03/11/2012 18:15:05,109352715.8895
04/11/2012 18:15:05,110253378
05/11/2012 18:15:05,112607900
06/11/2012 18:15:05,112578331.866
07/11/2012 18:15:05,116037120.7695
08/11/2012 18:15:05,114904882.12499999
09/11/2012 18:15:05,114696270
10/11/2012 18:15:05,113633767.31
11/11/2012 18:15:05,113498688.4
12/11/2012 18:15:05,116078027
13/11/2012 18:15:05,115624189.05
14/11/2012 18:15:05,114882982.5
15/11/2012 18:15:05,115623943.30000001
16/11/2012 18:15:05,122843900
17/11/2012 18:15:05,122927090
18/11/2012 18:15:05,123354516.00000001
19/11/2012 18:15:05,123093261.367
20/11/2012 18:15:05,123604864
21/11/2012 18:15:05,123110983.2
22/11/2012 18:15:05,128383102
23/11/2012 18:15:05,130041417
24/11/2012 18:15:05,129941076
25/11/2012 18:15:05,132010830
26/11/2012 18:15:05,132650977.5
27/11/2012 18:15:05,131472173.074
28/11/2012 18:15:05,130281273.738
29/11/2012 18:15:05,132348085.35000001
30/11/2012 18:15:05,132924618.75
01/12/2012 18:15:05,133372357.3875
02/12/2012 18:15:05,133338442
03/12/2012 18:15:05,133375577.794
04/12/2012 18:15:05,136438412.68125
05/12/2012 18:15:05,142089862.5
06/12/2012 18:15:05,144125953
07/12/2012 18:15:05,144075708
08/12/2012 18:15:05,142752298.75
09/12/2012 18:15:05,142585566.75
10/12/2012 18:15:05,142844438.75
11/12/2012 18:15:05,143842560.54349998
12/12/2012 18:15:05,143886549.51125
13/12/2012 18:15:05,145620234.24975
14/12/2012 18:15:05,146725322.80125
15/12/2012 18:15:05,145404477.465
16/12/2012 18:15:05,144317034.636
17/12/2012 18:15:05,142590847.29999998
18/12/2012 18:15:05,141587233
19/12/2012 18:15:05,141635134.42499998
20/12/2012 18:15:05,145065333
21/12/2012 18:15:05,144340054.25
22/12/2012 18:15:05,143780629.402
23/12/2012 18:15:05,142721448.9245
24/12/2012 18:15:05,142388761.25
25/12/2012 18:15:05,142430120
26/12/2012 18:15:05,141937227.48
27/12/2012 18:15:05,142744620.75
28/12/2012 18:15:05,144711121.0875
29/12/2012 18:15:05,144970008.25
30/12/2012 18:15:05,143963578.5705
31/12/2012 18:15:05,144233048.25
01/01/2013 18:15:05,143980866.275
02/01/2013 18:15:05,142323745
03/01/2013 18:15:05,143057356.20000002
04/01/2013 18:15:05,143379674.982
05/01/2013 18:15:05,144048093.9
06/01/2013 18:15:05,143904635.39025
07/01/2013 18:15:05,144014430.25
08/01/2013 18:15:05,147203062.5
09/01/2013 18:15:05,147781535.058
10/01/2013 18:15:05,152518740
11/01/2013 18:15:05,152348875.96225
12/01/2013 18:15:05,152924255.9325
13/01/2013 18:15:05,152592905.04
14/01/2013 18:15:05,152490195
15/01/2013 18:15:05,154444852.50675
16/01/2013 18:15:05,156730161.1
17/01/2013 18:15:05,164257085.25
18/01/2013 18:15:05,170657458.5
19/01/2013 18:15:05,169197726.06
20/01/2013 18:15:05,169751678.25
21/01/2013 18:15:05,181458043.5
22/01/2013 18:15:05,188033142.25
23/01/2013 18:15:05,188080306.3125
24/01/2013 18:15:05,205271964.78175002
25/01/2013 18:15:05,201538010.44000003
26/01/2013 18:15:05,188597440.00300002
27/01/2013 18:15:05,192741192.9215
28/01/2013 18:15:05,197628097.5
29/01/2013 18:15:05,212168880
30/01/2013 18:15:05,211168732.5
31/01/2013 18:15:05,229814784.25
01/02/2013 18:15:05,228502140
02/02/2013 18:15:05,226441507.50000003
03/02/2013 18:15:05,222019446
04/02/2013 18:15:05,226084367.5
05/02/2013 18:15:05,223381273.5
06/02/2013 18:15:05,229307424.15
07/02/2013 18:15:05,238161229.99999997
08/02/2013 18:15:05,238245399.99999997
09/02/2013 18:15:05,254997457.218
10/02/2013 18:15:05,254175531.83
11/02/2013 18:15:05,260524441.36249998
12/02/2013 18:15:05,277569635.3685
13/02/2013 18:15:05,281226739.75025
14/02/2013 18:15:05,285978776.49899995
15/02/2013 18:15:05,291142825.8555
16/02/2013 18:15:05,292037544.938
17/02/2013 18:15:05,276386540.655
18/02/2013 18:15:05,289525221.09375
19/02/2013 18:15:05,310961401.73974997
20/02/2013 18:15:05,322132443.8585
21/02/2013 18:15:05,322147492.233
22/02/2013 18:15:05,334172684.3
23/02/2013 18:15:05,316761071.63299996
24/02/2013 18:15:05,327896100.9365
25/02/2013 18:15:05,327526689.52325
26/02/2013 18:15:05,337705984.8
27/02/2013 18:15:05,340278648.65775
28/02/2013 18:15:05,363158533.40550005
01/03/2013 18:15:05,378234362.55499995
02/03/2013 18:15:05,370801863.59999996
03/03/2013 18:15:05,370055664.64350003
04/03/2013 18:15:05,394631048.75
05/03/2013 18:15:05,434841407
06/03/2013 18:15:05,516050687.5
07/03/2013 18:15:05,461811834.59775
08/03/2013 18:15:05,467264591.49999994
09/03/2013 18:15:05,500413490.28599995
10/03/2013 18:15:05,505945575
11/03/2013 18:15:05,519656182.44
12/03/2013 18:15:05,490159579.1365
13/03/2013 18:15:05,509745491.08
14/03/2013 18:15:05,515147644.87125
15/03/2013 18:15:05,515066888.79375005
16/03/2013 18:15:05,513747505.25
17/03/2013 18:15:05,517607733.66499996
18/03/2013 18:15:05,520091411.25
19/03/2013 18:15:05,630724760
20/03/2013 18:15:05,692714184.18975
21/03/2013 18:15:05,806634000
22/03/2013 18:15:05,781897187.5
23/03/2013 18:15:05,689275125
24/03/2013 18:15:05,767335629.9999999
25/03/2013 18:15:05,809051214.606
26/03/2013 18:15:05,854380800
27/03/2013 18:15:05,974055075.0000001
28/03/2013 18:15:05,1025609049.18725
29/03/2013 18:15:05,976502263.75
30/03/2013 18:15:05,998263065.30075
31/03/2013 18:15:05,1015081234.7385
01/04/2013 18:15:05,1125488152.793
02/04/2013 18:15:05,1194254982.75
03/04/2013 18:15:05,1525041868.75
04/04/2013 18:15:05,1450949397.95375
05/04/2013 18:15:05,1581185255.0000002
06/04/2013 18:15:05,1567463462.67625
07/04/2013 18:15:05,1761733096.3075001
08/04/2013 18:15:05,2025508800
09/04/2013 18:15:05,2620841076
10/04/2013 18:15:05,2181366000
11/04/2013 18:15:05,1360014540.678
12/04/2013 18:15:05,843312707.4
13/04/2013 18:15:05,1207719189.7059999
14/04/2013 18:15:05,1004046225
15/04/2013 18:15:05,1004410225
16/04/2013 18:15:05,1004826550
17/04/2013 18:15:05,945556749.53775
18/04/2013 18:15:05,1066353950
19/04/2013 18:15:05,1322210698.5
20/04/2013 18:15:05,1369526213
21/04/2013 18:15:05,1382675000
22/04/2013 18:15:05,1366749056.75
23/04/2013 18:15:05,1506338312.73075
24/04/2013 18:15:05,1696508264.0219998
25/04/2013 18:15:05,1674073468.77775
26/04/2013 18:15:05,1502740452.075
27/04/2013 18:15:05,1419014510.8605
28/04/2013 18:15:05,1508159586.84775
29/04/2013 18:15:05,1569907346.895
30/04/2013 18:15:05,1543897758.775
01/05/2013 18:15:05,1379976379.6000001
02/05/2013 18:15:05,1166088333.168
03/05/2013 18:15:05,1034828966.2500001
04/05/2013 18:15:05,1244556534.99375
05/05/2013 18:15:05,1310580293.91975
06/05/2013 18:15:05,1345090886.2895
07/05/2013 18:15:05,1188309314.5
08/05/2013 18:15:05,1268209485.0452502
09/05/2013 18:15:05,1219822578.8595
10/05/2013 18:15:05,1310702188
11/05/2013 18:15:05,1285812765
12/05/2013 18:15:05,1274287886
13/05/2013 18:15:05,1310296293.0015
14/05/2013 18:15:05,1327427150
15/05/2013 18:15:05,1283062885.5397499
16/05/2013 18:15:05,1284654522.416
17/05/2013 18:15:05,1390077125.75
18/05/2013 18:15:05,1382268379.0075
19/05/2013 18:15:05,1352646555.836
20/05/2013 18:15:05,1370877559.2714999
21/05/2013 18:15:05,1369657187.5
22/05/2013 18:15:05,1371731466
23/05/2013 18:15:05,1406127913.5
24/05/2013 18:15:05,1471892650
25/05/2013 18:15:05,1485783006
26/05/2013 18:15:05,1501517528.98925
27/05/2013 18:15:05,1485990856.07825
28/05/2013 18:15:05,1438449537.775
29/05/2013 18:15:05,1457591797.6615
30/05/2013 18:15:05,1469538093.198
31/05/2013 18:15:05,1429125799.4520001
01/06/2013 18:15:05,1450625584.71
02/06/2013 18:15:05,1354720652.397
03/06/2013 18:15:05,1348575224.7625
04/06/2013 18:15:05,1355575833.57625
05/06/2013 18:15:05,1376864586.9675
06/06/2013 18:15:05,1358109258.6925
07/06/2013 18:15:05,1241579898.069
08/06/2013 18:15:05,1213946580
09/06/2013 18:15:05,1109296698.62375
10/06/2013 18:15:05,1182971489.78525
11/06/2013 18:15:05,1217610900
12/06/2013 18:15:05,1219978239.1417499
13/06/2013 18:15:05,1229956000
14/06/2013 18:15:05,1128830000
15/06/2013 18:15:05,1151516393.1460001
16/06/2013 18:15:05,1129737500
17/06/2013 18:15:05,1136058016.38225
18/06/2013 18:15:05,1214030413.20125
19/06/2013 18:15:05,1219398180
20/06/2013 18:15:05,1266565450.5
21/06/2013 18:15:05,1256073225
22/06/2013 18:15:05,1234928799.75
23/06/2013 18:15:05,1219485056.98575
24/06/2013 18:15:05,1155134402.4199998
25/06/2013 18:15:05,1177011684.4675
26/06/2013 18:15:05,1183612922.21375
27/06/2013 18:15:05,1165723515.1582499
28/06/2013 18:15:05,1096326263.9745
29/06/2013 18:15:05,1087840603.1405
30/06/2013 18:15:05,1095578975
01/07/2013 18:15:05,1033462011.0500001
02/07/2013 18:15:05,1017368595
03/07/2013 18:15:05,941044770
04/07/2013 18:15:05,907288095
05/07/2013 18:15:05,771818503.638
06/07/2013 18:15:05,789064090.4729999
07/07/2013 18:15:05,807555842.15
08/07/2013 18:15:05,884162379
09/07/2013 18:15:05,869603878.63
10/07/2013 18:15:05,895700331.00225
11/07/2013 18:15:05,993690836.2500001
12/07/2013 18:15:05,1115526360
13/07/2013 18:15:05,1095300550.125
14/07/2013 18:15:05,1081481237.5
15/07/2013 18:15:05,1123279548.807
16/07/2013 18:15:05,1108089449.25
17/07/2013 18:15:05,1119468900.5
18/07/2013 18:15:05,1033357994.3095
19/07/2013 18:15:05,1068169073.5935
20/07/2013 18:15:05,1051064818.375
21/07/2013 18:15:05,1017893727.05275
22/07/2013 18:15:05,1050901464.3
23/07/2013 18:15:05,1092556078.6
24/07/2013 18:15:05,1072594584.72
25/07/2013 18:15:05,1102464025
26/07/2013 18:15:05,1105124840.98125
27/07/2013 18:15:05,1091873110.707
28/07/2013 18:15:05,1135839489.73125
29/07/2013 18:15:05,1159687050.0955
30/07/2013 18:15:05,1170005380.362
31/07/2013 18:15:05,1205611283.40625
01/08/2013 18:15:05,1197299385
02/08/2013 18:15:05,1212854375
03/08/2013 18:15:05,1193775370.00725
04/08/2013 18:15:05,1204281157.95
05/08/2013 18:15:05,1224642720
06/08/2013 18:15:05,1230715956.9045
07/08/2013 18:15:05,1216398480
08/08/2013 18:15:05,1174293052.5
09/08/2013 18:15:05,1179434602.5
10/08/2013 18:15:05,1183611635.383
11/08/2013 18:15:05,1198377190.395
12/08/2013 18:15:05,1212190667.9705
13/08/2013 18:15:05,1239304284.471
14/08/2013 18:15:05,1155734116.25
15/08/2013 18:15:05,1135925154
16/08/2013 18:15:05,1139007098.5
17/08/2013 18:15:05,1138079589.75
18/08/2013 18:15:05,1145854489
19/08/2013 18:15:05,1181603148
20/08/2013 18:15:05,1211248945.75
21/08/2013 18:15:05,1271571731.25
22/08/2013 18:15:05,1286747437.75
23/08/2013 18:15:05,1246407942
24/08/2013 18:15:05,1262105427
25/08/2013 18:15:05,1310190387.5
26/08/2013 18:15:05,1297880610
27/08/2013 18:15:05,1364789140
28/08/2013 18:15:05,1385377931.25
29/08/2013 18:15:05,1388641365
30/08/2013 18:15:05,1450961407.75
31/08/2013 18:15:05,1544227650
01/09/2013 18:15:05,1522502783
02/09/2013 18:15:05,1525716595.75
03/09/2013 18:15:05,1519566392.4999998
04/09/2013 18:15:05,1476901220
05/09/2013 18:15:05,1451422408.25
06/09/2013 18:15:05,1427873853
07/09/2013 18:15:05,1401657885
08/09/2013 18:15:05,1382967258.75
09/09/2013 18:15:05,1420313587
10/09/2013 18:15:05,1441084149
11/09/2013 18:15:05,1449999912.5
12/09/2013 18:15:05,1501493796.2499998
13/09/2013 18:15:05,1500297026.75
14/09/2013 18:15:05,1454540892
15/09/2013 18:15:05,1468452843
16/09/2013 18:15:05,1475539825.5
17/09/2013 18:15:05,1494135792
18/09/2013 18:15:05,1490750729.25
19/09/2013 18:15:05,1454681585
20/09/2013 18:15:05,1453873166.5
21/09/2013 18:15:05,1448821725
22/09/2013 18:15:05,1441007470
23/09/2013 18:15:05,1444503915.5
24/09/2013 18:15:05,1440070859.5
25/09/2013 18:15:05,1459413032
26/09/2013 18:15:05,1456064198.75
27/09/2013 18:15:05,1477191020
28/09/2013 18:15:05,1488316775
29/09/2013 18:15:05,1507679355
30/09/2013 18:15:05,1481125170
01/10/2013 18:15:05,1497171490.5
02/10/2013 18:15:05,1230956951.25
03/10/2013 18:15:05,1378615371.25
04/10/2013 18:15:05,1438688050
05/10/2013 18:15:05,1433550678
06/10/2013 18:15:05,1435226560
07/10/2013 18:15:05,1459305030
08/10/2013 18:15:05,1462621608
09/10/2013 18:15:05,1489654112
10/10/2013 18:15:05,1494405760.75
11/10/2013 18:15:05,1499813238
12/10/2013 18:15:05,1508600193.75
13/10/2013 18:15:05,1535485874
14/10/2013 18:15:05,1606779919.5
15/10/2013 18:15:05,1649680710
16/10/2013 18:15:05,1681142901.7500002
17/10/2013 18:15:05,1699564141.0000002
18/10/2013 18:15:05,1786302344.75
19/10/2013 18:15:05,1958730875.0000002
20/10/2013 18:15:05,1967458259
21/10/2013 18:15:05,2103224179.75
22/10/2013 18:15:05,2279142287
23/10/2013 18:15:05,2377290528.75
24/10/2013 18:15:05,2328734577
25/10/2013 18:15:05,2056551326.5
26/10/2013 18:15:05,2139559868.75
27/10/2013 18:15:05,2251714053
28/10/2013 18:15:05,2338225531.25
29/10/2013 18:15:05,2408599560.5
30/10/2013 18:15:05,2425090156.5
31/10/2013 18:15:05,2404920005.75
01/11/2013 18:15:05,2425328973
02/11/2013 18:15:05,2437295812.5
03/11/2013 18:15:05,2470544002.5
04/11/2013 18:15:05,2689641115
05/11/2013 18:15:05,2947943727
06/11/2013 18:15:05,3087643198.5
07/11/2013 18:15:05,3496381056
08/11/2013 18:15:05,3895040535
09/11/2013 18:15:05,4305490758
10/11/2013 18:15:05,3554569406.2500005
11/11/2013 18:15:05,4064669415
12/11/2013 18:15:05,4240843076.25
13/11/2013 18:15:05,4694265577
14/11/2013 18:15:05,4994001600
15/11/2013 18:15:05,5136513974
16/11/2013 18:15:05,5202089043.75
17/11/2013 18:15:05,5557944600
18/11/2013 18:15:05,7002760228
19/11/2013 18:15:05,6726697878.25
20/11/2013 18:15:05,7149668750
21/11/2013 18:15:05,8353264252.500001
22/11/2013 18:15:05,9150340100
23/11/2013 18:15:05,10079469418.5
24/11/2013 18:15:05,10024956042
25/11/2013 18:15:05,9798077300
26/11/2013 18:15:05,10173483145
27/11/2013 18:15:05,11575437200
28/11/2013 18:15:05,12158197750
29/11/2013 18:15:05,13065737062.500002
30/11/2013 18:15:05,13504897665
01/12/2013 18:15:05,11701352500
02/12/2013 18:15:05,11974044577.75
03/12/2013 18:15:05,12796399500
04/12/2013 18:15:05,13900051500
05/12/2013 18:15:05,12423144163.499998
06/12/2013 18:15:05,10804928700
07/12/2013 18:15:05,8793554296.5
08/12/2013 18:15:05,8744799021.75
09/12/2013 18:15:05,10539274200
10/12/2013 18:15:05,11342353720.5
11/12/2013 18:15:05,10731150885
12/12/2013 18:15:05,10244844618.75
13/12/2013 18:15:05,10590673150
14/12/2013 18:15:05,10482304132.5
15/12/2013 18:15:05,10285693977.25
16/12/2013 18:15:05,8601410750
17/12/2013 18:15:05,8520552683.749999
18/12/2013 18:15:05,6995691508
19/12/2013 18:15:05,7932203225
20/12/2013 18:15:05,8020567500
21/12/2013 18:15:05,7445825625
22/12/2013 18:15:05,7746302200
23/12/2013 18:15:05,7784111542.5
24/12/2013 18:15:05,7876450630.75
25/12/2013 18:15:05,8010702561.750001
26/12/2013 18:15:05,8943399550
27/12/2013 18:15:05,8716253381.25
28/12/2013 18:15:05,8549801919.75
29/12/2013 18:15:05,8713093532.75
30/12/2013 18:15:05,9013010382.5
31/12/2013 18:15:05,8917322800
01/01/2014 18:15:05,9115018220
02/01/2014 18:15:05,9253369174.5
03/01/2014 18:15:05,9845053570.25
04/01/2014 18:15:05,10045556735.5
05/01/2014 18:15:05,10948873600
06/01/2014 18:15:05,11419923171.5
07/01/2014 18:15:05,10607038228.5
08/01/2014 18:15:05,10096391537.5
09/01/2014 18:15:05,9902844981.75
10/01/2014 18:15:05,10130861704.5
11/01/2014 18:15:05,10923824725
12/01/2014 18:15:05,10427515750
13/01/2014 18:15:05,9902642684.75
14/01/2014 18:15:05,10064180131.25
15/01/2014 18:15:05,10398269665
16/01/2014 18:15:05,10196347805
17/01/2014 18:15:05,9734293075
18/01/2014 18:15:05,9842267405.5
19/01/2014 18:15:05,10232530350
20/01/2014 18:15:05,10220612013
21/01/2014 18:15:05,10111586132
22/01/2014 18:15:05,9998543353.75
23/01/2014 18:15:05,10001792365.5
24/01/2014 18:15:05,9711394517.5
25/01/2014 18:15:05,9922504800
26/01/2014 18:15:05,10181507196
27/01/2014 18:15:05,9571727025
28/01/2014 18:15:05,9860844595
29/01/2014 18:15:05,9905916930
30/01/2014 18:15:05,9856971517.25
31/01/2014 18:15:05,9899258812.5
01/02/2014 18:15:05,10069683795.5
02/02/2014 18:15:05,10117509693
03/02/2014 18:15:05,10050226550
04/02/2014 18:15:05,9994983473.75
05/02/2014 18:15:05,9886600000
06/02/2014 18:15:05,9617966650
07/02/2014 18:15:05,9185626009
08/02/2014 18:15:05,8746243975
09/02/2014 18:15:05,8786037000
10/02/2014 18:15:05,8231719125
11/02/2014 18:15:05,8296409000
12/02/2014 18:15:05,8262169493.75
13/02/2014 18:15:05,7856007836.25
14/02/2014 18:15:05,8331452415
15/02/2014 18:15:05,8078031422.999999
16/02/2014 18:15:05,7734813662.5
17/02/2014 18:15:05,7966979250
18/02/2014 18:15:05,7780597426
19/02/2014 18:15:05,7748321499.749999
20/02/2014 18:15:05,7238794695.000001
21/02/2014 18:15:05,7035698628
22/02/2014 18:15:05,7508165977
23/02/2014 18:15:05,7794323689
24/02/2014 18:15:05,6779936250
25/02/2014 18:15:05,6570696000
26/02/2014 18:15:05,7287410254.5
27/02/2014 18:15:05,7287458482.749999
28/02/2014 18:15:05,7200509201.75
01/03/2014 18:15:05,7122018712.5
02/03/2014 18:15:05,6979296116
03/03/2014 18:15:05,8310755125
04/03/2014 18:15:05,8451643187.25
05/03/2014 18:15:05,8295167237.5
06/03/2014 18:15:05,8200135216
07/03/2014 18:15:05,7756914967.499999
08/03/2014 18:15:05,7606014150
09/03/2014 18:15:05,7970696165.5
10/03/2014 18:15:05,7773366674.25
11/03/2014 18:15:05,7787355647.5
12/03/2014 18:15:05,8030086547.5
13/03/2014 18:15:05,8039179622
14/03/2014 18:15:05,7964578727.25
15/03/2014 18:15:05,7965110034.5
16/03/2014 18:15:05,7950718680.000001
17/03/2014 18:15:05,7825273315.000001
18/03/2014 18:15:05,7856357025
19/03/2014 18:15:05,7625780519.5
20/03/2014 18:15:05,7397493750
21/03/2014 18:15:05,7274611573.5
22/03/2014 18:15:05,6988706850
23/03/2014 18:15:05,7118715007.75
24/03/2014 18:15:05,7182689800
25/03/2014 18:15:05,7285587718.5
26/03/2014 18:15:05,7359247287.500001
27/03/2014 18:15:05,6538419810.000001
28/03/2014 18:15:05,6324533375
29/03/2014 18:15:05,6288195326
30/03/2014 18:15:05,5649401257.5
31/03/2014 18:15:05,5751722025
01/04/2014 18:15:05,6037174753
02/04/2014 18:15:05,5604741625
03/04/2014 18:15:05,5623561788.75
04/04/2014 18:15:05,5622022951.5
05/04/2014 18:15:05,5697532960
06/04/2014 18:15:05,5797898152.25
07/04/2014 18:15:05,5649057225.5
08/04/2014 18:15:05,5730692600.75
09/04/2014 18:15:05,5593849485
10/04/2014 18:15:05,5064118725
11/04/2014 18:15:05,5406562275.5
12/04/2014 18:15:05,5370238521
13/04/2014 18:15:05,5119777125
14/04/2014 18:15:05,5730397111.5
15/04/2014 18:15:05,6197777923.5
16/04/2014 18:15:05,6472815112.5
17/04/2014 18:15:05,6266167875
18/04/2014 18:15:05,6077902743.5
19/04/2014 18:15:05,6332183310
20/04/2014 18:15:05,6337982518.5
21/04/2014 18:15:05,6293422987.5
22/04/2014 18:15:05,6255140735.25
23/04/2014 18:15:05,6180815740
24/04/2014 18:15:05,6237162710
25/04/2014 18:15:05,5827336661.25
26/04/2014 18:15:05,5889432077
27/04/2014 18:15:05,5589358020
28/04/2014 18:15:05,5678844450
29/04/2014 18:15:05,5689505910
30/04/2014 18:15:05,5707665550
01/05/2014 18:15:05,5849556161.5
02/05/2014 18:15:05,5692506204
03/05/2014 18:15:05,5528578000
04/05/2014 18:15:05,5551993638
05/05/2014 18:15:05,5446671642.75
06/05/2014 18:15:05,5480499989.75
07/05/2014 18:15:05,5690164672.5
08/05/2014 18:15:05,5626277325
09/05/2014 18:15:05,5762215354
10/05/2014 18:15:05,5769316392.5
11/05/2014 18:15:05,5548979625
12/05/2014 18:15:05,5633628300
13/05/2014 18:15:05,5602955327.5
14/05/2014 18:15:05,5713641818
15/05/2014 18:15:05,5734657426.5
16/05/2014 18:15:05,5743344319
17/05/2014 18:15:05,5739904793
18/05/2014 18:15:05,5716830220.5
19/05/2014 18:15:05,5709600195
20/05/2014 18:15:05,6205327067.25
21/05/2014 18:15:05,6333680297.25
22/05/2014 18:15:05,6706644944
23/05/2014 18:15:05,6755202796
24/05/2014 18:15:05,6681192720
25/05/2014 18:15:05,7368495625
26/05/2014 18:15:05,7486296000
27/05/2014 18:15:05,7460868060.75
28/05/2014 18:15:05,7366729894.500001
29/05/2014 18:15:05,7287397400
30/05/2014 18:15:05,7816291020
31/05/2014 18:15:05,7965213010.000001
01/06/2014 18:15:05,8668278779.5
02/06/2014 18:15:05,8112594157.5
03/06/2014 18:15:05,8660592155
04/06/2014 18:15:05,8287765076.5
05/06/2014 18:15:05,8470908648
06/06/2014 18:15:05,8435141762.5
07/06/2014 18:15:05,8418992602.499999
08/06/2014 18:15:05,8391843100
09/06/2014 18:15:05,8380284372.249999
10/06/2014 18:15:05,8369770837.5
11/06/2014 18:15:05,8244607176
12/06/2014 18:15:05,7950831675
13/06/2014 18:15:05,7502256450
14/06/2014 18:15:05,7194308659.999999
15/06/2014 18:15:05,7230054767.25
16/06/2014 18:15:05,7678237000
17/06/2014 18:15:05,7715093732.5
18/06/2014 18:15:05,7807381180
19/06/2014 18:15:05,7806046764.000001
20/06/2014 18:15:05,7666832261.000001
21/06/2014 18:15:05,7639387910.75
22/06/2014 18:15:05,7708059500.000001
23/06/2014 18:15:05,7651170800
24/06/2014 18:15:05,7576975431
25/06/2014 18:15:05,7339701600
26/06/2014 18:15:05,7368023675
27/06/2014 18:15:05,7629370137.5
28/06/2014 18:15:05,7737216399.000001
29/06/2014 18:15:05,7725813900
30/06/2014 18:15:05,8038858000
01/07/2014 18:15:05,8487791107.500001
02/07/2014 18:15:05,8484227550
03/07/2014 18:15:05,8357159646
04/07/2014 18:15:05,8248755523.5
05/07/2014 18:15:05,8215983881
06/07/2014 18:15:05,8240549910.75
07/07/2014 18:15:05,8080235477
08/07/2014 18:15:05,8105106240.000001
09/07/2014 18:15:05,8122404507
10/07/2014 18:15:05,8059014834.5
11/07/2014 18:15:05,8198300350.249999
12/07/2014 18:15:05,8222628582
13/07/2014 18:15:05,8211005775
14/07/2014 18:15:05,8107843949.999999
15/07/2014 18:15:05,8114810685.249999
16/07/2014 18:15:05,8069315506
17/07/2014 18:15:05,8156920850
18/07/2014 18:15:05,8209721212
19/07/2014 18:15:05,8226250419.999999
20/07/2014 18:15:05,8135676167.5
21/07/2014 18:15:05,8077594531.5
22/07/2014 18:15:05,8104472551.5
23/07/2014 18:15:05,8119531937
24/07/2014 18:15:05,7849862761.499999
25/07/2014 18:15:05,7870638896.5
26/07/2014 18:15:05,7785082818
27/07/2014 18:15:05,7743439126.25
28/07/2014 18:15:05,7672902534
29/07/2014 18:15:05,7603694000
30/07/2014 18:15:05,7501333455
31/07/2014 18:15:05,7667355850
01/08/2014 18:15:05,7878220817.000001
02/08/2014 18:15:05,7745258967.25
03/08/2014 18:15:05,7723934074.25
04/08/2014 18:15:05,7780287333.000001
05/08/2014 18:15:05,7602346577.5
06/08/2014 18:15:05,7622784020
07/08/2014 18:15:05,7699010020
08/08/2014 18:15:05,7728389582.499999
09/08/2014 18:15:05,7721886298.5
10/08/2014 18:15:05,7729507191.75
11/08/2014 18:15:05,7600645788.75
12/08/2014 18:15:05,7479427095.999999
13/08/2014 18:15:05,7226817835.5
14/08/2014 18:15:05,6854912354.5
15/08/2014 18:15:05,6548138844
16/08/2014 18:15:05,6692802825
17/08/2014 18:15:05,6469722234
18/08/2014 18:15:05,6160174810.75
19/08/2014 18:15:05,6416755312.5
20/08/2014 18:15:05,6679378132.5
21/08/2014 18:15:05,6924903790.5
22/08/2014 18:15:05,6827814187.5
23/08/2014 18:15:05,6640470759
24/08/2014 18:15:05,6733102331.25
25/08/2014 18:15:05,6643037913.75
26/08/2014 18:15:05,6763841117.249999
27/08/2014 18:15:05,6792953412
28/08/2014 18:15:05,6723349466.75
29/08/2014 18:15:05,6759791170.25
30/08/2014 18:15:05,6654881727
31/08/2014 18:15:05,6315143457
01/09/2014 18:15:05,6377861181
02/09/2014 18:15:05,6393599083.75
03/09/2014 18:15:05,6251518222
04/09/2014 18:15:05,6428625750
05/09/2014 18:15:05,6429245278.5
06/09/2014 18:15:05,6367490749.5
07/09/2014 18:15:05,6363240583
08/09/2014 18:15:05,6311972619.75
09/09/2014 18:15:05,6179355602
10/09/2014 18:15:05,6426974895.25
11/09/2014 18:15:05,6216466025
12/09/2014 18:15:05,6237313762.5
13/09/2014 18:15:05,6364467155.5
14/09/2014 18:15:05,6308527913.25
15/09/2014 18:15:05,6307765712.5
16/09/2014 18:15:05,6212863800
17/09/2014 18:15:05,5949473600
18/09/2014 18:15:05,5688375693
19/09/2014 18:15:05,5300749487.5
20/09/2014 18:15:05,5524070247
21/09/2014 18:15:05,5402753935
22/09/2014 18:15:05,5333585347.5
23/09/2014 18:15:05,5628078450
24/09/2014 18:15:05,5748387369.75
25/09/2014 18:15:05,5432891464
26/09/2014 18:15:05,5395279765.5
27/09/2014 18:15:05,5337967003.5
28/09/2014 18:15:05,5063025000
29/09/2014 18:15:05,5090190768
30/09/2014 18:15:05,5101373770
01/10/2014 18:15:05,5137430973.75
02/10/2014 18:15:05,5013209451.25
03/10/2014 18:15:05,4853097937.5
04/10/2014 18:15:05,4484062800
05/10/2014 18:15:05,3920457791.25
06/10/2014 18:15:05,4422803400
07/10/2014 18:15:05,4417374855
08/10/2014 18:15:05,4626353890.5
09/10/2014 18:15:05,5064334156.5
10/10/2014 18:15:05,4798872496.5
11/10/2014 18:15:05,4813795279.75
12/10/2014 18:15:05,4879865751.75
13/10/2014 18:15:05,5103763143
14/10/2014 18:15:05,5512344464.5
15/10/2014 18:15:05,5274369650
16/10/2014 18:15:05,5061867359.5
17/10/2014 18:15:05,5127558024.75
18/10/2014 18:15:05,5220952124
19/10/2014 18:15:05,5213010586
20/10/2014 18:15:05,5160197007.5
21/10/2014 18:15:05,5189031450
22/10/2014 18:15:05,5165201887.5
23/10/2014 18:15:05,4883362638
24/10/2014 18:15:05,4810631776.5
25/10/2014 18:15:05,4683525526.75
26/10/2014 18:15:05,4772474124.75
27/10/2014 18:15:05,4788169325
28/10/2014 18:15:05,4768547912
29/10/2014 18:15:05,4616493552
30/10/2014 18:15:05,4530198325
31/10/2014 18:15:05,4584899553.75
01/11/2014 18:15:05,4403862030.75
02/11/2014 18:15:05,4392017915.25
03/11/2014 18:15:05,4385207114
04/11/2014 18:15:05,4425721720
05/11/2014 18:15:05,4605750325
06/11/2014 18:15:05,4687412655
07/11/2014 18:15:05,4611859378.5
08/11/2014 18:15:05,4661447670
09/11/2014 18:15:05,4804211514
10/11/2014 18:15:05,5069001613.5
11/11/2014 18:15:05,4924234458
12/11/2014 18:15:05,5802913006.5
13/11/2014 18:15:05,5487177696
14/11/2014 18:15:05,5353659140
15/11/2014 18:15:05,5038882560
16/11/2014 18:15:05,5182200331.25
17/11/2014 18:15:05,5113804134
18/11/2014 18:15:05,5134550134.25
19/11/2014 18:15:05,5066365722
20/11/2014 18:15:05,4890916442.5
21/11/2014 18:15:05,4827117112.5
22/11/2014 18:15:05,4867761185
23/11/2014 18:15:05,4912198474
24/11/2014 18:15:05,5198006400
25/11/2014 18:15:05,5159022365.25
26/11/2014 18:15:05,5030504780
27/11/2014 18:15:05,5047706145.5
28/11/2014 18:15:05,5096576448
29/11/2014 18:15:05,5112905893.5
30/11/2014 18:15:05,5097293877
01/12/2014 18:15:05,5176753038
02/12/2014 18:15:05,5180956836
03/12/2014 18:15:05,5132181106.25
04/12/2014 18:15:05,5044277364.75
05/12/2014 18:15:05,5077030936.5
06/12/2014 18:15:05,5079337165
07/12/2014 18:15:05,5103296365.5
08/12/2014 18:15:05,4986234561
09/12/2014 18:15:05,4760292226.75
10/12/2014 18:15:05,4770972114.75
11/12/2014 18:15:05,4841998530
12/12/2014 18:15:05,4829389818
13/12/2014 18:15:05,4765766121.75
14/12/2014 18:15:05,4807337088
15/12/2014 18:15:05,4793307332.5
16/12/2014 18:15:05,4584536858.75
17/12/2014 18:15:05,4333263510
18/12/2014 18:15:05,4327558492.5
19/12/2014 18:15:05,4327589638.75
20/12/2014 18:15:05,4438688455
21/12/2014 18:15:05,4456636200.75
22/12/2014 18:15:05,4534046550
23/12/2014 18:15:05,4595814288
24/12/2014 18:15:05,4469253041.75
25/12/2014 18:15:05,4357639535.5
26/12/2014 18:15:05,4478641758.5
27/12/2014 18:15:05,4293704692.5
28/12/2014 18:15:05,4336676937.5
29/12/2014 18:15:05,4296892594.5
30/12/2014 18:15:05,4278907102.9999995
31/12/2014 18:15:05,4339040505
01/01/2015 18:15:05,4317110682.5
02/01/2015 18:15:05,4324528908.75
03/01/2015 18:15:05,4136728482.25
04/01/2015 18:15:05,3708212136.75
05/01/2015 18:15:05,3789717240
06/01/2015 18:15:05,3790803680
07/01/2015 18:15:05,3791827840
08/01/2015 18:15:05,3792762040
09/01/2015 18:15:05,3793813880
10/01/2015 18:15:05,3811241000
11/01/2015 18:15:05,3733411893.75
12/01/2015 18:15:05,3703664250
13/01/2015 18:15:05,3167787711
14/01/2015 18:15:05,2422228637.5
15/01/2015 18:15:05,2994028686.5
16/01/2015 18:15:05,2819635181.25
17/01/2015 18:15:05,2707305216
18/01/2015 18:15:05,2901196119.5
19/01/2015 18:15:05,2918642141
20/01/2015 18:15:05,2927526251
21/01/2015 18:15:05,2958639540
22/01/2015 18:15:05,3216610342.5
23/01/2015 18:15:05,3205368430.25
24/01/2015 18:15:05,3365806048
25/01/2015 18:15:05,3400567198.5
26/01/2015 18:15:05,3736655601.7500005
27/01/2015 18:15:05,3662740944.4999995
28/01/2015 18:15:05,3432695925
29/01/2015 18:15:05,3212507056.5
30/01/2015 18:15:05,3170875530.75
31/01/2015 18:15:05,3166115890
01/02/2015 18:15:05,3043276324
02/02/2015 18:15:05,3075532375
03/02/2015 18:15:05,3262655450
04/02/2015 18:15:05,3071111004
05/02/2015 18:15:05,3000292899
06/02/2015 18:15:05,3044045825.25
07/02/2015 18:15:05,3109769195
08/02/2015 18:15:05,3087557512.5
09/02/2015 18:15:05,3045448195.5
10/02/2015 18:15:05,3043095552
11/02/2015 18:15:05,3069222640.5
12/02/2015 18:15:05,3067764710.5
13/02/2015 18:15:05,3319054029
14/02/2015 18:15:05,3394323806.25
15/02/2015 18:15:05,3376876497.75
16/02/2015 18:15:05,3265287115.5
17/02/2015 18:15:05,3378924200
18/02/2015 18:15:05,3253436855.25
19/02/2015 18:15:05,3347513318.25
20/02/2015 18:15:05,3375820757
21/02/2015 18:15:05,3405774966.5
22/02/2015 18:15:05,3272741800
23/02/2015 18:15:05,3288669462.75
24/02/2015 18:15:05,3331249442.5
25/02/2015 18:15:05,3311229561.75
26/02/2015 18:15:05,3296957187.5
27/02/2015 18:15:05,3527012250
28/02/2015 18:15:05,3513702465
01/03/2015 18:15:05,3439351080
02/03/2015 18:15:05,3666101617.5
03/03/2015 18:15:05,3833785480
04/03/2015 18:15:05,3916209466.2499995
05/03/2015 18:15:05,3694216021.25
06/03/2015 18:15:05,3785549759
07/03/2015 18:15:05,3838133075.5
08/03/2015 18:15:05,3811928062.5
09/03/2015 18:15:05,4002310934.0000005
10/03/2015 18:15:05,4095028099.5
11/03/2015 18:15:05,4085522367.7500005
12/03/2015 18:15:05,4143624087
13/03/2015 18:15:05,4034835730.25
14/03/2015 18:15:05,3961922926.2499995
15/03/2015 18:15:05,3954043366
16/03/2015 18:15:05,4056925176
17/03/2015 18:15:05,4004115562.9999995
18/03/2015 18:15:05,3709717423.7500005
19/03/2015 18:15:05,3637668805
20/03/2015 18:15:05,3627139245
21/03/2015 18:15:05,3600557275.5
22/03/2015 18:15:05,3638709587.5
23/03/2015 18:15:05,3717523388.25
24/03/2015 18:15:05,3463709254.5
25/03/2015 18:15:05,3434680104
26/03/2015 18:15:05,3523694619.5
27/03/2015 18:15:05,3477917244.75
28/03/2015 18:15:05,3519286704
29/03/2015 18:15:05,3415687192.5
30/03/2015 18:15:05,3432372892
31/03/2015 18:15:05,3401639125
01/04/2015 18:15:05,3399420022.5
02/04/2015 18:15:05,3536772754
03/04/2015 18:15:05,3565053258.75
04/04/2015 18:15:05,3557341515.75
05/04/2015 18:15:05,3604010402.4999995
06/04/2015 18:15:05,3572161132.5
07/04/2015 18:15:05,3584116146
08/04/2015 18:15:05,3450310038.25
09/04/2015 18:15:05,3438416790
10/04/2015 18:15:05,3309144475.5
11/04/2015 18:15:05,3323853832.5
12/04/2015 18:15:05,3325501365
13/04/2015 18:15:05,3175023906
14/04/2015 18:15:05,3035523600
15/04/2015 18:15:05,3077794818
16/04/2015 18:15:05,3228428497.5
17/04/2015 18:15:05,3131458310.75
18/04/2015 18:15:05,3127275396
19/04/2015 18:15:05,3175869114
20/04/2015 18:15:05,3161465083
21/04/2015 18:15:05,3165877506
22/04/2015 18:15:05,3342138811
23/04/2015 18:15:05,3316759348
24/04/2015 18:15:05,3253364933
25/04/2015 18:15:05,3221419770
26/04/2015 18:15:05,3078777333.5
27/04/2015 18:15:05,3138324233.75
28/04/2015 18:15:05,3140185113
29/04/2015 18:15:05,3183645204.75
30/04/2015 18:15:05,3317590248
01/05/2015 18:15:05,3294461783.25
02/05/2015 18:15:05,3305201503.5
03/05/2015 18:15:05,3396097404
04/05/2015 18:15:05,3335594229
05/05/2015 18:15:05,3315170883
06/05/2015 18:15:05,3331977963.75
07/05/2015 18:15:05,3307483748.5
08/05/2015 18:15:05,3460059372
09/05/2015 18:15:05,3409353360
10/05/2015 18:15:05,3385659603.75
11/05/2015 18:15:05,3455032100.5
12/05/2015 18:15:05,3418066879
13/05/2015 18:15:05,3436174904
14/05/2015 18:15:05,3374718444
15/05/2015 18:15:05,3365503020
16/05/2015 18:15:05,3352520598.25
17/05/2015 18:15:05,3341497738
18/05/2015 18:15:05,3351802886.25
19/05/2015 18:15:05,3290077757
20/05/2015 18:15:05,3327208635
21/05/2015 18:15:05,3347966800
22/05/2015 18:15:05,3412658925
23/05/2015 18:15:05,3388826794.5
24/05/2015 18:15:05,3413660332.5
25/05/2015 18:15:05,3346224108.75
26/05/2015 18:15:05,3351138399
27/05/2015 18:15:05,3338639125
28/05/2015 18:15:05,3360445832
29/05/2015 18:15:05,3352703354
30/05/2015 18:15:05,3285902376
31/05/2015 18:15:05,3298555151.25
01/06/2015 18:15:05,3163506560
02/06/2015 18:15:05,3198892481.5
03/06/2015 18:15:05,3220468764
04/06/2015 18:15:05,3210595731
05/06/2015 18:15:05,3191604605
06/06/2015 18:15:05,3197349335.25
07/06/2015 18:15:05,3171359940
08/06/2015 18:15:05,3249096900
09/06/2015 18:15:05,3279954697.5
10/06/2015 18:15:05,3251063484.25
11/06/2015 18:15:05,3266066700
12/06/2015 18:15:05,3280825686
13/06/2015 18:15:05,3285158823
14/06/2015 18:15:05,3312113463.75
15/06/2015 18:15:05,3375945331.5
16/06/2015 18:15:05,3503622535
17/06/2015 18:15:05,3570341154
18/06/2015 18:15:05,3546871875
19/06/2015 18:15:05,3522146336.25
20/06/2015 18:15:05,3489093090
21/06/2015 18:15:05,3466817874.75
22/06/2015 18:15:05,3523205318.75
23/06/2015 18:15:05,3489324384
24/06/2015 18:15:05,3443311744
25/06/2015 18:15:05,3462594912
26/06/2015 18:15:05,3453038843.25
27/06/2015 18:15:05,3558488937.5
28/06/2015 18:15:05,3563126298
29/06/2015 18:15:05,3636186255
30/06/2015 18:15:05,3762199291.4999995
01/07/2015 18:15:05,3696067023.7500005
02/07/2015 18:15:05,3656967385.5
03/07/2015 18:15:05,3658574047.5
04/07/2015 18:15:05,3700017152
05/07/2015 18:15:05,3887492037
06/07/2015 18:15:05,3923809460.75
07/07/2015 18:15:05,3837098590.5
08/07/2015 18:15:05,3872881222
09/07/2015 18:15:05,3888176093
10/07/2015 18:15:05,4123436257.5000005
11/07/2015 18:15:05,4218182000
12/07/2015 18:15:05,4446326685
13/07/2015 18:15:05,4168493842.4999995
14/07/2015 18:15:05,4212217418.5
15/07/2015 18:15:05,4185723080
16/07/2015 18:15:05,3968131248
17/07/2015 18:15:05,4001221266
18/07/2015 18:15:05,4003628992
19/07/2015 18:15:05,3975965187.7499995
20/07/2015 18:15:05,4008217039.5
21/07/2015 18:15:05,4019420682.7500005
22/07/2015 18:15:05,3999837095.0000005
23/07/2015 18:15:05,3987897004
24/07/2015 18:15:05,4142772627.5
25/07/2015 18:15:05,4141275320
26/07/2015 18:15:05,4217430293.5
27/07/2015 18:15:05,4196339601.7500005
28/07/2015 18:15:05,4261604875
29/07/2015 18:15:05,4197155670
30/07/2015 18:15:05,4152804929
31/07/2015 18:15:05,4113647099.9999995
01/08/2015 18:15:05,4056151352.0000005
02/08/2015 18:15:05,4056819587.25
03/08/2015 18:15:05,4111340913
04/08/2015 18:15:05,4121185500
05/08/2015 18:15:05,4088672680.5
06/08/2015 18:15:05,4008791845.0000005
07/08/2015 18:15:05,4042912995
08/08/2015 18:15:05,3906502563.25
09/08/2015 18:15:05,3842697676
10/08/2015 18:15:05,3824307952.25
11/08/2015 18:15:05,3851209440.0000005
12/08/2015 18:15:05,3881585457.75
13/08/2015 18:15:05,3854756404.0000005
14/08/2015 18:15:05,3870433884.5
15/08/2015 18:15:05,3848418459.0000005
16/08/2015 18:15:05,3734235455.2500005
17/08/2015 18:15:05,3734872203.75
18/08/2015 18:15:05,3684437228
19/08/2015 18:15:05,3386111034
20/08/2015 18:15:05,3386143924.25
21/08/2015 18:15:05,3392269896.75
22/08/2015 18:15:05,3283490946
23/08/2015 18:15:05,3322623211
24/08/2015 18:15:05,3099123540
25/08/2015 18:15:05,3227493639
26/08/2015 18:15:05,3327522393
27/08/2015 18:15:05,3320084428.5
28/08/2015 18:15:05,3406769556.75
29/08/2015 18:15:05,3321148728
30/08/2015 18:15:05,3296497320
31/08/2015 18:15:05,3362480626.5
01/09/2015 18:15:05,3325201108
02/09/2015 18:15:05,3360459735
03/09/2015 18:15:05,3313827788
04/09/2015 18:15:05,3363956160
05/09/2015 18:15:05,3421248063.25
06/09/2015 18:15:05,3502824590
07/09/2015 18:15:05,3519832118.5
08/09/2015 18:15:05,3546494661
09/09/2015 18:15:05,3503571468
10/09/2015 18:15:05,3498746776
11/09/2015 18:15:05,3503433867
12/09/2015 18:15:05,3434144189
13/09/2015 18:15:05,3357978768
14/09/2015 18:15:05,3373797492
15/09/2015 18:15:05,3361875500
16/09/2015 18:15:05,3331444219.5
17/09/2015 18:15:05,3422039400
18/09/2015 18:15:05,3408107823
19/09/2015 18:15:05,3375518010
20/09/2015 18:15:05,3368746800
21/09/2015 18:15:05,3316226688
22/09/2015 18:15:05,3359153459
23/09/2015 18:15:05,3367629247.5
24/09/2015 18:15:05,3426325082.5
25/09/2015 18:15:05,3454966027.75
26/09/2015 18:15:05,3426109284
27/09/2015 18:15:05,3413610106.25
28/09/2015 18:15:05,3503720584
29/09/2015 18:15:05,3486272414
30/09/2015 18:15:05,3490567938
01/10/2015 18:15:05,3507186837
02/10/2015 18:15:05,3490319119.5
03/10/2015 18:15:05,3511631462.75
04/10/2015 18:15:05,3516940234.5
05/10/2015 18:15:05,3514153761
06/10/2015 18:15:05,3624513479.25
07/10/2015 18:15:05,3604476037.5
08/10/2015 18:15:05,3585617248.25
09/10/2015 18:15:05,3599220642
10/10/2015 18:15:05,3614987148.75
11/10/2015 18:15:05,3649597910
12/10/2015 18:15:05,3629129621.25
13/10/2015 18:15:05,3673374595.5
14/10/2015 18:15:05,3748227565
15/10/2015 18:15:05,3751179453
16/10/2015 18:15:05,3863819742.25
17/10/2015 18:15:05,3964275577.5
18/10/2015 18:15:05,3867532353
19/10/2015 18:15:05,3893975956.0000005
20/10/2015 18:15:05,3977971670
21/10/2015 18:15:05,3968626252.5000005
22/10/2015 18:15:05,4041228215
23/10/2015 18:15:05,4093632236.5
24/10/2015 18:15:05,4131051097.4999995
25/10/2015 18:15:05,4355203129
26/10/2015 18:15:05,4207771165
27/10/2015 18:15:05,4353353674.5
28/10/2015 18:15:05,4416702247.5
29/10/2015 18:15:05,4586422490
30/10/2015 18:15:05,4866185020
31/10/2015 18:15:05,4597154298
01/11/2015 18:15:05,4606968187.5
02/11/2015 18:15:05,5039912342.5
03/11/2015 18:15:05,6052054800
04/11/2015 18:15:05,6468809828.75
05/11/2015 18:15:05,5921920000
06/11/2015 18:15:05,5751218425.5
07/11/2015 18:15:05,5737988774
08/11/2015 18:15:05,5652375858
09/11/2015 18:15:05,5613617130
10/11/2015 18:15:05,5241134019
11/11/2015 18:15:05,4595034502.5
12/11/2015 18:15:05,4918001050
13/11/2015 18:15:05,4928286660
14/11/2015 18:15:05,4925097290
15/11/2015 18:15:05,4784255549.25
16/11/2015 18:15:05,4889455205
17/11/2015 18:15:05,4989243842.5
18/11/2015 18:15:05,4968286239
19/11/2015 18:15:05,4888331350
20/11/2015 18:15:05,4765094517.5
21/11/2015 18:15:05,4839962157
22/11/2015 18:15:05,4793345255.25
23/11/2015 18:15:05,4826764413.25
24/11/2015 18:15:05,4777558597.5
25/11/2015 18:15:05,4836836875
26/11/2015 18:15:05,5180545500
27/11/2015 18:15:05,5353676439
28/11/2015 18:15:05,5270688720
29/11/2015 18:15:05,5422546741.5
30/11/2015 18:15:05,5551320987.75
01/12/2015 18:15:05,5356194597
02/12/2015 18:15:05,5382265947
03/12/2015 18:15:05,5406085237.5
04/12/2015 18:15:05,5383391312
05/12/2015 18:15:05,5636186752
06/12/2015 18:15:05,5821698036
07/12/2015 18:15:05,5905880836.5
08/12/2015 18:15:05,5898642413.5
09/12/2015 18:15:05,6184512430.75
10/12/2015 18:15:05,6210898129
11/12/2015 18:15:05,6640958131.5
12/12/2015 18:15:05,6370246741.5
13/12/2015 18:15:05,6562214147.5
14/12/2015 18:15:05,6666020040
15/12/2015 18:15:05,6875876973
16/12/2015 18:15:05,6802214980.25
17/12/2015 18:15:05,6788449783.5
18/12/2015 18:15:05,6873533517.5
19/12/2015 18:15:05,6908418909
20/12/2015 18:15:05,6518066555
21/12/2015 18:15:05,6575498820
22/12/2015 18:15:05,6536266657.5
23/12/2015 18:15:05,6619344750
24/12/2015 18:15:05,6809238651.25
25/12/2015 18:15:05,6826212808.5
26/12/2015 18:15:05,6273183470.25
27/12/2015 18:15:05,6282277211
28/12/2015 18:15:05,6366854662.5
29/12/2015 18:15:05,6475863612.75
30/12/2015 18:15:05,6430700000
31/12/2015 18:15:05,6452379124
01/01/2016 18:15:05,6498773751.75
02/01/2016 18:15:05,6524461476
03/01/2016 18:15:05,6438700586.25
04/01/2016 18:15:05,6513835500
05/01/2016 18:15:05,6499047642.5
06/01/2016 18:15:05,6483207481.25
07/01/2016 18:15:05,6830411223.25
08/01/2016 18:15:05,6731953008
09/01/2016 18:15:05,6780575688.75
10/01/2016 18:15:05,6723576172
11/01/2016 18:15:05,6738584831.75
12/01/2016 18:15:05,6733767994.5
13/01/2016 18:15:05,6477765250.5
14/01/2016 18:15:05,6514326105
15/01/2016 18:15:05,5907989110.5
16/01/2016 18:15:05,5589150800
17/01/2016 18:15:05,5817587213.75
18/01/2016 18:15:05,5816707008
19/01/2016 18:15:05,5718173059.5
20/01/2016 18:15:05,6167712359.25
21/01/2016 18:15:05,6164094600
22/01/2016 18:15:05,5828775540
23/01/2016 18:15:05,5872828237.5
24/01/2016 18:15:05,6120153918.75
25/01/2016 18:15:05,5854794313.5
26/01/2016 18:15:05,5962740010
27/01/2016 18:15:05,5969251295
28/01/2016 18:15:05,5788917792
29/01/2016 18:15:05,5712112523
30/01/2016 18:15:05,5728624464
31/01/2016 18:15:05,5709410157
01/02/2016 18:15:05,5637418200
02/02/2016 18:15:05,5661377906
03/02/2016 18:15:05,5585672264
04/02/2016 18:15:05,5840368670.5
05/02/2016 18:15:05,5863797293.25
06/02/2016 18:15:05,5661516168
07/02/2016 18:15:05,5673840375
08/02/2016 18:15:05,5706626345
09/02/2016 18:15:05,5659759595
10/02/2016 18:15:05,5758117900.5
11/02/2016 18:15:05,5726044293.75
12/02/2016 18:15:05,5799145650
13/02/2016 18:15:05,5909177895
14/02/2016 18:15:05,6120531763.5
15/02/2016 18:15:05,6125976346
16/02/2016 18:15:05,6189110092.5
17/02/2016 18:15:05,6363300370
18/02/2016 18:15:05,6379341962.5
19/02/2016 18:15:05,6366329644.5
20/02/2016 18:15:05,6694895489
21/02/2016 18:15:05,6622990722.75
22/02/2016 18:15:05,6682772887.5
23/02/2016 18:15:05,6356518650
24/02/2016 18:15:05,6450804727.5
25/02/2016 18:15:05,6426413210
26/02/2016 18:15:05,6472839926
27/02/2016 18:15:05,6591099600
28/02/2016 18:15:05,6615142323
29/02/2016 18:15:05,6657971469.5
01/03/2016 18:15:05,6593564428.25
02/03/2016 18:15:05,6566549286
03/03/2016 18:15:05,6437380104
04/03/2016 18:15:05,6363200092
05/03/2016 18:15:05,6128282500
06/03/2016 18:15:05,6249823738.5
07/03/2016 18:15:05,6298500809
08/03/2016 18:15:05,6306762748
09/03/2016 18:15:05,6319324957.5
10/03/2016 18:15:05,6365361600
11/03/2016 18:15:05,6446951118.5
12/03/2016 18:15:05,6276710500
13/03/2016 18:15:05,6315415323
14/03/2016 18:15:05,6339180629
15/03/2016 18:15:05,6354388122
16/03/2016 18:15:05,6374693158.5
17/03/2016 18:15:05,6416715066
18/03/2016 18:15:05,6268375748.25
19/03/2016 18:15:05,6219459016.5
20/03/2016 18:15:05,6300441606.25
21/03/2016 18:15:05,6297439974.75
22/03/2016 18:15:05,6373545750
23/03/2016 18:15:05,6412718195
24/03/2016 18:15:05,6393876498.5
25/03/2016 18:15:05,6394925517
26/03/2016 18:15:05,6385243243.5
27/03/2016 18:15:05,6557216490
28/03/2016 18:15:05,6499721486
29/03/2016 18:15:05,6363790650
30/03/2016 18:15:05,6340066807.5
31/03/2016 18:15:05,6411943060.5
01/04/2016 18:15:05,6402757500
02/04/2016 18:15:05,6432320502.5
03/04/2016 18:15:05,6433856909.75
04/04/2016 18:15:05,6449733039.75
05/04/2016 18:15:05,6494098132.5
06/04/2016 18:15:05,6485259726.25
07/04/2016 18:15:05,6475089075.75
08/04/2016 18:15:05,6505384260
09/04/2016 18:15:05,6438200965.5
10/04/2016 18:15:05,6500143221
11/04/2016 18:15:05,6487239627.75
12/04/2016 18:15:05,6569044479.75
13/04/2016 18:15:05,6550968002
14/04/2016 18:15:05,6539602042
15/04/2016 18:15:05,6623411785.5
16/04/2016 18:15:05,6630195220.75
17/04/2016 18:15:05,6574388528.5
18/04/2016 18:15:05,6600076658
19/04/2016 18:15:05,6636133517.25
20/04/2016 18:15:05,6793489798.5
21/04/2016 18:15:05,6924213922.5
22/04/2016 18:15:05,6937698442.5
23/04/2016 18:15:05,6924666431.25
24/04/2016 18:15:05,6976108149.5
25/04/2016 18:15:05,7164642193.5
26/04/2016 18:15:05,7249924602.5
27/04/2016 18:15:05,7036666798.5
28/04/2016 18:15:05,6941866106.5
29/04/2016 18:15:05,7030746150
30/04/2016 18:15:05,6983666500
01/05/2016 18:15:05,6981373871.5
02/05/2016 18:15:05,6857676937.5
03/05/2016 14:36:35,6955500615