Date,MarketPrice
2009-01-03 18:15:05,0.0
2009-01-04 18:15:05,0.0
2009-01-05 18:15:05,0.0
2009-01-06 18:15:05,0.0
2009-01-07 18:15:05,0.0
2009-01-08 18:15:05,0.0
2009-01-09 18:15:05,0.0
2009-01-10 18:15:05,0.0
2009-01-11 18:15:05,0.0
2009-01-12 18:15:05,0.0
2009-01-13 18:15:05,0.0
2009-01-14 18:15:05,0.0
2009-01-15 18:15:05,0.0
2009-01-16 18:15:05,0.0
2009-01-17 18:15:05,0.0
2009-01-18 18:15:05,0.0
2009-01-19 18:15:05,0.0
2009-01-20 18:15:05,0.0
2009-01-21 18:15:05,0.0
2009-01-22 18:15:05,0.0
2009-01-23 18:15:05,0.0
2009-01-24 18:15:05,0.0
2009-01-25 18:15:05,0.0
2009-01-26 18:15:05,0.0
2009-01-27 18:15:05,0.0
2009-01-28 18:15:05,0.0
2009-01-29 18:15:05,0.0
2009-01-30 18:15:05,0.0
2009-01-31 18:15:05,0.0
2009-02-01 18:15:05,0.0
2009-02-02 18:15:05,0.0
2009-02-03 18:15:05,0.0
2009-02-04 18:15:05,0.0
2009-02-05 18:15:05,0.0
2009-02-06 18:15:05,0.0
2009-02-07 18:15:05,0.0
2009-02-08 18:15:05,0.0
2009-02-09 18:15:05,0.0
2009-02-10 18:15:05,0.0
2009-02-11 18:15:05,0.0
2009-02-12 18:15:05,0.0
2009-02-13 18:15:05,0.0
2009-02-14 18:15:05,0.0
2009-02-15 18:15:05,0.0
2009-02-16 18:15:05,0.0
2009-02-17 18:15:05,0.0
2009-02-18 18:15:05,0.0
2009-02-19 18:15:05,0.0
2009-02-20 18:15:05,0.0
2009-02-21 18:15:05,0.0
2009-02-22 18:15:05,0.0
2009-02-23 18:15:05,0.0
2009-02-24 18:15:05,0.0
2009-02-25 18:15:05,0.0
2009-02-26 18:15:05,0.0
2009-02-27 18:15:05,0.0
2009-02-28 18:15:05,0.0
2009-03-01 18:15:05,0.0
2009-03-02 18:15:05,0.0
2009-03-03 18:15:05,0.0
2009-03-04 18:15:05,0.0
2009-03-05 18:15:05,0.0
2009-03-06 18:15:05,0.0
2009-03-07 18:15:05,0.0
2009-03-08 18:15:05,0.0
2009-03-09 18:15:05,0.0
2009-03-10 18:15:05,0.0
2009-03-11 18:15:05,0.0
2009-03-12 18:15:05,0.0
2009-03-13 18:15:05,0.0
2009-03-14 18:15:05,0.0
2009-03-15 18:15:05,0.0
2009-03-16 18:15:05,0.0
2009-03-17 18:15:05,0.0
2009-03-18 18:15:05,0.0
2009-03-19 18:15:05,0.0
2009-03-20 18:15:05,0.0
2009-03-21 18:15:05,0.0
2009-03-22 18:15:05,0.0
2009-03-23 18:15:05,0.0
2009-03-24 18:15:05,0.0
2009-03-25 18:15:05,0.0
2009-03-26 18:15:05,0.0
2009-03-27 18:15:05,0.0
2009-03-28 18:15:05,0.0
2009-03-29 18:15:05,0.0
2009-03-30 18:15:05,0.0
2009-03-31 18:15:05,0.0
2009-04-01 18:15:05,0.0
2009-04-02 18:15:05,0.0
2009-04-03 18:15:05,0.0
2009-04-04 18:15:05,0.0
2009-04-05 18:15:05,0.0
2009-04-06 18:15:05,0.0
2009-04-07 18:15:05,0.0
2009-04-08 18:15:05,0.0
2009-04-09 18:15:05,0.0
2009-04-10 18:15:05,0.0
2009-04-11 18:15:05,0.0
2009-04-12 18:15:05,0.0
2009-04-13 18:15:05,0.0
2009-04-14 18:15:05,0.0
2009-04-15 18:15:05,0.0
2009-04-16 18:15:05,0.0
2009-04-17 18:15:05,0.0
2009-04-18 18:15:05,0.0
2009-04-19 18:15:05,0.0
2009-04-20 18:15:05,0.0
2009-04-21 18:15:05,0.0
2009-04-22 18:15:05,0.0
2009-04-23 18:15:05,0.0
2009-04-24 18:15:05,0.0
2009-04-25 18:15:05,0.0
2009-04-26 18:15:05,0.0
2009-04-27 18:15:05,0.0
2009-04-28 18:15:05,0.0
2009-04-29 18:15:05,0.0
2009-04-30 18:15:05,0.0
2009-05-01 18:15:05,0.0
2009-05-02 18:15:05,0.0
2009-05-03 18:15:05,0.0
2009-05-04 18:15:05,0.0
2009-05-05 18:15:05,0.0
2009-05-06 18:15:05,0.0
2009-05-07 18:15:05,0.0
2009-05-08 18:15:05,0.0
2009-05-09 18:15:05,0.0
2009-05-10 18:15:05,0.0
2009-05-11 18:15:05,0.0
2009-05-12 18:15:05,0.0
2009-05-13 18:15:05,0.0
2009-05-14 18:15:05,0.0
2009-05-15 18:15:05,0.0
2009-05-16 18:15:05,0.0
2009-05-17 18:15:05,0.0
2009-05-18 18:15:05,0.0
2009-05-19 18:15:05,0.0
2009-05-20 18:15:05,0.0
2009-05-21 18:15:05,0.0
2009-05-22 18:15:05,0.0
2009-05-23 18:15:05,0.0
2009-05-24 18:15:05,0.0
2009-05-25 18:15:05,0.0
2009-05-26 18:15:05,0.0
2009-05-27 18:15:05,0.0
2009-05-28 18:15:05,0.0
2009-05-29 18:15:05,0.0
2009-05-30 18:15:05,0.0
2009-05-31 18:15:05,0.0
2009-06-01 18:15:05,0.0
2009-06-02 18:15:05,0.0
2009-06-03 18:15:05,0.0
2009-06-04 18:15:05,0.0
2009-06-05 18:15:05,0.0
2009-06-06 18:15:05,0.0
2009-06-07 18:15:05,0.0
2009-06-08 18:15:05,0.0
2009-06-09 18:15:05,0.0
2009-06-10 18:15:05,0.0
2009-06-11 18:15:05,0.0
2009-06-12 18:15:05,0.0
2009-06-13 18:15:05,0.0
2009-06-14 18:15:05,0.0
2009-06-15 18:15:05,0.0
2009-06-16 18:15:05,0.0
2009-06-17 18:15:05,0.0
2009-06-18 18:15:05,0.0
2009-06-19 18:15:05,0.0
2009-06-20 18:15:05,0.0
2009-06-21 18:15:05,0.0
2009-06-22 18:15:05,0.0
2009-06-23 18:15:05,0.0
2009-06-24 18:15:05,0.0
2009-06-25 18:15:05,0.0
2009-06-26 18:15:05,0.0
2009-06-27 18:15:05,0.0
2009-06-28 18:15:05,0.0
2009-06-29 18:15:05,0.0
2009-06-30 18:15:05,0.0
2009-07-01 18:15:05,0.0
2009-07-02 18:15:05,0.0
2009-07-03 18:15:05,0.0
2009-07-04 18:15:05,0.0
2009-07-05 18:15:05,0.0
2009-07-06 18:15:05,0.0
2009-07-07 18:15:05,0.0
2009-07-08 18:15:05,0.0
2009-07-09 18:15:05,0.0
2009-07-10 18:15:05,0.0
2009-07-11 18:15:05,0.0
2009-07-12 18:15:05,0.0
2009-07-13 18:15:05,0.0
2009-07-14 18:15:05,0.0
2009-07-15 18:15:05,0.0
2009-07-16 18:15:05,0.0
2009-07-17 18:15:05,0.0
2009-07-18 18:15:05,0.0
2009-07-19 18:15:05,0.0
2009-07-20 18:15:05,0.0
2009-07-21 18:15:05,0.0
2009-07-22 18:15:05,0.0
2009-07-23 18:15:05,0.0
2009-07-24 18:15:05,0.0
2009-07-25 18:15:05,0.0
2009-07-26 18:15:05,0.0
2009-07-27 18:15:05,0.0
2009-07-28 18:15:05,0.0
2009-07-29 18:15:05,0.0
2009-07-30 18:15:05,0.0
2009-07-31 18:15:05,0.0
2009-08-01 18:15:05,0.0
2009-08-02 18:15:05,0.0
2009-08-03 18:15:05,0.0
2009-08-04 18:15:05,0.0
2009-08-05 18:15:05,0.0
2009-08-06 18:15:05,0.0
2009-08-07 18:15:05,0.0
2009-08-08 18:15:05,0.0
2009-08-09 18:15:05,0.0
2009-08-10 18:15:05,0.0
2009-08-11 18:15:05,0.0
2009-08-12 18:15:05,0.0
2009-08-13 18:15:05,0.0
2009-08-14 18:15:05,0.0
2009-08-15 18:15:05,0.0
2009-08-16 18:15:05,0.0
2009-08-17 18:15:05,0.0
2009-08-18 18:15:05,0.0
2009-08-19 18:15:05,0.0
2009-08-20 18:15:05,0.0
2009-08-21 18:15:05,0.0
2009-08-22 18:15:05,0.0
2009-08-23 18:15:05,0.0
2009-08-24 18:15:05,0.0
2009-08-25 18:15:05,0.0
2009-08-26 18:15:05,0.0
2009-08-27 18:15:05,0.0
2009-08-28 18:15:05,0.0
2009-08-29 18:15:05,0.0
2009-08-30 18:15:05,0.0
2009-08-31 18:15:05,0.0
2009-09-01 18:15:05,0.0
2009-09-02 18:15:05,0.0
2009-09-03 18:15:05,0.0
2009-09-04 18:15:05,0.0
2009-09-05 18:15:05,0.0
2009-09-06 18:15:05,0.0
2009-09-07 18:15:05,0.0
2009-09-08 18:15:05,0.0
2009-09-09 18:15:05,0.0
2009-09-10 18:15:05,0.0
2009-09-11 18:15:05,0.0
2009-09-12 18:15:05,0.0
2009-09-13 18:15:05,0.0
2009-09-14 18:15:05,0.0
2009-09-15 18:15:05,0.0
2009-09-16 18:15:05,0.0
2009-09-17 18:15:05,0.0
2009-09-18 18:15:05,0.0
2009-09-19 18:15:05,0.0
2009-09-20 18:15:05,0.0
2009-09-21 18:15:05,0.0
2009-09-22 18:15:05,0.0
2009-09-23 18:15:05,0.0
2009-09-24 18:15:05,0.0
2009-09-25 18:15:05,0.0
2009-09-26 18:15:05,0.0
2009-09-27 18:15:05,0.0
2009-09-28 18:15:05,0.0
2009-09-29 18:15:05,0.0
2009-09-30 18:15:05,0.0
2009-10-01 18:15:05,0.0
2009-10-02 18:15:05,0.0
2009-10-03 18:15:05,0.0
2009-10-04 18:15:05,0.0
2009-10-05 18:15:05,0.0
2009-10-06 18:15:05,0.0
2009-10-07 18:15:05,0.0
2009-10-08 18:15:05,0.0
2009-10-09 18:15:05,0.0
2009-10-10 18:15:05,0.0
2009-10-11 18:15:05,0.0
2009-10-12 18:15:05,0.0
2009-10-13 18:15:05,0.0
2009-10-14 18:15:05,0.0
2009-10-15 18:15:05,0.0
2009-10-16 18:15:05,0.0
2009-10-17 18:15:05,0.0
2009-10-18 18:15:05,0.0
2009-10-19 18:15:05,0.0
2009-10-20 18:15:05,0.0
2009-10-21 18:15:05,0.0
2009-10-22 18:15:05,0.0
2009-10-23 18:15:05,0.0
2009-10-24 18:15:05,0.0
2009-10-25 18:15:05,0.0
2009-10-26 18:15:05,0.0
2009-10-27 18:15:05,0.0
2009-10-28 18:15:05,0.0
2009-10-29 18:15:05,0.0
2009-10-30 18:15:05,0.0
2009-10-31 18:15:05,0.0
2009-11-01 18:15:05,0.0
2009-11-02 18:15:05,0.0
2009-11-03 18:15:05,0.0
2009-11-04 18:15:05,0.0
2009-11-05 18:15:05,0.0
2009-11-06 18:15:05,0.0
2009-11-07 18:15:05,0.0
2009-11-08 18:15:05,0.0
2009-11-09 18:15:05,0.0
2009-11-10 18:15:05,0.0
2009-11-11 18:15:05,0.0
2009-11-12 18:15:05,0.0
2009-11-13 18:15:05,0.0
2009-11-14 18:15:05,0.0
2009-11-15 18:15:05,0.0
2009-11-16 18:15:05,0.0
2009-11-17 18:15:05,0.0
2009-11-18 18:15:05,0.0
2009-11-19 18:15:05,0.0
2009-11-20 18:15:05,0.0
2009-11-21 18:15:05,0.0
2009-11-22 18:15:05,0.0
2009-11-23 18:15:05,0.0
2009-11-24 18:15:05,0.0
2009-11-25 18:15:05,0.0
2009-11-26 18:15:05,0.0
2009-11-27 18:15:05,0.0
2009-11-28 18:15:05,0.0
2009-11-29 18:15:05,0.0
2009-11-30 18:15:05,0.0
2009-12-01 18:15:05,0.0
2009-12-02 18:15:05,0.0
2009-12-03 18:15:05,0.0
2009-12-04 18:15:05,0.0
2009-12-05 18:15:05,0.0
2009-12-06 18:15:05,0.0
2009-12-07 18:15:05,0.0
2009-12-08 18:15:05,0.0
2009-12-09 18:15:05,0.0
2009-12-10 18:15:05,0.0
2009-12-11 18:15:05,0.0
2009-12-12 18:15:05,0.0
2009-12-13 18:15:05,0.0
2009-12-14 18:15:05,0.0
2009-12-15 18:15:05,0.0
2009-12-16 18:15:05,0.0
2009-12-17 18:15:05,0.0
2009-12-18 18:15:05,0.0
2009-12-19 18:15:05,0.0
2009-12-20 18:15:05,0.0
2009-12-21 18:15:05,0.0
2009-12-22 18:15:05,0.0
2009-12-23 18:15:05,0.0
2009-12-24 18:15:05,0.0
2009-12-25 18:15:05,0.0
2009-12-26 18:15:05,0.0
2009-12-27 18:15:05,0.0
2009-12-28 18:15:05,0.0
2009-12-29 18:15:05,0.0
2009-12-30 18:15:05,0.0
2009-12-31 18:15:05,0.0
2010-01-01 18:15:05,0.0
2010-01-02 18:15:05,0.0
2010-01-03 18:15:05,0.0
2010-01-04 18:15:05,0.0
2010-01-05 18:15:05,0.0
2010-01-06 18:15:05,0.0
2010-01-07 18:15:05,0.0
2010-01-08 18:15:05,0.0
2010-01-09 18:15:05,0.0
2010-01-10 18:15:05,0.0
2010-01-11 18:15:05,0.0
2010-01-12 18:15:05,0.0
2010-01-13 18:15:05,0.0
2010-01-14 18:15:05,0.0
2010-01-15 18:15:05,0.0
2010-01-16 18:15:05,0.0
2010-01-17 18:15:05,0.0
2010-01-18 18:15:05,0.0
2010-01-19 18:15:05,0.0
2010-01-20 18:15:05,0.0
2010-01-21 18:15:05,0.0
2010-01-22 18:15:05,0.0
2010-01-23 18:15:05,0.0
2010-01-24 18:15:05,0.0
2010-01-25 18:15:05,0.0
2010-01-26 18:15:05,0.0
2010-01-27 18:15:05,0.0
2010-01-28 18:15:05,0.0
2010-01-29 18:15:05,0.0
2010-01-30 18:15:05,0.0
2010-01-31 18:15:05,0.0
2010-02-01 18:15:05,0.0
2010-02-02 18:15:05,0.0
2010-02-03 18:15:05,0.0
2010-02-04 18:15:05,0.0
2010-02-05 18:15:05,0.0
2010-02-06 18:15:05,0.0
2010-02-07 18:15:05,0.0
2010-02-08 18:15:05,0.0
2010-02-09 18:15:05,0.0
2010-02-10 18:15:05,0.0
2010-02-11 18:15:05,0.0
2010-02-12 18:15:05,0.0
2010-02-13 18:15:05,0.0
2010-02-14 18:15:05,0.0
2010-02-15 18:15:05,0.0
2010-02-16 18:15:05,0.0
2010-02-17 18:15:05,0.0
2010-02-18 18:15:05,0.0
2010-02-19 18:15:05,0.0
2010-02-20 18:15:05,0.0
2010-02-21 18:15:05,0.0
2010-02-22 18:15:05,0.0
2010-02-23 18:15:05,0.0
2010-02-24 18:15:05,0.0
2010-02-25 18:15:05,0.0
2010-02-26 18:15:05,0.0
2010-02-27 18:15:05,0.0
2010-02-28 18:15:05,0.0
2010-03-01 18:15:05,0.0
2010-03-02 18:15:05,0.0
2010-03-03 18:15:05,0.0
2010-03-04 18:15:05,0.0
2010-03-05 18:15:05,0.0
2010-03-06 18:15:05,0.0
2010-03-07 18:15:05,0.0
2010-03-08 18:15:05,0.0
2010-03-09 18:15:05,0.0
2010-03-10 18:15:05,0.0
2010-03-11 18:15:05,0.0
2010-03-12 18:15:05,0.0
2010-03-13 18:15:05,0.0
2010-03-14 18:15:05,0.0
2010-03-15 18:15:05,0.0
2010-03-16 18:15:05,0.0
2010-03-17 18:15:05,0.0
2010-03-18 18:15:05,0.0
2010-03-19 18:15:05,0.0
2010-03-20 18:15:05,0.0
2010-03-21 18:15:05,0.0
2010-03-22 18:15:05,0.0
2010-03-23 18:15:05,0.0
2010-03-24 18:15:05,0.0
2010-03-25 18:15:05,0.0
2010-03-26 18:15:05,0.0
2010-03-27 18:15:05,0.0
2010-03-28 18:15:05,0.0
2010-03-29 18:15:05,0.0
2010-03-30 18:15:05,0.0
2010-03-31 18:15:05,0.0
2010-04-01 18:15:05,0.0
2010-04-02 18:15:05,0.0
2010-04-03 18:15:05,0.0
2010-04-04 18:15:05,0.0
2010-04-05 18:15:05,0.0
2010-04-06 18:15:05,0.0
2010-04-07 18:15:05,0.0
2010-04-08 18:15:05,0.0
2010-04-09 18:15:05,0.0
2010-04-10 18:15:05,0.0
2010-04-11 18:15:05,0.0
2010-04-12 18:15:05,0.0
2010-04-13 18:15:05,0.0
2010-04-14 18:15:05,0.0
2010-04-15 18:15:05,0.0
2010-04-16 18:15:05,0.0
2010-04-17 18:15:05,0.0
2010-04-18 18:15:05,0.0
2010-04-19 18:15:05,0.0
2010-04-20 18:15:05,0.0
2010-04-21 18:15:05,0.0
2010-04-22 18:15:05,0.0
2010-04-23 18:15:05,0.0
2010-04-24 18:15:05,0.0
2010-04-25 18:15:05,0.0
2010-04-26 18:15:05,0.0
2010-04-27 18:15:05,0.0
2010-04-28 18:15:05,0.0
2010-04-29 18:15:05,0.0
2010-04-30 18:15:05,0.0
2010-05-01 18:15:05,0.0
2010-05-02 18:15:05,0.0
2010-05-03 18:15:05,0.0
2010-05-04 18:15:05,0.0
2010-05-05 18:15:05,0.0
2010-05-06 18:15:05,0.0
2010-05-07 18:15:05,0.0
2010-05-08 18:15:05,0.0
2010-05-09 18:15:05,0.0
2010-05-10 18:15:05,0.0
2010-05-11 18:15:05,0.0
2010-05-12 18:15:05,0.0
2010-05-13 18:15:05,0.0
2010-05-14 18:15:05,0.0
2010-05-15 18:15:05,0.0
2010-05-16 18:15:05,0.0
2010-05-17 18:15:05,0.0
2010-05-18 18:15:05,0.0
2010-05-19 18:15:05,0.0
2010-05-20 18:15:05,0.0
2010-05-21 18:15:05,0.0
2010-05-22 18:15:05,0.0
2010-05-23 18:15:05,0.0
2010-05-24 18:15:05,0.0
2010-05-25 18:15:05,0.0
2010-05-26 18:15:05,0.0
2010-05-27 18:15:05,0.0
2010-05-28 18:15:05,0.0
2010-05-29 18:15:05,0.0
2010-05-30 18:15:05,0.0
2010-05-31 18:15:05,0.0
2010-06-01 18:15:05,0.0
2010-06-02 18:15:05,0.0
2010-06-03 18:15:05,0.0
2010-06-04 18:15:05,0.0
2010-06-05 18:15:05,0.0
2010-06-06 18:15:05,0.0
2010-06-07 18:15:05,0.0
2010-06-08 18:15:05,0.0
2010-06-09 18:15:05,0.0
2010-06-10 18:15:05,0.0
2010-06-11 18:15:05,0.0
2010-06-12 18:15:05,0.0
2010-06-13 18:15:05,0.0
2010-06-14 18:15:05,0.0
2010-06-15 18:15:05,0.0
2010-06-16 18:15:05,0.0
2010-06-17 18:15:05,0.0
2010-06-18 18:15:05,0.0
2010-06-19 18:15:05,0.0
2010-06-20 18:15:05,0.0
2010-06-21 18:15:05,0.0
2010-06-22 18:15:05,0.0
2010-06-23 18:15:05,0.0
2010-06-24 18:15:05,0.0
2010-06-25 18:15:05,0.0
2010-06-26 18:15:05,0.0
2010-06-27 18:15:05,0.0
2010-06-28 18:15:05,0.0
2010-06-29 18:15:05,0.0
2010-06-30 18:15:05,0.0
2010-07-01 18:15:05,0.0
2010-07-02 18:15:05,0.0
2010-07-03 18:15:05,0.0
2010-07-04 18:15:05,0.0
2010-07-05 18:15:05,0.0
2010-07-06 18:15:05,0.0
2010-07-07 18:15:05,0.0
2010-07-08 18:15:05,0.0
2010-07-09 18:15:05,0.0
2010-07-10 18:15:05,0.0
2010-07-11 18:15:05,0.0
2010-07-12 18:15:05,0.0
2010-07-13 18:15:05,0.0
2010-07-14 18:15:05,0.0
2010-07-15 18:15:05,0.0
2010-07-16 18:15:05,0.0
2010-07-17 18:15:05,0.0
2010-07-18 18:15:05,0.0
2010-07-19 18:15:05,0.0
2010-07-20 18:15:05,0.0
2010-07-21 18:15:05,0.0
2010-07-22 18:15:05,0.0
2010-07-23 18:15:05,0.0
2010-07-24 18:15:05,0.0
2010-07-25 18:15:05,0.0
2010-07-26 18:15:05,0.0
2010-07-27 18:15:05,0.0
2010-07-28 18:15:05,0.0
2010-07-29 18:15:05,0.0
2010-07-30 18:15:05,0.0
2010-07-31 18:15:05,0.0
2010-08-01 18:15:05,0.0
2010-08-02 18:15:05,0.0
2010-08-03 18:15:05,0.0
2010-08-04 18:15:05,0.0
2010-08-05 18:15:05,0.0
2010-08-06 18:15:05,0.0
2010-08-07 18:15:05,0.0
2010-08-08 18:15:05,0.0
2010-08-09 18:15:05,0.0
2010-08-10 18:15:05,0.0
2010-08-11 18:15:05,0.0
2010-08-12 18:15:05,0.0
2010-08-13 18:15:05,0.0
2010-08-14 18:15:05,0.0
2010-08-15 18:15:05,0.0
2010-08-16 18:15:05,0.0
2010-08-17 18:15:05,0.0769
2010-08-18 18:15:05,0.074
2010-08-19 18:15:05,0.0688
2010-08-20 18:15:05,0.0667
2010-08-21 18:15:05,0.066899
2010-08-22 18:15:05,0.0664
2010-08-23 18:15:05,0.066
2010-08-24 18:15:05,0.066889
2010-08-25 18:15:05,0.0665
2010-08-26 18:15:05,0.066499
2010-08-27 18:15:05,0.065
2010-08-28 18:15:05,0.065
2010-08-29 18:15:05,0.0648
2010-08-30 18:15:05,0.069
2010-08-31 18:15:05,0.06497
2010-09-01 18:15:05,0.0649
2010-09-02 18:15:05,0.0629
2010-09-03 18:15:05,0.0634
2010-09-04 18:15:05,0.0613
2010-09-05 18:15:05,0.0629
2010-09-06 18:15:05,0.064
2010-09-07 18:15:05,0.06185
2010-09-08 18:15:05,0.06201
2010-09-09 18:15:05,0.0624
2010-09-10 18:15:05,0.06201
2010-09-11 18:15:05,0.062
2010-09-12 18:15:05,0.064999
2010-09-13 18:15:05,0.06201
2010-09-14 18:15:05,0.0641
2010-09-15 18:15:05,0.175
2010-09-16 18:15:05,0.0619
2010-09-17 18:15:05,0.0609
2010-09-18 18:15:05,0.0609
2010-09-19 18:15:05,0.062599
2010-09-20 18:15:05,0.0634
2010-09-21 18:15:05,0.0633
2010-09-22 18:15:05,0.0628
2010-09-23 18:15:05,0.063
2010-09-24 18:15:05,0.06281
2010-09-25 18:15:05,0.0624
2010-09-26 18:15:05,0.062279
2010-09-27 18:15:05,0.062206
2010-09-28 18:15:05,0.06271
2010-09-29 18:15:05,0.06219
2010-09-30 18:15:05,0.06192
2010-10-01 18:15:05,0.061999
2010-10-02 18:15:05,0.061999
2010-10-03 18:15:05,0.0614
2010-10-04 18:15:05,0.062
2010-10-05 18:15:05,0.06301
2010-10-06 18:15:05,0.0633
2010-10-07 18:15:05,0.0638
2010-10-08 18:15:05,0.088
2010-10-09 18:15:05,0.12001
2010-10-10 18:15:05,0.12
2010-10-11 18:15:05,0.1301
2010-10-12 18:15:05,0.099
2010-10-13 18:15:05,0.095
2010-10-14 18:15:05,0.105
2010-10-15 18:15:05,0.119
2010-10-16 18:15:05,0.109
2010-10-17 18:15:05,0.1045
2010-10-18 18:15:05,0.103
2010-10-19 18:15:05,0.1024
2010-10-20 18:15:05,0.103
2010-10-21 18:15:05,0.109
2010-10-22 18:15:05,0.107
2010-10-23 18:15:05,0.10901
2010-10-24 18:15:05,0.19
2010-10-25 18:15:05,0.15
2010-10-26 18:15:05,0.19
2010-10-27 18:15:05,0.19
2010-10-28 18:15:05,0.19001
2010-10-29 18:15:05,0.191
2010-10-30 18:15:05,0.1919
2010-10-31 18:15:05,0.199
2010-11-01 18:15:05,0.1975
2010-11-02 18:15:05,0.1955
2010-11-03 18:15:05,0.275
2010-11-04 18:15:05,0.23601
2010-11-05 18:15:05,0.2399
2010-11-06 18:15:05,0.29
2010-11-07 18:15:05,0.499999
2010-11-08 18:15:05,0.37
2010-11-09 18:15:05,0.3368
2010-11-10 18:15:05,0.2667
2010-11-11 18:15:05,0.24
2010-11-12 18:15:05,0.251
2010-11-13 18:15:05,0.3
2010-11-14 18:15:05,0.299
2010-11-15 18:15:05,0.2828
2010-11-16 18:15:05,0.2827
2010-11-17 18:15:05,0.28
2010-11-18 18:15:05,0.289999
2010-11-19 18:15:05,0.283
2010-11-20 18:15:05,0.289
2010-11-21 18:15:05,0.29
2010-11-22 18:15:05,0.282
2010-11-23 18:15:05,0.2879
2010-11-24 18:15:05,0.28299
2010-11-25 18:15:05,0.28299
2010-11-26 18:15:05,0.289
2010-11-27 18:15:05,0.284399
2010-11-28 18:15:05,0.28461
2010-11-29 18:15:05,0.279
2010-11-30 18:15:05,0.275
2010-12-01 18:15:05,0.225
2010-12-02 18:15:05,0.25
2010-12-03 18:15:05,0.2553
2010-12-04 18:15:05,0.2589
2010-12-05 18:15:05,0.235
2010-12-06 18:15:05,0.225
2010-12-07 18:15:05,0.226
2010-12-08 18:15:05,0.2477
2010-12-09 18:15:05,0.2388
2010-12-10 18:15:05,0.204
2010-12-11 18:15:05,0.2275
2010-12-12 18:15:05,0.228
2010-12-13 18:15:05,0.22748
2010-12-14 18:15:05,0.23
2010-12-15 18:15:05,0.2468
2010-12-16 18:15:05,0.2459
2010-12-17 18:15:05,0.255
2010-12-18 18:15:05,0.249
2010-12-19 18:15:05,0.2499
2010-12-20 18:15:05,0.275
2010-12-21 18:15:05,0.26909
2010-12-22 18:15:05,0.267
2010-12-23 18:15:05,0.25
2010-12-24 18:15:05,0.25
2010-12-25 18:15:05,0.25
2010-12-26 18:15:05,0.269999
2010-12-27 18:15:05,0.265
2010-12-28 18:15:05,0.28
2010-12-29 18:15:05,0.301
2010-12-30 18:15:05,0.299999
2010-12-31 18:15:05,0.299999
2011-01-01 18:15:05,0.299998
2011-01-02 18:15:05,0.299996
2011-01-03 18:15:05,0.299998
2011-01-04 18:15:05,0.299899
2011-01-05 18:15:05,0.298998
2011-01-06 18:15:05,0.299
2011-01-07 18:15:05,0.322
2011-01-08 18:15:05,0.322898
2011-01-09 18:15:05,0.322998
2011-01-10 18:15:05,0.329
2011-01-11 18:15:05,0.329
2011-01-12 18:15:05,0.35
2011-01-13 18:15:05,0.405
2011-01-14 18:15:05,0.45
2011-01-15 18:15:05,0.4
2011-01-16 18:15:05,0.4
2011-01-17 18:15:05,0.4
2011-01-18 18:15:05,0.38679
2011-01-19 18:15:05,0.3401
2011-01-20 18:15:05,0.3675
2011-01-21 18:15:05,0.44
2011-01-22 18:15:05,0.4299
2011-01-23 18:15:05,0.4443
2011-01-24 18:15:05,0.443
2011-01-25 18:15:05,0.425
2011-01-26 18:15:05,0.425
2011-01-27 18:15:05,0.4174
2011-01-28 18:15:05,0.45
2011-01-29 18:15:05,0.446
2011-01-30 18:15:05,0.48
2011-01-31 18:15:05,0.5
2011-02-01 18:15:05,0.95
2011-02-02 18:15:05,0.840099
2011-02-03 18:15:05,0.75
2011-02-04 18:15:05,0.88
2011-02-05 18:15:05,0.9167
2011-02-06 18:15:05,0.92
2011-02-07 18:15:05,0.90585
2011-02-08 18:15:05,0.9
2011-02-09 18:15:05,0.935
2011-02-10 18:15:05,1.1
2011-02-11 18:15:05,1.0065
2011-02-12 18:15:05,1.0899
2011-02-13 18:15:05,1.08
2011-02-14 18:15:05,1.08
2011-02-15 18:15:05,1.085
2011-02-16 18:15:05,1.05019
2011-02-17 18:15:05,1.05019
2011-02-18 18:15:05,1.05019
2011-02-19 18:15:05,1.02
2011-02-20 18:15:05,0.954896
2011-02-21 18:15:05,0.8796
2011-02-22 18:15:05,0.869499
2011-02-23 18:15:05,0.95
2011-02-24 18:15:05,0.9499
2011-02-25 18:15:05,1.0
2011-02-26 18:15:05,0.988567
2011-02-27 18:15:05,0.96
2011-02-28 18:15:05,0.949231
2011-03-01 18:15:05,0.97
2011-03-02 18:15:05,0.9498
2011-03-03 18:15:05,0.94
2011-03-04 18:15:05,0.9392
2011-03-05 18:15:05,0.918901
2011-03-06 18:15:05,0.910445
2011-03-07 18:15:05,0.909
2011-03-08 18:15:05,0.9072
2011-03-09 18:15:05,0.883751
2011-03-10 18:15:05,0.87
2011-03-11 18:15:05,0.9329
2011-03-12 18:15:05,0.9197
2011-03-13 18:15:05,0.9196
2011-03-14 18:15:05,0.9
2011-03-15 18:15:05,0.899885
2011-03-16 18:15:05,0.89
2011-03-17 18:15:05,0.88
2011-03-18 18:15:05,0.850617
2011-03-19 18:15:05,0.824
2011-03-20 18:15:05,0.79
2011-03-21 18:15:05,0.7883
2011-03-22 18:15:05,0.799646
2011-03-23 18:15:05,0.85
2011-03-24 18:15:05,0.9
2011-03-25 18:15:05,0.89
2011-03-26 18:15:05,0.905
2011-03-27 18:15:05,0.8958
2011-03-28 18:15:05,0.8575
2011-03-29 18:15:05,0.8
2011-03-30 18:15:05,0.795
2011-03-31 18:15:05,0.80098
2011-04-01 18:15:05,0.79997
2011-04-02 18:15:05,0.79697
2011-04-03 18:15:05,0.7998
2011-04-04 18:15:05,0.79
2011-04-05 18:15:05,0.71
2011-04-06 18:15:05,0.747844
2011-04-07 18:15:05,0.7677
2011-04-08 18:15:05,0.799
2011-04-09 18:15:05,0.7676
2011-04-10 18:15:05,0.758899
2011-04-11 18:15:05,0.781
2011-04-12 18:15:05,0.897
2011-04-13 18:15:05,1.0
2011-04-14 18:15:05,0.94
2011-04-15 18:15:05,1.08999
2011-04-16 18:15:05,1.095
2011-04-17 18:15:05,1.085
2011-04-18 18:15:05,1.1999
2011-04-19 18:15:05,1.19
2011-04-20 18:15:05,1.1979
2011-04-21 18:15:05,1.1979
2011-04-22 18:15:05,1.332
2011-04-23 18:15:05,1.549
2011-04-24 18:15:05,1.95
2011-04-25 18:15:05,1.701
2011-04-26 18:15:05,1.73
2011-04-27 18:15:05,1.95
2011-04-28 18:15:05,2.65
2011-04-29 18:15:05,2.7
2011-04-30 18:15:05,4.14996
2011-05-01 18:15:05,4.09
2011-05-02 18:15:05,3.495
2011-05-03 18:15:05,3.49
2011-05-04 18:15:05,3.58
2011-05-05 18:15:05,3.5
2011-05-06 18:15:05,3.5998
2011-05-07 18:15:05,3.7
2011-05-08 18:15:05,3.9
2011-05-09 18:15:05,3.937
2011-05-10 18:15:05,5.2
2011-05-11 18:15:05,6.065
2011-05-12 18:15:05,5.94998
2011-05-13 18:15:05,8.45
2011-05-14 18:15:05,8.9
2011-05-15 18:15:05,8.55
2011-05-16 18:15:05,8.5
2011-05-17 18:15:05,8.38901
2011-05-18 18:15:05,7.874
2011-05-19 18:15:05,7.34
2011-05-20 18:15:05,7.1
2011-05-21 18:15:05,6.6036
2011-05-22 18:15:05,6.61
2011-05-23 18:15:05,7.45
2011-05-24 18:15:05,7.2
2011-05-25 18:15:05,7.51
2011-05-26 18:15:05,9.33
2011-05-27 18:15:05,8.92
2011-05-28 18:15:05,8.735
2011-05-29 18:15:05,8.4992
2011-05-30 18:15:05,9.0
2011-05-31 18:15:05,9.4998
2011-06-01 18:15:05,9.391
2011-06-02 18:15:05,10.57
2011-06-03 18:15:05,14.3
2011-06-04 18:15:05,17.41
2011-06-05 18:15:05,18.998
2011-06-06 18:15:05,19.23
2011-06-07 18:15:05,19.06
2011-06-08 18:15:05,31.9099
2011-06-09 18:15:05,31.5
2011-06-10 18:15:05,35.0
2011-06-11 18:15:05,30.0
2011-06-12 18:15:05,24.99
2011-06-13 18:15:05,24.5
2011-06-14 18:15:05,20.99
2011-06-15 18:15:05,20.0
2011-06-16 18:15:05,19.96
2011-06-17 18:15:05,19.3898
2011-06-18 18:15:05,17.2
2011-06-19 18:15:05,18.8766
2011-06-20 18:15:05,17.35
2011-06-21 18:15:05,15.5
2011-06-22 18:15:05,15.05
2011-06-23 18:15:05,16.0
2011-06-24 18:15:05,16.7501
2011-06-25 18:15:05,17.6
2011-06-26 18:15:05,17.51001
2011-06-27 18:15:05,18.0
2011-06-28 18:15:05,17.52
2011-06-29 18:15:05,17.3
2011-06-30 18:15:05,17.5
2011-07-01 18:15:05,17.0
2011-07-02 18:15:05,16.49
2011-07-03 18:15:05,15.7
2011-07-04 18:15:05,15.85
2011-07-05 18:15:05,15.0
2011-07-06 18:15:05,16.5
2011-07-07 18:15:05,16.25
2011-07-08 18:15:05,15.64276
2011-07-09 18:15:05,15.0
2011-07-10 18:15:05,15.68
2011-07-11 18:15:05,15.1999
2011-07-12 18:15:05,14.63988
2011-07-13 18:15:05,14.15
2011-07-14 18:15:05,14.1
2011-07-15 18:15:05,14.3
2011-07-16 18:15:05,14.1
2011-07-17 18:15:05,13.96
2011-07-18 18:15:05,13.6901
2011-07-19 18:15:05,14.7
2011-07-20 18:15:05,14.04
2011-07-21 18:15:05,13.9389
2011-07-22 18:15:05,13.9389
2011-07-23 18:15:05,13.92
2011-07-24 18:15:05,13.979999
2011-07-25 18:15:05,14.7399
2011-07-26 18:15:05,14.4
2011-07-27 18:15:05,14.13
2011-07-28 18:15:05,14.0
2011-07-29 18:15:05,13.8
2011-07-30 18:15:05,13.8
2011-07-31 18:15:05,14.8999
2011-08-01 18:15:05,13.5501
2011-08-02 18:15:05,13.45
2011-08-03 18:15:05,13.1
2011-08-04 18:15:05,11.4876543
2011-08-05 18:15:05,11.55
2011-08-06 18:15:05,11.0
2011-08-07 18:15:05,9.8
2011-08-08 18:15:05,8.89
2011-08-09 18:15:05,12.1
2011-08-10 18:15:05,10.7
2011-08-11 18:15:05,10.4959
2011-08-12 18:15:05,9.89520343
2011-08-13 18:15:05,10.05
2011-08-14 18:15:05,11.24
2011-08-15 18:15:05,11.89
2011-08-16 18:15:05,11.38
2011-08-17 18:15:05,11.3
2011-08-18 18:15:05,11.67
2011-08-19 18:15:05,11.81
2011-08-20 18:15:05,11.798
2011-08-21 18:15:05,11.59
2011-08-22 18:15:05,11.501
2011-08-23 18:15:05,11.49
2011-08-24 18:15:05,11.4
2011-08-25 18:15:05,10.96554
2011-08-26 18:15:05,10.3
2011-08-27 18:15:05,9.11
2011-08-28 18:15:05,9.48
2011-08-29 18:15:05,9.4811
2011-08-30 18:15:05,9.15031
2011-08-31 18:15:05,9.0
2011-09-01 18:15:05,8.4493399997
2011-09-02 18:15:05,8.4989
2011-09-03 18:15:05,8.7138
2011-09-04 18:15:05,8.5939999988
2011-09-05 18:15:05,8.467
2011-09-06 18:15:05,7.65713
2011-09-07 18:15:05,7.59916
2011-09-08 18:15:05,7.31509
2011-09-09 18:15:05,6.94
2011-09-10 18:15:05,6.2089200002
2011-09-11 18:15:05,7.4
2011-09-12 18:15:05,7.081
2011-09-13 18:15:05,6.25
2011-09-14 18:15:05,5.9900000009
2011-09-15 18:15:05,5.69
2011-09-16 18:15:05,5.23
2011-09-17 18:15:05,5.022
2011-09-18 18:15:05,5.0
2011-09-19 18:15:05,5.6
2011-09-20 18:15:05,6.795
2011-09-21 18:15:05,6.28664
2011-09-22 18:15:05,5.83001
2011-09-23 18:15:05,5.70653
2011-09-24 18:15:05,5.66
2011-09-25 18:15:05,5.5
2011-09-26 18:15:05,5.46014
2011-09-27 18:15:05,5.13018
2011-09-28 18:15:05,4.989
2011-09-29 18:15:05,4.809
2011-09-30 18:15:05,5.35
2011-10-01 18:15:05,5.3
2011-10-02 18:15:05,5.16
2011-10-03 18:15:05,5.07546
2011-10-04 18:15:05,5.03
2011-10-05 18:15:05,5.025
2011-10-06 18:15:05,4.93
2011-10-07 18:15:05,4.85
2011-10-08 18:15:05,4.594
2011-10-09 18:15:05,4.389
2011-10-10 18:15:05,4.25937
2011-10-11 18:15:05,4.14001
2011-10-12 18:15:05,4.20612
2011-10-13 18:15:05,4.45
2011-10-14 18:15:05,4.11455
2011-10-15 18:15:05,4.05
2011-10-16 18:15:05,3.9009000002
2011-10-17 18:15:05,3.75996
2011-10-18 18:15:05,2.9
2011-10-19 18:15:05,2.64999
2011-10-20 18:15:05,2.42
2011-10-21 18:15:05,2.72002
2011-10-22 18:15:05,3.3
2011-10-23 18:15:05,3.36
2011-10-24 18:15:05,3.2
2011-10-25 18:15:05,3.04
2011-10-26 18:15:05,2.876
2011-10-27 18:15:05,3.0499
2011-10-28 18:15:05,3.255
2011-10-29 18:15:05,3.82717
2011-10-30 18:15:05,3.65026
2011-10-31 18:15:05,3.388
2011-11-01 18:15:05,3.35
2011-11-02 18:15:05,3.44
2011-11-03 18:15:05,3.299
2011-11-04 18:15:05,3.21874
2011-11-05 18:15:05,3.21
2011-11-06 18:15:05,3.05
2011-11-07 18:15:05,3.0289
2011-11-08 18:15:05,3.21
2011-11-09 18:15:05,3.114
2011-11-10 18:15:05,3.0
2011-11-11 18:15:05,3.0
2011-11-12 18:15:05,3.11
2011-11-13 18:15:05,3.099
2011-11-14 18:15:05,3.03
2011-11-15 18:15:05,2.69
2011-11-16 18:15:05,2.6
2011-11-17 18:15:05,2.60031
2011-11-18 18:15:05,2.38998
2011-11-19 18:15:05,2.3
2011-11-20 18:15:05,2.499
2011-11-21 18:15:05,2.29
2011-11-22 18:15:05,2.35
2011-11-23 18:15:05,2.38
2011-11-24 18:15:05,2.46
2011-11-25 18:15:05,2.56
2011-11-26 18:15:05,2.53125
2011-11-27 18:15:05,2.4965
2011-11-28 18:15:05,2.53899
2011-11-29 18:15:05,2.981
2011-11-30 18:15:05,2.959
2011-12-01 18:15:05,3.14
2011-12-02 18:15:05,3.138
2011-12-03 18:15:05,3.12999
2011-12-04 18:15:05,2.99
2011-12-05 18:15:05,2.93
2011-12-06 18:15:05,3.05
2011-12-07 18:15:05,3.082
2011-12-08 18:15:05,3.1
2011-12-09 18:15:05,3.039
2011-12-10 18:15:05,3.04
2011-12-11 18:15:05,3.38
2011-12-12 18:15:05,3.34237
2011-12-13 18:15:05,3.3
2011-12-14 18:15:05,3.277
2011-12-15 18:15:05,3.1933
2011-12-16 18:15:05,3.23
2011-12-17 18:15:05,3.23
2011-12-18 18:15:05,3.25
2011-12-19 18:15:05,3.70036
2011-12-20 18:15:05,4.5
2011-12-21 18:15:05,4.11
2011-12-22 18:15:05,3.99199
2011-12-23 18:15:05,3.95
2011-12-24 18:15:05,3.9499
2011-12-25 18:15:05,4.3897
2011-12-26 18:15:05,4.31259
2011-12-27 18:15:05,4.06
2011-12-28 18:15:05,4.18888
2011-12-29 18:15:05,4.33
2011-12-30 18:15:05,4.3
2011-12-31 18:15:05,4.995
2012-01-01 18:15:05,5.2
2012-01-02 18:15:05,5.4999
2012-01-03 18:15:05,5.29
2012-01-04 18:15:05,5.6063
2012-01-05 18:15:05,6.399
2012-01-06 18:15:05,7.22
2012-01-07 18:15:05,7.01556
2012-01-08 18:15:05,7.2
2012-01-09 18:15:05,7.2
2012-01-10 18:15:05,6.89
2012-01-11 18:15:05,7.138
2012-01-12 18:15:05,6.997
2012-01-13 18:15:05,6.8583899897
2012-01-14 18:15:05,6.75
2012-01-15 18:15:05,6.98999
2012-01-16 18:15:05,7.18888
2012-01-17 18:15:05,6.98
2012-01-18 18:15:05,6.95
2012-01-19 18:15:05,6.3
2012-01-20 18:15:05,6.58
2012-01-21 18:15:05,6.55
2012-01-22 18:15:05,6.39
2012-01-23 18:15:05,6.45485
2012-01-24 18:15:05,6.515
2012-01-25 18:15:05,6.45
2012-01-26 18:15:05,6.2
2012-01-27 18:15:05,5.689
2012-01-28 18:15:05,5.74815
2012-01-29 18:15:05,5.76
2012-01-30 18:15:05,5.6
2012-01-31 18:15:05,5.65
2012-02-01 18:15:05,5.638
2012-02-02 18:15:05,6.2
2012-02-03 18:15:05,6.148
2012-02-04 18:15:05,6.0
2012-02-05 18:15:05,5.9625
2012-02-06 18:15:05,5.79
2012-02-07 18:15:05,5.70999
2012-02-08 18:15:05,5.8494
2012-02-09 18:15:05,5.8
2012-02-10 18:15:05,5.92525
2012-02-11 18:15:05,6.0
2012-02-12 18:15:05,5.85
2012-02-13 18:15:05,5.72
2012-02-14 18:15:05,5.6
2012-02-15 18:15:05,4.88
2012-02-16 18:15:05,4.73368
2012-02-17 18:15:05,4.76998
2012-02-18 18:15:05,4.49675
2012-02-19 18:15:05,4.33333
2012-02-20 18:15:05,4.52
2012-02-21 18:15:05,4.4354
2012-02-22 18:15:05,4.54
2012-02-23 18:15:05,4.92481
2012-02-24 18:15:05,5.19778
2012-02-25 18:15:05,5.07
2012-02-26 18:15:05,5.00073
2012-02-27 18:15:05,5.1
2012-02-28 18:15:05,5.0
2012-02-29 18:15:05,4.9
2012-03-01 18:15:05,4.98421
2012-03-02 18:15:05,4.98888
2012-03-03 18:15:05,4.77995
2012-03-04 18:15:05,4.9
2012-03-05 18:15:05,5.04
2012-03-06 18:15:05,5.05
2012-03-07 18:15:05,5.07
2012-03-08 18:15:05,5.0
2012-03-09 18:15:05,4.9499
2012-03-10 18:15:05,4.94
2012-03-11 18:15:05,4.99
2012-03-12 18:15:05,4.95915
2012-03-13 18:15:05,5.41
2012-03-14 18:15:05,5.4444
2012-03-15 18:15:05,5.45
2012-03-16 18:15:05,5.4
2012-03-17 18:15:05,5.3998
2012-03-18 18:15:05,5.37998
2012-03-19 18:15:05,5.3099
2012-03-20 18:15:05,4.98
2012-03-21 18:15:05,4.87
2012-03-22 18:15:05,4.88
2012-03-23 18:15:05,4.83
2012-03-24 18:15:05,4.74896
2012-03-25 18:15:05,4.68294
2012-03-26 18:15:05,4.73793
2012-03-27 18:15:05,4.74
2012-03-28 18:15:05,4.84592
2012-03-29 18:15:05,4.86092
2012-03-30 18:15:05,4.83
2012-03-31 18:15:05,4.95
2012-04-01 18:15:05,4.929
2012-04-02 18:15:05,5.08
2012-04-03 18:15:05,5.01
2012-04-04 18:15:05,4.97
2012-04-05 18:15:05,4.94486
2012-04-06 18:15:05,4.96
2012-04-07 18:15:05,4.98
2012-04-08 18:15:05,4.8
2012-04-09 18:15:05,4.8
2012-04-10 18:15:05,4.9
2012-04-11 18:15:05,4.8941
2012-04-12 18:15:05,4.98
2012-04-13 18:15:05,4.94464
2012-04-14 18:15:05,5.03
2012-04-15 18:15:05,4.98389
2012-04-16 18:15:05,4.98
2012-04-17 18:15:05,5.02207
2012-04-18 18:15:05,5.1782
2012-04-19 18:15:05,5.19
2012-04-20 18:15:05,5.17
2012-04-21 18:15:05,5.48
2012-04-22 18:15:05,5.3287
2012-04-23 18:15:05,5.21799
2012-04-24 18:15:05,5.2
2012-04-25 18:15:05,5.16
2012-04-26 18:15:05,5.18
2012-04-27 18:15:05,5.1372
2012-04-28 18:15:05,5.1176
2012-04-29 18:15:05,5.0184
2012-04-30 18:15:05,5.0
2012-05-01 18:15:05,5.0
2012-05-02 18:15:05,5.1789
2012-05-03 18:15:05,5.184
2012-05-04 18:15:05,5.15
2012-05-05 18:15:05,5.1495
2012-05-06 18:15:05,5.099
2012-05-07 18:15:05,5.0947
2012-05-08 18:15:05,5.1
2012-05-09 18:15:05,5.09609
2012-05-10 18:15:05,5.125
2012-05-11 18:15:05,5.03188
2012-05-12 18:15:05,5.0
2012-05-13 18:15:05,4.99888
2012-05-14 18:15:05,5.036
2012-05-15 18:15:05,5.09
2012-05-16 18:15:05,5.08998
2012-05-17 18:15:05,5.1345
2012-05-18 18:15:05,5.13
2012-05-19 18:15:05,5.14291
2012-05-20 18:15:05,5.15
2012-05-21 18:15:05,5.1475
2012-05-22 18:15:05,5.12
2012-05-23 18:15:05,5.16
2012-05-24 18:15:05,5.2324
2012-05-25 18:15:05,5.15
2012-05-26 18:15:05,5.149
2012-05-27 18:15:05,5.148
2012-05-28 18:15:05,5.16
2012-05-29 18:15:05,5.15889
2012-05-30 18:15:05,5.1725
2012-05-31 18:15:05,5.19
2012-06-01 18:15:05,5.27
2012-06-02 18:15:05,5.279
2012-06-03 18:15:05,5.26466
2012-06-04 18:15:05,5.2785
2012-06-05 18:15:05,5.5
2012-06-06 18:15:05,5.47
2012-06-07 18:15:05,5.529
2012-06-08 18:15:05,5.66
2012-06-09 18:15:05,5.69999
2012-06-10 18:15:05,5.62
2012-06-11 18:15:05,5.54545
2012-06-12 18:15:05,5.7
2012-06-13 18:15:05,5.96
2012-06-14 18:15:05,5.95
2012-06-15 18:15:05,6.165
2012-06-16 18:15:05,6.599
2012-06-17 18:15:05,6.52999
2012-06-18 18:15:05,6.4668
2012-06-19 18:15:05,6.53294
2012-06-20 18:15:05,6.64999
2012-06-21 18:15:05,6.8
2012-06-22 18:15:05,6.79962
2012-06-23 18:15:05,6.65062
2012-06-24 18:15:05,6.5915
2012-06-25 18:15:05,6.44999
2012-06-26 18:15:05,6.4514
2012-06-27 18:15:05,6.55555
2012-06-28 18:15:05,6.66897
2012-06-29 18:15:05,6.662
2012-06-30 18:15:05,6.693
2012-07-01 18:15:05,6.694
2012-07-02 18:15:05,6.75
2012-07-03 18:15:05,6.765
2012-07-04 18:15:05,6.55
2012-07-05 18:15:05,6.77
2012-07-06 18:15:05,6.73449
2012-07-07 18:15:05,6.75
2012-07-08 18:15:05,6.87
2012-07-09 18:15:05,6.896
2012-07-10 18:15:05,7.239
2012-07-11 18:15:05,7.257
2012-07-12 18:15:05,7.32
2012-07-13 18:15:05,7.9
2012-07-14 18:15:05,7.68891
2012-07-15 18:15:05,7.64877
2012-07-16 18:15:05,8.2899
2012-07-17 18:15:05,9.49
2012-07-18 18:15:05,9.39899
2012-07-19 18:15:05,9.27491
2012-07-20 18:15:05,9.23355
2012-07-21 18:15:05,9.7
2012-07-22 18:15:05,9.0
2012-07-23 18:15:05,9.2
2012-07-24 18:15:05,8.96
2012-07-25 18:15:05,8.76998
2012-07-26 18:15:05,8.9
2012-07-27 18:15:05,8.95
2012-07-28 18:15:05,8.93
2012-07-29 18:15:05,8.889
2012-07-30 18:15:05,9.15
2012-07-31 18:15:05,9.44
2012-08-01 18:15:05,9.54
2012-08-02 18:15:05,9.8
2012-08-03 18:15:05,11.1188
2012-08-04 18:15:05,11.3
2012-08-05 18:15:05,11.1869
2012-08-06 18:15:05,11.29112
2012-08-07 18:15:05,11.04
2012-08-08 18:15:05,11.14999
2012-08-09 18:15:05,12.0
2012-08-10 18:15:05,11.6
2012-08-11 18:15:05,11.59788
2012-08-12 18:15:05,11.765
2012-08-13 18:15:05,11.86999
2012-08-14 18:15:05,12.17887
2012-08-15 18:15:05,12.67
2012-08-16 18:15:05,13.84119
2012-08-17 18:15:05,15.4
2012-08-18 18:15:05,15.26014
2012-08-19 18:15:05,12.0
2012-08-20 18:15:05,10.5
2012-08-21 18:15:05,10.29999
2012-08-22 18:15:05,10.26
2012-08-23 18:15:05,10.25
2012-08-24 18:15:05,10.25
2012-08-25 18:15:05,10.25
2012-08-26 18:15:05,10.61913
2012-08-27 18:15:05,12.14999
2012-08-28 18:15:05,11.3807
2012-08-29 18:15:05,11.20999
2012-08-30 18:15:05,10.937
2012-08-31 18:15:05,10.8359
2012-09-01 18:15:05,10.42
2012-09-02 18:15:05,10.18999
2012-09-03 18:15:05,10.5
2012-09-04 18:15:05,10.5934
2012-09-05 18:15:05,10.57888
2012-09-06 18:15:05,11.17
2012-09-07 18:15:05,11.29
2012-09-08 18:15:05,11.21
2012-09-09 18:15:05,11.14288
2012-09-10 18:15:05,11.127
2012-09-11 18:15:05,11.19401
2012-09-12 18:15:05,11.3789
2012-09-13 18:15:05,11.399
2012-09-14 18:15:05,11.75
2012-09-15 18:15:05,11.799
2012-09-16 18:15:05,11.99
2012-09-17 18:15:05,11.9625
2012-09-18 18:15:05,12.09
2012-09-19 18:15:05,12.61
2012-09-20 18:15:05,12.68666
2012-09-21 18:15:05,12.57001
2012-09-22 18:15:05,12.4433
2012-09-23 18:15:05,12.2749
2012-09-24 18:15:05,12.29888
2012-09-25 18:15:05,12.22909
2012-09-26 18:15:05,12.28
2012-09-27 18:15:05,12.46
2012-09-28 18:15:05,12.444
2012-09-29 18:15:05,12.49
2012-09-30 18:15:05,12.47499
2012-10-01 18:15:05,12.481
2012-10-02 18:15:05,12.88
2012-10-03 18:15:05,12.8999
2012-10-04 18:15:05,13.0899
2012-10-05 18:15:05,12.99
2012-10-06 18:15:05,12.89999
2012-10-07 18:15:05,12.7369
2012-10-08 18:15:05,12.08
2012-10-09 18:15:05,12.35
2012-10-10 18:15:05,12.15
2012-10-11 18:15:05,12.19
2012-10-12 18:15:05,12.15
2012-10-13 18:15:05,12.137
2012-10-14 18:15:05,12.0
2012-10-15 18:15:05,12.03
2012-10-16 18:15:05,11.99
2012-10-17 18:15:05,11.99
2012-10-18 18:15:05,11.95998
2012-10-19 18:15:05,11.967
2012-10-20 18:15:05,11.85
2012-10-21 18:15:05,11.7965
2012-10-22 18:15:05,11.81
2012-10-23 18:15:05,12.0
2012-10-24 18:15:05,11.82
2012-10-25 18:15:05,11.71
2012-10-26 18:15:05,11.09988
2012-10-27 18:15:05,10.83883
2012-10-28 18:15:05,10.61
2012-10-29 18:15:05,10.95
2012-10-30 18:15:05,10.85
2012-10-31 18:15:05,11.14
2012-11-01 18:15:05,11.279
2012-11-02 18:15:05,11.20999
2012-11-03 18:15:05,10.60097
2012-11-04 18:15:05,10.68
2012-11-05 18:15:05,10.9
2012-11-06 18:15:05,10.88997
2012-11-07 18:15:05,11.21603
2012-11-08 18:15:05,11.0979
2012-11-09 18:15:05,11.07
2012-11-10 18:15:05,10.95899
2012-11-11 18:15:05,10.939
2012-11-12 18:15:05,11.18
2012-11-13 18:15:05,11.129
2012-11-14 18:15:05,11.05
2012-11-15 18:15:05,11.114
2012-11-16 18:15:05,11.8
2012-11-17 18:15:05,11.8
2012-11-18 18:15:05,11.832
2012-11-19 18:15:05,11.79998
2012-11-20 18:15:05,11.84
2012-11-21 18:15:05,11.784
2012-11-22 18:15:05,12.28
2012-11-23 18:15:05,12.43
2012-11-24 18:15:05,12.4108
2012-11-25 18:15:05,12.6
2012-11-26 18:15:05,12.6515
2012-11-27 18:15:05,12.52999
2012-11-28 18:15:05,12.40712
2012-11-29 18:15:05,12.599
2012-11-30 18:15:05,12.65
2012-12-01 18:15:05,12.68778
2012-12-02 18:15:05,12.68
2012-12-03 18:15:05,12.67901
2012-12-04 18:15:05,12.96675
2012-12-05 18:15:05,13.5
2012-12-06 18:15:05,13.6888
2012-12-07 18:15:05,13.68
2012-12-08 18:15:05,13.55
2012-12-09 18:15:05,13.53
2012-12-10 18:15:05,13.55
2012-12-11 18:15:05,13.63999
2012-12-12 18:15:05,13.63999
2012-12-13 18:15:05,13.79989
2012-12-14 18:15:05,13.90119
2012-12-15 18:15:05,13.7722
2012-12-16 18:15:05,13.66548
2012-12-17 18:15:05,13.498
2012-12-18 18:15:05,13.399
2012-12-19 18:15:05,13.399
2012-12-20 18:15:05,13.72
2012-12-21 18:15:05,13.6475
2012-12-22 18:15:05,13.58998
2012-12-23 18:15:05,13.48547
2012-12-24 18:15:05,13.45
2012-12-25 18:15:05,13.45
2012-12-26 18:15:05,13.3989
2012-12-27 18:15:05,13.47
2012-12-28 18:15:05,13.6499
2012-12-29 18:15:05,13.67
2012-12-30 18:15:05,13.56998
2012-12-31 18:15:05,13.59
2013-01-01 18:15:05,13.561
2013-01-02 18:15:05,13.4
2013-01-03 18:15:05,13.464
2013-01-04 18:15:05,13.48986
2013-01-05 18:15:05,13.548
2013-01-06 18:15:05,13.52999
2013-01-07 18:15:05,13.535
2013-01-08 18:15:05,13.83
2013-01-09 18:15:05,13.87998
2013-01-10 18:15:05,14.32
2013-01-11 18:15:05,14.29999
2013-01-12 18:15:05,14.34999
2013-01-13 18:15:05,14.3148
2013-01-14 18:15:05,14.3
2013-01-15 18:15:05,14.47899
2013-01-16 18:15:05,14.689
2013-01-17 18:15:05,15.39
2013-01-18 18:15:05,15.985
2013-01-19 18:15:05,15.84304
2013-01-20 18:15:05,15.89
2013-01-21 18:15:05,16.98
2013-01-22 18:15:05,17.59
2013-01-23 18:15:05,17.5889
2013-01-24 18:15:05,19.18999
2013-01-25 18:15:05,18.8348
2013-01-26 18:15:05,17.61926
2013-01-27 18:15:05,17.99999
2013-01-28 18:15:05,18.45
2013-01-29 18:15:05,19.8
2013-01-30 18:15:05,19.7
2013-01-31 18:15:05,21.43
2013-02-01 18:15:05,21.3
2013-02-02 18:15:05,21.1
2013-02-03 18:15:05,20.68
2013-02-04 18:15:05,21.05
2013-02-05 18:15:05,20.79
2013-02-06 18:15:05,21.3339
2013-02-07 18:15:05,22.15
2013-02-08 18:15:05,22.15
2013-02-09 18:15:05,23.69997
2013-02-10 18:15:05,23.61458
2013-02-11 18:15:05,24.1955
2013-02-12 18:15:05,25.76997
2013-02-13 18:15:05,26.09999
2013-02-14 18:15:05,26.53092
2013-02-15 18:15:05,26.99898
2013-02-16 18:15:05,27.07009
2013-02-17 18:15:05,25.6083
2013-02-18 18:15:05,26.81565
2013-02-19 18:15:05,28.78999
2013-02-20 18:15:05,29.81231
2013-02-21 18:15:05,29.80012
2013-02-22 18:15:05,30.901
2013-02-23 18:15:05,29.27998
2013-02-24 18:15:05,30.29777
2013-02-25 18:15:05,30.25001
2013-02-26 18:15:05,31.179
2013-02-27 18:15:05,31.40181
2013-02-28 18:15:05,33.50001
2013-03-01 18:15:05,34.87799
2013-03-02 18:15:05,34.1808
2013-03-03 18:15:05,34.10007
2013-03-04 18:15:05,36.35
2013-03-05 18:15:05,40.04
2013-03-06 18:15:05,47.5
2013-03-07 18:15:05,42.49271
2013-03-08 18:15:05,42.98
2013-03-09 18:15:05,46.01112
2013-03-10 18:15:05,46.5
2013-03-11 18:15:05,47.7397
2013-03-12 18:15:05,45.01771
2013-03-13 18:15:05,46.79999
2013-03-14 18:15:05,47.27589
2013-03-15 18:15:05,47.25005
2013-03-16 18:15:05,47.11
2013-03-17 18:15:05,47.4419
2013-03-18 18:15:05,47.65
2013-03-19 18:15:05,57.76
2013-03-20 18:15:05,63.40967
2013-03-21 18:15:05,73.8
2013-03-22 18:15:05,71.5
2013-03-23 18:15:05,63.0
2013-03-24 18:15:05,70.1
2013-03-25 18:15:05,73.88798
2013-03-26 18:15:05,78.0
2013-03-27 18:15:05,88.9
2013-03-28 18:15:05,93.56701
2013-03-29 18:15:05,89.05
2013-03-30 18:15:05,90.99999
2013-03-31 18:15:05,92.50001
2013-04-01 18:15:05,102.51001
2013-04-02 18:15:05,108.73
2013-04-03 18:15:05,138.79
2013-04-04 18:15:05,131.99899
2013-04-05 18:15:05,143.8
2013-04-06 18:15:05,142.49765
2013-04-07 18:15:05,160.0997
2013-04-08 18:15:05,184.0
2013-04-09 18:15:05,237.99
2013-04-10 18:15:05,198.0
2013-04-11 18:15:05,123.40098
2013-04-12 18:15:05,76.488
2013-04-13 18:15:05,109.49999
2013-04-14 18:15:05,91.0
2013-04-15 18:15:05,91.0
2013-04-16 18:15:05,91.0
2013-04-17 18:15:05,85.59999
2013-04-18 18:15:05,96.5
2013-04-19 18:15:05,119.62
2013-04-20 18:15:05,123.86
2013-04-21 18:15:05,125.0
2013-04-22 18:15:05,123.515
2013-04-23 18:15:05,136.08099
2013-04-24 18:15:05,153.20019
2013-04-25 18:15:05,151.12001
2013-04-26 18:15:05,135.601
2013-04-27 18:15:05,128.00001
2013-04-28 18:15:05,135.98999
2013-04-29 18:15:05,141.50002
2013-04-30 18:15:05,139.109
2013-05-01 18:15:05,124.2998
2013-05-02 18:15:05,105.00003
2013-05-03 18:15:05,93.15
2013-05-04 18:15:05,111.98979
2013-05-05 18:15:05,117.89001
2013-05-06 18:15:05,120.94999
2013-05-07 18:15:05,106.81
2013-05-08 18:15:05,113.95001
2013-05-09 18:15:05,109.56154
2013-05-10 18:15:05,117.68
2013-05-11 18:15:05,115.4
2013-05-12 18:15:05,114.32
2013-05-13 18:15:05,117.50298
2013-05-14 18:15:05,119.0
2013-05-15 18:15:05,114.98499
2013-05-16 18:15:05,115.09024
2013-05-17 18:15:05,124.49
2013-05-18 18:15:05,123.74995
2013-05-19 18:15:05,121.05628
2013-05-20 18:15:05,122.65001
2013-05-21 18:15:05,122.5
2013-05-22 18:15:05,122.64
2013-05-23 18:15:05,125.67
2013-05-24 18:15:05,131.5
2013-05-25 18:15:05,132.69
2013-05-26 18:15:05,134.04701
2013-05-27 18:15:05,132.60997
2013-05-28 18:15:05,128.321
2013-05-29 18:15:05,129.97994
2013-05-30 18:15:05,130.99589
2013-05-31 18:15:05,127.34072
2013-06-01 18:15:05,129.19945
2013-06-02 18:15:05,120.60293
2013-06-03 18:15:05,120.00002
2013-06-04 18:15:05,120.56663
2013-06-05 18:15:05,122.4051
2013-06-06 18:15:05,120.68998
2013-06-07 18:15:05,110.29501
2013-06-08 18:15:05,107.8
2013-06-09 18:15:05,98.47045
2013-06-10 18:15:05,104.96851
2013-06-11 18:15:05,108.0
2013-06-12 18:15:05,108.16201
2013-06-13 18:15:05,109.0
2013-06-14 18:15:05,100.0
2013-06-15 18:15:05,101.96998
2013-06-16 18:15:05,100.0
2013-06-17 18:15:05,100.52521
2013-06-18 18:15:05,107.38999
2013-06-19 18:15:05,107.835
2013-06-20 18:15:05,111.97
2013-06-21 18:15:05,111.0
2013-06-22 18:15:05,109.09
2013-06-23 18:15:05,107.68389
2013-06-24 18:15:05,101.96936
2013-06-25 18:15:05,103.86665
2013-06-26 18:15:05,104.40565
2013-06-27 18:15:05,102.79001
2013-06-28 18:15:05,96.63498
2013-06-29 18:15:05,95.85301
2013-06-30 18:15:05,96.5
2013-07-01 18:15:05,90.998
2013-07-02 18:15:05,89.55
2013-07-03 18:15:05,82.8
2013-07-04 18:15:05,79.8
2013-07-05 18:15:05,67.85844
2013-07-06 18:15:05,69.34602
2013-07-07 18:15:05,70.942
2013-07-08 18:15:05,77.64
2013-07-09 18:15:05,76.32791
2013-07-10 18:15:05,78.58899
2013-07-11 18:15:05,87.15
2013-07-12 18:15:05,97.8
2013-07-13 18:15:05,95.995
2013-07-14 18:15:05,94.75
2013-07-15 18:15:05,98.37516
2013-07-16 18:15:05,97.01
2013-07-17 18:15:05,97.97
2013-07-18 18:15:05,90.40001
2013-07-19 18:15:05,93.41082
2013-07-20 18:15:05,91.8775
2013-07-21 18:15:05,88.93999
2013-07-22 18:15:05,91.788
2013-07-23 18:15:05,95.396
2013-07-24 18:15:05,93.6216
2013-07-25 18:15:05,96.2
2013-07-26 18:15:05,96.39475
2013-07-27 18:15:05,95.20461
2013-07-28 18:15:05,99.00001
2013-07-29 18:15:05,101.04202
2013-07-30 18:15:05,101.89998
2013-07-31 18:15:05,104.95555
2013-08-01 18:15:05,104.19
2013-08-02 18:15:05,105.5
2013-08-03 18:15:05,103.80001
2013-08-04 18:15:05,104.67459
2013-08-05 18:15:05,106.4
2013-08-06 18:15:05,106.88378
2013-08-07 18:15:05,105.6
2013-08-08 18:15:05,101.9
2013-08-09 18:15:05,102.3
2013-08-10 18:15:05,102.61802
2013-08-11 18:15:05,103.85001
2013-08-12 18:15:05,104.99498
2013-08-13 18:15:05,107.29884
2013-08-14 18:15:05,100.03
2013-08-15 18:15:05,98.28
2013-08-16 18:15:05,98.51
2013-08-17 18:15:05,98.39
2013-08-18 18:15:05,99.02
2013-08-19 18:15:05,102.07
2013-08-20 18:15:05,104.59
2013-08-21 18:15:05,109.75
2013-08-22 18:15:05,111.01
2013-08-23 18:15:05,107.48
2013-08-24 18:15:05,108.79
2013-08-25 18:15:05,112.9
2013-08-26 18:15:05,111.8
2013-08-27 18:15:05,117.52
2013-08-28 18:15:05,119.25
2013-08-29 18:15:05,119.48
2013-08-30 18:15:05,124.79
2013-08-31 18:15:05,132.75
2013-09-01 18:15:05,130.82
2013-09-02 18:15:05,131.03
2013-09-03 18:15:05,130.45
2013-09-04 18:15:05,126.74
2013-09-05 18:15:05,124.51
2013-09-06 18:15:05,122.44
2013-09-07 18:15:05,120.15
2013-09-08 18:15:05,118.51
2013-09-09 18:15:05,121.66
2013-09-10 18:15:05,123.39
2013-09-11 18:15:05,124.1
2013-09-12 18:15:05,128.45
2013-09-13 18:15:05,128.29
2013-09-14 18:15:05,124.32
2013-09-15 18:15:05,125.46
2013-09-16 18:15:05,126.02
2013-09-17 18:15:05,127.56
2013-09-18 18:15:05,127.23
2013-09-19 18:15:05,124.1
2013-09-20 18:15:05,123.98
2013-09-21 18:15:05,123.5
2013-09-22 18:15:05,122.78
2013-09-23 18:15:05,123.02
2013-09-24 18:15:05,122.59
2013-09-25 18:15:05,124.18
2013-09-26 18:15:05,123.85
2013-09-27 18:15:05,125.6
2013-09-28 18:15:05,126.5
2013-09-29 18:15:05,128.1
2013-09-30 18:15:05,125.8
2013-10-01 18:15:05,127.11
2013-10-02 18:15:05,104.47
2013-10-03 18:15:05,116.95
2013-10-04 18:15:05,122.0
2013-10-05 18:15:05,121.51
2013-10-06 18:15:05,121.6
2013-10-07 18:15:05,123.6
2013-10-08 18:15:05,123.84
2013-10-09 18:15:05,126.08
2013-10-10 18:15:05,126.43
2013-10-11 18:15:05,126.84
2013-10-12 18:15:05,127.53
2013-10-13 18:15:05,129.74
2013-10-14 18:15:05,135.69
2013-10-15 18:15:05,139.24
2013-10-16 18:15:05,141.83
2013-10-17 18:15:05,143.33
2013-10-18 18:15:05,150.59
2013-10-19 18:15:05,165.05
2013-10-20 18:15:05,165.71
2013-10-21 18:15:05,177.07
2013-10-22 18:15:05,191.78
2013-10-23 18:15:05,199.95
2013-10-24 18:15:05,195.78
2013-10-25 18:15:05,172.81
2013-10-26 18:15:05,179.71
2013-10-27 18:15:05,189.06
2013-10-28 18:15:05,196.25
2013-10-29 18:15:05,202.09
2013-10-30 18:15:05,203.39
2013-10-31 18:15:05,201.61
2013-11-01 18:15:05,203.24
2013-11-02 18:15:05,204.15
2013-11-03 18:15:05,206.85
2013-11-04 18:15:05,225.1
2013-11-05 18:15:05,246.63
2013-11-06 18:15:05,258.23
2013-11-07 18:15:05,292.32
2013-11-08 18:15:05,325.56
2013-11-09 18:15:05,359.76
2013-11-10 18:15:05,296.91
2013-11-11 18:15:05,339.38
2013-11-12 18:15:05,353.95
2013-11-13 18:15:05,391.64
2013-11-14 18:15:05,416.5
2013-11-15 18:15:05,428.24
2013-11-16 18:15:05,433.53
2013-11-17 18:15:05,463.0
2013-11-18 18:15:05,583.16
2013-11-19 18:15:05,559.99
2013-11-20 18:15:05,595.0
2013-11-21 18:15:05,694.95
2013-11-22 18:15:05,761.0
2013-11-23 18:15:05,837.99
2013-11-24 18:15:05,833.16
2013-11-25 18:15:05,814.0
2013-11-26 18:15:05,844.9
2013-11-27 18:15:05,961.0
2013-11-28 18:15:05,1009.0
2013-11-29 18:15:05,1083.9
2013-11-30 18:15:05,1119.96
2013-12-01 18:15:05,970.0
2013-12-02 18:15:05,992.27
2013-12-03 18:15:05,1060.0
2013-12-04 18:15:05,1151.0
2013-12-05 18:15:05,1028.34
2013-12-06 18:15:05,894.0
2013-12-07 18:15:05,727.29
2013-12-08 18:15:05,722.99
2013-12-09 18:15:05,871.0
2013-12-10 18:15:05,936.98
2013-12-11 18:15:05,886.2
2013-12-12 18:15:05,845.75
2013-12-13 18:15:05,874.0
2013-12-14 18:15:05,864.7
2013-12-15 18:15:05,848.17
2013-12-16 18:15:05,709.0
2013-12-17 18:15:05,702.05
2013-12-18 18:15:05,576.16
2013-12-19 18:15:05,653.0
2013-12-20 18:15:05,660.0
2013-12-21 18:15:05,612.5
2013-12-22 18:15:05,637.0
2013-12-23 18:15:05,639.9
2013-12-24 18:15:05,647.27
2013-12-25 18:15:05,658.07
2013-12-26 18:15:05,734.42
2013-12-27 18:15:05,715.51
2013-12-28 18:15:05,701.61
2013-12-29 18:15:05,714.79
2013-12-30 18:15:05,739.1
2013-12-31 18:15:05,731.0
2014-01-01 18:15:05,746.9
2014-01-02 18:15:05,758.01
2014-01-03 18:15:05,806.21
2014-01-04 18:15:05,822.38
2014-01-05 18:15:05,896.0
2014-01-06 18:15:05,934.21
2014-01-07 18:15:05,867.38
2014-01-08 18:15:05,825.29
2014-01-09 18:15:05,809.17
2014-01-10 18:15:05,827.46
2014-01-11 18:15:05,891.85
2014-01-12 18:15:05,851.0
2014-01-13 18:15:05,807.83
2014-01-14 18:15:05,820.75
2014-01-15 18:15:05,847.7
2014-01-16 18:15:05,830.9
2014-01-17 18:15:05,793.0
2014-01-18 18:15:05,801.53
2014-01-19 18:15:05,833.0
2014-01-20 18:15:05,831.72
2014-01-21 18:15:05,822.56
2014-01-22 18:15:05,813.05
2014-01-23 18:15:05,813.02
2014-01-24 18:15:05,789.1
2014-01-25 18:15:05,806.0
2014-01-26 18:15:05,826.77
2014-01-27 18:15:05,777.0
2014-01-28 18:15:05,800.2
2014-01-29 18:15:05,803.6
2014-01-30 18:15:05,799.37
2014-01-31 18:15:05,802.5
2014-02-01 18:15:05,815.99
2014-02-02 18:15:05,819.57
2014-02-03 18:15:05,813.8
2014-02-04 18:15:05,809.05
2014-02-05 18:15:05,800.0
2014-02-06 18:15:05,778.0
2014-02-07 18:15:05,742.78
2014-02-08 18:15:05,707.0
2014-02-09 18:15:05,710.0
2014-02-10 18:15:05,665.0
2014-02-11 18:15:05,670.0
2014-02-12 18:15:05,667.01
2014-02-13 18:15:05,633.99
2014-02-14 18:15:05,672.1
2014-02-15 18:15:05,651.42
2014-02-16 18:15:05,623.5
2014-02-17 18:15:05,642.0
2014-02-18 18:15:05,626.77
2014-02-19 18:15:05,623.93
2014-02-20 18:15:05,582.7
2014-02-21 18:15:05,566.16
2014-02-22 18:15:05,603.98
2014-02-23 18:15:05,626.77
2014-02-24 18:15:05,545.0
2014-02-25 18:15:05,528.0
2014-02-26 18:15:05,585.38
2014-02-27 18:15:05,585.17
2014-02-28 18:15:05,577.97
2014-03-01 18:15:05,571.5
2014-03-02 18:15:05,559.88
2014-03-03 18:15:05,666.5
2014-03-04 18:15:05,677.61
2014-03-05 18:15:05,664.85
2014-03-06 18:15:05,657.02
2014-03-07 18:15:05,621.3
2014-03-08 18:15:05,609.0
2014-03-09 18:15:05,637.99
2014-03-10 18:15:05,621.99
2014-03-11 18:15:05,622.9
2014-03-12 18:15:05,642.1
2014-03-13 18:15:05,642.61
2014-03-14 18:15:05,636.47
2014-03-15 18:15:05,636.29
2014-03-16 18:15:05,634.94
2014-03-17 18:15:05,624.7
2014-03-18 18:15:05,627.0
2014-03-19 18:15:05,608.41
2014-03-20 18:15:05,590.0
2014-03-21 18:15:05,579.99
2014-03-22 18:15:05,557.0
2014-03-23 18:15:05,567.13
2014-03-24 18:15:05,572.0
2014-03-25 18:15:05,580.02
2014-03-26 18:15:05,585.7
2014-03-27 18:15:05,520.2
2014-03-28 18:15:05,503.0
2014-03-29 18:15:05,499.94
2014-03-30 18:15:05,449.02
2014-03-31 18:15:05,457.0
2014-04-01 18:15:05,479.51
2014-04-02 18:15:05,445.0
2014-04-03 18:15:05,446.31
2014-04-04 18:15:05,446.01
2014-04-05 18:15:05,451.84
2014-04-06 18:15:05,459.67
2014-04-07 18:15:05,447.74
2014-04-08 18:15:05,454.07
2014-04-09 18:15:05,443.1
2014-04-10 18:15:05,401.0
2014-04-11 18:15:05,427.99
2014-04-12 18:15:05,424.98
2014-04-13 18:15:05,405.0
2014-04-14 18:15:05,453.14
2014-04-15 18:15:05,489.91
2014-04-16 18:15:05,511.5
2014-04-17 18:15:05,495.0
2014-04-18 18:15:05,479.98
2014-04-19 18:15:05,499.9
2014-04-20 18:15:05,500.19
2014-04-21 18:15:05,496.5
2014-04-22 18:15:05,493.33
2014-04-23 18:15:05,487.3
2014-04-24 18:15:05,491.6
2014-04-25 18:15:05,459.15
2014-04-26 18:15:05,463.88
2014-04-27 18:15:05,440.1
2014-04-28 18:15:05,447.0
2014-04-29 18:15:05,447.7
2014-04-30 18:15:05,449.0
2014-05-01 18:15:05,460.01
2014-05-02 18:15:05,447.51
2014-05-03 18:15:05,434.5
2014-05-04 18:15:05,436.21
2014-05-05 18:15:05,427.83
2014-05-06 18:15:05,430.33
2014-05-07 18:15:05,446.65
2014-05-08 18:15:05,441.5
2014-05-09 18:15:05,452.02
2014-05-10 18:15:05,452.42
2014-05-11 18:15:05,435.0
2014-05-12 18:15:05,441.5
2014-05-13 18:15:05,438.95
2014-05-14 18:15:05,447.49
2014-05-15 18:15:05,448.99
2014-05-16 18:15:05,449.51
2014-05-17 18:15:05,449.08
2014-05-18 18:15:05,447.14
2014-05-19 18:15:05,446.42
2014-05-20 18:15:05,485.01
2014-05-21 18:15:05,494.87
2014-05-22 18:15:05,523.84
2014-05-23 18:15:05,527.47
2014-05-24 18:15:05,521.52
2014-05-25 18:15:05,575.0
2014-05-26 18:15:05,584.0
2014-05-27 18:15:05,581.87
2014-05-28 18:15:05,574.33
2014-05-29 18:15:05,568.0
2014-05-30 18:15:05,609.03
2014-05-31 18:15:05,620.45
2014-06-01 18:15:05,674.98
2014-06-02 18:15:05,631.49
2014-06-03 18:15:05,673.9
2014-06-04 18:15:05,644.66
2014-06-05 18:15:05,658.72
2014-06-06 18:15:05,655.75
2014-06-07 18:15:05,654.3
2014-06-08 18:15:05,652.0
2014-06-09 18:15:05,650.93
2014-06-10 18:15:05,649.89
2014-06-11 18:15:05,639.99
2014-06-12 18:15:05,617.0
2014-06-13 18:15:05,582.0
2014-06-14 18:15:05,557.92
2014-06-15 18:15:05,560.49
2014-06-16 18:15:05,595.0
2014-06-17 18:15:05,597.65
2014-06-18 18:15:05,604.6
2014-06-19 18:15:05,604.32
2014-06-20 18:15:05,593.33
2014-06-21 18:15:05,590.99
2014-06-22 18:15:05,596.08
2014-06-23 18:15:05,591.5
2014-06-24 18:15:05,585.54
2014-06-25 18:15:05,567.0
2014-06-26 18:15:05,569.0
2014-06-27 18:15:05,588.97
2014-06-28 18:15:05,597.08
2014-06-29 18:15:05,596.0
2014-06-30 18:15:05,620.0
2014-07-01 18:15:05,654.45
2014-07-02 18:15:05,654.0
2014-07-03 18:15:05,644.04
2014-07-04 18:15:05,635.49
2014-07-05 18:15:05,632.78
2014-07-06 18:15:05,634.49
2014-07-07 18:15:05,621.98
2014-07-08 18:15:05,623.7
2014-07-09 18:15:05,624.84
2014-07-10 18:15:05,619.78
2014-07-11 18:15:05,630.31
2014-07-12 18:15:05,631.98
2014-07-13 18:15:05,630.9
2014-07-14 18:15:05,622.8
2014-07-15 18:15:05,623.17
2014-07-16 18:15:05,619.48
2014-07-17 18:15:05,626.0
2014-07-18 18:15:05,629.86
2014-07-19 18:15:05,630.92
2014-07-20 18:15:05,623.77
2014-07-21 18:15:05,619.14
2014-07-22 18:15:05,621.03
2014-07-23 18:15:05,622.01
2014-07-24 18:15:05,601.18
2014-07-25 18:15:05,602.59
2014-07-26 18:15:05,595.88
2014-07-27 18:15:05,592.51
2014-07-28 18:15:05,586.96
2014-07-29 18:15:05,581.5
2014-07-30 18:15:05,573.48
2014-07-31 18:15:05,586.0
2014-08-01 18:15:05,601.94
2014-08-02 18:15:05,591.59
2014-08-03 18:15:05,589.79
2014-08-04 18:15:05,593.94
2014-08-05 18:15:05,580.21
2014-08-06 18:15:05,581.6
2014-08-07 18:15:05,587.24
2014-08-08 18:15:05,589.3
2014-08-09 18:15:05,588.61
2014-08-10 18:15:05,588.99
2014-08-11 18:15:05,578.97
2014-08-12 18:15:05,569.54
2014-08-13 18:15:05,550.14
2014-08-14 18:15:05,521.66
2014-08-15 18:15:05,498.16
2014-08-16 18:15:05,509.0
2014-08-17 18:15:05,491.88
2014-08-18 18:15:05,468.19
2014-08-19 18:15:05,487.5
2014-08-20 18:15:05,507.3
2014-08-21 18:15:05,525.78
2014-08-22 18:15:05,518.25
2014-08-23 18:15:05,503.88
2014-08-24 18:15:05,510.75
2014-08-25 18:15:05,503.79
2014-08-26 18:15:05,512.79
2014-08-27 18:15:05,514.84
2014-08-28 18:15:05,509.39
2014-08-29 18:15:05,511.99
2014-08-30 18:15:05,503.88
2014-08-31 18:15:05,477.98
2014-09-01 18:15:05,482.59
2014-09-02 18:15:05,483.65
2014-09-03 18:15:05,472.76
2014-09-04 18:15:05,486.0
2014-09-05 18:15:05,485.91
2014-09-06 18:15:05,481.09
2014-09-07 18:15:05,480.62
2014-09-08 18:15:05,476.61
2014-09-09 18:15:05,466.48
2014-09-10 18:15:05,485.03
2014-09-11 18:15:05,469.0
2014-09-12 18:15:05,470.43
2014-09-13 18:15:05,479.86
2014-09-14 18:15:05,475.49
2014-09-15 18:15:05,475.3
2014-09-16 18:15:05,468.0
2014-09-17 18:15:05,448.0
2014-09-18 18:15:05,428.19
2014-09-19 18:15:05,398.89
2014-09-20 18:15:05,415.56
2014-09-21 18:15:05,406.3
2014-09-22 18:15:05,400.98
2014-09-23 18:15:05,423.0
2014-09-24 18:15:05,431.91
2014-09-25 18:15:05,408.08
2014-09-26 18:15:05,405.14
2014-09-27 18:15:05,400.74
2014-09-28 18:15:05,380.0
2014-09-29 18:15:05,381.94
2014-09-30 18:15:05,382.67
2014-10-01 18:15:05,385.27
2014-10-02 18:15:05,375.85
2014-10-03 18:15:05,363.75
2014-10-04 18:15:05,336.0
2014-10-05 18:15:05,293.67
2014-10-06 18:15:05,331.2
2014-10-07 18:15:05,330.7
2014-10-08 18:15:05,346.26
2014-10-09 18:15:05,378.94
2014-10-10 18:15:05,358.97
2014-10-11 18:15:05,359.99
2014-10-12 18:15:05,364.83
2014-10-13 18:15:05,381.46
2014-10-14 18:15:05,411.89
2014-10-15 18:15:05,394.0
2014-10-16 18:15:05,378.02
2014-10-17 18:15:05,382.83
2014-10-18 18:15:05,389.68
2014-10-19 18:15:05,388.99
2014-10-20 18:15:05,384.95
2014-10-21 18:15:05,387.0
2014-10-22 18:15:05,385.1
2014-10-23 18:15:05,363.99
2014-10-24 18:15:05,358.46
2014-10-25 18:15:05,348.89
2014-10-26 18:15:05,355.43
2014-10-27 18:15:05,356.5
2014-10-28 18:15:05,354.94
2014-10-29 18:15:05,343.53
2014-10-30 18:15:05,337.0
2014-10-31 18:15:05,340.95
2014-11-01 18:15:05,327.39
2014-11-02 18:15:05,326.41
2014-11-03 18:15:05,325.81
2014-11-04 18:15:05,328.72
2014-11-05 18:15:05,341.99
2014-11-06 18:15:05,347.96
2014-11-07 18:15:05,342.26
2014-11-08 18:15:05,345.84
2014-11-09 18:15:05,356.34
2014-11-10 18:15:05,375.87
2014-11-11 18:15:05,365.04
2014-11-12 18:15:05,430.07
2014-11-13 18:15:05,406.56
2014-11-14 18:15:05,396.56
2014-11-15 18:15:05,373.14
2014-11-16 18:15:05,383.65
2014-11-17 18:15:05,378.48
2014-11-18 18:15:05,379.91
2014-11-19 18:15:05,374.77
2014-11-20 18:15:05,361.7
2014-11-21 18:15:05,356.9
2014-11-22 18:15:05,359.8
2014-11-23 18:15:05,362.99
2014-11-24 18:15:05,384.0
2014-11-25 18:15:05,381.03
2014-11-26 18:15:05,371.44
2014-11-27 18:15:05,372.62
2014-11-28 18:15:05,376.12
2014-11-29 18:15:05,377.22
2014-11-30 18:15:05,375.96
2014-12-01 18:15:05,381.72
2014-12-02 18:15:05,381.93
2014-12-03 18:15:05,378.25
2014-12-04 18:15:05,371.67
2014-12-05 18:15:05,373.98
2014-12-06 18:15:05,374.05
2014-12-07 18:15:05,375.73
2014-12-08 18:15:05,367.01
2014-12-09 18:15:05,350.29
2014-12-10 18:15:05,350.97
2014-12-11 18:15:05,356.1
2014-12-12 18:15:05,355.08
2014-12-13 18:15:05,350.31
2014-12-14 18:15:05,353.28
2014-12-15 18:15:05,352.15
2014-12-16 18:15:05,336.73
2014-12-17 18:15:05,318.2
2014-12-18 18:15:05,317.7
2014-12-19 18:15:05,317.63
2014-12-20 18:15:05,325.7
2014-12-21 18:15:05,326.93
2014-12-22 18:15:05,332.53
2014-12-23 18:15:05,336.96
2014-12-24 18:15:05,327.59
2014-12-25 18:15:05,319.31
2014-12-26 18:15:05,328.09
2014-12-27 18:15:05,314.45
2014-12-28 18:15:05,317.5
2014-12-29 18:15:05,314.49
2014-12-30 18:15:05,313.09
2014-12-31 18:15:05,317.4
2015-01-01 18:15:05,315.7
2015-01-02 18:15:05,316.15
2015-01-03 18:15:05,302.33
2015-01-04 18:15:05,270.93
2015-01-05 18:15:05,276.8
2015-01-06 18:15:05,276.8
2015-01-07 18:15:05,276.8
2015-01-08 18:15:05,276.8
2015-01-09 18:15:05,276.8
2015-01-10 18:15:05,278.0
2015-01-11 18:15:05,272.25
2015-01-12 18:15:05,270.0
2015-01-13 18:15:05,230.89
2015-01-14 18:15:05,176.5
2015-01-15 18:15:05,218.11
2015-01-16 18:15:05,205.35
2015-01-17 18:15:05,197.12
2015-01-18 18:15:05,211.18
2015-01-19 18:15:05,212.39
2015-01-20 18:15:05,212.99
2015-01-21 18:15:05,215.2
2015-01-22 18:15:05,233.9
2015-01-23 18:15:05,233.03
2015-01-24 18:15:05,244.64
2015-01-25 18:15:05,247.11
2015-01-26 18:15:05,271.47
2015-01-27 18:15:05,266.03
2015-01-28 18:15:05,249.25
2015-01-29 18:15:05,233.19
2015-01-30 18:15:05,230.11
2015-01-31 18:15:05,229.7
2015-02-01 18:15:05,220.72
2015-02-02 18:15:05,223.0
2015-02-03 18:15:05,236.51
2015-02-04 18:15:05,222.56
2015-02-05 18:15:05,217.37
2015-02-06 18:15:05,220.47
2015-02-07 18:15:05,225.16
2015-02-08 18:15:05,223.5
2015-02-09 18:15:05,220.39
2015-02-10 18:15:05,220.16
2015-02-11 18:15:05,221.99
2015-02-12 18:15:05,221.83
2015-02-13 18:15:05,239.94
2015-02-14 18:15:05,245.31
2015-02-15 18:15:05,243.99
2015-02-16 18:15:05,235.86
2015-02-17 18:15:05,244.0
2015-02-18 18:15:05,234.87
2015-02-19 18:15:05,241.59
2015-02-20 18:15:05,243.56
2015-02-21 18:15:05,245.66
2015-02-22 18:15:05,236.0
2015-02-23 18:15:05,237.09
2015-02-24 18:15:05,240.1
2015-02-25 18:15:05,238.59
2015-02-26 18:15:05,237.5
2015-02-27 18:15:05,254.0
2015-02-28 18:15:05,252.98
2015-03-01 18:15:05,247.56
2015-03-02 18:15:05,263.81
2015-03-03 18:15:05,275.8
2015-03-04 18:15:05,281.65
2015-03-05 18:15:05,265.63
2015-03-06 18:15:05,272.12
2015-03-07 18:15:05,275.83
2015-03-08 18:15:05,273.87
2015-03-09 18:15:05,287.48
2015-03-10 18:15:05,294.06
2015-03-11 18:15:05,293.29
2015-03-12 18:15:05,297.39
2015-03-13 18:15:05,289.51
2015-03-14 18:15:05,284.21
2015-03-15 18:15:05,283.57
2015-03-16 18:15:05,290.88
2015-03-17 18:15:05,287.02
2015-03-18 18:15:05,265.85
2015-03-19 18:15:05,260.62
2015-03-20 18:15:05,259.8
2015-03-21 18:15:05,257.83
2015-03-22 18:15:05,260.5
2015-03-23 18:15:05,266.07
2015-03-24 18:15:05,247.83
2015-03-25 18:15:05,245.68
2015-03-26 18:15:05,251.98
2015-03-27 18:15:05,248.63
2015-03-28 18:15:05,251.52
2015-03-29 18:15:05,244.05
2015-03-30 18:15:05,245.18
2015-03-31 18:15:05,242.92
2015-04-01 18:15:05,242.7
2015-04-02 18:15:05,252.44
2015-04-03 18:15:05,254.39
2015-04-04 18:15:05,253.77
2015-04-05 18:15:05,257.03
2015-04-06 18:15:05,254.7
2015-04-07 18:15:05,255.48
2015-04-08 18:15:05,245.89
2015-04-09 18:15:05,244.98
2015-04-10 18:15:05,235.71
2015-04-11 18:15:05,236.7
2015-04-12 18:15:05,236.76
2015-04-13 18:15:05,225.99
2015-04-14 18:15:05,216.0
2015-04-15 18:15:05,218.96
2015-04-16 18:15:05,229.62
2015-04-17 18:15:05,222.67
2015-04-18 18:15:05,222.32
2015-04-19 18:15:05,225.72
2015-04-20 18:15:05,224.63
2015-04-21 18:15:05,224.88
2015-04-22 18:15:05,237.34
2015-04-23 18:15:05,235.48
2015-04-24 18:15:05,230.93
2015-04-25 18:15:05,228.6
2015-04-26 18:15:05,218.42
2015-04-27 18:15:05,222.59
2015-04-28 18:15:05,222.66
2015-04-29 18:15:05,225.69
2015-04-30 18:15:05,235.13
2015-05-01 18:15:05,233.43
2015-05-02 18:15:05,234.13
2015-05-03 18:15:05,240.51
2015-05-04 18:15:05,236.17
2015-05-05 18:15:05,234.66
2015-05-06 18:15:05,235.79
2015-05-07 18:15:05,233.99
2015-05-08 18:15:05,244.72
2015-05-09 18:15:05,241.08
2015-05-10 18:15:05,239.35
2015-05-11 18:15:05,244.19
2015-05-12 18:15:05,241.51
2015-05-13 18:15:05,242.72
2015-05-14 18:15:05,238.32
2015-05-15 18:15:05,237.6
2015-05-16 18:15:05,236.63
2015-05-17 18:15:05,235.78
2015-05-18 18:15:05,236.45
2015-05-19 18:15:05,232.04
2015-05-20 18:15:05,234.6
2015-05-21 18:15:05,236.0
2015-05-22 18:15:05,240.5
2015-05-23 18:15:05,238.77
2015-05-24 18:15:05,240.46
2015-05-25 18:15:05,235.65
2015-05-26 18:15:05,235.94
2015-05-27 18:15:05,235.0
2015-05-28 18:15:05,236.48
2015-05-29 18:15:05,235.87
2015-05-30 18:15:05,231.12
2015-05-31 18:15:05,231.95
2015-06-01 18:15:05,222.4
2015-06-02 18:15:05,224.83
2015-06-03 18:15:05,226.29
2015-06-04 18:15:05,225.54
2015-06-05 18:15:05,224.15
2015-06-06 18:15:05,224.49
2015-06-07 18:15:05,222.6
2015-06-08 18:15:05,228.0
2015-06-09 18:15:05,230.1
2015-06-10 18:15:05,228.01
2015-06-11 18:15:05,229.0
2015-06-12 18:15:05,229.98
2015-06-13 18:15:05,230.22
2015-06-14 18:15:05,232.05
2015-06-15 18:15:05,236.46
2015-06-16 18:15:05,245.35
2015-06-17 18:15:05,249.96
2015-06-18 18:15:05,248.25
2015-06-19 18:15:05,246.45
2015-06-20 18:15:05,244.08
2015-06-21 18:15:05,242.47
2015-06-22 18:15:05,246.35
2015-06-23 18:15:05,243.92
2015-06-24 18:15:05,240.64
2015-06-25 18:15:05,241.92
2015-06-26 18:15:05,241.19
2015-06-27 18:15:05,248.5
2015-06-28 18:15:05,248.76
2015-06-29 18:15:05,253.8
2015-06-30 18:15:05,262.53
2015-07-01 18:15:05,257.85
2015-07-02 18:15:05,255.06
2015-07-03 18:15:05,255.1
2015-07-04 18:15:05,257.92
2015-07-05 18:15:05,270.92
2015-07-06 18:15:05,273.37
2015-07-07 18:15:05,267.26
2015-07-08 18:15:05,269.68
2015-07-09 18:15:05,270.68
2015-07-10 18:15:05,286.98
2015-07-11 18:15:05,293.5
2015-07-12 18:15:05,309.3
2015-07-13 18:15:05,289.9
2015-07-14 18:15:05,292.87
2015-07-15 18:15:05,290.95
2015-07-16 18:15:05,275.76
2015-07-17 18:15:05,277.99
2015-07-18 18:15:05,278.08
2015-07-19 18:15:05,276.09
2015-07-20 18:15:05,278.26
2015-07-21 18:15:05,278.97
2015-07-22 18:15:05,277.54
2015-07-23 18:15:05,276.64
2015-07-24 18:15:05,287.3
2015-07-25 18:15:05,287.12
2015-07-26 18:15:05,292.33
2015-07-27 18:15:05,290.79
2015-07-28 18:15:05,295.24
2015-07-29 18:15:05,290.7
2015-07-30 18:15:05,287.56
2015-07-31 18:15:05,284.78
2015-08-01 18:15:05,280.72
2015-08-02 18:15:05,280.69
2015-08-03 18:15:05,284.39
2015-08-04 18:15:05,285.0
2015-08-05 18:15:05,282.69
2015-08-06 18:15:05,277.1
2015-08-07 18:15:05,279.39
2015-08-08 18:15:05,269.89
2015-08-09 18:15:05,265.42
2015-08-10 18:15:05,264.07
2015-08-11 18:15:05,265.85
2015-08-12 18:15:05,267.89
2015-08-13 18:15:05,265.97
2015-08-14 18:15:05,266.99
2015-08-15 18:15:05,265.41
2015-08-16 18:15:05,257.47
2015-08-17 18:15:05,257.45
2015-08-18 18:15:05,253.91
2015-08-19 18:15:05,233.29
2015-08-20 18:15:05,233.23
2015-08-21 18:15:05,233.59
2015-08-22 18:15:05,226.04
2015-08-23 18:15:05,228.68
2015-08-24 18:15:05,213.24
2015-08-25 18:15:05,222.02
2015-08-26 18:15:05,228.84
2015-08-27 18:15:05,228.27
2015-08-28 18:15:05,234.17
2015-08-29 18:15:05,228.22
2015-08-30 18:15:05,226.47
2015-08-31 18:15:05,230.94
2015-09-01 18:15:05,228.32
2015-09-02 18:15:05,230.68
2015-09-03 18:15:05,227.42
2015-09-04 18:15:05,230.8
2015-09-05 18:15:05,234.67
2015-09-06 18:15:05,240.2
2015-09-07 18:15:05,241.31
2015-09-08 18:15:05,243.08
2015-09-09 18:15:05,240.08
2015-09-10 18:15:05,239.68
2015-09-11 18:15:05,239.93
2015-09-12 18:15:05,235.13
2015-09-13 18:15:05,229.86
2015-09-14 18:15:05,230.88
2015-09-15 18:15:05,230.0
2015-09-16 18:15:05,227.86
2015-09-17 18:15:05,234.0
2015-09-18 18:15:05,232.99
2015-09-19 18:15:05,230.71
2015-09-20 18:15:05,230.2
2015-09-21 18:15:05,226.56
2015-09-22 18:15:05,229.43
2015-09-23 18:15:05,229.95
2015-09-24 18:15:05,233.9
2015-09-25 18:15:05,235.79
2015-09-26 18:15:05,233.76
2015-09-27 18:15:05,232.85
2015-09-28 18:15:05,238.94
2015-09-29 18:15:05,237.68
2015-09-30 18:15:05,237.91
2015-10-01 18:15:05,238.98
2015-10-02 18:15:05,237.78
2015-10-03 18:15:05,239.17
2015-10-04 18:15:05,239.47
2015-10-05 18:15:05,239.22
2015-10-06 18:15:05,246.67
2015-10-07 18:15:05,245.25
2015-10-08 18:15:05,243.91
2015-10-09 18:15:05,244.78
2015-10-10 18:15:05,245.79
2015-10-11 18:15:05,248.08
2015-10-12 18:15:05,246.63
2015-10-13 18:15:05,249.58
2015-10-14 18:15:05,254.6
2015-10-15 18:15:05,254.73
2015-10-16 18:15:05,262.31
2015-10-17 18:15:05,269.07
2015-10-18 18:15:05,262.44
2015-10-19 18:15:05,264.16
2015-10-20 18:15:05,269.8
2015-10-21 18:15:05,269.1
2015-10-22 18:15:05,273.95
2015-10-23 18:15:05,277.43
2015-10-24 18:15:05,279.9
2015-10-25 18:15:05,295.01
2015-10-26 18:15:05,284.95
2015-10-27 18:15:05,294.73
2015-10-28 18:15:05,298.95
2015-10-29 18:15:05,310.36
2015-10-30 18:15:05,329.2
2015-10-31 18:15:05,310.92
2015-11-01 18:15:05,311.5
2015-11-02 18:15:05,340.69
2015-11-03 18:15:05,409.0
2015-11-04 18:15:05,437.05
2015-11-05 18:15:05,400.0
2015-11-06 18:15:05,388.38
2015-11-07 18:15:05,387.38
2015-11-08 18:15:05,381.51
2015-11-09 18:15:05,378.8
2015-11-10 18:15:05,353.58
2015-11-11 18:15:05,309.9
2015-11-12 18:15:05,331.6
2015-11-13 18:15:05,332.2
2015-11-14 18:15:05,331.9
2015-11-15 18:15:05,322.33
2015-11-16 18:15:05,329.32
2015-11-17 18:15:05,335.95
2015-11-18 18:15:05,334.46
2015-11-19 18:15:05,329.0
2015-11-20 18:15:05,320.62
2015-11-21 18:15:05,325.56
2015-11-22 18:15:05,322.33
2015-11-23 18:15:05,324.49
2015-11-24 18:15:05,321.1
2015-11-25 18:15:05,325.0
2015-11-26 18:15:05,348.0
2015-11-27 18:15:05,359.54
2015-11-28 18:15:05,353.88
2015-11-29 18:15:05,363.98
2015-11-30 18:15:05,372.53
2015-12-01 18:15:05,359.32
2015-12-02 18:15:05,360.98
2015-12-03 18:15:05,362.49
2015-12-04 18:15:05,360.88
2015-12-05 18:15:05,377.72
2015-12-06 18:15:05,390.04
2015-12-07 18:15:05,395.58
2015-12-08 18:15:05,394.99
2015-12-09 18:15:05,414.01
2015-12-10 18:15:05,415.64
2015-12-11 18:15:05,444.29
2015-12-12 18:15:05,426.06
2015-12-13 18:15:05,438.79
2015-12-14 18:15:05,445.6
2015-12-15 18:15:05,459.48
2015-12-16 18:15:05,454.43
2015-12-17 18:15:05,453.39
2015-12-18 18:15:05,458.95
2015-12-19 18:15:05,461.16
2015-12-20 18:15:05,434.98
2015-12-21 18:15:05,438.7
2015-12-22 18:15:05,435.98
2015-12-23 18:15:05,441.4
2015-12-24 18:15:05,453.95
2015-12-25 18:15:05,454.98
2015-12-26 18:15:05,417.99
2015-12-27 18:15:05,418.46
2015-12-28 18:15:05,423.98
2015-12-29 18:15:05,431.13
2015-12-30 18:15:05,428.0
2015-12-31 18:15:05,429.34
2016-01-01 18:15:05,432.33
2016-01-02 18:15:05,433.94
2016-01-03 18:15:05,428.13
2016-01-04 18:15:05,433.0
2016-01-05 18:15:05,431.9
2016-01-06 18:15:05,430.75
2016-01-07 18:15:05,453.71
2016-01-08 18:15:05,447.04
2016-01-09 18:15:05,450.15
2016-01-10 18:15:05,446.24
2016-01-11 18:15:05,447.11
2016-01-12 18:15:05,446.66
2016-01-13 18:15:05,429.57
2016-01-14 18:15:05,431.9
2016-01-15 18:15:05,391.62
2016-01-16 18:15:05,370.4
2016-01-17 18:15:05,385.45
2016-01-18 18:15:05,385.28
2016-01-19 18:15:05,378.66
2016-01-20 18:15:05,408.33
2016-01-21 18:15:05,408.0
2016-01-22 18:15:05,385.7
2016-01-23 18:15:05,388.5
2016-01-24 18:15:05,404.75
2016-01-25 18:15:05,387.09
2016-01-26 18:15:05,394.12
2016-01-27 18:15:05,394.45
2016-01-28 18:15:05,382.44
2016-01-29 18:15:05,377.26
2016-01-30 18:15:05,378.24
2016-01-31 18:15:05,376.86
2016-02-01 18:15:05,372.0
2016-02-02 18:15:05,373.48
2016-02-03 18:15:05,368.38
2016-02-04 18:15:05,385.06
2016-02-05 18:15:05,386.49
2016-02-06 18:15:05,373.04
2016-02-07 18:15:05,373.74
2016-02-08 18:15:05,375.8
2016-02-09 18:15:05,372.61
2016-02-10 18:15:05,378.98
2016-02-11 18:15:05,376.75
2016-02-12 18:15:05,381.46
2016-02-13 18:15:05,388.6
2016-02-14 18:15:05,402.38
2016-02-15 18:15:05,402.64
2016-02-16 18:15:05,406.69
2016-02-17 18:15:05,418.04
2016-02-18 18:15:05,418.97
2016-02-19 18:15:05,418.02
2016-02-20 18:15:05,439.48
2016-02-21 18:15:05,434.67
2016-02-22 18:15:05,438.5
2016-02-23 18:15:05,417.0
2016-02-24 18:15:05,423.1
2016-02-25 18:15:05,421.4
2016-02-26 18:15:05,424.34
2016-02-27 18:15:05,432.0
2016-02-28 18:15:05,433.47
2016-02-29 18:15:05,436.18
2016-03-01 18:15:05,431.87
2016-03-02 18:15:05,429.99
2016-03-03 18:15:05,421.44
2016-03-04 18:15:05,416.48
2016-03-05 18:15:05,401.0
2016-03-06 18:15:05,408.86
2016-03-07 18:15:05,411.94
2016-03-08 18:15:05,412.39
2016-03-09 18:15:05,413.1
2016-03-10 18:15:05,416.0
2016-03-11 18:15:05,421.22
2016-03-12 18:15:05,410.0
2016-03-13 18:15:05,412.44
2016-03-14 18:15:05,413.89
2016-03-15 18:15:05,414.78
2016-03-16 18:15:05,415.99
2016-03-17 18:15:05,418.64
2016-03-18 18:15:05,408.87
2016-03-19 18:15:05,405.59
2016-03-20 18:15:05,410.77
2016-03-21 18:15:05,410.49
2016-03-22 18:15:05,415.35
2016-03-23 18:15:05,417.8
2016-03-24 18:15:05,416.47
2016-03-25 18:15:05,416.44
2016-03-26 18:15:05,415.71
2016-03-27 18:15:05,426.8
2016-03-28 18:15:05,422.96
2016-03-29 18:15:05,414.0
2016-03-30 18:15:05,412.35
2016-03-31 18:15:05,416.94
2016-04-01 18:15:05,416.25
2016-04-02 18:15:05,418.07
2016-04-03 18:15:05,418.07
2016-04-04 18:15:05,418.99
2016-04-05 18:15:05,421.77
2016-04-06 18:15:05,421.09
2016-04-07 18:15:05,420.33
2016-04-08 18:15:05,422.2
2016-04-09 18:15:05,417.73
2016-04-10 18:15:05,421.63
2016-04-11 18:15:05,420.69
2016-04-12 18:15:05,425.89
2016-04-13 18:15:05,424.61
2016-04-14 18:15:05,423.76
2016-04-15 18:15:05,429.09
2016-04-16 18:15:05,429.43
2016-04-17 18:15:05,425.71
2016-04-18 18:15:05,427.28
2016-04-19 18:15:05,429.51
2016-04-20 18:15:05,439.59
2016-04-21 18:15:05,447.93
2016-04-22 18:15:05,448.7
2016-04-23 18:15:05,447.75
2016-04-24 18:15:05,450.98
2016-04-25 18:15:05,463.07
2016-04-26 18:15:05,468.47
2016-04-27 18:15:05,454.59
2016-04-28 18:15:05,448.37
2016-04-29 18:15:05,454.0
2016-04-30 18:15:05,450.85
2016-05-01 18:15:05,450.59
2016-05-02 18:15:05,442.5
2016-05-03 14:36:35,448.7
