Date,MedianConfirmationTime
2009-01-03 18:15:05,0.0
2009-01-04 18:15:05,0.0
2009-01-05 18:15:05,0.0
2009-01-06 18:15:05,0.0
2009-01-07 18:15:05,0.0
2009-01-08 18:15:05,0.0
2009-01-09 18:15:05,0.0
2009-01-10 18:15:05,0.0
2009-01-11 18:15:05,0.0
2009-01-12 18:15:05,0.0
2009-01-13 18:15:05,0.0
2009-01-14 18:15:05,0.0
2009-01-15 18:15:05,0.0
2009-01-16 18:15:05,0.0
2009-01-17 18:15:05,0.0
2009-01-18 18:15:05,0.0
2009-01-19 18:15:05,0.0
2009-01-20 18:15:05,0.0
2009-01-21 18:15:05,0.0
2009-01-22 18:15:05,0.0
2009-01-23 18:15:05,0.0
2009-01-24 18:15:05,0.0
2009-01-25 18:15:05,0.0
2009-01-26 18:15:05,0.0
2009-01-27 18:15:05,0.0
2009-01-28 18:15:05,0.0
2009-01-29 18:15:05,0.0
2009-01-30 18:15:05,0.0
2009-01-31 18:15:05,0.0
2009-02-01 18:15:05,0.0
2009-02-02 18:15:05,0.0
2009-02-03 18:15:05,0.0
2009-02-04 18:15:05,0.0
2009-02-05 18:15:05,0.0
2009-02-06 18:15:05,0.0
2009-02-07 18:15:05,0.0
2009-02-08 18:15:05,0.0
2009-02-09 18:15:05,0.0
2009-02-10 18:15:05,0.0
2009-02-11 18:15:05,0.0
2009-02-12 18:15:05,0.0
2009-02-13 18:15:05,0.0
2009-02-14 18:15:05,0.0
2009-02-15 18:15:05,0.0
2009-02-16 18:15:05,0.0
2009-02-17 18:15:05,0.0
2009-02-18 18:15:05,0.0
2009-02-19 18:15:05,0.0
2009-02-20 18:15:05,0.0
2009-02-21 18:15:05,0.0
2009-02-22 18:15:05,0.0
2009-02-23 18:15:05,0.0
2009-02-24 18:15:05,0.0
2009-02-25 18:15:05,0.0
2009-02-26 18:15:05,0.0
2009-02-27 18:15:05,0.0
2009-02-28 18:15:05,0.0
2009-03-01 18:15:05,0.0
2009-03-02 18:15:05,0.0
2009-03-03 18:15:05,0.0
2009-03-04 18:15:05,0.0
2009-03-05 18:15:05,0.0
2009-03-06 18:15:05,0.0
2009-03-07 18:15:05,0.0
2009-03-08 18:15:05,0.0
2009-03-09 18:15:05,0.0
2009-03-10 18:15:05,0.0
2009-03-11 18:15:05,0.0
2009-03-12 18:15:05,0.0
2009-03-13 18:15:05,0.0
2009-03-14 18:15:05,0.0
2009-03-15 18:15:05,0.0
2009-03-16 18:15:05,0.0
2009-03-17 18:15:05,0.0
2009-03-18 18:15:05,0.0
2009-03-19 18:15:05,0.0
2009-03-20 18:15:05,0.0
2009-03-21 18:15:05,0.0
2009-03-22 18:15:05,0.0
2009-03-23 18:15:05,0.0
2009-03-24 18:15:05,0.0
2009-03-25 18:15:05,0.0
2009-03-26 18:15:05,0.0
2009-03-27 18:15:05,0.0
2009-03-28 18:15:05,0.0
2009-03-29 18:15:05,0.0
2009-03-30 18:15:05,0.0
2009-03-31 18:15:05,0.0
2009-04-01 18:15:05,0.0
2009-04-02 18:15:05,0.0
2009-04-03 18:15:05,0.0
2009-04-04 18:15:05,0.0
2009-04-05 18:15:05,0.0
2009-04-06 18:15:05,0.0
2009-04-07 18:15:05,0.0
2009-04-08 18:15:05,0.0
2009-04-09 18:15:05,0.0
2009-04-10 18:15:05,0.0
2009-04-11 18:15:05,0.0
2009-04-12 18:15:05,0.0
2009-04-13 18:15:05,0.0
2009-04-14 18:15:05,0.0
2009-04-15 18:15:05,0.0
2009-04-16 18:15:05,0.0
2009-04-17 18:15:05,0.0
2009-04-18 18:15:05,0.0
2009-04-19 18:15:05,0.0
2009-04-20 18:15:05,0.0
2009-04-21 18:15:05,0.0
2009-04-22 18:15:05,0.0
2009-04-23 18:15:05,0.0
2009-04-24 18:15:05,0.0
2009-04-25 18:15:05,0.0
2009-04-26 18:15:05,0.0
2009-04-27 18:15:05,0.0
2009-04-28 18:15:05,0.0
2009-04-29 18:15:05,0.0
2009-04-30 18:15:05,0.0
2009-05-01 18:15:05,0.0
2009-05-02 18:15:05,0.0
2009-05-03 18:15:05,0.0
2009-05-04 18:15:05,0.0
2009-05-05 18:15:05,0.0
2009-05-06 18:15:05,0.0
2009-05-07 18:15:05,0.0
2009-05-08 18:15:05,0.0
2009-05-09 18:15:05,0.0
2009-05-10 18:15:05,0.0
2009-05-11 18:15:05,0.0
2009-05-12 18:15:05,0.0
2009-05-13 18:15:05,0.0
2009-05-14 18:15:05,0.0
2009-05-15 18:15:05,0.0
2009-05-16 18:15:05,0.0
2009-05-17 18:15:05,0.0
2009-05-18 18:15:05,0.0
2009-05-19 18:15:05,0.0
2009-05-20 18:15:05,0.0
2009-05-21 18:15:05,0.0
2009-05-22 18:15:05,0.0
2009-05-23 18:15:05,0.0
2009-05-24 18:15:05,0.0
2009-05-25 18:15:05,0.0
2009-05-26 18:15:05,0.0
2009-05-27 18:15:05,0.0
2009-05-28 18:15:05,0.0
2009-05-29 18:15:05,0.0
2009-05-30 18:15:05,0.0
2009-05-31 18:15:05,0.0
2009-06-01 18:15:05,0.0
2009-06-02 18:15:05,0.0
2009-06-03 18:15:05,0.0
2009-06-04 18:15:05,0.0
2009-06-05 18:15:05,0.0
2009-06-06 18:15:05,0.0
2009-06-07 18:15:05,0.0
2009-06-08 18:15:05,0.0
2009-06-09 18:15:05,0.0
2009-06-10 18:15:05,0.0
2009-06-11 18:15:05,0.0
2009-06-12 18:15:05,0.0
2009-06-13 18:15:05,0.0
2009-06-14 18:15:05,0.0
2009-06-15 18:15:05,0.0
2009-06-16 18:15:05,0.0
2009-06-17 18:15:05,0.0
2009-06-18 18:15:05,0.0
2009-06-19 18:15:05,0.0
2009-06-20 18:15:05,0.0
2009-06-21 18:15:05,0.0
2009-06-22 18:15:05,0.0
2009-06-23 18:15:05,0.0
2009-06-24 18:15:05,0.0
2009-06-25 18:15:05,0.0
2009-06-26 18:15:05,0.0
2009-06-27 18:15:05,0.0
2009-06-28 18:15:05,0.0
2009-06-29 18:15:05,0.0
2009-06-30 18:15:05,0.0
2009-07-01 18:15:05,0.0
2009-07-02 18:15:05,0.0
2009-07-03 18:15:05,0.0
2009-07-04 18:15:05,0.0
2009-07-05 18:15:05,0.0
2009-07-06 18:15:05,0.0
2009-07-07 18:15:05,0.0
2009-07-08 18:15:05,0.0
2009-07-09 18:15:05,0.0
2009-07-10 18:15:05,0.0
2009-07-11 18:15:05,0.0
2009-07-12 18:15:05,0.0
2009-07-13 18:15:05,0.0
2009-07-14 18:15:05,0.0
2009-07-15 18:15:05,0.0
2009-07-16 18:15:05,0.0
2009-07-17 18:15:05,0.0
2009-07-18 18:15:05,0.0
2009-07-19 18:15:05,0.0
2009-07-20 18:15:05,0.0
2009-07-21 18:15:05,0.0
2009-07-22 18:15:05,0.0
2009-07-23 18:15:05,0.0
2009-07-24 18:15:05,0.0
2009-07-25 18:15:05,0.0
2009-07-26 18:15:05,0.0
2009-07-27 18:15:05,0.0
2009-07-28 18:15:05,0.0
2009-07-29 18:15:05,0.0
2009-07-30 18:15:05,0.0
2009-07-31 18:15:05,0.0
2009-08-01 18:15:05,0.0
2009-08-02 18:15:05,0.0
2009-08-03 18:15:05,0.0
2009-08-04 18:15:05,0.0
2009-08-05 18:15:05,0.0
2009-08-06 18:15:05,0.0
2009-08-07 18:15:05,0.0
2009-08-08 18:15:05,0.0
2009-08-09 18:15:05,0.0
2009-08-10 18:15:05,0.0
2009-08-11 18:15:05,0.0
2009-08-12 18:15:05,0.0
2009-08-13 18:15:05,0.0
2009-08-14 18:15:05,0.0
2009-08-15 18:15:05,0.0
2009-08-16 18:15:05,0.0
2009-08-17 18:15:05,0.0
2009-08-18 18:15:05,0.0
2009-08-19 18:15:05,0.0
2009-08-20 18:15:05,0.0
2009-08-21 18:15:05,0.0
2009-08-22 18:15:05,0.0
2009-08-23 18:15:05,0.0
2009-08-24 18:15:05,0.0
2009-08-25 18:15:05,0.0
2009-08-26 18:15:05,0.0
2009-08-27 18:15:05,0.0
2009-08-28 18:15:05,0.0
2009-08-29 18:15:05,0.0
2009-08-30 18:15:05,0.0
2009-08-31 18:15:05,0.0
2009-09-01 18:15:05,0.0
2009-09-02 18:15:05,0.0
2009-09-03 18:15:05,0.0
2009-09-04 18:15:05,0.0
2009-09-05 18:15:05,0.0
2009-09-06 18:15:05,0.0
2009-09-07 18:15:05,0.0
2009-09-08 18:15:05,0.0
2009-09-09 18:15:05,0.0
2009-09-10 18:15:05,0.0
2009-09-11 18:15:05,0.0
2009-09-12 18:15:05,0.0
2009-09-13 18:15:05,0.0
2009-09-14 18:15:05,0.0
2009-09-15 18:15:05,0.0
2009-09-16 18:15:05,0.0
2009-09-17 18:15:05,0.0
2009-09-18 18:15:05,0.0
2009-09-19 18:15:05,0.0
2009-09-20 18:15:05,0.0
2009-09-21 18:15:05,0.0
2009-09-22 18:15:05,0.0
2009-09-23 18:15:05,0.0
2009-09-24 18:15:05,0.0
2009-09-25 18:15:05,0.0
2009-09-26 18:15:05,0.0
2009-09-27 18:15:05,0.0
2009-09-28 18:15:05,0.0
2009-09-29 18:15:05,0.0
2009-09-30 18:15:05,0.0
2009-10-01 18:15:05,0.0
2009-10-02 18:15:05,0.0
2009-10-03 18:15:05,0.0
2009-10-04 18:15:05,0.0
2009-10-05 18:15:05,0.0
2009-10-06 18:15:05,0.0
2009-10-07 18:15:05,0.0
2009-10-08 18:15:05,0.0
2009-10-09 18:15:05,0.0
2009-10-10 18:15:05,0.0
2009-10-11 18:15:05,0.0
2009-10-12 18:15:05,0.0
2009-10-13 18:15:05,0.0
2009-10-14 18:15:05,0.0
2009-10-15 18:15:05,0.0
2009-10-16 18:15:05,0.0
2009-10-17 18:15:05,0.0
2009-10-18 18:15:05,0.0
2009-10-19 18:15:05,0.0
2009-10-20 18:15:05,0.0
2009-10-21 18:15:05,0.0
2009-10-22 18:15:05,0.0
2009-10-23 18:15:05,0.0
2009-10-24 18:15:05,0.0
2009-10-25 18:15:05,0.0
2009-10-26 18:15:05,0.0
2009-10-27 18:15:05,0.0
2009-10-28 18:15:05,0.0
2009-10-29 18:15:05,0.0
2009-10-30 18:15:05,0.0
2009-10-31 18:15:05,0.0
2009-11-01 18:15:05,0.0
2009-11-02 18:15:05,0.0
2009-11-03 18:15:05,0.0
2009-11-04 18:15:05,0.0
2009-11-05 18:15:05,0.0
2009-11-06 18:15:05,0.0
2009-11-07 18:15:05,0.0
2009-11-08 18:15:05,0.0
2009-11-09 18:15:05,0.0
2009-11-10 18:15:05,0.0
2009-11-11 18:15:05,0.0
2009-11-12 18:15:05,0.0
2009-11-13 18:15:05,0.0
2009-11-14 18:15:05,0.0
2009-11-15 18:15:05,0.0
2009-11-16 18:15:05,0.0
2009-11-17 18:15:05,0.0
2009-11-18 18:15:05,0.0
2009-11-19 18:15:05,0.0
2009-11-20 18:15:05,0.0
2009-11-21 18:15:05,0.0
2009-11-22 18:15:05,0.0
2009-11-23 18:15:05,0.0
2009-11-24 18:15:05,0.0
2009-11-25 18:15:05,0.0
2009-11-26 18:15:05,0.0
2009-11-27 18:15:05,0.0
2009-11-28 18:15:05,0.0
2009-11-29 18:15:05,0.0
2009-11-30 18:15:05,0.0
2009-12-01 18:15:05,0.0
2009-12-02 18:15:05,0.0
2009-12-03 18:15:05,0.0
2009-12-04 18:15:05,0.0
2009-12-05 18:15:05,0.0
2009-12-06 18:15:05,0.0
2009-12-07 18:15:05,0.0
2009-12-08 18:15:05,0.0
2009-12-09 18:15:05,0.0
2009-12-10 18:15:05,0.0
2009-12-11 18:15:05,0.0
2009-12-12 18:15:05,0.0
2009-12-13 18:15:05,0.0
2009-12-14 18:15:05,0.0
2009-12-15 18:15:05,0.0
2009-12-16 18:15:05,0.0
2009-12-17 18:15:05,0.0
2009-12-18 18:15:05,0.0
2009-12-19 18:15:05,0.0
2009-12-20 18:15:05,0.0
2009-12-21 18:15:05,0.0
2009-12-22 18:15:05,0.0
2009-12-23 18:15:05,0.0
2009-12-24 18:15:05,0.0
2009-12-25 18:15:05,0.0
2009-12-26 18:15:05,0.0
2009-12-27 18:15:05,0.0
2009-12-28 18:15:05,0.0
2009-12-29 18:15:05,0.0
2009-12-30 18:15:05,0.0
2009-12-31 18:15:05,0.0
2010-01-01 18:15:05,0.0
2010-01-02 18:15:05,0.0
2010-01-03 18:15:05,0.0
2010-01-04 18:15:05,0.0
2010-01-05 18:15:05,0.0
2010-01-06 18:15:05,0.0
2010-01-07 18:15:05,0.0
2010-01-08 18:15:05,0.0
2010-01-09 18:15:05,0.0
2010-01-10 18:15:05,0.0
2010-01-11 18:15:05,0.0
2010-01-12 18:15:05,0.0
2010-01-13 18:15:05,0.0
2010-01-14 18:15:05,0.0
2010-01-15 18:15:05,0.0
2010-01-16 18:15:05,0.0
2010-01-17 18:15:05,0.0
2010-01-18 18:15:05,0.0
2010-01-19 18:15:05,0.0
2010-01-20 18:15:05,0.0
2010-01-21 18:15:05,0.0
2010-01-22 18:15:05,0.0
2010-01-23 18:15:05,0.0
2010-01-24 18:15:05,0.0
2010-01-25 18:15:05,0.0
2010-01-26 18:15:05,0.0
2010-01-27 18:15:05,0.0
2010-01-28 18:15:05,0.0
2010-01-29 18:15:05,0.0
2010-01-30 18:15:05,0.0
2010-01-31 18:15:05,0.0
2010-02-01 18:15:05,0.0
2010-02-02 18:15:05,0.0
2010-02-03 18:15:05,0.0
2010-02-04 18:15:05,0.0
2010-02-05 18:15:05,0.0
2010-02-06 18:15:05,0.0
2010-02-07 18:15:05,0.0
2010-02-08 18:15:05,0.0
2010-02-09 18:15:05,0.0
2010-02-10 18:15:05,0.0
2010-02-11 18:15:05,0.0
2010-02-12 18:15:05,0.0
2010-02-13 18:15:05,0.0
2010-02-14 18:15:05,0.0
2010-02-15 18:15:05,0.0
2010-02-16 18:15:05,0.0
2010-02-17 18:15:05,0.0
2010-02-18 18:15:05,0.0
2010-02-19 18:15:05,0.0
2010-02-20 18:15:05,0.0
2010-02-21 18:15:05,0.0
2010-02-22 18:15:05,0.0
2010-02-23 18:15:05,0.0
2010-02-24 18:15:05,0.0
2010-02-25 18:15:05,0.0
2010-02-26 18:15:05,0.0
2010-02-27 18:15:05,0.0
2010-02-28 18:15:05,0.0
2010-03-01 18:15:05,0.0
2010-03-02 18:15:05,0.0
2010-03-03 18:15:05,0.0
2010-03-04 18:15:05,0.0
2010-03-05 18:15:05,0.0
2010-03-06 18:15:05,0.0
2010-03-07 18:15:05,0.0
2010-03-08 18:15:05,0.0
2010-03-09 18:15:05,0.0
2010-03-10 18:15:05,0.0
2010-03-11 18:15:05,0.0
2010-03-12 18:15:05,0.0
2010-03-13 18:15:05,0.0
2010-03-14 18:15:05,0.0
2010-03-15 18:15:05,0.0
2010-03-16 18:15:05,0.0
2010-03-17 18:15:05,0.0
2010-03-18 18:15:05,0.0
2010-03-19 18:15:05,0.0
2010-03-20 18:15:05,0.0
2010-03-21 18:15:05,0.0
2010-03-22 18:15:05,0.0
2010-03-23 18:15:05,0.0
2010-03-24 18:15:05,0.0
2010-03-25 18:15:05,0.0
2010-03-26 18:15:05,0.0
2010-03-27 18:15:05,0.0
2010-03-28 18:15:05,0.0
2010-03-29 18:15:05,0.0
2010-03-30 18:15:05,0.0
2010-03-31 18:15:05,0.0
2010-04-01 18:15:05,0.0
2010-04-02 18:15:05,0.0
2010-04-03 18:15:05,0.0
2010-04-04 18:15:05,0.0
2010-04-05 18:15:05,0.0
2010-04-06 18:15:05,0.0
2010-04-07 18:15:05,0.0
2010-04-08 18:15:05,0.0
2010-04-09 18:15:05,0.0
2010-04-10 18:15:05,0.0
2010-04-11 18:15:05,0.0
2010-04-12 18:15:05,0.0
2010-04-13 18:15:05,0.0
2010-04-14 18:15:05,0.0
2010-04-15 18:15:05,0.0
2010-04-16 18:15:05,0.0
2010-04-17 18:15:05,0.0
2010-04-18 18:15:05,0.0
2010-04-19 18:15:05,0.0
2010-04-20 18:15:05,0.0
2010-04-21 18:15:05,0.0
2010-04-22 18:15:05,0.0
2010-04-23 18:15:05,0.0
2010-04-24 18:15:05,0.0
2010-04-25 18:15:05,0.0
2010-04-26 18:15:05,0.0
2010-04-27 18:15:05,0.0
2010-04-28 18:15:05,0.0
2010-04-29 18:15:05,0.0
2010-04-30 18:15:05,0.0
2010-05-01 18:15:05,0.0
2010-05-02 18:15:05,0.0
2010-05-03 18:15:05,0.0
2010-05-04 18:15:05,0.0
2010-05-05 18:15:05,0.0
2010-05-06 18:15:05,0.0
2010-05-07 18:15:05,0.0
2010-05-08 18:15:05,0.0
2010-05-09 18:15:05,0.0
2010-05-10 18:15:05,0.0
2010-05-11 18:15:05,0.0
2010-05-12 18:15:05,0.0
2010-05-13 18:15:05,0.0
2010-05-14 18:15:05,0.0
2010-05-15 18:15:05,0.0
2010-05-16 18:15:05,0.0
2010-05-17 18:15:05,0.0
2010-05-18 18:15:05,0.0
2010-05-19 18:15:05,0.0
2010-05-20 18:15:05,0.0
2010-05-21 18:15:05,0.0
2010-05-22 18:15:05,0.0
2010-05-23 18:15:05,0.0
2010-05-24 18:15:05,0.0
2010-05-25 18:15:05,0.0
2010-05-26 18:15:05,0.0
2010-05-27 18:15:05,0.0
2010-05-28 18:15:05,0.0
2010-05-29 18:15:05,0.0
2010-05-30 18:15:05,0.0
2010-05-31 18:15:05,0.0
2010-06-01 18:15:05,0.0
2010-06-02 18:15:05,0.0
2010-06-03 18:15:05,0.0
2010-06-04 18:15:05,0.0
2010-06-05 18:15:05,0.0
2010-06-06 18:15:05,0.0
2010-06-07 18:15:05,0.0
2010-06-08 18:15:05,0.0
2010-06-09 18:15:05,0.0
2010-06-10 18:15:05,0.0
2010-06-11 18:15:05,0.0
2010-06-12 18:15:05,0.0
2010-06-13 18:15:05,0.0
2010-06-14 18:15:05,0.0
2010-06-15 18:15:05,0.0
2010-06-16 18:15:05,0.0
2010-06-17 18:15:05,0.0
2010-06-18 18:15:05,0.0
2010-06-19 18:15:05,0.0
2010-06-20 18:15:05,0.0
2010-06-21 18:15:05,0.0
2010-06-22 18:15:05,0.0
2010-06-23 18:15:05,0.0
2010-06-24 18:15:05,0.0
2010-06-25 18:15:05,0.0
2010-06-26 18:15:05,0.0
2010-06-27 18:15:05,0.0
2010-06-28 18:15:05,0.0
2010-06-29 18:15:05,0.0
2010-06-30 18:15:05,0.0
2010-07-01 18:15:05,0.0
2010-07-02 18:15:05,0.0
2010-07-03 18:15:05,0.0
2010-07-04 18:15:05,0.0
2010-07-05 18:15:05,0.0
2010-07-06 18:15:05,0.0
2010-07-07 18:15:05,0.0
2010-07-08 18:15:05,0.0
2010-07-09 18:15:05,0.0
2010-07-10 18:15:05,0.0
2010-07-11 18:15:05,0.0
2010-07-12 18:15:05,0.0
2010-07-13 18:15:05,0.0
2010-07-14 18:15:05,0.0
2010-07-15 18:15:05,0.0
2010-07-16 18:15:05,0.0
2010-07-17 18:15:05,0.0
2010-07-18 18:15:05,0.0
2010-07-19 18:15:05,0.0
2010-07-20 18:15:05,0.0
2010-07-21 18:15:05,0.0
2010-07-22 18:15:05,0.0
2010-07-23 18:15:05,0.0
2010-07-24 18:15:05,0.0
2010-07-25 18:15:05,0.0
2010-07-26 18:15:05,0.0
2010-07-27 18:15:05,0.0
2010-07-28 18:15:05,0.0
2010-07-29 18:15:05,0.0
2010-07-30 18:15:05,0.0
2010-07-31 18:15:05,0.0
2010-08-01 18:15:05,0.0
2010-08-02 18:15:05,0.0
2010-08-03 18:15:05,0.0
2010-08-04 18:15:05,0.0
2010-08-05 18:15:05,0.0
2010-08-06 18:15:05,0.0
2010-08-07 18:15:05,0.0
2010-08-08 18:15:05,0.0
2010-08-09 18:15:05,0.0
2010-08-10 18:15:05,0.0
2010-08-11 18:15:05,0.0
2010-08-12 18:15:05,0.0
2010-08-13 18:15:05,0.0
2010-08-14 18:15:05,0.0
2010-08-15 18:15:05,0.0
2010-08-16 18:15:05,0.0
2010-08-17 18:15:05,0.0
2010-08-18 18:15:05,0.0
2010-08-19 18:15:05,0.0
2010-08-20 18:15:05,0.0
2010-08-21 18:15:05,0.0
2010-08-22 18:15:05,0.0
2010-08-23 18:15:05,0.0
2010-08-24 18:15:05,0.0
2010-08-25 18:15:05,0.0
2010-08-26 18:15:05,0.0
2010-08-27 18:15:05,0.0
2010-08-28 18:15:05,0.0
2010-08-29 18:15:05,0.0
2010-08-30 18:15:05,0.0
2010-08-31 18:15:05,0.0
2010-09-01 18:15:05,0.0
2010-09-02 18:15:05,0.0
2010-09-03 18:15:05,0.0
2010-09-04 18:15:05,0.0
2010-09-05 18:15:05,0.0
2010-09-06 18:15:05,0.0
2010-09-07 18:15:05,0.0
2010-09-08 18:15:05,0.0
2010-09-09 18:15:05,0.0
2010-09-10 18:15:05,0.0
2010-09-11 18:15:05,0.0
2010-09-12 18:15:05,0.0
2010-09-13 18:15:05,0.0
2010-09-14 18:15:05,0.0
2010-09-15 18:15:05,0.0
2010-09-16 18:15:05,0.0
2010-09-17 18:15:05,0.0
2010-09-18 18:15:05,0.0
2010-09-19 18:15:05,0.0
2010-09-20 18:15:05,0.0
2010-09-21 18:15:05,0.0
2010-09-22 18:15:05,0.0
2010-09-23 18:15:05,0.0
2010-09-24 18:15:05,0.0
2010-09-25 18:15:05,0.0
2010-09-26 18:15:05,0.0
2010-09-27 18:15:05,0.0
2010-09-28 18:15:05,0.0
2010-09-29 18:15:05,0.0
2010-09-30 18:15:05,0.0
2010-10-01 18:15:05,0.0
2010-10-02 18:15:05,0.0
2010-10-03 18:15:05,0.0
2010-10-04 18:15:05,0.0
2010-10-05 18:15:05,0.0
2010-10-06 18:15:05,0.0
2010-10-07 18:15:05,0.0
2010-10-08 18:15:05,0.0
2010-10-09 18:15:05,0.0
2010-10-10 18:15:05,0.0
2010-10-11 18:15:05,0.0
2010-10-12 18:15:05,0.0
2010-10-13 18:15:05,0.0
2010-10-14 18:15:05,0.0
2010-10-15 18:15:05,0.0
2010-10-16 18:15:05,0.0
2010-10-17 18:15:05,0.0
2010-10-18 18:15:05,0.0
2010-10-19 18:15:05,0.0
2010-10-20 18:15:05,0.0
2010-10-21 18:15:05,0.0
2010-10-22 18:15:05,0.0
2010-10-23 18:15:05,0.0
2010-10-24 18:15:05,0.0
2010-10-25 18:15:05,0.0
2010-10-26 18:15:05,0.0
2010-10-27 18:15:05,0.0
2010-10-28 18:15:05,0.0
2010-10-29 18:15:05,0.0
2010-10-30 18:15:05,0.0
2010-10-31 18:15:05,0.0
2010-11-01 18:15:05,0.0
2010-11-02 18:15:05,0.0
2010-11-03 18:15:05,0.0
2010-11-04 18:15:05,0.0
2010-11-05 18:15:05,0.0
2010-11-06 18:15:05,0.0
2010-11-07 18:15:05,0.0
2010-11-08 18:15:05,0.0
2010-11-09 18:15:05,0.0
2010-11-10 18:15:05,0.0
2010-11-11 18:15:05,0.0
2010-11-12 18:15:05,0.0
2010-11-13 18:15:05,0.0
2010-11-14 18:15:05,0.0
2010-11-15 18:15:05,0.0
2010-11-16 18:15:05,0.0
2010-11-17 18:15:05,0.0
2010-11-18 18:15:05,0.0
2010-11-19 18:15:05,0.0
2010-11-20 18:15:05,0.0
2010-11-21 18:15:05,0.0
2010-11-22 18:15:05,0.0
2010-11-23 18:15:05,0.0
2010-11-24 18:15:05,0.0
2010-11-25 18:15:05,0.0
2010-11-26 18:15:05,0.0
2010-11-27 18:15:05,0.0
2010-11-28 18:15:05,0.0
2010-11-29 18:15:05,0.0
2010-11-30 18:15:05,0.0
2010-12-01 18:15:05,0.0
2010-12-02 18:15:05,0.0
2010-12-03 18:15:05,0.0
2010-12-04 18:15:05,0.0
2010-12-05 18:15:05,0.0
2010-12-06 18:15:05,0.0
2010-12-07 18:15:05,0.0
2010-12-08 18:15:05,0.0
2010-12-09 18:15:05,0.0
2010-12-10 18:15:05,0.0
2010-12-11 18:15:05,0.0
2010-12-12 18:15:05,0.0
2010-12-13 18:15:05,0.0
2010-12-14 18:15:05,0.0
2010-12-15 18:15:05,0.0
2010-12-16 18:15:05,0.0
2010-12-17 18:15:05,0.0
2010-12-18 18:15:05,0.0
2010-12-19 18:15:05,0.0
2010-12-20 18:15:05,0.0
2010-12-21 18:15:05,0.0
2010-12-22 18:15:05,0.0
2010-12-23 18:15:05,0.0
2010-12-24 18:15:05,0.0
2010-12-25 18:15:05,0.0
2010-12-26 18:15:05,0.0
2010-12-27 18:15:05,0.0
2010-12-28 18:15:05,0.0
2010-12-29 18:15:05,0.0
2010-12-30 18:15:05,0.0
2010-12-31 18:15:05,0.0
2011-01-01 18:15:05,0.0
2011-01-02 18:15:05,0.0
2011-01-03 18:15:05,0.0
2011-01-04 18:15:05,0.0
2011-01-05 18:15:05,0.0
2011-01-06 18:15:05,0.0
2011-01-07 18:15:05,0.0
2011-01-08 18:15:05,0.0
2011-01-09 18:15:05,0.0
2011-01-10 18:15:05,0.0
2011-01-11 18:15:05,0.0
2011-01-12 18:15:05,0.0
2011-01-13 18:15:05,0.0
2011-01-14 18:15:05,0.0
2011-01-15 18:15:05,0.0
2011-01-16 18:15:05,0.0
2011-01-17 18:15:05,0.0
2011-01-18 18:15:05,0.0
2011-01-19 18:15:05,0.0
2011-01-20 18:15:05,0.0
2011-01-21 18:15:05,0.0
2011-01-22 18:15:05,0.0
2011-01-23 18:15:05,0.0
2011-01-24 18:15:05,0.0
2011-01-25 18:15:05,0.0
2011-01-26 18:15:05,0.0
2011-01-27 18:15:05,0.0
2011-01-28 18:15:05,0.0
2011-01-29 18:15:05,0.0
2011-01-30 18:15:05,0.0
2011-01-31 18:15:05,0.0
2011-02-01 18:15:05,0.0
2011-02-02 18:15:05,0.0
2011-02-03 18:15:05,0.0
2011-02-04 18:15:05,0.0
2011-02-05 18:15:05,0.0
2011-02-06 18:15:05,0.0
2011-02-07 18:15:05,0.0
2011-02-08 18:15:05,0.0
2011-02-09 18:15:05,0.0
2011-02-10 18:15:05,0.0
2011-02-11 18:15:05,0.0
2011-02-12 18:15:05,0.0
2011-02-13 18:15:05,0.0
2011-02-14 18:15:05,0.0
2011-02-15 18:15:05,0.0
2011-02-16 18:15:05,0.0
2011-02-17 18:15:05,0.0
2011-02-18 18:15:05,0.0
2011-02-19 18:15:05,0.0
2011-02-20 18:15:05,0.0
2011-02-21 18:15:05,0.0
2011-02-22 18:15:05,0.0
2011-02-23 18:15:05,0.0
2011-02-24 18:15:05,0.0
2011-02-25 18:15:05,0.0
2011-02-26 18:15:05,0.0
2011-02-27 18:15:05,0.0
2011-02-28 18:15:05,0.0
2011-03-01 18:15:05,0.0
2011-03-02 18:15:05,0.0
2011-03-03 18:15:05,0.0
2011-03-04 18:15:05,0.0
2011-03-05 18:15:05,0.0
2011-03-06 18:15:05,0.0
2011-03-07 18:15:05,0.0
2011-03-08 18:15:05,0.0
2011-03-09 18:15:05,0.0
2011-03-10 18:15:05,0.0
2011-03-11 18:15:05,0.0
2011-03-12 18:15:05,0.0
2011-03-13 18:15:05,0.0
2011-03-14 18:15:05,0.0
2011-03-15 18:15:05,0.0
2011-03-16 18:15:05,0.0
2011-03-17 18:15:05,0.0
2011-03-18 18:15:05,0.0
2011-03-19 18:15:05,0.0
2011-03-20 18:15:05,0.0
2011-03-21 18:15:05,0.0
2011-03-22 18:15:05,0.0
2011-03-23 18:15:05,0.0
2011-03-24 18:15:05,0.0
2011-03-25 18:15:05,0.0
2011-03-26 18:15:05,0.0
2011-03-27 18:15:05,0.0
2011-03-28 18:15:05,0.0
2011-03-29 18:15:05,0.0
2011-03-30 18:15:05,0.0
2011-03-31 18:15:05,0.0
2011-04-01 18:15:05,0.0
2011-04-02 18:15:05,0.0
2011-04-03 18:15:05,0.0
2011-04-04 18:15:05,0.0
2011-04-05 18:15:05,0.0
2011-04-06 18:15:05,0.0
2011-04-07 18:15:05,0.0
2011-04-08 18:15:05,0.0
2011-04-09 18:15:05,0.0
2011-04-10 18:15:05,0.0
2011-04-11 18:15:05,0.0
2011-04-12 18:15:05,0.0
2011-04-13 18:15:05,0.0
2011-04-14 18:15:05,0.0
2011-04-15 18:15:05,0.0
2011-04-16 18:15:05,0.0
2011-04-17 18:15:05,0.0
2011-04-18 18:15:05,0.0
2011-04-19 18:15:05,0.0
2011-04-20 18:15:05,0.0
2011-04-21 18:15:05,0.0
2011-04-22 18:15:05,0.0
2011-04-23 18:15:05,0.0
2011-04-24 18:15:05,0.0
2011-04-25 18:15:05,0.0
2011-04-26 18:15:05,0.0
2011-04-27 18:15:05,0.0
2011-04-28 18:15:05,0.0
2011-04-29 18:15:05,0.0
2011-04-30 18:15:05,0.0
2011-05-01 18:15:05,0.0
2011-05-02 18:15:05,0.0
2011-05-03 18:15:05,0.0
2011-05-04 18:15:05,0.0
2011-05-05 18:15:05,0.0
2011-05-06 18:15:05,0.0
2011-05-07 18:15:05,0.0
2011-05-08 18:15:05,0.0
2011-05-09 18:15:05,0.0
2011-05-10 18:15:05,0.0
2011-05-11 18:15:05,0.0
2011-05-12 18:15:05,0.0
2011-05-13 18:15:05,0.0
2011-05-14 18:15:05,0.0
2011-05-15 18:15:05,0.0
2011-05-16 18:15:05,0.0
2011-05-17 18:15:05,0.0
2011-05-18 18:15:05,0.0
2011-05-19 18:15:05,0.0
2011-05-20 18:15:05,0.0
2011-05-21 18:15:05,0.0
2011-05-22 18:15:05,0.0
2011-05-23 18:15:05,0.0
2011-05-24 18:15:05,0.0
2011-05-25 18:15:05,0.0
2011-05-26 18:15:05,0.0
2011-05-27 18:15:05,0.0
2011-05-28 18:15:05,0.0
2011-05-29 18:15:05,0.0
2011-05-30 18:15:05,0.0
2011-05-31 18:15:05,0.0
2011-06-01 18:15:05,0.0
2011-06-02 18:15:05,0.0
2011-06-03 18:15:05,0.0
2011-06-04 18:15:05,0.0
2011-06-05 18:15:05,0.0
2011-06-06 18:15:05,0.0
2011-06-07 18:15:05,0.0
2011-06-08 18:15:05,0.0
2011-06-09 18:15:05,0.0
2011-06-10 18:15:05,0.0
2011-06-11 18:15:05,0.0
2011-06-12 18:15:05,0.0
2011-06-13 18:15:05,0.0
2011-06-14 18:15:05,0.0
2011-06-15 18:15:05,0.0
2011-06-16 18:15:05,0.0
2011-06-17 18:15:05,0.0
2011-06-18 18:15:05,0.0
2011-06-19 18:15:05,0.0
2011-06-20 18:15:05,0.0
2011-06-21 18:15:05,0.0
2011-06-22 18:15:05,0.0
2011-06-23 18:15:05,0.0
2011-06-24 18:15:05,0.0
2011-06-25 18:15:05,0.0
2011-06-26 18:15:05,0.0
2011-06-27 18:15:05,0.0
2011-06-28 18:15:05,0.0
2011-06-29 18:15:05,0.0
2011-06-30 18:15:05,0.0
2011-07-01 18:15:05,0.0
2011-07-02 18:15:05,0.0
2011-07-03 18:15:05,0.0
2011-07-04 18:15:05,0.0
2011-07-05 18:15:05,0.0
2011-07-06 18:15:05,0.0
2011-07-07 18:15:05,0.0
2011-07-08 18:15:05,0.0
2011-07-09 18:15:05,0.0
2011-07-10 18:15:05,0.0
2011-07-11 18:15:05,0.0
2011-07-12 18:15:05,0.0
2011-07-13 18:15:05,0.0
2011-07-14 18:15:05,0.0
2011-07-15 18:15:05,0.0
2011-07-16 18:15:05,0.0
2011-07-17 18:15:05,0.0
2011-07-18 18:15:05,0.0
2011-07-19 18:15:05,0.0
2011-07-20 18:15:05,0.0
2011-07-21 18:15:05,0.0
2011-07-22 18:15:05,0.0
2011-07-23 18:15:05,0.0
2011-07-24 18:15:05,0.0
2011-07-25 18:15:05,0.0
2011-07-26 18:15:05,0.0
2011-07-27 18:15:05,0.0
2011-07-28 18:15:05,0.0
2011-07-29 18:15:05,0.0
2011-07-30 18:15:05,0.0
2011-07-31 18:15:05,0.0
2011-08-01 18:15:05,0.0
2011-08-02 18:15:05,0.0
2011-08-03 18:15:05,0.0
2011-08-04 18:15:05,0.0
2011-08-05 18:15:05,0.0
2011-08-06 18:15:05,0.0
2011-08-07 18:15:05,0.0
2011-08-08 18:15:05,0.0
2011-08-09 18:15:05,0.0
2011-08-10 18:15:05,0.0
2011-08-11 18:15:05,0.0
2011-08-12 18:15:05,0.0
2011-08-13 18:15:05,0.0
2011-08-14 18:15:05,0.0
2011-08-15 18:15:05,0.0
2011-08-16 18:15:05,0.0
2011-08-17 18:15:05,0.0
2011-08-18 18:15:05,0.0
2011-08-19 18:15:05,0.0
2011-08-20 18:15:05,0.0
2011-08-21 18:15:05,0.0
2011-08-22 18:15:05,0.0
2011-08-23 18:15:05,0.0
2011-08-24 18:15:05,0.0
2011-08-25 18:15:05,0.0
2011-08-26 18:15:05,0.0
2011-08-27 18:15:05,0.0
2011-08-28 18:15:05,0.0
2011-08-29 18:15:05,0.0
2011-08-30 18:15:05,0.0
2011-08-31 18:15:05,0.0
2011-09-01 18:15:05,0.0
2011-09-02 18:15:05,0.0
2011-09-03 18:15:05,0.0
2011-09-04 18:15:05,0.0
2011-09-05 18:15:05,0.0
2011-09-06 18:15:05,0.0
2011-09-07 18:15:05,0.0
2011-09-08 18:15:05,0.0
2011-09-09 18:15:05,0.0
2011-09-10 18:15:05,0.0
2011-09-11 18:15:05,0.0
2011-09-12 18:15:05,0.0
2011-09-13 18:15:05,0.0
2011-09-14 18:15:05,0.0
2011-09-15 18:15:05,0.0
2011-09-16 18:15:05,0.0
2011-09-17 18:15:05,0.0
2011-09-18 18:15:05,0.0
2011-09-19 18:15:05,0.0
2011-09-20 18:15:05,0.0
2011-09-21 18:15:05,0.0
2011-09-22 18:15:05,0.0
2011-09-23 18:15:05,0.0
2011-09-24 18:15:05,0.0
2011-09-25 18:15:05,0.0
2011-09-26 18:15:05,0.0
2011-09-27 18:15:05,0.0
2011-09-28 18:15:05,0.0
2011-09-29 18:15:05,0.0
2011-09-30 18:15:05,0.0
2011-10-01 18:15:05,0.0
2011-10-02 18:15:05,0.0
2011-10-03 18:15:05,0.0
2011-10-04 18:15:05,0.0
2011-10-05 18:15:05,0.0
2011-10-06 18:15:05,0.0
2011-10-07 18:15:05,0.0
2011-10-08 18:15:05,0.0
2011-10-09 18:15:05,0.0
2011-10-10 18:15:05,0.0
2011-10-11 18:15:05,0.0
2011-10-12 18:15:05,0.0
2011-10-13 18:15:05,0.0
2011-10-14 18:15:05,0.0
2011-10-15 18:15:05,0.0
2011-10-16 18:15:05,0.0
2011-10-17 18:15:05,0.0
2011-10-18 18:15:05,0.0
2011-10-19 18:15:05,0.0
2011-10-20 18:15:05,0.0
2011-10-21 18:15:05,0.0
2011-10-22 18:15:05,0.0
2011-10-23 18:15:05,0.0
2011-10-24 18:15:05,0.0
2011-10-25 18:15:05,0.0
2011-10-26 18:15:05,0.0
2011-10-27 18:15:05,0.0
2011-10-28 18:15:05,0.0
2011-10-29 18:15:05,0.0
2011-10-30 18:15:05,0.0
2011-10-31 18:15:05,0.0
2011-11-01 18:15:05,0.0
2011-11-02 18:15:05,0.0
2011-11-03 18:15:05,0.0
2011-11-04 18:15:05,0.0
2011-11-05 18:15:05,0.0
2011-11-06 18:15:05,0.0
2011-11-07 18:15:05,0.0
2011-11-08 18:15:05,0.0
2011-11-09 18:15:05,0.0
2011-11-10 18:15:05,0.0
2011-11-11 18:15:05,0.0
2011-11-12 18:15:05,0.0
2011-11-13 18:15:05,0.0
2011-11-14 18:15:05,0.0
2011-11-15 18:15:05,0.0
2011-11-16 18:15:05,0.0
2011-11-17 18:15:05,0.0
2011-11-18 18:15:05,0.0
2011-11-19 18:15:05,0.0
2011-11-20 18:15:05,0.0
2011-11-21 18:15:05,0.0
2011-11-22 18:15:05,0.0
2011-11-23 18:15:05,0.0
2011-11-24 18:15:05,0.0
2011-11-25 18:15:05,0.0
2011-11-26 18:15:05,0.0
2011-11-27 18:15:05,0.0
2011-11-28 18:15:05,0.0
2011-11-29 18:15:05,0.0
2011-11-30 18:15:05,0.0
2011-12-01 18:15:05,0.0
2011-12-02 18:15:05,11.066666666666665
2011-12-03 18:15:05,12.783333333333333
2011-12-04 18:15:05,16.016666666666666
2011-12-05 18:15:05,13.366666666666667
2011-12-06 18:15:05,15.183333333333335
2011-12-07 18:15:05,14.0
2011-12-08 18:15:05,14.016666666666667
2011-12-09 18:15:05,10.266666666666667
2011-12-10 18:15:05,14.033333333333333
2011-12-11 18:15:05,13.25
2011-12-12 18:15:05,10.633333333333333
2011-12-13 18:15:05,15.616666666666667
2011-12-14 18:15:05,17.05
2011-12-15 18:15:05,15.933333333333335
2011-12-16 18:15:05,12.016666666666667
2011-12-17 18:15:05,13.183333333333335
2011-12-18 18:15:05,9.233333333333333
2011-12-19 18:15:05,16.033333333333335
2011-12-20 18:15:05,14.9
2011-12-21 18:15:05,12.925
2011-12-22 18:15:05,14.6
2011-12-23 18:15:05,13.233333333333333
2011-12-24 18:15:05,15.366666666666667
2011-12-25 18:15:05,13.033333333333333
2011-12-26 18:15:05,12.533333333333333
2011-12-27 18:15:05,13.833333333333336
2011-12-28 18:15:05,13.9
2011-12-29 18:15:05,14.966666666666667
2011-12-30 18:15:05,13.9
2011-12-31 18:15:05,12.133333333333333
2012-01-01 18:15:05,15.05
2012-01-02 18:15:05,15.566666666666665
2012-01-03 18:15:05,13.616666666666667
2012-01-04 18:15:05,13.616666666666667
2012-01-05 18:15:05,14.116666666666667
2012-01-06 18:15:05,10.133333333333333
2012-01-07 18:15:05,12.316666666666665
2012-01-08 18:15:05,14.016666666666667
2012-01-09 18:15:05,12.65
2012-01-10 18:15:05,13.716666666666667
2012-01-11 18:15:05,13.016666666666667
2012-01-12 18:15:05,13.333333333333336
2012-01-13 18:15:05,14.433333333333335
2012-01-14 18:15:05,12.233333333333333
2012-01-15 18:15:05,13.116666666666667
2012-01-16 18:15:05,13.05
2012-01-17 18:15:05,12.933333333333335
2012-01-18 18:15:05,12.783333333333333
2012-01-19 18:15:05,13.516666666666667
2012-01-20 18:15:05,12.866666666666667
2012-01-21 18:15:05,11.05
2012-01-22 18:15:05,15.4
2012-01-23 18:15:05,12.9
2012-01-24 18:15:05,12.85
2012-01-25 18:15:05,11.683333333333335
2012-01-26 18:15:05,15.233333333333333
2012-01-27 18:15:05,13.283333333333333
2012-01-28 18:15:05,10.883333333333333
2012-01-29 18:15:05,13.766666666666667
2012-01-30 18:15:05,12.0
2012-01-31 18:15:05,11.083333333333336
2012-02-01 18:15:05,17.033333333333335
2012-02-02 18:15:05,12.433333333333335
2012-02-03 18:15:05,12.65
2012-02-04 18:15:05,11.633333333333333
2012-02-05 18:15:05,16.483333333333334
2012-02-06 18:15:05,12.733333333333333
2012-02-07 18:15:05,13.866666666666667
2012-02-08 18:15:05,15.683333333333335
2012-02-09 18:15:05,13.216666666666667
2012-02-10 18:15:05,10.566666666666666
2012-02-11 18:15:05,12.6
2012-02-12 18:15:05,10.95
2012-02-13 18:15:05,10.833333333333336
2012-02-14 18:15:05,9.616666666666667
2012-02-15 18:15:05,12.15
2012-02-16 18:15:05,12.733333333333333
2012-02-17 18:15:05,13.316666666666665
2012-02-18 18:15:05,12.083333333333336
2012-02-19 18:15:05,12.383333333333333
2012-02-20 18:15:05,12.183333333333335
2012-02-21 18:15:05,16.15
2012-02-22 18:15:05,12.05
2012-02-23 18:15:05,12.4
2012-02-24 18:15:05,9.816666666666666
2012-02-25 18:15:05,8.983333333333333
2012-02-26 18:15:05,11.116666666666667
2012-02-27 18:15:05,9.266666666666667
2012-02-28 18:15:05,9.683333333333334
2012-02-29 18:15:05,7.283333333333332
2012-03-01 18:15:05,7.883333333333334
2012-03-02 18:15:05,11.95
2012-03-03 18:15:05,9.858333333333333
2012-03-04 18:15:05,8.183333333333334
2012-03-05 18:15:05,9.166666666666666
2012-03-06 18:15:05,8.9
2012-03-07 18:15:05,11.366666666666667
2012-03-08 18:15:05,8.966666666666667
2012-03-09 18:15:05,9.2
2012-03-10 18:15:05,10.541666666666666
2012-03-11 18:15:05,12.166666666666664
2012-03-12 18:15:05,7.883333333333334
2012-03-13 18:15:05,9.866666666666667
2012-03-14 18:15:05,10.55
2012-03-15 18:15:05,10.933333333333335
2012-03-16 18:15:05,9.0
2012-03-17 18:15:05,9.266666666666667
2012-03-18 18:15:05,8.383333333333333
2012-03-19 18:15:05,9.566666666666666
2012-03-20 18:15:05,9.158333333333333
2012-03-21 18:15:05,8.45
2012-03-22 18:15:05,9.075
2012-03-23 18:15:05,10.633333333333333
2012-03-24 18:15:05,7.908333333333332
2012-03-25 18:15:05,8.541666666666666
2012-03-26 18:15:05,8.666666666666666
2012-03-27 18:15:05,8.966666666666667
2012-03-28 18:15:05,9.55
2012-03-29 18:15:05,9.25
2012-03-30 18:15:05,8.3
2012-03-31 18:15:05,8.066666666666666
2012-04-01 18:15:05,8.741666666666667
2012-04-02 18:15:05,11.466666666666667
2012-04-03 18:15:05,10.033333333333333
2012-04-04 18:15:05,10.15
2012-04-05 18:15:05,10.275
2012-04-06 18:15:05,11.116666666666667
2012-04-07 18:15:05,9.75
2012-04-08 18:15:05,8.708333333333334
2012-04-09 18:15:05,8.666666666666666
2012-04-10 18:15:05,9.166666666666666
2012-04-11 18:15:05,8.5
2012-04-12 18:15:05,10.233333333333333
2012-04-13 18:15:05,11.533333333333333
2012-04-14 18:15:05,9.633333333333333
2012-04-15 18:15:05,11.325
2012-04-16 18:15:05,10.05
2012-04-17 18:15:05,9.216666666666667
2012-04-18 18:15:05,10.608333333333333
2012-04-19 18:15:05,8.566666666666666
2012-04-20 18:15:05,8.25
2012-04-21 18:15:05,10.7
2012-04-22 18:15:05,8.55
2012-04-23 18:15:05,9.216666666666667
2012-04-24 18:15:05,10.45
2012-04-25 18:15:05,9.883333333333333
2012-04-26 18:15:05,18.1
2012-04-27 18:15:05,10.4
2012-04-28 18:15:05,9.316666666666666
2012-04-29 18:15:05,8.35
2012-04-30 18:15:05,8.9
2012-05-01 18:15:05,11.633333333333333
2012-05-02 18:15:05,12.15
2012-05-03 18:15:05,8.916666666666666
2012-05-04 18:15:05,9.083333333333334
2012-05-05 18:15:05,9.583333333333334
2012-05-06 18:15:05,9.816666666666666
2012-05-07 18:15:05,9.55
2012-05-08 18:15:05,7.566666666666666
2012-05-09 18:15:05,9.5
2012-05-10 18:15:05,9.958333333333334
2012-05-11 18:15:05,15.183333333333335
2012-05-12 18:15:05,9.033333333333333
2012-05-13 18:15:05,9.833333333333334
2012-05-14 18:15:05,12.616666666666667
2012-05-15 18:15:05,12.216666666666667
2012-05-16 18:15:05,14.35
2012-05-17 18:15:05,12.033333333333333
2012-05-18 18:15:05,10.033333333333333
2012-05-19 18:15:05,11.283333333333333
2012-05-20 18:15:05,11.816666666666665
2012-05-21 18:15:05,11.316666666666665
2012-05-22 18:15:05,15.3
2012-05-23 18:15:05,16.5
2012-05-24 18:15:05,14.8
2012-05-25 18:15:05,14.683333333333335
2012-05-26 18:15:05,12.966666666666667
2012-05-27 18:15:05,9.45
2012-05-28 18:15:05,11.25
2012-05-29 18:15:05,12.416666666666664
2012-05-30 18:15:05,15.366666666666667
2012-05-31 18:15:05,10.716666666666667
2012-06-01 18:15:05,9.816666666666666
2012-06-02 18:15:05,10.933333333333335
2012-06-03 18:15:05,11.216666666666667
2012-06-04 18:15:05,14.775
2012-06-05 18:15:05,16.35
2012-06-06 18:15:05,8.466666666666667
2012-06-07 18:15:05,17.575
2012-06-08 18:15:05,14.816666666666665
2012-06-09 18:15:05,10.266666666666667
2012-06-10 18:15:05,10.816666666666665
2012-06-11 18:15:05,11.466666666666667
2012-06-12 18:15:05,12.3
2012-06-13 18:15:05,28.95
2012-06-14 18:15:05,47.73333333333333
2012-06-15 18:15:05,20.183333333333334
2012-06-16 18:15:05,23.78333333333333
2012-06-17 18:15:05,12.55
2012-06-18 18:15:05,14.683333333333335
2012-06-19 18:15:05,12.933333333333335
2012-06-20 18:15:05,21.291666666666668
2012-06-21 18:15:05,14.366666666666667
2012-06-22 18:15:05,15.366666666666667
2012-06-23 18:15:05,10.633333333333333
2012-06-24 18:15:05,13.716666666666667
2012-06-25 18:15:05,13.883333333333333
2012-06-26 18:15:05,17.483333333333334
2012-06-27 18:15:05,11.516666666666667
2012-06-28 18:15:05,14.166666666666664
2012-06-29 18:15:05,13.616666666666667
2012-06-30 18:15:05,14.083333333333336
2012-07-01 18:15:05,16.991666666666667
2012-07-02 18:15:05,10.516666666666667
2012-07-03 18:15:05,13.183333333333335
2012-07-04 18:15:05,13.333333333333336
2012-07-05 18:15:05,13.566666666666665
2012-07-06 18:15:05,11.65
2012-07-07 18:15:05,12.2
2012-07-08 18:15:05,11.15
2012-07-09 18:15:05,11.616666666666667
2012-07-10 18:15:05,18.166666666666668
2012-07-11 18:15:05,13.65
2012-07-12 18:15:05,15.7
2012-07-13 18:15:05,12.116666666666667
2012-07-14 18:15:05,17.266666666666666
2012-07-15 18:15:05,15.191666666666665
2012-07-16 18:15:05,12.883333333333333
2012-07-17 18:15:05,13.3
2012-07-18 18:15:05,14.7
2012-07-19 18:15:05,12.683333333333335
2012-07-20 18:15:05,16.683333333333334
2012-07-21 18:15:05,15.25
2012-07-22 18:15:05,11.883333333333333
2012-07-23 18:15:05,10.683333333333334
2012-07-24 18:15:05,13.283333333333333
2012-07-25 18:15:05,11.45
2012-07-26 18:15:05,13.066666666666665
2012-07-27 18:15:05,10.983333333333333
2012-07-28 18:15:05,11.6
2012-07-29 18:15:05,14.9
2012-07-30 18:15:05,12.466666666666667
2012-07-31 18:15:05,21.79166666666667
2012-08-01 18:15:05,16.283333333333335
2012-08-02 18:15:05,12.85
2012-08-03 18:15:05,10.216666666666667
2012-08-04 18:15:05,13.916666666666664
2012-08-05 18:15:05,13.116666666666667
2012-08-06 18:15:05,19.775
2012-08-07 18:15:05,12.633333333333333
2012-08-08 18:15:05,9.7
2012-08-09 18:15:05,11.933333333333335
2012-08-10 18:15:05,8.85
2012-08-11 18:15:05,13.166666666666664
2012-08-12 18:15:05,12.466666666666667
2012-08-13 18:15:05,14.6
2012-08-14 18:15:05,12.7
2012-08-15 18:15:05,16.066666666666666
2012-08-16 18:15:05,16.166666666666668
2012-08-17 18:15:05,13.266666666666667
2012-08-18 18:15:05,15.616666666666667
2012-08-19 18:15:05,13.233333333333333
2012-08-20 18:15:05,10.216666666666667
2012-08-21 18:15:05,10.183333333333334
2012-08-22 18:15:05,13.7
2012-08-23 18:15:05,9.633333333333333
2012-08-24 18:15:05,11.466666666666667
2012-08-25 18:15:05,16.9
2012-08-26 18:15:05,11.25
2012-08-27 18:15:05,11.183333333333335
2012-08-28 18:15:05,14.433333333333335
2012-08-29 18:15:05,10.0
2012-08-30 18:15:05,11.066666666666665
2012-08-31 18:15:05,12.2
2012-09-01 18:15:05,11.35
2012-09-02 18:15:05,8.6
2012-09-03 18:15:05,9.016666666666667
2012-09-04 18:15:05,15.616666666666667
2012-09-05 18:15:05,10.95
2012-09-06 18:15:05,8.466666666666667
2012-09-07 18:15:05,10.033333333333333
2012-09-08 18:15:05,13.4
2012-09-09 18:15:05,11.2
2012-09-10 18:15:05,16.55
2012-09-11 18:15:05,11.133333333333333
2012-09-12 18:15:05,14.4
2012-09-13 18:15:05,11.516666666666667
2012-09-14 18:15:05,10.366666666666667
2012-09-15 18:15:05,13.05
2012-09-16 18:15:05,11.883333333333333
2012-09-17 18:15:05,10.783333333333333
2012-09-18 18:15:05,11.283333333333333
2012-09-19 18:15:05,11.85
2012-09-20 18:15:05,14.7
2012-09-21 18:15:05,10.516666666666667
2012-09-22 18:15:05,11.766666666666667
2012-09-23 18:15:05,13.816666666666665
2012-09-24 18:15:05,13.058333333333335
2012-09-25 18:15:05,8.9
2012-09-26 18:15:05,12.933333333333335
2012-09-27 18:15:05,13.483333333333333
2012-09-28 18:15:05,11.216666666666667
2012-09-29 18:15:05,12.966666666666667
2012-09-30 18:15:05,13.95
2012-10-01 18:15:05,10.741666666666667
2012-10-02 18:15:05,12.316666666666665
2012-10-03 18:15:05,13.85
2012-10-04 18:15:05,13.891666666666667
2012-10-05 18:15:05,12.883333333333333
2012-10-06 18:15:05,12.483333333333333
2012-10-07 18:15:05,11.375
2012-10-08 18:15:05,11.616666666666667
2012-10-09 18:15:05,14.266666666666667
2012-10-10 18:15:05,11.933333333333335
2012-10-11 18:15:05,13.65
2012-10-12 18:15:05,10.3
2012-10-13 18:15:05,11.466666666666667
2012-10-14 18:15:05,13.183333333333335
2012-10-15 18:15:05,10.6
2012-10-16 18:15:05,10.783333333333333
2012-10-17 18:15:05,16.066666666666666
2012-10-18 18:15:05,10.95
2012-10-19 18:15:05,11.35
2012-10-20 18:15:05,11.383333333333333
2012-10-21 18:15:05,10.583333333333334
2012-10-22 18:15:05,10.666666666666666
2012-10-23 18:15:05,15.716666666666667
2012-10-24 18:15:05,11.683333333333335
2012-10-25 18:15:05,13.2
2012-10-26 18:15:05,9.508333333333333
2012-10-27 18:15:05,8.633333333333333
2012-10-28 18:15:05,9.183333333333334
2012-10-29 18:15:05,9.75
2012-10-30 18:15:05,11.525
2012-10-31 18:15:05,16.116666666666667
2012-11-01 18:15:05,13.883333333333333
2012-11-02 18:15:05,16.366666666666667
2012-11-03 18:15:05,14.5
2012-11-04 18:15:05,10.75
2012-11-05 18:15:05,11.783333333333333
2012-11-06 18:15:05,13.75
2012-11-07 18:15:05,11.05
2012-11-08 18:15:05,11.133333333333333
2012-11-09 18:15:05,12.8
2012-11-10 18:15:05,9.883333333333333
2012-11-11 18:15:05,15.833333333333336
2012-11-12 18:15:05,11.191666666666665
2012-11-13 18:15:05,11.716666666666667
2012-11-14 18:15:05,11.866666666666667
2012-11-15 18:15:05,14.1
2012-11-16 18:15:05,12.983333333333333
2012-11-17 18:15:05,14.016666666666667
2012-11-18 18:15:05,9.916666666666666
2012-11-19 18:15:05,14.566666666666665
2012-11-20 18:15:05,11.316666666666665
2012-11-21 18:15:05,11.716666666666667
2012-11-22 18:15:05,11.683333333333335
2012-11-23 18:15:05,15.6
2012-11-24 18:15:05,13.35
2012-11-25 18:15:05,13.216666666666667
2012-11-26 18:15:05,10.416666666666666
2012-11-27 18:15:05,9.9
2012-11-28 18:15:05,11.35
2012-11-29 18:15:05,11.216666666666667
2012-11-30 18:15:05,14.083333333333336
2012-12-01 18:15:05,11.583333333333336
2012-12-02 18:15:05,8.933333333333334
2012-12-03 18:15:05,9.733333333333333
2012-12-04 18:15:05,17.1
2012-12-05 18:15:05,16.583333333333332
2012-12-06 18:15:05,11.6
2012-12-07 18:15:05,12.6
2012-12-08 18:15:05,10.883333333333333
2012-12-09 18:15:05,13.083333333333336
2012-12-10 18:15:05,12.85
2012-12-11 18:15:05,12.533333333333333
2012-12-12 18:15:05,13.016666666666667
2012-12-13 18:15:05,11.416666666666664
2012-12-14 18:15:05,19.383333333333333
2012-12-15 18:15:05,13.55
2012-12-16 18:15:05,12.3
2012-12-17 18:15:05,14.316666666666665
2012-12-18 18:15:05,13.616666666666667
2012-12-19 18:15:05,9.983333333333333
2012-12-20 18:15:05,14.516666666666667
2012-12-21 18:15:05,11.891666666666667
2012-12-22 18:15:05,11.5
2012-12-23 18:15:05,10.283333333333333
2012-12-24 18:15:05,11.433333333333335
2012-12-25 18:15:05,10.716666666666667
2012-12-26 18:15:05,11.466666666666667
2012-12-27 18:15:05,10.05
2012-12-28 18:15:05,9.5
2012-12-29 18:15:05,12.9
2012-12-30 18:15:05,9.183333333333334
2012-12-31 18:15:05,8.283333333333333
2013-01-01 18:15:05,10.083333333333334
2013-01-02 18:15:05,9.3
2013-01-03 18:15:05,9.333333333333334
2013-01-04 18:15:05,10.683333333333334
2013-01-05 18:15:05,8.7
2013-01-06 18:15:05,11.083333333333336
2013-01-07 18:15:05,8.466666666666667
2013-01-08 18:15:05,9.666666666666666
2013-01-09 18:15:05,11.416666666666664
2013-01-10 18:15:05,8.966666666666667
2013-01-11 18:15:05,11.95
2013-01-12 18:15:05,11.283333333333333
2013-01-13 18:15:05,12.266666666666667
2013-01-14 18:15:05,11.316666666666665
2013-01-15 18:15:05,12.55
2013-01-16 18:15:05,11.508333333333333
2013-01-17 18:15:05,11.166666666666664
2013-01-18 18:15:05,13.2
2013-01-19 18:15:05,9.616666666666667
2013-01-20 18:15:05,8.983333333333333
2013-01-21 18:15:05,9.433333333333334
2013-01-22 18:15:05,11.483333333333333
2013-01-23 18:15:05,10.083333333333334
2013-01-24 18:15:05,10.033333333333333
2013-01-25 18:15:05,11.55
2013-01-26 18:15:05,9.466666666666667
2013-01-27 18:15:05,8.433333333333334
2013-01-28 18:15:05,8.75
2013-01-29 18:15:05,9.5
2013-01-30 18:15:05,9.266666666666667
2013-01-31 18:15:05,6.5166666666666675
2013-02-01 18:15:05,9.766666666666667
2013-02-02 18:15:05,8.633333333333333
2013-02-03 18:15:05,9.1
2013-02-04 18:15:05,8.816666666666666
2013-02-05 18:15:05,9.266666666666667
2013-02-06 18:15:05,9.5
2013-02-07 18:15:05,9.766666666666667
2013-02-08 18:15:05,11.55
2013-02-09 18:15:05,11.483333333333333
2013-02-10 18:15:05,8.683333333333334
2013-02-11 18:15:05,8.966666666666667
2013-02-12 18:15:05,11.4
2013-02-13 18:15:05,9.566666666666666
2013-02-14 18:15:05,7.65
2013-02-15 18:15:05,7.966666666666668
2013-02-16 18:15:05,7.7
2013-02-17 18:15:05,7.55
2013-02-18 18:15:05,9.266666666666667
2013-02-19 18:15:05,7.8
2013-02-20 18:15:05,8.533333333333333
2013-02-21 18:15:05,7.4
2013-02-22 18:15:05,10.283333333333333
2013-02-23 18:15:05,8.016666666666667
2013-02-24 18:15:05,8.416666666666666
2013-02-25 18:15:05,6.183333333333334
2013-02-26 18:15:05,9.0
2013-02-27 18:15:05,6.2333333333333325
2013-02-28 18:15:05,8.25
2013-03-01 18:15:05,9.183333333333334
2013-03-02 18:15:05,9.4
2013-03-03 18:15:05,7.866666666666666
2013-03-04 18:15:05,7.0166666666666675
2013-03-05 18:15:05,8.616666666666667
2013-03-06 18:15:05,8.666666666666666
2013-03-07 18:15:05,9.333333333333334
2013-03-08 18:15:05,10.583333333333334
2013-03-09 18:15:05,10.166666666666666
2013-03-10 18:15:05,7.116666666666666
2013-03-11 18:15:05,6.9
2013-03-12 18:15:05,12.466666666666667
2013-03-13 18:15:05,8.716666666666667
2013-03-14 18:15:05,7.933333333333334
2013-03-15 18:15:05,8.45
2013-03-16 18:15:05,7.35
2013-03-17 18:15:05,5.9
2013-03-18 18:15:05,6.55
2013-03-19 18:15:05,6.3
2013-03-20 18:15:05,6.75
2013-03-21 18:15:05,5.35
2013-03-22 18:15:05,5.85
2013-03-23 18:15:05,6.15
2013-03-24 18:15:05,5.2
2013-03-25 18:15:05,7.083333333333332
2013-03-26 18:15:05,7.066666666666666
2013-03-27 18:15:05,9.766666666666667
2013-03-28 18:15:05,6.5
2013-03-29 18:15:05,6.75
2013-03-30 18:15:05,7.316666666666666
2013-03-31 18:15:05,7.716666666666668
2013-04-01 18:15:05,5.7666666666666675
2013-04-02 18:15:05,7.383333333333334
2013-04-03 18:15:05,6.783333333333332
2013-04-04 18:15:05,7.683333333333334
2013-04-05 18:15:05,7.583333333333332
2013-04-06 18:15:05,5.783333333333332
2013-04-07 18:15:05,7.383333333333334
2013-04-08 18:15:05,6.466666666666668
2013-04-09 18:15:05,7.75
2013-04-10 18:15:05,7.35
2013-04-11 18:15:05,7.366666666666666
2013-04-12 18:15:05,6.8
2013-04-13 18:15:05,7.416666666666668
2013-04-14 18:15:05,7.95
2013-04-15 18:15:05,7.083333333333332
2013-04-16 18:15:05,6.85
2013-04-17 18:15:05,6.95
2013-04-18 18:15:05,9.25
2013-04-19 18:15:05,8.766666666666667
2013-04-20 18:15:05,8.066666666666666
2013-04-21 18:15:05,7.0166666666666675
2013-04-22 18:15:05,7.316666666666666
2013-04-23 18:15:05,7.366666666666666
2013-04-24 18:15:05,6.616666666666666
2013-04-25 18:15:05,7.4833333333333325
2013-04-26 18:15:05,6.4
2013-04-27 18:15:05,7.2
2013-04-28 18:15:05,7.95
2013-04-29 18:15:05,6.35
2013-04-30 18:15:05,7.7666666666666675
2013-05-01 18:15:05,8.0
2013-05-02 18:15:05,7.866666666666666
2013-05-03 18:15:05,8.8
2013-05-04 18:15:05,7.2333333333333325
2013-05-05 18:15:05,7.8
2013-05-06 18:15:05,6.533333333333332
2013-05-07 18:15:05,6.7
2013-05-08 18:15:05,7.933333333333334
2013-05-09 18:15:05,6.783333333333332
2013-05-10 18:15:05,6.683333333333334
2013-05-11 18:15:05,6.833333333333332
2013-05-12 18:15:05,6.816666666666666
2013-05-13 18:15:05,6.616666666666666
2013-05-14 18:15:05,8.75
2013-05-15 18:15:05,7.7666666666666675
2013-05-16 18:15:05,7.883333333333334
2013-05-17 18:15:05,7.55
2013-05-18 18:15:05,8.191666666666666
2013-05-19 18:15:05,8.733333333333333
2013-05-20 18:15:05,8.883333333333333
2013-05-21 18:15:05,8.566666666666666
2013-05-22 18:15:05,8.033333333333333
2013-05-23 18:15:05,7.7333333333333325
2013-05-24 18:15:05,7.966666666666668
2013-05-25 18:15:05,7.683333333333334
2013-05-26 18:15:05,9.466666666666667
2013-05-27 18:15:05,7.616666666666666
2013-05-28 18:15:05,7.616666666666666
2013-05-29 18:15:05,7.7666666666666675
2013-05-30 18:15:05,7.783333333333332
2013-05-31 18:15:05,7.05
2013-06-01 18:15:05,6.566666666666666
2013-06-02 18:15:05,6.9
2013-06-03 18:15:05,6.2
2013-06-04 18:15:05,6.45
2013-06-05 18:15:05,6.066666666666666
2013-06-06 18:15:05,8.233333333333333
2013-06-07 18:15:05,7.716666666666668
2013-06-08 18:15:05,6.7
2013-06-09 18:15:05,7.666666666666668
2013-06-10 18:15:05,7.05
2013-06-11 18:15:05,7.2666666666666675
2013-06-12 18:15:05,6.433333333333334
2013-06-13 18:15:05,5.883333333333334
2013-06-14 18:15:05,7.7666666666666675
2013-06-15 18:15:05,7.4
2013-06-16 18:15:05,6.5166666666666675
2013-06-17 18:15:05,7.8
2013-06-18 18:15:05,8.9
2013-06-19 18:15:05,12.1
2013-06-20 18:15:05,10.666666666666666
2013-06-21 18:15:05,9.433333333333334
2013-06-22 18:15:05,7.95
2013-06-23 18:15:05,8.716666666666667
2013-06-24 18:15:05,10.083333333333334
2013-06-25 18:15:05,7.916666666666668
2013-06-26 18:15:05,7.25
2013-06-27 18:15:05,8.616666666666667
2013-06-28 18:15:05,7.616666666666666
2013-06-29 18:15:05,8.616666666666667
2013-06-30 18:15:05,8.933333333333334
2013-07-01 18:15:05,7.8
2013-07-02 18:15:05,8.65
2013-07-03 18:15:05,7.566666666666666
2013-07-04 18:15:05,7.183333333333334
2013-07-05 18:15:05,7.35
2013-07-06 18:15:05,6.833333333333332
2013-07-07 18:15:05,6.7333333333333325
2013-07-08 18:15:05,6.9833333333333325
2013-07-09 18:15:05,5.933333333333334
2013-07-10 18:15:05,7.6
2013-07-11 18:15:05,7.066666666666666
2013-07-12 18:15:05,8.583333333333334
2013-07-13 18:15:05,9.583333333333334
2013-07-14 18:15:05,7.65
2013-07-15 18:15:05,7.416666666666668
2013-07-16 18:15:05,8.416666666666666
2013-07-17 18:15:05,7.7
2013-07-18 18:15:05,6.816666666666666
2013-07-19 18:15:05,7.25
2013-07-20 18:15:05,7.0
2013-07-21 18:15:05,6.933333333333334
2013-07-22 18:15:05,7.0
2013-07-23 18:15:05,9.25
2013-07-24 18:15:05,8.35
2013-07-25 18:15:05,9.333333333333334
2013-07-26 18:15:05,7.0166666666666675
2013-07-27 18:15:05,7.883333333333334
2013-07-28 18:15:05,7.633333333333334
2013-07-29 18:15:05,8.2
2013-07-30 18:15:05,6.35
2013-07-31 18:15:05,6.316666666666666
2013-08-01 18:15:05,6.85
2013-08-02 18:15:05,6.333333333333332
2013-08-03 18:15:05,6.7333333333333325
2013-08-04 18:15:05,6.75
2013-08-05 18:15:05,6.6
2013-08-06 18:15:05,6.216666666666668
2013-08-07 18:15:05,6.65
2013-08-08 18:15:05,6.35
2013-08-09 18:15:05,5.8
2013-08-10 18:15:05,5.616666666666666
2013-08-11 18:15:05,5.2
2013-08-12 18:15:05,5.25
2013-08-13 18:15:05,6.15
2013-08-14 18:15:05,8.416666666666666
2013-08-15 18:15:05,7.166666666666668
2013-08-16 18:15:05,7.216666666666668
2013-08-17 18:15:05,5.833333333333332
2013-08-18 18:15:05,6.116666666666666
2013-08-19 18:15:05,7.116666666666666
2013-08-20 18:15:05,6.6
2013-08-21 18:15:05,5.2
2013-08-22 18:15:05,5.633333333333334
2013-08-23 18:15:05,5.683333333333334
2013-08-24 18:15:05,5.966666666666668
2013-08-25 18:15:05,8.283333333333333
2013-08-26 18:15:05,7.75
2013-08-27 18:15:05,7.616666666666666
2013-08-28 18:15:05,7.0166666666666675
2013-08-29 18:15:05,5.933333333333334
2013-08-30 18:15:05,6.15
2013-08-31 18:15:05,6.55
2013-09-01 18:15:05,5.116666666666666
2013-09-02 18:15:05,4.583333333333333
2013-09-03 18:15:05,6.35
2013-09-04 18:15:05,6.65
2013-09-05 18:15:05,7.05
2013-09-06 18:15:05,5.783333333333332
2013-09-07 18:15:05,7.65
2013-09-08 18:15:05,8.1
2013-09-09 18:15:05,6.133333333333334
2013-09-10 18:15:05,7.0
2013-09-11 18:15:05,5.75
2013-09-12 18:15:05,5.4
2013-09-13 18:15:05,5.616666666666666
2013-09-14 18:15:05,5.633333333333334
2013-09-15 18:15:05,6.466666666666668
2013-09-16 18:15:05,7.2333333333333325
2013-09-17 18:15:05,7.3
2013-09-18 18:15:05,8.683333333333334
2013-09-19 18:15:05,6.116666666666666
2013-09-20 18:15:05,6.0
2013-09-21 18:15:05,6.2666666666666675
2013-09-22 18:15:05,5.633333333333334
2013-09-23 18:15:05,5.116666666666666
2013-09-24 18:15:05,6.183333333333334
2013-09-25 18:15:05,5.65
2013-09-26 18:15:05,7.316666666666666
2013-09-27 18:15:05,7.416666666666668
2013-09-28 18:15:05,7.216666666666668
2013-09-29 18:15:05,6.2666666666666675
2013-09-30 18:15:05,6.533333333333332
2013-10-01 18:15:05,6.15
2013-10-02 18:15:05,7.133333333333334
2013-10-03 18:15:05,6.183333333333334
2013-10-04 18:15:05,6.783333333333332
2013-10-05 18:15:05,6.2666666666666675
2013-10-06 18:15:05,5.45
2013-10-07 18:15:05,7.2666666666666675
2013-10-08 18:15:05,6.966666666666668
2013-10-09 18:15:05,6.5166666666666675
2013-10-10 18:15:05,5.65
2013-10-11 18:15:05,6.883333333333334
2013-10-12 18:15:05,5.866666666666666
2013-10-13 18:15:05,4.766666666666667
2013-10-14 18:15:05,4.6
2013-10-15 18:15:05,4.966666666666667
2013-10-16 18:15:05,5.333333333333333
2013-10-17 18:15:05,6.716666666666668
2013-10-18 18:15:05,6.566666666666666
2013-10-19 18:15:05,5.7
2013-10-20 18:15:05,5.5
2013-10-21 18:15:05,5.966666666666668
2013-10-22 18:15:05,4.883333333333334
2013-10-23 18:15:05,5.95
2013-10-24 18:15:05,6.066666666666666
2013-10-25 18:15:05,5.466666666666668
2013-10-26 18:15:05,6.5
2013-10-27 18:15:05,7.4833333333333325
2013-10-28 18:15:05,6.583333333333332
2013-10-29 18:15:05,7.2333333333333325
2013-10-30 18:15:05,5.683333333333334
2013-10-31 18:15:05,5.7
2013-11-01 18:15:05,6.45
2013-11-02 18:15:05,5.75
2013-11-03 18:15:05,6.083333333333332
2013-11-04 18:15:05,6.133333333333334
2013-11-05 18:15:05,7.6
2013-11-06 18:15:05,7.316666666666666
2013-11-07 18:15:05,8.333333333333334
2013-11-08 18:15:05,10.133333333333333
2013-11-09 18:15:05,8.183333333333334
2013-11-10 18:15:05,6.55
2013-11-11 18:15:05,6.2
2013-11-12 18:15:05,6.25
2013-11-13 18:15:05,6.533333333333332
2013-11-14 18:15:05,8.266666666666667
2013-11-15 18:15:05,7.816666666666666
2013-11-16 18:15:05,7.183333333333334
2013-11-17 18:15:05,7.2
2013-11-18 18:15:05,9.15
2013-11-19 18:15:05,10.383333333333333
2013-11-20 18:15:05,8.583333333333334
2013-11-21 18:15:05,10.383333333333333
2013-11-22 18:15:05,8.25
2013-11-23 18:15:05,8.05
2013-11-24 18:15:05,6.55
2013-11-25 18:15:05,7.666666666666668
2013-11-26 18:15:05,7.783333333333332
2013-11-27 18:15:05,8.4
2013-11-28 18:15:05,8.016666666666667
2013-11-29 18:15:05,7.55
2013-11-30 18:15:05,9.1
2013-12-01 18:15:05,6.183333333333334
2013-12-02 18:15:05,8.85
2013-12-03 18:15:05,8.35
2013-12-04 18:15:05,7.2333333333333325
2013-12-05 18:15:05,7.566666666666666
2013-12-06 18:15:05,6.65
2013-12-07 18:15:05,7.216666666666668
2013-12-08 18:15:05,7.116666666666666
2013-12-09 18:15:05,6.066666666666666
2013-12-10 18:15:05,6.6
2013-12-11 18:15:05,7.7333333333333325
2013-12-12 18:15:05,7.416666666666668
2013-12-13 18:15:05,7.433333333333334
2013-12-14 18:15:05,6.4833333333333325
2013-12-15 18:15:05,7.15
2013-12-16 18:15:05,6.4833333333333325
2013-12-17 18:15:05,6.283333333333332
2013-12-18 18:15:05,6.6
2013-12-19 18:15:05,5.7666666666666675
2013-12-20 18:15:05,6.15
2013-12-21 18:15:05,8.683333333333334
2013-12-22 18:15:05,7.866666666666666
2013-12-23 18:15:05,8.75
2013-12-24 18:15:05,8.05
2013-12-25 18:15:05,6.933333333333334
2013-12-26 18:15:05,6.616666666666666
2013-12-27 18:15:05,7.416666666666668
2013-12-28 18:15:05,7.883333333333334
2013-12-29 18:15:05,8.766666666666667
2013-12-30 18:15:05,7.0
2013-12-31 18:15:05,7.316666666666666
2014-01-01 18:15:05,6.466666666666668
2014-01-02 18:15:05,8.966666666666667
2014-01-03 18:15:05,8.95
2014-01-04 18:15:05,8.95
2014-01-05 18:15:05,7.066666666666666
2014-01-06 18:15:05,8.0
2014-01-07 18:15:05,6.716666666666668
2014-01-08 18:15:05,6.216666666666668
2014-01-09 18:15:05,7.433333333333334
2014-01-10 18:15:05,6.633333333333334
2014-01-11 18:15:05,5.716666666666668
2014-01-12 18:15:05,6.783333333333332
2014-01-13 18:15:05,6.116666666666666
2014-01-14 18:15:05,8.016666666666667
2014-01-15 18:15:05,7.433333333333334
2014-01-16 18:15:05,6.25
2014-01-17 18:15:05,8.483333333333333
2014-01-18 18:15:05,8.033333333333333
2014-01-19 18:15:05,6.7
2014-01-20 18:15:05,6.583333333333332
2014-01-21 18:15:05,7.25
2014-01-22 18:15:05,7.8
2014-01-23 18:15:05,8.933333333333334
2014-01-24 18:15:05,7.25
2014-01-25 18:15:05,9.45
2014-01-26 18:15:05,8.05
2014-01-27 18:15:05,8.8
2014-01-28 18:15:05,8.9
2014-01-29 18:15:05,8.15
2014-01-30 18:15:05,8.45
2014-01-31 18:15:05,7.383333333333334
2014-02-01 18:15:05,7.216666666666668
2014-02-02 18:15:05,7.0166666666666675
2014-02-03 18:15:05,6.666666666666668
2014-02-04 18:15:05,8.416666666666666
2014-02-05 18:15:05,7.916666666666668
2014-02-06 18:15:05,7.55
2014-02-07 18:15:05,7.9833333333333325
2014-02-08 18:15:05,8.35
2014-02-09 18:15:05,7.933333333333334
2014-02-10 18:15:05,8.166666666666666
2014-02-11 18:15:05,7.2333333333333325
2014-02-12 18:15:05,7.366666666666666
2014-02-13 18:15:05,8.233333333333333
2014-02-14 18:15:05,6.633333333333334
2014-02-15 18:15:05,7.433333333333334
2014-02-16 18:15:05,6.55
2014-02-17 18:15:05,8.25
2014-02-18 18:15:05,8.4
2014-02-19 18:15:05,7.066666666666666
2014-02-20 18:15:05,8.416666666666666
2014-02-21 18:15:05,7.95
2014-02-22 18:15:05,8.216666666666667
2014-02-23 18:15:05,7.1
2014-02-24 18:15:05,7.4
2014-02-25 18:15:05,8.0
2014-02-26 18:15:05,7.916666666666668
2014-02-27 18:15:05,7.066666666666666
2014-02-28 18:15:05,6.9833333333333325
2014-03-01 18:15:05,10.0
2014-03-02 18:15:05,7.966666666666668
2014-03-03 18:15:05,8.983333333333333
2014-03-04 18:15:05,10.85
2014-03-05 18:15:05,8.55
2014-03-06 18:15:05,7.933333333333334
2014-03-07 18:15:05,7.2
2014-03-08 18:15:05,6.216666666666668
2014-03-09 18:15:05,7.083333333333332
2014-03-10 18:15:05,8.233333333333333
2014-03-11 18:15:05,8.0
2014-03-12 18:15:05,11.266666666666667
2014-03-13 18:15:05,13.566666666666665
2014-03-14 18:15:05,12.433333333333335
2014-03-15 18:15:05,10.733333333333333
2014-03-16 18:15:05,14.866666666666667
2014-03-17 18:15:05,11.4
2014-03-18 18:15:05,8.016666666666667
2014-03-19 18:15:05,8.116666666666667
2014-03-20 18:15:05,7.916666666666668
2014-03-21 18:15:05,7.116666666666666
2014-03-22 18:15:05,6.8
2014-03-23 18:15:05,6.316666666666666
2014-03-24 18:15:05,6.65
2014-03-25 18:15:05,8.666666666666666
2014-03-26 18:15:05,8.266666666666667
2014-03-27 18:15:05,7.6
2014-03-28 18:15:05,7.133333333333334
2014-03-29 18:15:05,7.25
2014-03-30 18:15:05,7.7
2014-03-31 18:15:05,7.916666666666668
2014-04-01 18:15:05,7.2333333333333325
2014-04-02 18:15:05,6.8
2014-04-03 18:15:05,5.833333333333332
2014-04-04 18:15:05,5.466666666666668
2014-04-05 18:15:05,6.333333333333332
2014-04-06 18:15:05,9.266666666666667
2014-04-07 18:15:05,9.1
2014-04-08 18:15:05,8.066666666666666
2014-04-09 18:15:05,8.216666666666667
2014-04-10 18:15:05,7.4833333333333325
2014-04-11 18:15:05,9.016666666666667
2014-04-12 18:15:05,7.283333333333332
2014-04-13 18:15:05,7.0
2014-04-14 18:15:05,6.783333333333332
2014-04-15 18:15:05,6.433333333333334
2014-04-16 18:15:05,8.933333333333334
2014-04-17 18:15:05,7.0
2014-04-18 18:15:05,9.383333333333333
2014-04-19 18:15:05,8.133333333333333
2014-04-20 18:15:05,7.9
2014-04-21 18:15:05,7.15
2014-04-22 18:15:05,8.55
2014-04-23 18:15:05,7.6
2014-04-24 18:15:05,9.283333333333333
2014-04-25 18:15:05,8.0
2014-04-26 18:15:05,7.066666666666666
2014-04-27 18:15:05,8.2
2014-04-28 18:15:05,7.583333333333332
2014-04-29 18:15:05,8.166666666666666
2014-04-30 18:15:05,7.666666666666668
2014-05-01 18:15:05,7.65
2014-05-02 18:15:05,6.966666666666668
2014-05-03 18:15:05,8.216666666666667
2014-05-04 18:15:05,7.633333333333334
2014-05-05 18:15:05,8.366666666666667
2014-05-06 18:15:05,7.0
2014-05-07 18:15:05,7.9833333333333325
2014-05-08 18:15:05,8.133333333333333
2014-05-09 18:15:05,7.6
2014-05-10 18:15:05,6.633333333333334
2014-05-11 18:15:05,7.85
2014-05-12 18:15:05,7.7666666666666675
2014-05-13 18:15:05,7.0
2014-05-14 18:15:05,7.4
2014-05-15 18:15:05,7.5
2014-05-16 18:15:05,6.2666666666666675
2014-05-17 18:15:05,7.1
2014-05-18 18:15:05,7.183333333333334
2014-05-19 18:15:05,6.533333333333332
2014-05-20 18:15:05,6.833333333333332
2014-05-21 18:15:05,6.533333333333332
2014-05-22 18:15:05,7.45
2014-05-23 18:15:05,6.933333333333334
2014-05-24 18:15:05,7.35
2014-05-25 18:15:05,8.466666666666667
2014-05-26 18:15:05,7.383333333333334
2014-05-27 18:15:05,8.266666666666667
2014-05-28 18:15:05,6.933333333333334
2014-05-29 18:15:05,7.833333333333332
2014-05-30 18:15:05,7.383333333333334
2014-05-31 18:15:05,7.5
2014-06-01 18:15:05,6.633333333333334
2014-06-02 18:15:05,6.866666666666666
2014-06-03 18:15:05,5.9833333333333325
2014-06-04 18:15:05,6.433333333333334
2014-06-05 18:15:05,7.7666666666666675
2014-06-06 18:15:05,7.416666666666668
2014-06-07 18:15:05,7.25
2014-06-08 18:15:05,7.366666666666666
2014-06-09 18:15:05,8.933333333333334
2014-06-10 18:15:05,6.75
2014-06-11 18:15:05,7.8
2014-06-12 18:15:05,7.716666666666668
2014-06-13 18:15:05,7.35
2014-06-14 18:15:05,6.966666666666668
2014-06-15 18:15:05,6.2666666666666675
2014-06-16 18:15:05,5.8
2014-06-17 18:15:05,6.383333333333334
2014-06-18 18:15:05,6.5
2014-06-19 18:15:05,8.116666666666667
2014-06-20 18:15:05,5.716666666666668
2014-06-21 18:15:05,5.883333333333334
2014-06-22 18:15:05,5.9
2014-06-23 18:15:05,8.25
2014-06-24 18:15:05,6.0166666666666675
2014-06-25 18:15:05,5.75
2014-06-26 18:15:05,6.216666666666668
2014-06-27 18:15:05,6.0
2014-06-28 18:15:05,5.583333333333332
2014-06-29 18:15:05,6.716666666666668
2014-06-30 18:15:05,9.3
2014-07-01 18:15:05,8.316666666666666
2014-07-02 18:15:05,8.266666666666667
2014-07-03 18:15:05,8.166666666666666
2014-07-04 18:15:05,7.366666666666666
2014-07-05 18:15:05,7.966666666666668
2014-07-06 18:15:05,7.85
2014-07-07 18:15:05,8.166666666666666
2014-07-08 18:15:05,7.1
2014-07-09 18:15:05,7.4
2014-07-10 18:15:05,7.816666666666666
2014-07-11 18:15:05,7.8
2014-07-12 18:15:05,6.283333333333332
2014-07-13 18:15:05,7.416666666666668
2014-07-14 18:15:05,6.966666666666668
2014-07-15 18:15:05,8.4
2014-07-16 18:15:05,6.75
2014-07-17 18:15:05,6.466666666666668
2014-07-18 18:15:05,7.583333333333332
2014-07-19 18:15:05,6.75
2014-07-20 18:15:05,6.333333333333332
2014-07-21 18:15:05,7.7333333333333325
2014-07-22 18:15:05,7.85
2014-07-23 18:15:05,8.033333333333333
2014-07-24 18:15:05,7.5
2014-07-25 18:15:05,7.183333333333334
2014-07-26 18:15:05,7.683333333333334
2014-07-27 18:15:05,7.5166666666666675
2014-07-28 18:15:05,8.416666666666666
2014-07-29 18:15:05,7.433333333333334
2014-07-30 18:15:05,6.85
2014-07-31 18:15:05,8.05
2014-08-01 18:15:05,7.6
2014-08-02 18:15:05,6.066666666666666
2014-08-03 18:15:05,7.85
2014-08-04 18:15:05,7.783333333333332
2014-08-05 18:15:05,9.233333333333333
2014-08-06 18:15:05,7.65
2014-08-07 18:15:05,7.166666666666668
2014-08-08 18:15:05,6.566666666666666
2014-08-09 18:15:05,7.333333333333332
2014-08-10 18:15:05,6.683333333333334
2014-08-11 18:15:05,6.383333333333334
2014-08-12 18:15:05,6.4
2014-08-13 18:15:05,7.616666666666666
2014-08-14 18:15:05,6.9833333333333325
2014-08-15 18:15:05,6.75
2014-08-16 18:15:05,6.933333333333334
2014-08-17 18:15:05,7.083333333333332
2014-08-18 18:15:05,5.9833333333333325
2014-08-19 18:15:05,5.883333333333334
2014-08-20 18:15:05,7.15
2014-08-21 18:15:05,6.666666666666668
2014-08-22 18:15:05,7.0
2014-08-23 18:15:05,7.05
2014-08-24 18:15:05,6.966666666666668
2014-08-25 18:15:05,8.35
2014-08-26 18:15:05,6.816666666666666
2014-08-27 18:15:05,6.566666666666666
2014-08-28 18:15:05,6.216666666666668
2014-08-29 18:15:05,6.85
2014-08-30 18:15:05,6.083333333333332
2014-08-31 18:15:05,6.25
2014-09-01 18:15:05,8.45
2014-09-02 18:15:05,8.1
2014-09-03 18:15:05,7.15
2014-09-04 18:15:05,7.416666666666668
2014-09-05 18:15:05,6.866666666666666
2014-09-06 18:15:05,7.25
2014-09-07 18:15:05,7.466666666666668
2014-09-08 18:15:05,7.85
2014-09-09 18:15:05,8.6
2014-09-10 18:15:05,6.9833333333333325
2014-09-11 18:15:05,6.65
2014-09-12 18:15:05,7.566666666666666
2014-09-13 18:15:05,6.2333333333333325
2014-09-14 18:15:05,7.5
2014-09-15 18:15:05,7.333333333333332
2014-09-16 18:15:05,7.1
2014-09-17 18:15:05,6.0
2014-09-18 18:15:05,5.95
2014-09-19 18:15:05,7.783333333333332
2014-09-20 18:15:05,6.55
2014-09-21 18:15:05,6.383333333333334
2014-09-22 18:15:05,6.7333333333333325
2014-09-23 18:15:05,7.4
2014-09-24 18:15:05,7.283333333333332
2014-09-25 18:15:05,7.3
2014-09-26 18:15:05,7.25
2014-09-27 18:15:05,8.2
2014-09-28 18:15:05,7.583333333333332
2014-09-29 18:15:05,8.2
2014-09-30 18:15:05,7.5
2014-10-01 18:15:05,7.75
2014-10-02 18:15:05,7.683333333333334
2014-10-03 18:15:05,7.566666666666666
2014-10-04 18:15:05,8.216666666666667
2014-10-05 18:15:05,6.283333333333332
2014-10-06 18:15:05,7.2666666666666675
2014-10-07 18:15:05,7.033333333333332
2014-10-08 18:15:05,8.683333333333334
2014-10-09 18:15:05,8.833333333333334
2014-10-10 18:15:05,7.15
2014-10-11 18:15:05,8.15
2014-10-12 18:15:05,8.283333333333333
2014-10-13 18:15:05,7.783333333333332
2014-10-14 18:15:05,7.366666666666666
2014-10-15 18:15:05,7.5166666666666675
2014-10-16 18:15:05,7.0166666666666675
2014-10-17 18:15:05,8.283333333333333
2014-10-18 18:15:05,7.25
2014-10-19 18:15:05,8.3
2014-10-20 18:15:05,8.083333333333334
2014-10-21 18:15:05,8.5
2014-10-22 18:15:05,6.75
2014-10-23 18:15:05,7.583333333333332
2014-10-24 18:15:05,6.75
2014-10-25 18:15:05,7.783333333333332
2014-10-26 18:15:05,8.716666666666667
2014-10-27 18:15:05,7.2333333333333325
2014-10-28 18:15:05,7.216666666666668
2014-10-29 18:15:05,7.816666666666666
2014-10-30 18:15:05,6.633333333333334
2014-10-31 18:15:05,5.95
2014-11-01 18:15:05,6.583333333333332
2014-11-02 18:15:05,7.116666666666666
2014-11-03 18:15:05,6.816666666666666
2014-11-04 18:15:05,6.566666666666666
2014-11-05 18:15:05,7.2
2014-11-06 18:15:05,8.55
2014-11-07 18:15:05,7.883333333333334
2014-11-08 18:15:05,7.0166666666666675
2014-11-09 18:15:05,8.216666666666667
2014-11-10 18:15:05,7.183333333333334
2014-11-11 18:15:05,8.483333333333333
2014-11-12 18:15:05,8.083333333333334
2014-11-13 18:15:05,7.95
2014-11-14 18:15:05,7.583333333333332
2014-11-15 18:15:05,7.116666666666666
2014-11-16 18:15:05,8.3
2014-11-17 18:15:05,7.5
2014-11-18 18:15:05,8.0
2014-11-19 18:15:05,7.5166666666666675
2014-11-20 18:15:05,8.033333333333333
2014-11-21 18:15:05,8.266666666666667
2014-11-22 18:15:05,7.25
2014-11-23 18:15:05,8.916666666666666
2014-11-24 18:15:05,7.2
2014-11-25 18:15:05,9.05
2014-11-26 18:15:05,8.033333333333333
2014-11-27 18:15:05,8.016666666666667
2014-11-28 18:15:05,8.55
2014-11-29 18:15:05,7.816666666666666
2014-11-30 18:15:05,7.5166666666666675
2014-12-01 18:15:05,8.3
2014-12-02 18:15:05,9.566666666666666
2014-12-03 18:15:05,9.15
2014-12-04 18:15:05,8.4
2014-12-05 18:15:05,7.083333333333332
2014-12-06 18:15:05,8.066666666666666
2014-12-07 18:15:05,9.466666666666667
2014-12-08 18:15:05,8.25
2014-12-09 18:15:05,8.666666666666666
2014-12-10 18:15:05,7.05
2014-12-11 18:15:05,8.9
2014-12-12 18:15:05,7.9
2014-12-13 18:15:05,8.95
2014-12-14 18:15:05,9.383333333333333
2014-12-15 18:15:05,7.716666666666668
2014-12-16 18:15:05,8.483333333333333
2014-12-17 18:15:05,8.9
2014-12-18 18:15:05,8.616666666666667
2014-12-19 18:15:05,10.7
2014-12-20 18:15:05,7.833333333333332
2014-12-21 18:15:05,8.083333333333334
2014-12-22 18:15:05,9.3
2014-12-23 18:15:05,7.5166666666666675
2014-12-24 18:15:05,7.216666666666668
2014-12-25 18:15:05,6.4833333333333325
2014-12-26 18:15:05,7.55
2014-12-27 18:15:05,7.55
2014-12-28 18:15:05,7.166666666666668
2014-12-29 18:15:05,6.816666666666666
2014-12-30 18:15:05,7.9
2014-12-31 18:15:05,7.8
2015-01-01 18:15:05,7.15
2015-01-02 18:15:05,6.933333333333334
2015-01-03 18:15:05,6.433333333333334
2015-01-04 18:15:05,8.033333333333333
2015-01-05 18:15:05,6.816666666666666
2015-01-06 18:15:05,7.633333333333334
2015-01-07 18:15:05,7.433333333333334
2015-01-08 18:15:05,9.716666666666667
2015-01-09 18:15:05,7.466666666666668
2015-01-10 18:15:05,8.616666666666667
2015-01-11 18:15:05,8.9
2015-01-12 18:15:05,7.1
2015-01-13 18:15:05,10.95
2015-01-14 18:15:05,8.466666666666667
2015-01-15 18:15:05,8.416666666666666
2015-01-16 18:15:05,8.2
2015-01-17 18:15:05,8.433333333333334
2015-01-18 18:15:05,8.133333333333333
2015-01-19 18:15:05,7.85
2015-01-20 18:15:05,9.633333333333333
2015-01-21 18:15:05,9.8
2015-01-22 18:15:05,8.333333333333334
2015-01-23 18:15:05,9.116666666666667
2015-01-24 18:15:05,9.483333333333333
2015-01-25 18:15:05,9.033333333333333
2015-01-26 18:15:05,10.266666666666667
2015-01-27 18:15:05,8.05
2015-01-28 18:15:05,6.95
2015-01-29 18:15:05,6.833333333333332
2015-01-30 18:15:05,9.316666666666666
2015-01-31 18:15:05,8.283333333333333
2015-02-01 18:15:05,6.5
2015-02-02 18:15:05,8.466666666666667
2015-02-03 18:15:05,9.066666666666666
2015-02-04 18:15:05,7.3
2015-02-05 18:15:05,7.4833333333333325
2015-02-06 18:15:05,7.033333333333332
2015-02-07 18:15:05,7.05
2015-02-08 18:15:05,9.216666666666667
2015-02-09 18:15:05,8.066666666666666
2015-02-10 18:15:05,7.7
2015-02-11 18:15:05,7.683333333333334
2015-02-12 18:15:05,7.75
2015-02-13 18:15:05,8.3
2015-02-14 18:15:05,7.65
2015-02-15 18:15:05,8.15
2015-02-16 18:15:05,7.366666666666666
2015-02-17 18:15:05,7.7333333333333325
2015-02-18 18:15:05,6.716666666666668
2015-02-19 18:15:05,7.216666666666668
2015-02-20 18:15:05,7.366666666666666
2015-02-21 18:15:05,8.85
2015-02-22 18:15:05,7.833333333333332
2015-02-23 18:15:05,9.15
2015-02-24 18:15:05,8.8
2015-02-25 18:15:05,7.066666666666666
2015-02-26 18:15:05,8.633333333333333
2015-02-27 18:15:05,7.566666666666666
2015-02-28 18:15:05,9.95
2015-03-01 18:15:05,7.7333333333333325
2015-03-02 18:15:05,7.466666666666668
2015-03-03 18:15:05,8.1
2015-03-04 18:15:05,7.216666666666668
2015-03-05 18:15:05,10.516666666666667
2015-03-06 18:15:05,7.416666666666668
2015-03-07 18:15:05,9.2
2015-03-08 18:15:05,7.95
2015-03-09 18:15:05,8.883333333333333
2015-03-10 18:15:05,8.083333333333334
2015-03-11 18:15:05,7.2
2015-03-12 18:15:05,8.916666666666666
2015-03-13 18:15:05,7.566666666666666
2015-03-14 18:15:05,8.15
2015-03-15 18:15:05,7.533333333333332
2015-03-16 18:15:05,8.983333333333333
2015-03-17 18:15:05,7.45
2015-03-18 18:15:05,8.016666666666667
2015-03-19 18:15:05,8.166666666666666
2015-03-20 18:15:05,7.75
2015-03-21 18:15:05,8.533333333333333
2015-03-22 18:15:05,7.783333333333332
2015-03-23 18:15:05,7.2666666666666675
2015-03-24 18:15:05,6.85
2015-03-25 18:15:05,6.4
2015-03-26 18:15:05,7.616666666666666
2015-03-27 18:15:05,7.0
2015-03-28 18:15:05,7.883333333333334
2015-03-29 18:15:05,7.3
2015-03-30 18:15:05,7.95
2015-03-31 18:15:05,7.8
2015-04-01 18:15:05,8.183333333333334
2015-04-02 18:15:05,7.166666666666668
2015-04-03 18:15:05,7.85
2015-04-04 18:15:05,7.6083333333333325
2015-04-05 18:15:05,7.55
2015-04-06 18:15:05,9.466666666666667
2015-04-07 18:15:05,7.066666666666666
2015-04-08 18:15:05,9.8
2015-04-09 18:15:05,7.866666666666666
2015-04-10 18:15:05,8.633333333333333
2015-04-11 18:15:05,7.4
2015-04-12 18:15:05,8.183333333333334
2015-04-13 18:15:05,7.466666666666668
2015-04-14 18:15:05,6.083333333333332
2015-04-15 18:15:05,8.116666666666667
2015-04-16 18:15:05,8.416666666666666
2015-04-17 18:15:05,8.35
2015-04-18 18:15:05,9.416666666666666
2015-04-19 18:15:05,7.7
2015-04-20 18:15:05,7.416666666666668
2015-04-21 18:15:05,7.9
2015-04-22 18:15:05,8.466666666666667
2015-04-23 18:15:05,7.8
2015-04-24 18:15:05,9.166666666666666
2015-04-25 18:15:05,8.116666666666667
2015-04-26 18:15:05,7.5
2015-04-27 18:15:05,7.916666666666668
2015-04-28 18:15:05,7.35
2015-04-29 18:15:05,9.066666666666666
2015-04-30 18:15:05,8.466666666666667
2015-05-01 18:15:05,8.366666666666667
2015-05-02 18:15:05,8.0
2015-05-03 18:15:05,7.383333333333334
2015-05-04 18:15:05,9.066666666666666
2015-05-05 18:15:05,7.85
2015-05-06 18:15:05,8.583333333333334
2015-05-07 18:15:05,6.816666666666666
2015-05-08 18:15:05,7.25
2015-05-09 18:15:05,9.466666666666667
2015-05-10 18:15:05,8.933333333333334
2015-05-11 18:15:05,8.033333333333333
2015-05-12 18:15:05,7.55
2015-05-13 18:15:05,7.45
2015-05-14 18:15:05,7.7
2015-05-15 18:15:05,7.666666666666668
2015-05-16 18:15:05,8.45
2015-05-17 18:15:05,6.4
2015-05-18 18:15:05,7.716666666666668
2015-05-19 18:15:05,8.066666666666666
2015-05-20 18:15:05,7.916666666666668
2015-05-21 18:15:05,7.65
2015-05-22 18:15:05,8.083333333333334
2015-05-23 18:15:05,9.3
2015-05-24 18:15:05,8.0
2015-05-25 18:15:05,7.933333333333334
2015-05-26 18:15:05,8.95
2015-05-27 18:15:05,7.833333333333332
2015-05-28 18:15:05,7.716666666666668
2015-05-29 18:15:05,7.616666666666666
2015-05-30 18:15:05,9.316666666666666
2015-05-31 18:15:05,7.5
2015-06-01 18:15:05,8.483333333333333
2015-06-02 18:15:05,7.85
2015-06-03 18:15:05,8.433333333333334
2015-06-04 18:15:05,9.05
2015-06-05 18:15:05,8.4
2015-06-06 18:15:05,8.066666666666666
2015-06-07 18:15:05,7.5
2015-06-08 18:15:05,8.216666666666667
2015-06-09 18:15:05,6.7
2015-06-10 18:15:05,7.7
2015-06-11 18:15:05,7.316666666666666
2015-06-12 18:15:05,8.866666666666667
2015-06-13 18:15:05,7.4
2015-06-14 18:15:05,7.583333333333332
2015-06-15 18:15:05,7.683333333333334
2015-06-16 18:15:05,9.95
2015-06-17 18:15:05,8.216666666666667
2015-06-18 18:15:05,7.4833333333333325
2015-06-19 18:15:05,7.416666666666668
2015-06-20 18:15:05,8.283333333333333
2015-06-21 18:15:05,9.416666666666666
2015-06-22 18:15:05,9.233333333333333
2015-06-23 18:15:05,8.816666666666666
2015-06-24 18:15:05,7.8
2015-06-25 18:15:05,7.066666666666666
2015-06-26 18:15:05,7.783333333333332
2015-06-27 18:15:05,8.733333333333333
2015-06-28 18:15:05,8.15
2015-06-29 18:15:05,9.183333333333334
2015-06-30 18:15:05,9.083333333333334
2015-07-01 18:15:05,8.866666666666667
2015-07-02 18:15:05,8.283333333333333
2015-07-03 18:15:05,7.4833333333333325
2015-07-04 18:15:05,7.333333333333332
2015-07-05 18:15:05,8.75
2015-07-06 18:15:05,6.9
2015-07-07 18:15:05,8.55
2015-07-08 18:15:05,11.0
2015-07-09 18:15:05,8.716666666666667
2015-07-10 18:15:05,11.516666666666667
2015-07-11 18:15:05,9.316666666666666
2015-07-12 18:15:05,9.75
2015-07-13 18:15:05,8.883333333333333
2015-07-14 18:15:05,9.283333333333333
2015-07-15 18:15:05,7.583333333333332
2015-07-16 18:15:05,8.583333333333334
2015-07-17 18:15:05,8.433333333333334
2015-07-18 18:15:05,7.7666666666666675
2015-07-19 18:15:05,8.016666666666667
2015-07-20 18:15:05,7.333333333333332
2015-07-21 18:15:05,8.3
2015-07-22 18:15:05,8.6
2015-07-23 18:15:05,7.383333333333334
2015-07-24 18:15:05,6.816666666666666
2015-07-25 18:15:05,8.533333333333333
2015-07-26 18:15:05,8.2
2015-07-27 18:15:05,8.416666666666666
2015-07-28 18:15:05,8.0
2015-07-29 18:15:05,10.1
2015-07-30 18:15:05,9.65
2015-07-31 18:15:05,9.433333333333334
2015-08-01 18:15:05,7.916666666666668
2015-08-02 18:15:05,7.416666666666668
2015-08-03 18:15:05,8.0
2015-08-04 18:15:05,8.966666666666667
2015-08-05 18:15:05,11.566666666666665
2015-08-06 18:15:05,9.05
2015-08-07 18:15:05,8.3
2015-08-08 18:15:05,7.716666666666668
2015-08-09 18:15:05,8.083333333333334
2015-08-10 18:15:05,6.366666666666666
2015-08-11 18:15:05,7.133333333333334
2015-08-12 18:15:05,9.183333333333334
2015-08-13 18:15:05,8.783333333333333
2015-08-14 18:15:05,8.5
2015-08-15 18:15:05,9.383333333333333
2015-08-16 18:15:05,7.45
2015-08-17 18:15:05,7.283333333333332
2015-08-18 18:15:05,8.433333333333334
2015-08-19 18:15:05,7.783333333333332
2015-08-20 18:15:05,8.483333333333333
2015-08-21 18:15:05,7.583333333333332
2015-08-22 18:15:05,7.75
2015-08-23 18:15:05,8.966666666666667
2015-08-24 18:15:05,7.8
2015-08-25 18:15:05,9.783333333333333
2015-08-26 18:15:05,7.9833333333333325
2015-08-27 18:15:05,8.1
2015-08-28 18:15:05,7.816666666666666
2015-08-29 18:15:05,7.466666666666668
2015-08-30 18:15:05,8.458333333333334
2015-08-31 18:15:05,7.2333333333333325
2015-09-01 18:15:05,7.2666666666666675
2015-09-02 18:15:05,12.3
2015-09-03 18:15:05,10.75
2015-09-04 18:15:05,7.25
2015-09-05 18:15:05,8.183333333333334
2015-09-06 18:15:05,7.65
2015-09-07 18:15:05,8.033333333333333
2015-09-08 18:15:05,8.85
2015-09-09 18:15:05,8.916666666666666
2015-09-10 18:15:05,6.783333333333332
2015-09-11 18:15:05,7.416666666666668
2015-09-12 18:15:05,9.633333333333333
2015-09-13 18:15:05,9.233333333333333
2015-09-14 18:15:05,8.1
2015-09-15 18:15:05,7.0
2015-09-16 18:15:05,7.8
2015-09-17 18:15:05,9.216666666666667
2015-09-18 18:15:05,8.1
2015-09-19 18:15:05,8.75
2015-09-20 18:15:05,9.566666666666666
2015-09-21 18:15:05,8.783333333333333
2015-09-22 18:15:05,6.75
2015-09-23 18:15:05,8.2
2015-09-24 18:15:05,8.15
2015-09-25 18:15:05,7.75
2015-09-26 18:15:05,7.583333333333332
2015-09-27 18:15:05,8.15
2015-09-28 18:15:05,7.9
2015-09-29 18:15:05,6.566666666666666
2015-09-30 18:15:05,8.033333333333333
2015-10-01 18:15:05,7.866666666666666
2015-10-02 18:15:05,8.0
2015-10-03 18:15:05,7.9
2015-10-04 18:15:05,7.966666666666668
2015-10-05 18:15:05,7.7333333333333325
2015-10-06 18:15:05,7.783333333333332
2015-10-07 18:15:05,10.983333333333333
2015-10-08 18:15:05,9.016666666666667
2015-10-09 18:15:05,11.583333333333336
2015-10-10 18:15:05,7.9
2015-10-11 18:15:05,7.366666666666666
2015-10-12 18:15:05,9.55
2015-10-13 18:15:05,9.566666666666666
2015-10-14 18:15:05,8.05
2015-10-15 18:15:05,7.416666666666668
2015-10-16 18:15:05,7.25
2015-10-17 18:15:05,8.883333333333333
2015-10-18 18:15:05,8.683333333333334
2015-10-19 18:15:05,7.7
2015-10-20 18:15:05,9.616666666666667
2015-10-21 18:15:05,8.983333333333333
2015-10-22 18:15:05,8.133333333333333
2015-10-23 18:15:05,7.8
2015-10-24 18:15:05,8.366666666666667
2015-10-25 18:15:05,8.416666666666666
2015-10-26 18:15:05,7.0166666666666675
2015-10-27 18:15:05,7.383333333333334
2015-10-28 18:15:05,10.15
2015-10-29 18:15:05,7.616666666666666
2015-10-30 18:15:05,6.9
2015-10-31 18:15:05,7.383333333333334
2015-11-01 18:15:05,8.5
2015-11-02 18:15:05,8.4
2015-11-03 18:15:05,7.4833333333333325
2015-11-04 18:15:05,9.883333333333333
2015-11-05 18:15:05,7.7666666666666675
2015-11-06 18:15:05,9.2
2015-11-07 18:15:05,8.816666666666666
2015-11-08 18:15:05,8.716666666666667
2015-11-09 18:15:05,8.55
2015-11-10 18:15:05,9.166666666666666
2015-11-11 18:15:05,7.683333333333334
2015-11-12 18:15:05,8.516666666666667
2015-11-13 18:15:05,7.7666666666666675
2015-11-14 18:15:05,9.333333333333334
2015-11-15 18:15:05,8.116666666666667
2015-11-16 18:15:05,7.033333333333332
2015-11-17 18:15:05,8.183333333333334
2015-11-18 18:15:05,8.933333333333334
2015-11-19 18:15:05,10.5
2015-11-20 18:15:05,7.525
2015-11-21 18:15:05,7.25
2015-11-22 18:15:05,7.033333333333332
2015-11-23 18:15:05,8.4
2015-11-24 18:15:05,8.716666666666667
2015-11-25 18:15:05,7.216666666666668
2015-11-26 18:15:05,8.233333333333333
2015-11-27 18:15:05,8.85
2015-11-28 18:15:05,8.3
2015-11-29 18:15:05,7.716666666666668
2015-11-30 18:15:05,11.216666666666667
2015-12-01 18:15:05,6.7666666666666675
2015-12-02 18:15:05,8.366666666666667
2015-12-03 18:15:05,8.8
2015-12-04 18:15:05,8.933333333333334
2015-12-05 18:15:05,7.716666666666668
2015-12-06 18:15:05,7.3
2015-12-07 18:15:05,8.033333333333333
2015-12-08 18:15:05,7.783333333333332
2015-12-09 18:15:05,6.416666666666668
2015-12-10 18:15:05,6.8
2015-12-11 18:15:05,7.933333333333334
2015-12-12 18:15:05,8.45
2015-12-13 18:15:05,8.45
2015-12-14 18:15:05,7.916666666666668
2015-12-15 18:15:05,6.183333333333334
2015-12-16 18:15:05,7.533333333333332
2015-12-17 18:15:05,7.65
2015-12-18 18:15:05,7.466666666666668
2015-12-19 18:15:05,7.8
2015-12-20 18:15:05,6.416666666666668
2015-12-21 18:15:05,7.683333333333334
2015-12-22 18:15:05,8.45
2015-12-23 18:15:05,7.866666666666666
2015-12-24 18:15:05,9.116666666666667
2015-12-25 18:15:05,8.533333333333333
2015-12-26 18:15:05,6.066666666666666
2015-12-27 18:15:05,6.0166666666666675
2015-12-28 18:15:05,7.116666666666666
2015-12-29 18:15:05,8.416666666666666
2015-12-30 18:15:05,7.083333333333332
2015-12-31 18:15:05,7.433333333333334
2016-01-01 18:15:05,7.783333333333332
2016-01-02 18:15:05,10.033333333333333
2016-01-03 18:15:05,7.133333333333334
2016-01-04 18:15:05,6.383333333333334
2016-01-05 18:15:05,6.7333333333333325
2016-01-06 18:15:05,9.45
2016-01-07 18:15:05,10.0
2016-01-08 18:15:05,7.216666666666668
2016-01-09 18:15:05,7.216666666666668
2016-01-10 18:15:05,6.683333333333334
2016-01-11 18:15:05,6.7
2016-01-12 18:15:05,6.7333333333333325
2016-01-13 18:15:05,7.45
2016-01-14 18:15:05,8.883333333333333
2016-01-15 18:15:05,10.5
2016-01-16 18:15:05,9.3
2016-01-17 18:15:05,8.433333333333334
2016-01-18 18:15:05,5.95
2016-01-19 18:15:05,8.316666666666666
2016-01-20 18:15:05,8.583333333333334
2016-01-21 18:15:05,9.166666666666666
2016-01-22 18:15:05,8.333333333333334
2016-01-23 18:15:05,6.4833333333333325
2016-01-24 18:15:05,8.033333333333333
2016-01-25 18:15:05,6.9
2016-01-26 18:15:05,8.516666666666667
2016-01-27 18:15:05,7.666666666666668
2016-01-28 18:15:05,9.55
2016-01-29 18:15:05,7.05
2016-01-30 18:15:05,7.25
2016-01-31 18:15:05,6.816666666666666
2016-02-01 18:15:05,8.55
2016-02-02 18:15:05,8.666666666666666
2016-02-03 18:15:05,7.4833333333333325
2016-02-04 18:15:05,6.883333333333334
2016-02-05 18:15:05,6.166666666666668
2016-02-06 18:15:05,6.5166666666666675
2016-02-07 18:15:05,6.833333333333332
2016-02-08 18:15:05,7.7333333333333325
2016-02-09 18:15:05,8.316666666666666
2016-02-10 18:15:05,7.2666666666666675
2016-02-11 18:15:05,5.9833333333333325
2016-02-12 18:15:05,7.1
2016-02-13 18:15:05,7.65
2016-02-14 18:15:05,6.216666666666668
2016-02-15 18:15:05,8.233333333333333
2016-02-16 18:15:05,8.65
2016-02-17 18:15:05,9.5
2016-02-18 18:15:05,5.933333333333334
2016-02-19 18:15:05,9.233333333333333
2016-02-20 18:15:05,7.9
2016-02-21 18:15:05,9.916666666666666
2016-02-22 18:15:05,10.4
2016-02-23 18:15:05,9.166666666666666
2016-02-24 18:15:05,9.833333333333334
2016-02-25 18:15:05,8.966666666666667
2016-02-26 18:15:05,7.466666666666668
2016-02-27 18:15:05,8.55
2016-02-28 18:15:05,8.95
2016-02-29 18:15:05,11.416666666666664
2016-03-01 18:15:05,12.416666666666664
2016-03-02 18:15:05,9.983333333333333
2016-03-03 18:15:05,10.8
2016-03-04 18:15:05,9.566666666666666
2016-03-05 18:15:05,8.333333333333334
2016-03-06 18:15:05,8.766666666666667
2016-03-07 18:15:05,7.35
2016-03-08 18:15:05,8.5
2016-03-09 18:15:05,8.216666666666667
2016-03-10 18:15:05,6.833333333333332
2016-03-11 18:15:05,7.15
2016-03-12 18:15:05,7.166666666666668
2016-03-13 18:15:05,8.3
2016-03-14 18:15:05,7.6
2016-03-15 18:15:05,8.4
2016-03-16 18:15:05,7.1
2016-03-17 18:15:05,7.7
2016-03-18 18:15:05,8.816666666666666
2016-03-19 18:15:05,8.05
2016-03-20 18:15:05,7.616666666666666
2016-03-21 18:15:05,9.166666666666666
2016-03-22 18:15:05,7.2666666666666675
2016-03-23 18:15:05,7.65
2016-03-24 18:15:05,7.866666666666666
2016-03-25 18:15:05,7.2666666666666675
2016-03-26 18:15:05,7.7666666666666675
2016-03-27 18:15:05,7.283333333333332
2016-03-28 18:15:05,9.2
2016-03-29 18:15:05,7.0
2016-03-30 18:15:05,8.5
2016-03-31 18:15:05,9.316666666666666
2016-04-01 18:15:05,8.633333333333333
2016-04-02 18:15:05,10.633333333333333
2016-04-03 18:15:05,8.316666666666666
2016-04-04 18:15:05,6.966666666666668
2016-04-05 18:15:05,8.633333333333333
2016-04-06 18:15:05,7.2666666666666675
2016-04-07 18:15:05,9.05
2016-04-08 18:15:05,7.8
2016-04-09 18:15:05,7.033333333333332
2016-04-10 18:15:05,6.2333333333333325
2016-04-11 18:15:05,8.283333333333333
2016-04-12 18:15:05,7.533333333333332
2016-04-13 18:15:05,8.15
2016-04-14 18:15:05,7.383333333333334
2016-04-15 18:15:05,8.2
2016-04-16 18:15:05,7.966666666666668
2016-04-17 18:15:05,7.166666666666668
2016-04-18 18:15:05,8.733333333333333
2016-04-19 18:15:05,8.116666666666667
2016-04-20 18:15:05,8.6
2016-04-21 18:15:05,7.2666666666666675
2016-04-22 18:15:05,8.416666666666666
2016-04-23 18:15:05,7.433333333333334
2016-04-24 18:15:05,8.516666666666667
2016-04-25 18:15:05,9.583333333333334
2016-04-26 18:15:05,7.866666666666666
2016-04-27 18:15:05,10.183333333333334
2016-04-28 18:15:05,10.0
2016-04-29 18:15:05,7.666666666666668
2016-04-30 18:15:05,7.383333333333334
2016-05-01 18:15:05,7.116666666666666
2016-05-02 18:15:05,9.0
2016-05-03 16:36:36,7.033333333333332
