Date,MinersRevenue
2009-01-03 18:15:05,0.0
2009-01-04 18:15:05,0.0
2009-01-05 18:15:05,0.0
2009-01-06 18:15:05,0.0
2009-01-07 18:15:05,0.0
2009-01-08 18:15:05,0.0
2009-01-09 18:15:05,0.0
2009-01-10 18:15:05,0.0
2009-01-11 18:15:05,0.0
2009-01-12 18:15:05,0.0
2009-01-13 18:15:05,0.0
2009-01-14 18:15:05,0.0
2009-01-15 18:15:05,0.0
2009-01-16 18:15:05,0.0
2009-01-17 18:15:05,0.0
2009-01-18 18:15:05,0.0
2009-01-19 18:15:05,0.0
2009-01-20 18:15:05,0.0
2009-01-21 18:15:05,0.0
2009-01-22 18:15:05,0.0
2009-01-23 18:15:05,0.0
2009-01-24 18:15:05,0.0
2009-01-25 18:15:05,0.0
2009-01-26 18:15:05,0.0
2009-01-27 18:15:05,0.0
2009-01-28 18:15:05,0.0
2009-01-29 18:15:05,0.0
2009-01-30 18:15:05,0.0
2009-01-31 18:15:05,0.0
2009-02-01 18:15:05,0.0
2009-02-02 18:15:05,0.0
2009-02-03 18:15:05,0.0
2009-02-04 18:15:05,0.0
2009-02-05 18:15:05,0.0
2009-02-06 18:15:05,0.0
2009-02-07 18:15:05,0.0
2009-02-08 18:15:05,0.0
2009-02-09 18:15:05,0.0
2009-02-10 18:15:05,0.0
2009-02-11 18:15:05,0.0
2009-02-12 18:15:05,0.0
2009-02-13 18:15:05,0.0
2009-02-14 18:15:05,0.0
2009-02-15 18:15:05,0.0
2009-02-16 18:15:05,0.0
2009-02-17 18:15:05,0.0
2009-02-18 18:15:05,0.0
2009-02-19 18:15:05,0.0
2009-02-20 18:15:05,0.0
2009-02-21 18:15:05,0.0
2009-02-22 18:15:05,0.0
2009-02-23 18:15:05,0.0
2009-02-24 18:15:05,0.0
2009-02-25 18:15:05,0.0
2009-02-26 18:15:05,0.0
2009-02-27 18:15:05,0.0
2009-02-28 18:15:05,0.0
2009-03-01 18:15:05,0.0
2009-03-02 18:15:05,0.0
2009-03-03 18:15:05,0.0
2009-03-04 18:15:05,0.0
2009-03-05 18:15:05,0.0
2009-03-06 18:15:05,0.0
2009-03-07 18:15:05,0.0
2009-03-08 18:15:05,0.0
2009-03-09 18:15:05,0.0
2009-03-10 18:15:05,0.0
2009-03-11 18:15:05,0.0
2009-03-12 18:15:05,0.0
2009-03-13 18:15:05,0.0
2009-03-14 18:15:05,0.0
2009-03-15 18:15:05,0.0
2009-03-16 18:15:05,0.0
2009-03-17 18:15:05,0.0
2009-03-18 18:15:05,0.0
2009-03-19 18:15:05,0.0
2009-03-20 18:15:05,0.0
2009-03-21 18:15:05,0.0
2009-03-22 18:15:05,0.0
2009-03-23 18:15:05,0.0
2009-03-24 18:15:05,0.0
2009-03-25 18:15:05,0.0
2009-03-26 18:15:05,0.0
2009-03-27 18:15:05,0.0
2009-03-28 18:15:05,0.0
2009-03-29 18:15:05,0.0
2009-03-30 18:15:05,0.0
2009-03-31 18:15:05,0.0
2009-04-01 18:15:05,0.0
2009-04-02 18:15:05,0.0
2009-04-03 18:15:05,0.0
2009-04-04 18:15:05,0.0
2009-04-05 18:15:05,0.0
2009-04-06 18:15:05,0.0
2009-04-07 18:15:05,0.0
2009-04-08 18:15:05,0.0
2009-04-09 18:15:05,0.0
2009-04-10 18:15:05,0.0
2009-04-11 18:15:05,0.0
2009-04-12 18:15:05,0.0
2009-04-13 18:15:05,0.0
2009-04-14 18:15:05,0.0
2009-04-15 18:15:05,0.0
2009-04-16 18:15:05,0.0
2009-04-17 18:15:05,0.0
2009-04-18 18:15:05,0.0
2009-04-19 18:15:05,0.0
2009-04-20 18:15:05,0.0
2009-04-21 18:15:05,0.0
2009-04-22 18:15:05,0.0
2009-04-23 18:15:05,0.0
2009-04-24 18:15:05,0.0
2009-04-25 18:15:05,0.0
2009-04-26 18:15:05,0.0
2009-04-27 18:15:05,0.0
2009-04-28 18:15:05,0.0
2009-04-29 18:15:05,0.0
2009-04-30 18:15:05,0.0
2009-05-01 18:15:05,0.0
2009-05-02 18:15:05,0.0
2009-05-03 18:15:05,0.0
2009-05-04 18:15:05,0.0
2009-05-05 18:15:05,0.0
2009-05-06 18:15:05,0.0
2009-05-07 18:15:05,0.0
2009-05-08 18:15:05,0.0
2009-05-09 18:15:05,0.0
2009-05-10 18:15:05,0.0
2009-05-11 18:15:05,0.0
2009-05-12 18:15:05,0.0
2009-05-13 18:15:05,0.0
2009-05-14 18:15:05,0.0
2009-05-15 18:15:05,0.0
2009-05-16 18:15:05,0.0
2009-05-17 18:15:05,0.0
2009-05-18 18:15:05,0.0
2009-05-19 18:15:05,0.0
2009-05-20 18:15:05,0.0
2009-05-21 18:15:05,0.0
2009-05-22 18:15:05,0.0
2009-05-23 18:15:05,0.0
2009-05-24 18:15:05,0.0
2009-05-25 18:15:05,0.0
2009-05-26 18:15:05,0.0
2009-05-27 18:15:05,0.0
2009-05-28 18:15:05,0.0
2009-05-29 18:15:05,0.0
2009-05-30 18:15:05,0.0
2009-05-31 18:15:05,0.0
2009-06-01 18:15:05,0.0
2009-06-02 18:15:05,0.0
2009-06-03 18:15:05,0.0
2009-06-04 18:15:05,0.0
2009-06-05 18:15:05,0.0
2009-06-06 18:15:05,0.0
2009-06-07 18:15:05,0.0
2009-06-08 18:15:05,0.0
2009-06-09 18:15:05,0.0
2009-06-10 18:15:05,0.0
2009-06-11 18:15:05,0.0
2009-06-12 18:15:05,0.0
2009-06-13 18:15:05,0.0
2009-06-14 18:15:05,0.0
2009-06-15 18:15:05,0.0
2009-06-16 18:15:05,0.0
2009-06-17 18:15:05,0.0
2009-06-18 18:15:05,0.0
2009-06-19 18:15:05,0.0
2009-06-20 18:15:05,0.0
2009-06-21 18:15:05,0.0
2009-06-22 18:15:05,0.0
2009-06-23 18:15:05,0.0
2009-06-24 18:15:05,0.0
2009-06-25 18:15:05,0.0
2009-06-26 18:15:05,0.0
2009-06-27 18:15:05,0.0
2009-06-28 18:15:05,0.0
2009-06-29 18:15:05,0.0
2009-06-30 18:15:05,0.0
2009-07-01 18:15:05,0.0
2009-07-02 18:15:05,0.0
2009-07-03 18:15:05,0.0
2009-07-04 18:15:05,0.0
2009-07-05 18:15:05,0.0
2009-07-06 18:15:05,0.0
2009-07-07 18:15:05,0.0
2009-07-08 18:15:05,0.0
2009-07-09 18:15:05,0.0
2009-07-10 18:15:05,0.0
2009-07-11 18:15:05,0.0
2009-07-12 18:15:05,0.0
2009-07-13 18:15:05,0.0
2009-07-14 18:15:05,0.0
2009-07-15 18:15:05,0.0
2009-07-16 18:15:05,0.0
2009-07-17 18:15:05,0.0
2009-07-18 18:15:05,0.0
2009-07-19 18:15:05,0.0
2009-07-20 18:15:05,0.0
2009-07-21 18:15:05,0.0
2009-07-22 18:15:05,0.0
2009-07-23 18:15:05,0.0
2009-07-24 18:15:05,0.0
2009-07-25 18:15:05,0.0
2009-07-26 18:15:05,0.0
2009-07-27 18:15:05,0.0
2009-07-28 18:15:05,0.0
2009-07-29 18:15:05,0.0
2009-07-30 18:15:05,0.0
2009-07-31 18:15:05,0.0
2009-08-01 18:15:05,0.0
2009-08-02 18:15:05,0.0
2009-08-03 18:15:05,0.0
2009-08-04 18:15:05,0.0
2009-08-05 18:15:05,0.0
2009-08-06 18:15:05,0.0
2009-08-07 18:15:05,0.0
2009-08-08 18:15:05,0.0
2009-08-09 18:15:05,0.0
2009-08-10 18:15:05,0.0
2009-08-11 18:15:05,0.0
2009-08-12 18:15:05,0.0
2009-08-13 18:15:05,0.0
2009-08-14 18:15:05,0.0
2009-08-15 18:15:05,0.0
2009-08-16 18:15:05,0.0
2009-08-17 18:15:05,0.0
2009-08-18 18:15:05,0.0
2009-08-19 18:15:05,0.0
2009-08-20 18:15:05,0.0
2009-08-21 18:15:05,0.0
2009-08-22 18:15:05,0.0
2009-08-23 18:15:05,0.0
2009-08-24 18:15:05,0.0
2009-08-25 18:15:05,0.0
2009-08-26 18:15:05,0.0
2009-08-27 18:15:05,0.0
2009-08-28 18:15:05,0.0
2009-08-29 18:15:05,0.0
2009-08-30 18:15:05,0.0
2009-08-31 18:15:05,0.0
2009-09-01 18:15:05,0.0
2009-09-02 18:15:05,0.0
2009-09-03 18:15:05,0.0
2009-09-04 18:15:05,0.0
2009-09-05 18:15:05,0.0
2009-09-06 18:15:05,0.0
2009-09-07 18:15:05,0.0
2009-09-08 18:15:05,0.0
2009-09-09 18:15:05,0.0
2009-09-10 18:15:05,0.0
2009-09-11 18:15:05,0.0
2009-09-12 18:15:05,0.0
2009-09-13 18:15:05,0.0
2009-09-14 18:15:05,0.0
2009-09-15 18:15:05,0.0
2009-09-16 18:15:05,0.0
2009-09-17 18:15:05,0.0
2009-09-18 18:15:05,0.0
2009-09-19 18:15:05,0.0
2009-09-20 18:15:05,0.0
2009-09-21 18:15:05,0.0
2009-09-22 18:15:05,0.0
2009-09-23 18:15:05,0.0
2009-09-24 18:15:05,0.0
2009-09-25 18:15:05,0.0
2009-09-26 18:15:05,0.0
2009-09-27 18:15:05,0.0
2009-09-28 18:15:05,0.0
2009-09-29 18:15:05,0.0
2009-09-30 18:15:05,0.0
2009-10-01 18:15:05,0.0
2009-10-02 18:15:05,0.0
2009-10-03 18:15:05,0.0
2009-10-04 18:15:05,0.0
2009-10-05 18:15:05,0.0
2009-10-06 18:15:05,0.0
2009-10-07 18:15:05,0.0
2009-10-08 18:15:05,0.0
2009-10-09 18:15:05,0.0
2009-10-10 18:15:05,0.0
2009-10-11 18:15:05,0.0
2009-10-12 18:15:05,0.0
2009-10-13 18:15:05,0.0
2009-10-14 18:15:05,0.0
2009-10-15 18:15:05,0.0
2009-10-16 18:15:05,0.0
2009-10-17 18:15:05,0.0
2009-10-18 18:15:05,0.0
2009-10-19 18:15:05,0.0
2009-10-20 18:15:05,0.0
2009-10-21 18:15:05,0.0
2009-10-22 18:15:05,0.0
2009-10-23 18:15:05,0.0
2009-10-24 18:15:05,0.0
2009-10-25 18:15:05,0.0
2009-10-26 18:15:05,0.0
2009-10-27 18:15:05,0.0
2009-10-28 18:15:05,0.0
2009-10-29 18:15:05,0.0
2009-10-30 18:15:05,0.0
2009-10-31 18:15:05,0.0
2009-11-01 18:15:05,0.0
2009-11-02 18:15:05,0.0
2009-11-03 18:15:05,0.0
2009-11-04 18:15:05,0.0
2009-11-05 18:15:05,0.0
2009-11-06 18:15:05,0.0
2009-11-07 18:15:05,0.0
2009-11-08 18:15:05,0.0
2009-11-09 18:15:05,0.0
2009-11-10 18:15:05,0.0
2009-11-11 18:15:05,0.0
2009-11-12 18:15:05,0.0
2009-11-13 18:15:05,0.0
2009-11-14 18:15:05,0.0
2009-11-15 18:15:05,0.0
2009-11-16 18:15:05,0.0
2009-11-17 18:15:05,0.0
2009-11-18 18:15:05,0.0
2009-11-19 18:15:05,0.0
2009-11-20 18:15:05,0.0
2009-11-21 18:15:05,0.0
2009-11-22 18:15:05,0.0
2009-11-23 18:15:05,0.0
2009-11-24 18:15:05,0.0
2009-11-25 18:15:05,0.0
2009-11-26 18:15:05,0.0
2009-11-27 18:15:05,0.0
2009-11-28 18:15:05,0.0
2009-11-29 18:15:05,0.0
2009-11-30 18:15:05,0.0
2009-12-01 18:15:05,0.0
2009-12-02 18:15:05,0.0
2009-12-03 18:15:05,0.0
2009-12-04 18:15:05,0.0
2009-12-05 18:15:05,0.0
2009-12-06 18:15:05,0.0
2009-12-07 18:15:05,0.0
2009-12-08 18:15:05,0.0
2009-12-09 18:15:05,0.0
2009-12-10 18:15:05,0.0
2009-12-11 18:15:05,0.0
2009-12-12 18:15:05,0.0
2009-12-13 18:15:05,0.0
2009-12-14 18:15:05,0.0
2009-12-15 18:15:05,0.0
2009-12-16 18:15:05,0.0
2009-12-17 18:15:05,0.0
2009-12-18 18:15:05,0.0
2009-12-19 18:15:05,0.0
2009-12-20 18:15:05,0.0
2009-12-21 18:15:05,0.0
2009-12-22 18:15:05,0.0
2009-12-23 18:15:05,0.0
2009-12-24 18:15:05,0.0
2009-12-25 18:15:05,0.0
2009-12-26 18:15:05,0.0
2009-12-27 18:15:05,0.0
2009-12-28 18:15:05,0.0
2009-12-29 18:15:05,0.0
2009-12-30 18:15:05,0.0
2009-12-31 18:15:05,0.0
2010-01-01 18:15:05,0.0
2010-01-02 18:15:05,0.0
2010-01-03 18:15:05,0.0
2010-01-04 18:15:05,0.0
2010-01-05 18:15:05,0.0
2010-01-06 18:15:05,0.0
2010-01-07 18:15:05,0.0
2010-01-08 18:15:05,0.0
2010-01-09 18:15:05,0.0
2010-01-10 18:15:05,0.0
2010-01-11 18:15:05,0.0
2010-01-12 18:15:05,0.0
2010-01-13 18:15:05,0.0
2010-01-14 18:15:05,0.0
2010-01-15 18:15:05,0.0
2010-01-16 18:15:05,0.0
2010-01-17 18:15:05,0.0
2010-01-18 18:15:05,0.0
2010-01-19 18:15:05,0.0
2010-01-20 18:15:05,0.0
2010-01-21 18:15:05,0.0
2010-01-22 18:15:05,0.0
2010-01-23 18:15:05,0.0
2010-01-24 18:15:05,0.0
2010-01-25 18:15:05,0.0
2010-01-26 18:15:05,0.0
2010-01-27 18:15:05,0.0
2010-01-28 18:15:05,0.0
2010-01-29 18:15:05,0.0
2010-01-30 18:15:05,0.0
2010-01-31 18:15:05,0.0
2010-02-01 18:15:05,0.0
2010-02-02 18:15:05,0.0
2010-02-03 18:15:05,0.0
2010-02-04 18:15:05,0.0
2010-02-05 18:15:05,0.0
2010-02-06 18:15:05,0.0
2010-02-07 18:15:05,0.0
2010-02-08 18:15:05,0.0
2010-02-09 18:15:05,0.0
2010-02-10 18:15:05,0.0
2010-02-11 18:15:05,0.0
2010-02-12 18:15:05,0.0
2010-02-13 18:15:05,0.0
2010-02-14 18:15:05,0.0
2010-02-15 18:15:05,0.0
2010-02-16 18:15:05,0.0
2010-02-17 18:15:05,0.0
2010-02-18 18:15:05,0.0
2010-02-19 18:15:05,0.0
2010-02-20 18:15:05,0.0
2010-02-21 18:15:05,0.0
2010-02-22 18:15:05,0.0
2010-02-23 18:15:05,0.0
2010-02-24 18:15:05,0.0
2010-02-25 18:15:05,0.0
2010-02-26 18:15:05,0.0
2010-02-27 18:15:05,0.0
2010-02-28 18:15:05,0.0
2010-03-01 18:15:05,0.0
2010-03-02 18:15:05,0.0
2010-03-03 18:15:05,0.0
2010-03-04 18:15:05,0.0
2010-03-05 18:15:05,0.0
2010-03-06 18:15:05,0.0
2010-03-07 18:15:05,0.0
2010-03-08 18:15:05,0.0
2010-03-09 18:15:05,0.0
2010-03-10 18:15:05,0.0
2010-03-11 18:15:05,0.0
2010-03-12 18:15:05,0.0
2010-03-13 18:15:05,0.0
2010-03-14 18:15:05,0.0
2010-03-15 18:15:05,0.0
2010-03-16 18:15:05,0.0
2010-03-17 18:15:05,0.0
2010-03-18 18:15:05,0.0
2010-03-19 18:15:05,0.0
2010-03-20 18:15:05,0.0
2010-03-21 18:15:05,0.0
2010-03-22 18:15:05,0.0
2010-03-23 18:15:05,0.0
2010-03-24 18:15:05,0.0
2010-03-25 18:15:05,0.0
2010-03-26 18:15:05,0.0
2010-03-27 18:15:05,0.0
2010-03-28 18:15:05,0.0
2010-03-29 18:15:05,0.0
2010-03-30 18:15:05,0.0
2010-03-31 18:15:05,0.0
2010-04-01 18:15:05,0.0
2010-04-02 18:15:05,0.0
2010-04-03 18:15:05,0.0
2010-04-04 18:15:05,0.0
2010-04-05 18:15:05,0.0
2010-04-06 18:15:05,0.0
2010-04-07 18:15:05,0.0
2010-04-08 18:15:05,0.0
2010-04-09 18:15:05,0.0
2010-04-10 18:15:05,0.0
2010-04-11 18:15:05,0.0
2010-04-12 18:15:05,0.0
2010-04-13 18:15:05,0.0
2010-04-14 18:15:05,0.0
2010-04-15 18:15:05,0.0
2010-04-16 18:15:05,0.0
2010-04-17 18:15:05,0.0
2010-04-18 18:15:05,0.0
2010-04-19 18:15:05,0.0
2010-04-20 18:15:05,0.0
2010-04-21 18:15:05,0.0
2010-04-22 18:15:05,0.0
2010-04-23 18:15:05,0.0
2010-04-24 18:15:05,0.0
2010-04-25 18:15:05,0.0
2010-04-26 18:15:05,0.0
2010-04-27 18:15:05,0.0
2010-04-28 18:15:05,0.0
2010-04-29 18:15:05,0.0
2010-04-30 18:15:05,0.0
2010-05-01 18:15:05,0.0
2010-05-02 18:15:05,0.0
2010-05-03 18:15:05,0.0
2010-05-04 18:15:05,0.0
2010-05-05 18:15:05,0.0
2010-05-06 18:15:05,0.0
2010-05-07 18:15:05,0.0
2010-05-08 18:15:05,0.0
2010-05-09 18:15:05,0.0
2010-05-10 18:15:05,0.0
2010-05-11 18:15:05,0.0
2010-05-12 18:15:05,0.0
2010-05-13 18:15:05,0.0
2010-05-14 18:15:05,0.0
2010-05-15 18:15:05,0.0
2010-05-16 18:15:05,0.0
2010-05-17 18:15:05,0.0
2010-05-18 18:15:05,0.0
2010-05-19 18:15:05,0.0
2010-05-20 18:15:05,0.0
2010-05-21 18:15:05,0.0
2010-05-22 18:15:05,0.0
2010-05-23 18:15:05,0.0
2010-05-24 18:15:05,0.0
2010-05-25 18:15:05,0.0
2010-05-26 18:15:05,0.0
2010-05-27 18:15:05,0.0
2010-05-28 18:15:05,0.0
2010-05-29 18:15:05,0.0
2010-05-30 18:15:05,0.0
2010-05-31 18:15:05,0.0
2010-06-01 18:15:05,0.0
2010-06-02 18:15:05,0.0
2010-06-03 18:15:05,0.0
2010-06-04 18:15:05,0.0
2010-06-05 18:15:05,0.0
2010-06-06 18:15:05,0.0
2010-06-07 18:15:05,0.0
2010-06-08 18:15:05,0.0
2010-06-09 18:15:05,0.0
2010-06-10 18:15:05,0.0
2010-06-11 18:15:05,0.0
2010-06-12 18:15:05,0.0
2010-06-13 18:15:05,0.0
2010-06-14 18:15:05,0.0
2010-06-15 18:15:05,0.0
2010-06-16 18:15:05,0.0
2010-06-17 18:15:05,0.0
2010-06-18 18:15:05,0.0
2010-06-19 18:15:05,0.0
2010-06-20 18:15:05,0.0
2010-06-21 18:15:05,0.0
2010-06-22 18:15:05,0.0
2010-06-23 18:15:05,0.0
2010-06-24 18:15:05,0.0
2010-06-25 18:15:05,0.0
2010-06-26 18:15:05,0.0
2010-06-27 18:15:05,0.0
2010-06-28 18:15:05,0.0
2010-06-29 18:15:05,0.0
2010-06-30 18:15:05,0.0
2010-07-01 18:15:05,0.0
2010-07-02 18:15:05,0.0
2010-07-03 18:15:05,0.0
2010-07-04 18:15:05,0.0
2010-07-05 18:15:05,0.0
2010-07-06 18:15:05,0.0
2010-07-07 18:15:05,0.0
2010-07-08 18:15:05,0.0
2010-07-09 18:15:05,0.0
2010-07-10 18:15:05,0.0
2010-07-11 18:15:05,0.0
2010-07-12 18:15:05,0.0
2010-07-13 18:15:05,0.0
2010-07-14 18:15:05,0.0
2010-07-15 18:15:05,0.0
2010-07-16 18:15:05,0.0
2010-07-17 18:15:05,0.0
2010-07-18 18:15:05,0.0
2010-07-19 18:15:05,0.0
2010-07-20 18:15:05,0.0
2010-07-21 18:15:05,0.0
2010-07-22 18:15:05,0.0
2010-07-23 18:15:05,0.0
2010-07-24 18:15:05,0.0
2010-07-25 18:15:05,0.0
2010-07-26 18:15:05,0.0
2010-07-27 18:15:05,0.0
2010-07-28 18:15:05,0.0
2010-07-29 18:15:05,0.0
2010-07-30 18:15:05,0.0
2010-07-31 18:15:05,0.0
2010-08-01 18:15:05,0.0
2010-08-02 18:15:05,0.0
2010-08-03 18:15:05,0.0
2010-08-04 18:15:05,0.0
2010-08-05 18:15:05,0.0
2010-08-06 18:15:05,0.0
2010-08-07 18:15:05,0.0
2010-08-08 18:15:05,0.0
2010-08-09 18:15:05,0.0
2010-08-10 18:15:05,0.0
2010-08-11 18:15:05,0.0
2010-08-12 18:15:05,0.0
2010-08-13 18:15:05,0.0
2010-08-14 18:15:05,0.0
2010-08-15 18:15:05,0.0
2010-08-16 18:15:05,0.0
2010-08-17 18:15:05,503.695
2010-08-18 18:15:05,492.17400000000004
2010-08-19 18:15:05,481.6
2010-08-20 18:15:05,556.9449999999998
2010-08-21 18:15:05,615.4708
2010-08-22 18:15:05,660.6800000000002
2010-08-23 18:15:05,716.1
2010-08-24 18:15:05,685.61225
2010-08-25 18:15:05,754.7750000000002
2010-08-26 18:15:05,691.5896
2010-08-27 18:15:05,578.5
2010-08-28 18:15:05,581.75
2010-08-29 18:15:05,511.92
2010-08-30 18:15:05,514.0500000000002
2010-08-31 18:15:05,568.4875
2010-09-01 18:15:05,571.12
2010-09-02 18:15:05,474.895
2010-09-03 18:15:05,507.2
2010-09-04 18:15:05,548.635
2010-09-05 18:15:05,509.49
2010-09-06 18:15:05,540.8
2010-09-07 18:15:05,466.9675
2010-09-08 18:15:05,471.276
2010-09-09 18:15:05,471.12
2010-09-10 18:15:05,530.1855
2010-09-11 18:15:05,502.2
2010-09-12 18:15:05,594.74085
2010-09-13 18:15:05,508.48199999999997
2010-09-14 18:15:05,624.975
2010-09-15 18:15:05,1645.0
2010-09-16 18:15:05,588.05
2010-09-17 18:15:05,657.72
2010-09-18 18:15:05,721.6650000000002
2010-09-19 18:15:05,657.2895
2010-09-20 18:15:05,668.87
2010-09-21 18:15:05,560.2049999999998
2010-09-22 18:15:05,543.2199999999998
2010-09-23 18:15:05,667.8
2010-09-24 18:15:05,772.5630000000001
2010-09-25 18:15:05,630.24
2010-09-26 18:15:05,613.44815
2010-09-27 18:15:05,740.2514
2010-09-28 18:15:05,677.268
2010-09-29 18:15:05,550.4436900000002
2010-09-30 18:15:05,436.536
2010-10-01 18:15:05,483.5922
2010-10-02 18:15:05,337.89455
2010-10-03 18:15:05,371.47
2010-10-04 18:15:05,477.4
2010-10-05 18:15:05,387.5115
2010-10-06 18:15:05,481.08
2010-10-07 18:15:05,551.87
2010-10-08 18:15:05,682.0
2010-10-09 18:15:05,918.0765
2010-10-10 18:15:05,1032.0
2010-10-11 18:15:05,1073.325
2010-10-12 18:15:05,792.0
2010-10-13 18:15:05,802.75
2010-10-14 18:15:05,1008.0
2010-10-15 18:15:05,1100.75
2010-10-16 18:15:05,1302.55
2010-10-17 18:15:05,1473.45
2010-10-18 18:15:05,1344.15
2010-10-19 18:15:05,1244.16
2010-10-20 18:15:05,1205.1
2010-10-21 18:15:05,1269.85
2010-10-22 18:15:05,818.55
2010-10-23 18:15:05,948.387
2010-10-24 18:15:05,1795.5
2010-10-25 18:15:05,1575.0
2010-10-26 18:15:05,2299.0
2010-10-27 18:15:05,2014.0
2010-10-28 18:15:05,2042.6075
2010-10-29 18:15:05,2244.25
2010-10-30 18:15:05,2302.8
2010-10-31 18:15:05,1810.9
2010-11-01 18:15:05,1856.5
2010-11-02 18:15:05,1642.2
2010-11-03 18:15:05,2763.75
2010-11-04 18:15:05,2253.8955
2010-11-05 18:15:05,2626.905
2010-11-06 18:15:05,2929.0
2010-11-07 18:15:05,6199.9876
2010-11-08 18:15:05,4828.5
2010-11-09 18:15:05,4041.6
2010-11-10 18:15:05,2573.655
2010-11-11 18:15:05,2784.0
2010-11-12 18:15:05,2146.05
2010-11-13 18:15:05,3285.0
2010-11-14 18:15:05,3558.1
2010-11-15 18:15:05,3124.94
2010-11-16 18:15:05,2558.435
2010-11-17 18:15:05,3500.0000000000005
2010-11-18 18:15:05,3813.48685
2010-11-19 18:15:05,2348.9
2010-11-20 18:15:05,1661.7499999999998
2010-11-21 18:15:05,1957.79
2010-11-22 18:15:05,2256.0
2010-11-23 18:15:05,2072.88
2010-11-24 18:15:05,2617.6575000000007
2010-11-25 18:15:05,2150.724
2010-11-26 18:15:05,2933.35
2010-11-27 18:15:05,2602.25085
2010-11-28 18:15:05,2362.263
2010-11-29 18:15:05,2957.4
2010-11-30 18:15:05,2887.5000000000005
2010-12-01 18:15:05,1991.25
2010-12-02 18:15:05,2412.5
2010-12-03 18:15:05,2450.88
2010-12-04 18:15:05,2834.955000000001
2010-12-05 18:15:05,2796.5
2010-12-06 18:15:05,2700.0
2010-12-07 18:15:05,2632.9
2010-12-08 18:15:05,2860.935
2010-12-09 18:15:05,2985.0
2010-12-10 18:15:05,1530.0
2010-12-11 18:15:05,1956.5
2010-12-12 18:15:05,1983.6
2010-12-13 18:15:05,1728.848
2010-12-14 18:15:05,1874.5
2010-12-15 18:15:05,2208.86
2010-12-16 18:15:05,2286.87
2010-12-17 18:15:05,2205.75
2010-12-18 18:15:05,1967.1
2010-12-19 18:15:05,2299.08
2010-12-20 18:15:05,2186.25
2010-12-21 18:15:05,2650.5365
2010-12-22 18:15:05,2109.3
2010-12-23 18:15:05,1787.5
2010-12-24 18:15:05,1875.0
2010-12-25 18:15:05,2025.0
2010-12-26 18:15:05,1984.49265
2010-12-27 18:15:05,2133.25
2010-12-28 18:15:05,2366.0
2010-12-29 18:15:05,2588.6
2010-12-30 18:15:05,2399.992
2010-12-31 18:15:05,2459.9918
2011-01-01 18:15:05,2669.9822
2011-01-02 18:15:05,2699.9640000000004
2011-01-03 18:15:05,2459.9836
2011-01-04 18:15:05,2129.2829
2011-01-05 18:15:05,2242.485
2011-01-06 18:15:05,2197.65
2011-01-07 18:15:05,2318.4
2011-01-08 18:15:05,3099.8208
2011-01-09 18:15:05,2454.7848
2011-01-10 18:15:05,2747.15
2011-01-11 18:15:05,2664.9
2011-01-12 18:15:05,2922.5
2011-01-13 18:15:05,3746.2500000000014
2011-01-14 18:15:05,3915.0
2011-01-15 18:15:05,3440.0
2011-01-16 18:15:05,3460.0
2011-01-17 18:15:05,3460.0
2011-01-18 18:15:05,3016.962
2011-01-19 18:15:05,3009.885
2011-01-20 18:15:05,3087.0
2011-01-21 18:15:05,3916.0
2011-01-22 18:15:05,3525.18
2011-01-23 18:15:05,3776.55
2011-01-24 18:15:05,3987.0
2011-01-25 18:15:05,3315.0
2011-01-26 18:15:05,4143.75
2011-01-27 18:15:05,3339.2
2011-01-28 18:15:05,3667.5
2011-01-29 18:15:05,3345.0
2011-01-30 18:15:05,3936.0
2011-01-31 18:15:05,3751.5
2011-02-01 18:15:05,8502.5
2011-02-02 18:15:05,6804.8019
2011-02-03 18:15:05,5587.5
2011-02-04 18:15:05,8360.0
2011-02-05 18:15:05,8387.805
2011-02-06 18:15:05,8050.0
2011-02-07 18:15:05,9330.255
2011-02-08 18:15:05,7740.0
2011-02-09 18:15:05,8555.25
2011-02-10 18:15:05,10395.0
2011-02-11 18:15:05,9612.075
2011-02-12 18:15:05,10354.05
2011-02-13 18:15:05,11016.0
2011-02-14 18:15:05,10046.16
2011-02-15 18:15:05,11501.0
2011-02-16 18:15:05,12129.6945
2011-02-17 18:15:05,12602.28
2011-02-18 18:15:05,11342.052
2011-02-19 18:15:05,8976.0
2011-02-20 18:15:05,8976.0224
2011-02-21 18:15:05,8180.280000000002
2011-02-22 18:15:05,9216.6894
2011-02-23 18:15:05,11542.5
2011-02-24 18:15:05,10163.93
2011-02-25 18:15:05,11100.0
2011-02-26 18:15:05,12406.51585
2011-02-27 18:15:05,13008.0
2011-02-28 18:15:05,7926.078850000001
2011-03-01 18:15:05,6305.0
2011-03-02 18:15:05,8025.809999999998
2011-03-03 18:15:05,8606.64
2011-03-04 18:15:05,9345.9792
2011-03-05 18:15:05,12176.357151
2011-03-06 18:15:05,12295.559725
2011-03-07 18:15:05,10685.295
2011-03-08 18:15:05,8758.1088
2011-03-09 18:15:05,6984.2841530000005
2011-03-10 18:15:05,5178.24
2011-03-11 18:15:05,6302.6724
2011-03-12 18:15:05,6300.8647
2011-03-13 18:15:05,5472.5396
2011-03-14 18:15:05,5266.8
2011-03-15 18:15:05,4365.342135
2011-03-16 18:15:05,6497.89
2011-03-17 18:15:05,5764.88
2011-03-18 18:15:05,5870.107916999998
2011-03-19 18:15:05,4491.624
2011-03-20 18:15:05,4938.29
2011-03-21 18:15:05,6114.0548
2011-03-22 18:15:05,5046.565906
2011-03-23 18:15:05,6303.5999999999985
2011-03-24 18:15:05,6848.1
2011-03-25 18:15:05,7214.34
2011-03-26 18:15:05,6383.87
2011-03-27 18:15:05,6857.349
2011-03-28 18:15:05,6992.055
2011-03-29 18:15:05,6162.4000000000015
2011-03-30 18:15:05,6203.385
2011-03-31 18:15:05,8093.10192
2011-04-01 18:15:05,7002.137409999998
2011-04-02 18:15:05,7532.960440000001
2011-04-03 18:15:05,6680.729399999998
2011-04-04 18:15:05,7113.950000000002
2011-04-05 18:15:05,7174.549999999998
2011-04-06 18:15:05,5201.2550200000005
2011-04-07 18:15:05,6220.6731
2011-04-08 18:15:05,6234.597000000002
2011-04-09 18:15:05,6105.4904
2011-04-10 18:15:05,6378.546095000001
2011-04-11 18:15:05,6016.824000000001
2011-04-12 18:15:05,7493.538
2011-04-13 18:15:05,10053.0
2011-04-14 18:15:05,7675.0999999999985
2011-04-15 18:15:05,7359.61248
2011-04-16 18:15:05,9146.535
2011-04-17 18:15:05,9657.585
2011-04-18 18:15:05,9361.6198
2011-04-19 18:15:05,8395.449999999999
2011-04-20 18:15:05,8633.2653
2011-04-21 18:15:05,9886.2687
2011-04-22 18:15:05,11527.128
2011-04-23 18:15:05,13174.245
2011-04-24 18:15:05,15418.65
2011-04-25 18:15:05,16001.306999999999
2011-04-26 18:15:05,16703.15
2011-04-27 18:15:05,18540.6
2011-04-28 18:15:05,21083.4
2011-04-29 18:15:05,27288.9
2011-04-30 18:15:05,38424.47964
2011-05-01 18:15:05,40126.99
2011-05-02 18:15:05,31126.47
2011-05-03 18:15:05,36135.46
2011-05-04 18:15:05,33311.9
2011-05-05 18:15:05,39924.5
2011-05-06 18:15:05,35850.4082
2011-05-07 18:15:05,40537.2
2011-05-08 18:15:05,40189.5
2011-05-09 18:15:05,49058.957
2011-05-10 18:15:05,52036.4
2011-05-11 18:15:05,56762.33500000001
2011-05-12 18:15:05,48819.5859
2011-05-13 18:15:05,85015.45
2011-05-14 18:15:05,110475.7
2011-05-15 18:15:05,97589.7
2011-05-16 18:15:05,95327.5
2011-05-17 18:15:05,109166.18712999999
2011-05-18 18:15:05,111543.084
2011-05-19 18:15:05,66559.12
2011-05-20 18:15:05,79633.59999999999
2011-05-21 18:15:05,70453.8084
2011-05-22 18:15:05,84085.81
2011-05-23 18:15:05,103324.05
2011-05-24 18:15:05,106336.8
2011-05-25 18:15:05,109803.71
2011-05-26 18:15:05,148533.6
2011-05-27 18:15:05,88450.72
2011-05-28 18:15:05,67809.805
2011-05-29 18:15:05,73637.0688
2011-05-30 18:15:05,68985.0
2011-05-31 18:15:05,71438.496
2011-06-01 18:15:05,83777.11099999999
2011-06-02 18:15:05,100679.25
2011-06-03 18:15:05,145516.80000000002
2011-06-04 18:15:05,188567.71
2011-06-05 18:15:05,198016.15399999998
2011-06-06 18:15:05,240874.98
2011-06-07 18:15:05,161590.68
2011-06-08 18:15:05,293220.0711
2011-06-09 18:15:05,335412.0
2011-06-10 18:15:05,396795.0
2011-06-11 18:15:05,349080.0
2011-06-12 18:15:05,298405.59
2011-06-13 18:15:05,301105.0
2011-06-14 18:15:05,236830.17
2011-06-15 18:15:05,282840.0
2011-06-16 18:15:05,201216.76
2011-06-17 18:15:05,175089.89399999997
2011-06-18 18:15:05,174236.0
2011-06-19 18:15:05,207189.5616
2011-06-20 18:15:05,201624.35
2011-06-21 18:15:05,179304.0
2011-06-22 18:15:05,203430.85
2011-06-23 18:15:05,190656.0
2011-06-24 18:15:05,201252.4515
2011-06-25 18:15:05,133249.6
2011-06-26 18:15:05,136087.79772
2011-06-27 18:15:05,144504.0
2011-06-28 18:15:05,134395.91999999998
2011-06-29 18:15:05,153451.0
2011-06-30 18:15:05,158690.0
2011-07-01 18:15:05,153272.0
2011-07-02 18:15:05,144567.83
2011-07-03 18:15:05,125788.4
2011-07-04 18:15:05,130207.75
2011-07-05 18:15:05,113505.0
2011-07-06 18:15:05,128997.0
2011-07-07 18:15:05,110727.5
2011-07-08 18:15:05,115177.64188
2011-07-09 18:15:05,118695.0
2011-07-10 18:15:05,113084.16
2011-07-11 18:15:05,113436.8537
2011-07-12 18:15:05,105582.81456
2011-07-13 18:15:05,129684.75
2011-07-14 18:15:05,108767.4
2011-07-15 18:15:05,115300.9
2011-07-16 18:15:05,112278.3
2011-07-17 18:15:05,118129.52
2011-07-18 18:15:05,104866.166
2011-07-19 18:15:05,120789.9
2011-07-20 18:15:05,100540.44
2011-07-21 18:15:05,108151.9251
2011-07-22 18:15:05,99816.4629
2011-07-23 18:15:05,101045.28
2011-07-24 18:15:05,123121.85119300001
2011-07-25 18:15:05,115899.8337
2011-07-26 18:15:05,121795.2
2011-07-27 18:15:05,127297.17
2011-07-28 18:15:05,116998.0
2011-07-29 18:15:05,111172.8
2011-07-30 18:15:05,104962.8
2011-07-31 18:15:05,125248.5594
2011-08-01 18:15:05,118658.2257
2011-08-02 18:15:05,98951.65
2011-08-03 18:15:05,104236.7
2011-08-04 18:15:05,76484.80232939999
2011-08-05 18:15:05,79764.3
2011-08-06 18:15:05,68277.0
2011-08-07 18:15:05,63425.60000000001
2011-08-08 18:15:05,57411.62
2011-08-09 18:15:05,80598.09999999999
2011-08-10 18:15:05,88906.29999999997
2011-08-11 18:15:05,70931.29220000001
2011-08-12 18:15:05,67841.51471608
2011-08-13 18:15:05,64380.3
2011-08-14 18:15:05,69227.16
2011-08-15 18:15:05,85120.51000000001
2011-08-16 18:15:05,76917.42
2011-08-17 18:15:05,72964.1
2011-08-18 18:15:05,92263.02
2011-08-19 18:15:05,79800.17
2011-08-20 18:15:05,85606.288
2011-08-21 18:15:05,84085.45
2011-08-22 18:15:05,101289.30699999999
2011-08-23 18:15:05,97722.45
2011-08-24 18:15:05,74772.6
2011-08-25 18:15:05,70245.24924
2011-08-26 18:15:05,79361.5
2011-08-27 18:15:05,59716.05
2011-08-28 18:15:05,54073.92000000001
2011-08-29 18:15:05,59304.2805
2011-08-30 18:15:05,70960.65405
2011-08-31 18:15:05,68040.0
2011-09-01 18:15:05,53695.555698093514
2011-09-02 18:15:05,68883.58450000001
2011-09-03 18:15:05,61920.2628
2011-09-04 18:15:05,54219.545992429186
2011-09-05 18:15:05,65255.169
2011-09-06 18:15:05,57474.417779999996
2011-09-07 18:15:05,55914.619280000006
2011-09-08 18:15:05,45748.57286
2011-09-09 18:15:05,48628.58
2011-09-10 18:15:05,44424.822601430984
2011-09-11 18:15:05,51089.60000000001
2011-09-12 18:15:05,46061.90500000001
2011-09-13 18:15:05,42525.0
2011-09-14 18:15:05,45541.9700068427
2011-09-15 18:15:05,42123.07
2011-09-16 18:15:05,32985.61
2011-09-17 18:15:05,30910.41
2011-09-18 18:15:05,41770.0
2011-09-19 18:15:05,34193.6
2011-09-20 18:15:05,47266.02
2011-09-21 18:15:05,46552.5692
2011-09-22 18:15:05,43748.39504
2011-09-23 18:15:05,38250.87059
2011-09-24 18:15:05,35131.62
2011-09-25 18:15:05,39066.5
2011-09-26 18:15:05,37418.33942
2011-09-27 18:15:05,34905.74472
2011-09-28 18:15:05,33196.806000000004
2011-09-29 18:15:05,32234.727000000006
2011-09-30 18:15:05,32918.55
2011-10-01 18:15:05,36055.9
2011-10-02 18:15:05,33813.48
2011-10-03 18:15:05,33036.16914
2011-10-04 18:15:05,32710.09
2011-10-05 18:15:05,34436.325000000004
2011-10-06 18:15:05,32814.08
2011-10-07 18:15:05,31064.25
2011-10-08 18:15:05,29645.082
2011-10-09 18:15:05,27005.517000000003
2011-10-10 18:15:05,25143.06111
2011-10-11 18:15:05,21958.61304
2011-10-12 18:15:05,25043.238480000004
2011-10-13 18:15:05,20265.3
2011-10-14 18:15:05,27374.10115
2011-10-15 18:15:05,28564.65
2011-10-16 18:15:05,23998.3368012304
2011-10-17 18:15:05,21258.81384
2011-10-18 18:15:05,18423.7
2011-10-19 18:15:05,17497.88397
2011-10-20 18:15:05,12475.1
2011-10-21 18:15:05,18773.57804
2011-10-22 18:15:05,15516.6
2011-10-23 18:15:05,17650.079999999998
2011-10-24 18:15:05,19689.6
2011-10-25 18:15:05,19769.12
2011-10-26 18:15:05,15682.828000000001
2011-10-27 18:15:05,17543.0248
2011-10-28 18:15:05,16610.265
2011-10-29 18:15:05,22783.14301
2011-10-30 18:15:05,17714.711779999998
2011-10-31 18:15:05,23214.576
2011-11-01 18:15:05,24471.75
2011-11-02 18:15:05,25982.32
2011-11-03 18:15:05,20955.248
2011-11-04 18:15:05,23023.64722
2011-11-05 18:15:05,24084.63
2011-11-06 18:15:05,22576.1
2011-11-07 18:15:05,19848.3817
2011-11-08 18:15:05,21677.13
2011-11-09 18:15:05,26322.642000000003
2011-11-10 18:15:05,21759.0
2011-11-11 18:15:05,18306.0
2011-11-12 18:15:05,20998.72
2011-11-13 18:15:05,22783.847999999998
2011-11-14 18:15:05,20610.06
2011-11-15 18:15:05,23276.57
2011-11-16 18:15:05,17297.8
2011-11-17 18:15:05,18857.448119999997
2011-11-18 18:15:05,15661.53894
2011-11-19 18:15:05,14841.9
2011-11-20 18:15:05,16003.596
2011-11-21 18:15:05,15462.08
2011-11-22 18:15:05,15869.55
2011-11-23 18:15:05,15596.14
2011-11-24 18:15:05,13783.38
2011-11-25 18:15:05,16647.68
2011-11-26 18:15:05,16081.03125
2011-11-27 18:15:05,14235.043
2011-11-28 18:15:05,15749.354969999999
2011-11-29 18:15:05,20729.874
2011-11-30 18:15:05,21609.577
2011-12-01 18:15:05,29057.56
2011-12-02 18:15:05,24645.852000000003
2011-12-03 18:15:05,23487.44496
2011-12-04 18:15:05,20490.47
2011-12-05 18:15:05,23448.79
2011-12-06 18:15:05,24256.65
2011-12-07 18:15:05,22661.946
2011-12-08 18:15:05,23879.3
2011-12-09 18:15:05,22950.528
2011-12-10 18:15:05,23873.12
2011-12-11 18:15:05,24809.2
2011-12-12 18:15:05,23413.30185
2011-12-13 18:15:05,21298.2
2011-12-14 18:15:05,23604.231
2011-12-15 18:15:05,19664.3414
2011-12-16 18:15:05,20032.46
2011-12-17 18:15:05,23585.46
2011-12-18 18:15:05,23897.25
2011-12-19 18:15:05,27948.81908
2011-12-20 18:15:05,30397.5
2011-12-21 18:15:05,31864.83
2011-12-22 18:15:05,27560.69896
2011-12-23 18:15:05,30031.85
2011-12-24 18:15:05,26077.2398
2011-12-25 18:15:05,38199.169400000006
2011-12-26 18:15:05,37101.21177
2011-12-27 18:15:05,32285.119999999995
2011-12-28 18:15:05,31429.166639999996
2011-12-29 18:15:05,30327.32
2011-12-30 18:15:05,27532.9
2011-12-31 18:15:05,40224.735
2012-01-01 18:15:05,38755.6
2012-01-02 18:15:05,41826.7395
2012-01-03 18:15:05,42875.45
2012-01-04 18:15:05,43246.9982
2012-01-05 18:15:05,47064.645
2012-01-06 18:15:05,61413.32
2012-01-07 18:15:05,63518.88024
2012-01-08 18:15:05,57981.6
2012-01-09 18:15:05,58003.2
2012-01-10 18:15:05,50324.56
2012-01-11 18:15:05,54284.49
2012-01-12 18:15:05,58361.977
2012-01-13 18:15:05,42583.7434460473
2012-01-14 18:15:05,54074.25
2012-01-15 18:15:05,51767.86594
2012-01-16 18:15:05,57007.8184
2012-01-17 18:15:05,55302.54
2012-01-18 18:15:05,49421.45
2012-01-19 18:15:05,42884.1
2012-01-20 18:15:05,45684.94
2012-01-21 18:15:05,58655.25
2012-01-22 18:15:05,41554.17
2012-01-23 18:15:05,55214.78690000001
2012-01-24 18:15:05,44028.37
2012-01-25 18:15:05,50032.65
2012-01-26 18:15:05,40343.4
2012-01-27 18:15:05,39658.019
2012-01-28 18:15:05,44582.6514
2012-01-29 18:15:05,48216.96
2012-01-30 18:15:05,46508.0
2012-01-31 18:15:05,44787.55
2012-02-01 18:15:05,38095.966
2012-02-02 18:15:05,50592.0
2012-02-03 18:15:05,49227.03599999999
2012-02-04 18:15:05,49248.0
2012-02-05 18:15:05,40568.85000000001
2012-02-06 18:15:05,42869.16
2012-02-07 18:15:05,40854.97845
2012-02-08 18:15:05,38629.4376
2012-02-09 18:15:05,41789.0
2012-02-10 18:15:05,43592.06425
2012-02-11 18:15:05,41424.0
2012-02-12 18:15:05,46817.55
2012-02-13 18:15:05,42064.88
2012-02-14 18:15:05,38113.6
2012-02-15 18:15:05,34721.2
2012-02-16 18:15:05,30574.83912
2012-02-17 18:15:05,33881.16794
2012-02-18 18:15:05,39360.05275
2012-02-19 18:15:05,34025.307160000004
2012-02-20 18:15:05,33009.56
2012-02-21 18:15:05,28399.8662
2012-02-22 18:15:05,35652.62
2012-02-23 18:15:05,41388.10324
2012-02-24 18:15:05,37704.69612
2012-02-25 18:15:05,42354.78
2012-02-26 18:15:05,38015.54946
2012-02-27 18:15:05,40310.4
2012-02-28 18:15:05,37525.0
2012-02-29 18:15:05,45584.7
2012-03-01 18:15:05,38906.74326
2012-03-02 18:15:05,33196.00752
2012-03-03 18:15:05,28455.042350000003
2012-03-04 18:15:05,31864.7
2012-03-05 18:15:05,33284.16
2012-03-06 18:15:05,37390.2
2012-03-07 18:15:05,37791.78
2012-03-08 18:15:05,39020.0
2012-03-09 18:15:05,41099.0197
2012-03-10 18:15:05,42755.7
2012-03-11 18:15:05,33198.47
2012-03-12 18:15:05,41919.69495000001
2012-03-13 18:15:05,41170.1
2012-03-14 18:15:05,37593.582
2012-03-15 18:15:05,35174.3
2012-03-16 18:15:05,38647.8
2012-03-17 18:15:05,46459.8792
2012-03-18 18:15:05,41979.98394
2012-03-19 18:15:05,41969.4496
2012-03-20 18:15:05,36871.92000000001
2012-03-21 18:15:05,39466.48
2012-03-22 18:15:05,38078.64
2012-03-23 18:15:05,31409.49
2012-03-24 18:15:05,40860.05184
2012-03-25 18:15:05,39163.42722000001
2012-03-26 18:15:05,36041.43351
2012-03-27 18:15:05,35090.22
2012-03-28 18:15:05,38544.447680000005
2012-03-29 18:15:05,33802.837680000004
2012-03-30 18:15:05,36244.32
2012-03-31 18:15:05,40362.3
2012-04-01 18:15:05,36987.216
2012-04-02 18:15:05,32278.32
2012-04-03 18:15:05,32084.04
2012-04-04 18:15:05,35053.41
2012-04-05 18:15:05,29451.586160000006
2012-04-06 18:15:05,30523.84
2012-04-07 18:15:05,32882.94
2012-04-08 18:15:05,35054.4
2012-04-09 18:15:05,36254.4
2012-04-10 18:15:05,35054.60000000001
2012-04-11 18:15:05,35022.1796
2012-04-12 18:15:05,34391.880000000005
2012-04-13 18:15:05,31171.010560000002
2012-04-14 18:15:05,33474.65
2012-04-15 18:15:05,29175.69206
2012-04-16 18:15:05,33136.92000000001
2012-04-17 18:15:05,35691.85149
2012-04-18 18:15:05,31612.911000000004
2012-04-19 18:15:05,40507.95
2012-04-20 18:15:05,40098.52
2012-04-21 18:15:05,40310.88000000001
2012-04-22 18:15:05,39725.4585
2012-04-23 18:15:05,38633.99796
2012-04-24 18:15:05,32006.0
2012-04-25 18:15:05,35629.8
2012-04-26 18:15:05,39953.34
2012-04-27 18:15:05,32395.1832
2012-04-28 18:15:05,39942.867999999995
2012-04-29 18:15:05,41677.812000000005
2012-04-30 18:15:05,42270.0
2012-05-01 18:15:05,44780.0
2012-05-02 18:15:05,39908.6034
2012-05-03 18:15:05,43068.672
2012-05-04 18:15:05,39964.0
2012-05-05 18:15:05,40212.4455
2012-05-06 18:15:05,43892.192
2012-05-07 18:15:05,43610.632000000005
2012-05-08 18:15:05,47491.2
2012-05-09 18:15:05,41859.28326
2012-05-10 18:15:05,36946.125
2012-05-11 18:15:05,30996.3808
2012-05-12 18:15:05,34310.0
2012-05-13 18:15:05,33042.5968
2012-05-14 18:15:05,36148.408
2012-05-15 18:15:05,33436.21
2012-05-16 18:15:05,28570.057739999997
2012-05-17 18:15:05,30344.895
2012-05-18 18:15:05,37012.95
2012-05-19 18:15:05,37712.95903
2012-05-20 18:15:05,36678.3
2012-05-21 18:15:05,34066.155
2012-05-22 18:15:05,30023.68
2012-05-23 18:15:05,31300.56
2012-05-24 18:15:05,35423.348
2012-05-25 18:15:05,29967.85
2012-05-26 18:15:05,34838.134
2012-05-27 18:15:05,42290.82
2012-05-28 18:15:05,35707.200000000004
2012-05-29 18:15:05,35173.312020000005
2012-05-30 18:15:05,31117.76
2012-05-31 18:15:05,37954.47
2012-06-01 18:15:05,39867.55
2012-06-02 18:15:05,41223.711
2012-06-03 18:15:05,41669.7839
2012-06-04 18:15:05,40000.473
2012-06-05 18:15:05,37559.5
2012-06-06 18:15:05,46292.61
2012-06-07 18:15:05,34943.28
2012-06-08 18:15:05,41974.56
2012-06-09 18:15:05,47720.31628
2012-06-10 18:15:05,47904.88
2012-06-11 18:15:05,42810.874
2012-06-12 18:15:05,39968.4
2012-06-13 18:15:05,48484.6
2012-06-14 18:15:05,43643.25
2012-06-15 18:15:05,49227.525
2012-06-16 18:15:05,52989.97
2012-06-17 18:15:05,53376.13826
2012-06-18 18:15:05,50932.5168
2012-06-19 18:15:05,59619.61044
2012-06-20 18:15:05,45359.58179
2012-06-21 18:15:05,41656.8
2012-06-22 18:15:05,48134.50998
2012-06-23 18:15:05,53969.7813
2012-06-24 18:15:05,46245.96400000001
2012-06-25 18:15:05,49432.72336
2012-06-26 18:15:05,47862.93659999999
2012-06-27 18:15:05,53211.39935
2012-06-28 18:15:05,45122.25102
2012-06-29 18:15:05,46707.282
2012-06-30 18:15:05,47614.002
2012-07-01 18:15:05,46255.54
2012-07-02 18:15:05,54425.25
2012-07-03 18:15:05,49161.255
2012-07-04 18:15:05,52151.1
2012-07-05 18:15:05,46462.51
2012-07-06 18:15:05,51599.66238
2012-07-07 18:15:05,57678.75
2012-07-08 18:15:05,52981.44
2012-07-09 18:15:05,56995.44
2012-07-10 18:15:05,54813.708
2012-07-11 18:15:05,49833.819
2012-07-12 18:15:05,55383.12
2012-07-13 18:15:05,63689.8
2012-07-14 18:15:05,57405.40206
2012-07-15 18:15:05,57105.71682
2012-07-16 18:15:05,61519.34789999999
2012-07-17 18:15:05,84176.3
2012-07-18 18:15:05,71197.34925
2012-07-19 18:15:05,66501.1047
2012-07-20 18:15:05,64450.179000000004
2012-07-21 18:15:05,73021.59999999999
2012-07-22 18:15:05,62685.0
2012-07-23 18:15:05,69211.59999999999
2012-07-24 18:15:05,72280.32
2012-07-25 18:15:05,67660.39570000001
2012-07-26 18:15:05,79370.2
2012-07-27 18:15:05,75314.25
2012-07-28 18:15:05,76083.59999999999
2012-07-29 18:15:05,64596.363
2012-07-30 18:15:05,84829.65000000001
2012-07-31 18:15:05,62955.35999999999
2012-08-01 18:15:05,67447.79999999999
2012-08-02 18:15:05,75646.20000000001
2012-08-03 18:15:05,96366.6396
2012-08-04 18:15:05,85021.20000000001
2012-08-05 18:15:05,81373.5106
2012-08-06 18:15:05,79850.80064
2012-08-07 18:15:05,82468.79999999999
2012-08-08 18:15:05,95354.71448
2012-08-09 18:15:05,95616.0
2012-08-10 18:15:05,95642.0
2012-08-11 18:15:05,91820.41596
2012-08-12 18:15:05,99614.255
2012-08-13 18:15:05,91102.17325
2012-08-14 18:15:05,99513.54677
2012-08-15 18:15:05,108683.26
2012-08-16 18:15:05,107020.08108
2012-08-17 18:15:05,110572.0
2012-08-18 18:15:05,113230.2388
2012-08-19 18:15:05,95016.0
2012-08-20 18:15:05,99519.0
2012-08-21 18:15:05,93451.80927
2012-08-22 18:15:05,76683.24
2012-08-23 18:15:05,84777.75
2012-08-24 18:15:05,80134.5
2012-08-25 18:15:05,67352.75
2012-08-26 18:15:05,93681.96486
2012-08-27 18:15:05,90869.77521
2012-08-28 18:15:05,85617.0061
2012-08-29 18:15:05,93311.95676
2012-08-30 18:15:05,86697.599
2012-08-31 18:15:05,77823.4338
2012-09-01 18:15:05,85214.76
2012-09-02 18:15:05,78269.31319
2012-09-03 18:15:05,94878.0
2012-09-04 18:15:05,68115.562
2012-09-05 18:15:05,95474.392
2012-09-06 18:15:05,104193.76
2012-09-07 18:15:05,97297.22
2012-09-08 18:15:05,78727.83
2012-09-09 18:15:05,85465.8896
2012-09-10 18:15:05,80359.194
2012-09-11 18:15:05,88757.30529
2012-09-12 18:15:05,80482.95969999999
2012-09-13 18:15:05,82870.73
2012-09-14 18:15:05,95421.75
2012-09-15 18:15:05,84551.63399999999
2012-09-16 18:15:05,90092.86
2012-09-17 18:15:05,105437.475
2012-09-18 18:15:05,101181.21
2012-09-19 18:15:05,90438.92
2012-09-20 18:15:05,93500.6842
2012-09-21 18:15:05,102810.11179
2012-09-22 18:15:05,107199.0295
2012-09-23 18:15:05,91632.1285
2012-09-24 18:15:05,96263.33376
2012-09-25 18:15:05,91314.61503
2012-09-26 18:15:05,88023.04
2012-09-27 18:15:05,89300.82
2012-09-28 18:15:05,102750.108
2012-09-29 18:15:05,105090.86
2012-09-30 18:15:05,94959.62388
2012-10-01 18:15:05,92546.615
2012-10-02 18:15:05,87906.0
2012-10-03 18:15:05,89306.0077
2012-10-04 18:15:05,89390.9271
2012-10-05 18:15:05,88682.73
2012-10-06 18:15:05,91886.62877
2012-10-07 18:15:05,87540.71370000001
2012-10-08 18:15:05,100614.32
2012-10-09 18:15:05,89833.9
2012-10-10 18:15:05,90784.8
2012-10-11 18:15:05,84415.75
2012-10-12 18:15:05,91951.2
2012-10-13 18:15:05,88891.388
2012-10-14 18:15:05,82992.0
2012-10-15 18:15:05,94664.07
2012-10-16 18:15:05,91423.75
2012-10-17 18:15:05,85320.84
2012-10-18 18:15:05,92905.12464
2012-10-19 18:15:05,95341.089
2012-10-20 18:15:05,81954.59999999999
2012-10-21 18:15:05,93451.873
2012-10-22 18:15:05,98294.63
2012-10-23 18:15:05,82488.0
2012-10-24 18:15:05,92456.04
2012-10-25 18:15:05,81009.78
2012-10-26 18:15:05,89531.63208000002
2012-10-27 18:15:05,96606.49179
2012-10-28 18:15:05,89781.81999999998
2012-10-29 18:15:05,86669.25
2012-10-30 18:15:05,81082.05
2012-10-31 18:15:05,77679.22
2012-11-01 18:15:05,76381.38799999999
2012-11-02 18:15:05,81552.67725
2012-11-03 18:15:05,76008.9549
2012-11-04 18:15:05,85632.23999999999
2012-11-05 18:15:05,83657.5
2012-11-06 18:15:05,74291.37534
2012-11-07 18:15:05,88371.10037
2012-11-08 18:15:05,90192.6333
2012-11-09 18:15:05,80478.90000000001
2012-11-10 18:15:05,87902.05879
2012-11-11 18:15:05,72383.363
2012-11-12 18:15:05,79020.24
2012-11-13 18:15:05,75877.522
2012-11-14 18:15:05,79803.1
2012-11-15 18:15:05,75897.50600000001
2012-11-16 18:15:05,83567.6
2012-11-17 18:15:05,83508.6
2012-11-18 18:15:05,94360.2
2012-11-19 18:15:05,72888.47646
2012-11-20 18:15:05,94459.52
2012-11-21 18:15:05,91113.888
2012-11-22 18:15:05,90540.44
2012-11-23 18:15:05,90403.39
2012-11-24 18:15:05,100800.5176
2012-11-25 18:15:05,89170.2
2012-11-26 18:15:05,100921.0155
2012-11-27 18:15:05,96217.79321
2012-11-28 18:15:05,98872.33928
2012-11-29 18:15:05,52348.845
2012-11-30 18:15:05,41061.9
2012-12-01 18:15:05,51119.06562
2012-12-02 18:15:05,48057.2
2012-12-03 18:15:05,47774.50968
2012-12-04 18:15:05,36293.93325
2012-12-05 18:15:05,40851.0
2012-12-06 18:15:05,49361.8128
2012-12-07 18:15:05,42750.0
2012-12-08 18:15:05,46070.0
2012-12-09 18:15:05,44297.22
2012-12-10 18:15:05,48536.10000000001
2012-12-11 18:15:05,49854.16345
2012-12-12 18:15:05,44357.24748
2012-12-13 18:15:05,47499.22138
2012-12-14 18:15:05,36587.93208
2012-12-15 18:15:05,40986.0672
2012-12-16 18:15:05,39657.22296
2012-12-17 18:15:05,42950.636
2012-12-18 18:15:05,42702.613
2012-12-19 18:15:05,48423.986
2012-12-20 18:15:05,37455.6
2012-12-21 18:15:05,41761.35000000001
2012-12-22 18:15:05,49453.93722
2012-12-23 18:15:05,46956.40654
2012-12-24 18:15:05,43107.25
2012-12-25 18:15:05,41641.2
2012-12-26 18:15:05,48624.6081
2012-12-27 18:15:05,54688.2
2012-12-28 18:15:05,60578.2562
2012-12-29 18:15:05,46204.6
2012-12-30 18:15:05,54754.8693
2012-12-31 18:15:05,57431.34
2013-01-01 18:15:05,55912.003
2013-01-02 18:15:05,52648.6
2013-01-03 18:15:05,54327.24000000001
2013-01-04 18:15:05,48118.33062
2013-01-05 18:15:05,50872.74
2013-01-06 18:15:05,48532.07413
2013-01-07 18:15:05,56968.815
2013-01-08 18:15:05,50189.07
2013-01-09 18:15:05,46955.97234
2013-01-10 18:15:05,54444.64
2013-01-11 18:15:05,43886.669310000005
2013-01-12 18:15:05,43236.51987
2013-01-13 18:15:05,44161.157999999996
2013-01-14 18:15:05,55555.5
2013-01-15 18:15:05,46463.078910000004
2013-01-16 18:15:05,45756.235
2013-01-17 18:15:05,47878.29
2013-01-18 18:15:05,50576.54
2013-01-19 18:15:05,56844.827520000006
2013-01-20 18:15:05,52961.37
2013-01-21 18:15:05,62486.4
2013-01-22 18:15:05,56798.11
2013-01-23 18:15:05,59714.3155
2013-01-24 18:15:05,71808.94257999999
2013-01-25 18:15:05,66204.322
2013-01-26 18:15:05,66917.94948
2013-01-27 18:15:05,69245.96153
2013-01-28 18:15:05,69039.9
2013-01-29 18:15:05,81180.0
2013-01-30 18:15:05,72180.8
2013-01-31 18:15:05,102692.56
2013-02-01 18:15:05,82516.2
2013-02-02 18:15:05,86066.90000000001
2013-02-03 18:15:05,86793.95999999999
2013-02-04 18:15:05,93609.35
2013-02-05 18:15:05,90270.18
2013-02-06 18:15:05,82839.5337
2013-02-07 18:15:05,82951.75
2013-02-08 18:15:05,85343.95
2013-02-09 18:15:05,81551.59677
2013-02-10 18:15:05,97835.20494
2013-02-11 18:15:05,97362.692
2013-02-12 18:15:05,93364.60131
2013-02-13 18:15:05,103773.56024
2013-02-14 18:15:05,110076.78708
2013-02-15 18:15:05,120226.45794000001
2013-02-16 18:15:05,129340.89002
2013-02-17 18:15:05,120333.4017
2013-02-18 18:15:05,108978.8016
2013-02-19 18:15:05,120917.95800000001
2013-02-20 18:15:05,130369.23163
2013-02-21 18:15:05,148166.19664
2013-02-22 18:15:05,126106.981
2013-02-23 18:15:05,120018.63802
2013-02-24 18:15:05,125614.55442
2013-02-25 18:15:05,149404.79939
2013-02-26 18:15:05,122502.291
2013-02-27 18:15:05,160997.07987000002
2013-02-28 18:15:05,145256.04335999998
2013-03-01 18:15:05,140244.39779000002
2013-03-02 18:15:05,130023.7632
2013-03-03 18:15:05,130978.36887
2013-03-04 18:15:05,160957.80000000002
2013-03-05 18:15:05,152192.04
2013-03-06 18:15:05,195225.0
2013-03-07 18:15:05,168186.14617999998
2013-03-08 18:15:05,159240.9
2013-03-09 18:15:05,197341.69368
2013-03-10 18:15:05,218038.5
2013-03-11 18:15:05,224663.0282
2013-03-12 18:15:05,135053.13
2013-03-13 18:15:05,183128.36087
2013-03-14 18:15:05,221251.1652
2013-03-15 18:15:05,203742.2156
2013-03-16 18:15:05,209027.07
2013-03-17 18:15:05,242238.3414
2013-03-18 18:15:05,214949.15
2013-03-19 18:15:05,287529.28
2013-03-20 18:15:05,298596.13603
2013-03-21 18:15:05,414829.8
2013-03-22 18:15:05,406763.5
2013-03-23 18:15:05,334656.0
2013-03-24 18:15:05,382956.3
2013-03-25 18:15:05,254691.86706
2013-03-26 18:15:05,307554.0
2013-03-27 18:15:05,285191.2
2013-03-28 18:15:05,422922.8852
2013-03-29 18:15:05,411945.3
2013-03-30 18:15:05,381744.95805
2013-03-31 18:15:05,368057.53979
2013-04-01 18:15:05,564112.5850300001
2013-04-02 18:15:05,481891.36
2013-04-03 18:15:05,627608.38
2013-04-04 18:15:05,538423.8802100001
2013-04-05 18:15:05,525157.6000000001
2013-04-06 18:15:05,604475.0312999999
2013-04-07 18:15:05,656408.77
2013-04-08 18:15:05,786232.0
2013-04-09 18:15:05,1009791.57
2013-04-10 18:15:05,924462.0
2013-04-11 18:15:05,513594.87876000005
2013-04-12 18:15:05,335017.44
2013-04-13 18:15:05,440080.45981000003
2013-04-14 18:15:05,375375.0
2013-04-15 18:15:05,370916.0
2013-04-16 18:15:05,420602.0
2013-04-17 18:15:05,362002.35771
2013-04-18 18:15:05,400475.0
2013-04-19 18:15:05,380032.74
2013-04-20 18:15:05,454813.92
2013-04-21 18:15:05,547875.0
2013-04-22 18:15:05,505793.925
2013-04-23 18:15:05,546637.33683
2013-04-24 18:15:05,682353.6462600001
2013-04-25 18:15:05,608258.0402500001
2013-04-26 18:15:05,589864.35
2013-04-27 18:15:05,514176.04017
2013-04-28 18:15:05,572109.88793
2013-04-29 18:15:05,645240.0912
2013-04-30 18:15:05,525692.9110000001
2013-05-01 18:15:05,442507.28799999994
2013-05-02 18:15:05,383775.10965
2013-05-03 18:15:05,346890.60000000003
2013-05-04 18:15:05,435864.26268000004
2013-05-05 18:15:05,458356.35888
2013-05-06 18:15:05,498918.70875
2013-05-07 18:15:05,474770.45
2013-05-08 18:15:05,469929.84124
2013-05-09 18:15:05,462130.57572
2013-05-10 18:15:05,498374.8000000001
2013-05-11 18:15:05,512145.2
2013-05-12 18:15:05,515468.88
2013-05-13 18:15:05,535813.5888
2013-05-14 18:15:05,443751.0
2013-05-15 18:15:05,428204.10276
2013-05-16 18:15:05,423762.26368000003
2013-05-17 18:15:05,512027.37
2013-05-18 18:15:05,459607.3143
2013-05-19 18:15:05,471151.04176000005
2013-05-20 18:15:05,429152.38499
2013-05-21 18:15:05,461457.5
2013-05-22 18:15:05,515701.2
2013-05-23 18:15:05,512482.26
2013-05-24 18:15:05,537966.5
2013-05-25 18:15:05,577864.95
2013-05-26 18:15:05,543560.62555
2013-05-27 18:15:05,576455.5395900001
2013-05-28 18:15:05,526629.384
2013-05-29 18:15:05,552544.72494
2013-05-30 18:15:05,559483.4461899999
2013-05-31 18:15:05,598246.70256
2013-06-01 18:15:05,644576.05605
2013-06-02 18:15:05,620381.4719199999
2013-06-03 18:15:05,632880.10548
2013-06-04 18:15:05,640691.0718200001
2013-06-05 18:15:05,625490.061
2013-06-06 18:15:05,542260.08014
2013-06-07 18:15:05,448349.21565
2013-06-08 18:15:05,457611.0
2013-06-09 18:15:05,414659.06495
2013-06-10 18:15:05,475927.22434
2013-06-11 18:15:05,480276.0
2013-06-12 18:15:05,545461.0164300001
2013-06-13 18:15:05,530067.0
2013-06-14 18:15:05,433800.0
2013-06-15 18:15:05,452440.80126
2013-06-16 18:15:05,470400.0
2013-06-17 18:15:05,390540.44085
2013-06-18 18:15:05,395839.50314
2013-06-19 18:15:05,340866.435
2013-06-20 18:15:05,415632.64
2013-06-21 18:15:05,486180.0
2013-06-22 18:15:05,473996.05
2013-06-23 18:15:05,478116.4716000001
2013-06-24 18:15:05,368313.32832
2013-06-25 18:15:05,388045.8044
2013-06-26 18:15:05,497284.11095
2013-06-27 18:15:05,429970.61183
2013-06-28 18:15:05,410408.76006
2013-06-29 18:15:05,388204.6905
2013-06-30 18:15:05,397483.5
2013-07-01 18:15:05,350888.28799999994
2013-07-02 18:15:05,354797.1
2013-07-03 18:15:05,364651.2
2013-07-04 18:15:05,340825.8
2013-07-05 18:15:05,302512.92552
2013-07-06 18:15:05,328076.02062
2013-07-07 18:15:05,332859.86399999994
2013-07-08 18:15:05,363432.84
2013-07-09 18:15:05,386219.2246
2013-07-10 18:15:05,338011.24599
2013-07-11 18:15:05,421195.95
2013-07-12 18:15:05,406554.6
2013-07-13 18:15:05,364781.0
2013-07-14 18:15:05,389043.5
2013-07-15 18:15:05,422816.43768000003
2013-07-16 18:15:05,401039.34
2013-07-17 18:15:05,417156.26
2013-07-18 18:15:05,391160.84327
2013-07-19 18:15:05,397743.27155999996
2013-07-20 18:15:05,431456.74
2013-07-21 18:15:05,435894.89099
2013-07-22 18:15:05,414973.54799999995
2013-07-23 18:15:05,348767.776
2013-07-24 18:15:05,363439.0512
2013-07-25 18:15:05,332755.8
2013-07-26 18:15:05,431077.32200000004
2013-07-27 18:15:05,395575.15455
2013-07-28 18:15:05,439956.04443999997
2013-07-29 18:15:05,422355.6436
2013-07-30 18:15:05,475057.70676000003
2013-07-31 18:15:05,526876.861
2013-08-01 18:15:05,485108.64
2013-08-02 18:15:05,505450.5
2013-08-03 18:15:05,467411.44503
2013-08-04 18:15:05,450833.45913000003
2013-08-05 18:15:05,513592.8000000001
2013-08-06 18:15:05,509301.2117
2013-08-07 18:15:05,467808.0
2013-08-08 18:15:05,519588.1
2013-08-09 18:15:05,536563.5
2013-08-10 18:15:05,513500.57208
2013-08-11 18:15:05,559024.60383
2013-08-12 18:15:05,603616.1400199999
2013-08-13 18:15:05,518146.09836000006
2013-08-14 18:15:05,389416.79
2013-08-15 18:15:05,416608.92
2013-08-16 18:15:05,428025.95
2013-08-17 18:15:05,462826.56
2013-08-18 18:15:05,492030.38
2013-08-19 18:15:05,457988.09
2013-08-20 18:15:05,477976.3
2013-08-21 18:15:05,568944.0
2013-08-22 18:15:05,581359.37
2013-08-23 18:15:05,581466.8
2013-08-24 18:15:05,508919.62000000005
2013-08-25 18:15:05,407004.5
2013-08-26 18:15:05,458603.6
2013-08-27 18:15:05,511329.52
2013-08-28 18:15:05,526846.5
2013-08-29 18:15:05,596683.12
2013-08-30 18:15:05,610597.4700000001
2013-08-31 18:15:05,717779.25
2013-09-01 18:15:05,729321.5
2013-09-02 18:15:05,775828.63
2013-09-03 18:15:05,607244.75
2013-09-04 18:15:05,554360.76
2013-09-05 18:15:05,511611.59
2013-09-06 18:15:05,585630.52
2013-09-07 18:15:05,492855.3000000001
2013-09-08 18:15:05,444056.97
2013-09-09 18:15:05,590659.2999999999
2013-09-10 18:15:05,577218.42
2013-09-11 18:15:05,626456.7999999999
2013-09-12 18:15:05,671022.7999999999
2013-09-13 18:15:05,676858.0399999999
2013-09-14 18:15:05,673938.72
2013-09-15 18:15:05,576990.5399999999
2013-09-16 18:15:05,536089.08
2013-09-17 18:15:05,575933.4
2013-09-18 18:15:05,518843.94
2013-09-19 18:15:05,618762.6
2013-09-20 18:15:05,602542.8
2013-09-21 18:15:05,580573.5
2013-09-22 18:15:05,635632.06
2013-09-23 18:15:05,684114.22
2013-09-24 18:15:05,619815.04
2013-09-25 18:15:05,668088.4
2013-09-26 18:15:05,532926.5499999999
2013-09-27 18:15:05,562939.2
2013-09-28 18:15:05,544203.0
2013-09-29 18:15:05,540453.9
2013-09-30 18:15:05,519050.8
2013-10-01 18:15:05,627414.96
2013-10-02 18:15:05,455489.2
2013-10-03 18:15:05,612818.0
2013-10-04 18:15:05,546926.0
2013-10-05 18:15:05,644124.51
2013-10-06 18:15:05,616633.6
2013-10-07 18:15:05,476725.2
2013-10-08 18:15:05,484957.44
2013-10-09 18:15:05,579968.0
2013-10-10 18:15:05,620012.7200000001
2013-10-11 18:15:05,564818.52
2013-10-12 18:15:05,632166.21
2013-10-13 18:15:05,746783.4400000002
2013-10-14 18:15:05,878457.0599999998
2013-10-15 18:15:05,869693.04
2013-10-16 18:15:05,781625.1300000001
2013-10-17 18:15:05,646991.6200000001
2013-10-18 18:15:05,658078.3
2013-10-19 18:15:05,909425.5
2013-10-20 18:15:05,899308.17
2013-10-21 18:15:05,896151.27
2013-10-22 18:15:05,1201693.48
2013-10-23 18:15:05,1061934.45
2013-10-24 18:15:05,1032543.72
2013-10-25 18:15:05,1044809.26
2013-10-26 18:15:05,903581.88
2013-10-27 18:15:05,844909.14
2013-10-28 18:15:05,886657.5
2013-10-29 18:15:05,798457.59
2013-10-30 18:15:05,1004339.82
2013-10-31 18:15:05,1059460.55
2013-11-01 18:15:05,972503.4
2013-11-02 18:15:05,1112209.2
2013-11-03 18:15:05,1018529.4
2013-11-04 18:15:05,1140581.7
2013-11-05 18:15:05,1059769.11
2013-11-06 18:15:05,1076302.64
2013-11-07 18:15:05,1159633.44
2013-11-08 18:15:05,1117647.48
2013-11-09 18:15:05,1308087.36
2013-11-10 18:15:05,1262461.32
2013-11-11 18:15:05,1675519.06
2013-11-12 18:15:05,1679492.75
2013-11-13 18:15:05,1850107.36
2013-11-14 18:15:05,1769292.0
2013-11-15 18:15:05,1752786.32
2013-11-16 18:15:05,2130799.95
2013-11-17 18:15:05,2240920.0
2013-11-18 18:15:05,2405535.0
2013-11-19 18:15:05,2187880.93
2013-11-20 18:15:05,2439500.0
2013-11-21 18:15:05,2589383.7
2013-11-22 18:15:05,3175653.0
2013-11-23 18:15:05,3411457.29
2013-11-24 18:15:05,3596751.72
2013-11-25 18:15:05,3678466.0
2013-11-26 18:15:05,3484367.6
2013-11-27 18:15:05,4015058.0
2013-11-28 18:15:05,4623238.0
2013-11-29 18:15:05,5040135.0
2013-11-30 18:15:05,4504479.12
2013-12-01 18:15:05,4745240.0
2013-12-02 18:15:05,4062353.38
2013-12-03 18:15:05,5057260.0
2013-12-04 18:15:05,5117346.0
2013-12-05 18:15:05,4417748.64
2013-12-06 18:15:05,4731942.0
2013-12-07 18:15:05,3505537.8
2013-12-08 18:15:05,3258515.93
2013-12-09 18:15:05,4256577.0
2013-12-10 18:15:05,4726127.12
2013-12-11 18:15:05,3515555.400000001
2013-12-12 18:15:05,3521703.0
2013-12-13 18:15:05,3639336.0
2013-12-14 18:15:05,4334741.1000000015
2013-12-15 18:15:05,3783686.37
2013-12-16 18:15:05,3430851.0
2013-12-17 18:15:05,3468829.05
2013-12-18 18:15:05,3035210.88
2013-12-19 18:15:05,3535995.0
2013-12-20 18:15:05,3343560.0
2013-12-21 18:15:05,2504512.5
2013-12-22 18:15:05,2650557.0
2013-12-23 18:15:05,2550641.4
2013-12-24 18:15:05,2693937.74
2013-12-25 18:15:05,2837597.840000001
2013-12-26 18:15:05,3294608.12
2013-12-27 18:15:05,3139657.88
2013-12-28 18:15:05,2884318.71
2013-12-29 18:15:05,2688325.19
2013-12-30 18:15:05,3594982.4
2013-12-31 18:15:05,3096516.0
2014-01-01 18:15:05,3741222.1
2014-01-02 18:15:05,2775832.62
2014-01-03 18:15:05,3296592.69
2014-01-04 18:15:05,3052674.56
2014-01-05 18:15:05,4043648.0
2014-01-06 18:15:05,4160971.34
2014-01-07 18:15:05,4068012.2
2014-01-08 18:15:05,4076107.31
2014-01-09 18:15:05,3671204.29
2014-01-10 18:15:05,4188602.52
2014-01-11 18:15:05,4626025.95
2014-01-12 18:15:05,4051611.0
2014-01-13 18:15:05,4109431.21
2014-01-14 18:15:05,3169736.5
2014-01-15 18:15:05,3640023.8
2014-01-16 18:15:05,4165301.7
2014-01-17 18:15:05,3044327.0
2014-01-18 18:15:05,3275853.11
2014-01-19 18:15:05,3841796.0
2014-01-20 18:15:05,3815931.36
2014-01-21 18:15:05,3550168.96
2014-01-22 18:15:05,3872557.15
2014-01-23 18:15:05,3630947.32
2014-01-24 18:15:05,3879215.6
2014-01-25 18:15:05,3132922.0
2014-01-26 18:15:05,3316174.47
2014-01-27 18:15:05,3136749.0
2014-01-28 18:15:05,3331232.6
2014-01-29 18:15:05,3184666.8000000007
2014-01-30 18:15:05,3207871.81
2014-01-31 18:15:05,3702735.0
2014-02-01 18:15:05,4028542.63
2014-02-02 18:15:05,3654462.63
2014-02-03 18:15:05,3956695.6
2014-02-04 18:15:05,3428753.9
2014-02-05 18:15:05,3430400.0
2014-02-06 18:15:05,3259042.0
2014-02-07 18:15:05,3075109.2
2014-02-08 18:15:05,3101609.0
2014-02-09 18:15:05,2688060.0
2014-02-10 18:15:05,2552270.0
2014-02-11 18:15:05,2804620.0
2014-02-12 18:15:05,2794771.9
2014-02-13 18:15:05,2861830.86
2014-02-14 18:15:05,3220703.2
2014-02-15 18:15:05,2939858.46
2014-02-16 18:15:05,3015246.0
2014-02-17 18:15:05,2672004.0
2014-02-18 18:15:05,2631807.23
2014-02-19 18:15:05,2987376.84
2014-02-20 18:15:05,2499200.3000000003
2014-02-21 18:15:05,2385798.24
2014-02-22 18:15:05,2483565.76
2014-02-23 18:15:05,2858697.97
2014-02-24 18:15:05,2486835.0
2014-02-25 18:15:05,2253504.0
2014-02-26 18:15:05,2657039.82
2014-02-27 18:15:05,2670130.71
2014-02-28 18:15:05,2725128.5500000003
2014-03-01 18:15:05,2122551.0
2014-03-02 18:15:05,2091711.68
2014-03-03 18:15:05,2375406.0
2014-03-04 18:15:05,2366891.73
2014-03-05 18:15:05,2685329.15
2014-03-06 18:15:05,2670129.28
2014-03-07 18:15:05,2602004.4
2014-03-08 18:15:05,2671683.0
2014-03-09 18:15:05,2623414.88
2014-03-10 18:15:05,2574416.61
2014-03-11 18:15:05,2625523.5
2014-03-12 18:15:05,2707735.7
2014-03-13 18:15:05,2724023.79
2014-03-14 18:15:05,2220643.83
2014-03-15 18:15:05,2790767.94
2014-03-16 18:15:05,2514362.4000000004
2014-03-17 18:15:05,2788660.8000000003
2014-03-18 18:15:05,2279145.0
2014-03-19 18:15:05,2364889.67
2014-03-20 18:15:05,2470920.0
2014-03-21 18:15:05,2633154.6
2014-03-22 18:15:05,2458598.0
2014-03-23 18:15:05,2914481.07
2014-03-24 18:15:05,2852564.0
2014-03-25 18:15:05,2197695.78
2014-03-26 18:15:05,2322300.5
2014-03-27 18:15:05,2178597.6
2014-03-28 18:15:05,2307261.0
2014-03-29 18:15:05,2141742.96
2014-03-30 18:15:05,1677089.7
2014-03-31 18:15:05,1924427.0
2014-04-01 18:15:05,2151561.37
2014-04-02 18:15:05,2063910.0
2014-04-03 18:15:05,2326614.03
2014-04-04 18:15:05,2246998.38
2014-04-05 18:15:05,2027406.08
2014-04-06 18:15:05,1635965.53
2014-04-07 18:15:05,1640071.62
2014-04-08 18:15:05,1777684.05
2014-04-09 18:15:05,1611997.8
2014-04-10 18:15:05,1762796.0
2014-04-11 18:15:05,1600254.61
2014-04-12 18:15:05,1703744.82
2014-04-13 18:15:05,2018520.0
2014-04-14 18:15:05,2068130.96
2014-04-15 18:15:05,2396149.81
2014-04-16 18:15:05,1913010.0
2014-04-17 18:15:05,2160675.0
2014-04-18 18:15:05,1877681.76
2014-04-19 18:15:05,2043591.2
2014-04-20 18:15:05,2130809.4
2014-04-21 18:15:05,2202474.0
2014-04-22 18:15:05,1906720.45
2014-04-23 18:15:05,2138759.7
2014-04-24 18:15:05,1813512.4
2014-04-25 18:15:05,1888943.1
2014-04-26 18:15:05,2068904.8
2014-04-27 18:15:05,1842258.6
2014-04-28 18:15:05,1860414.0
2014-04-29 18:15:05,1773787.4
2014-04-30 18:15:05,1644238.0
2014-05-01 18:15:05,1937562.12
2014-05-02 18:15:05,1906840.11
2014-05-03 18:15:05,1568979.5
2014-05-04 18:15:05,1661523.89
2014-05-05 18:15:05,1342102.71
2014-05-06 18:15:05,2007489.45
2014-05-07 18:15:05,1825905.2
2014-05-08 18:15:05,1727589.5
2014-05-09 18:15:05,1882663.3
2014-05-10 18:15:05,2006482.7
2014-05-11 18:15:05,1809165.0
2014-05-12 18:15:05,1738185.5
2014-05-13 18:15:05,1871243.85
2014-05-14 18:15:05,1683457.38
2014-05-15 18:15:05,1868696.38
2014-05-16 18:15:05,2050664.62
2014-05-17 18:15:05,2058582.72
2014-05-18 18:15:05,1725066.12
2014-05-19 18:15:05,1979872.7
2014-05-20 18:15:05,2176239.87
2014-05-21 18:15:05,2208604.81
2014-05-22 18:15:05,2193318.08
2014-05-23 18:15:05,2089836.14
2014-05-24 18:15:05,2196642.24
2014-05-25 18:15:05,2175800.0
2014-05-26 18:15:05,2473824.0
2014-05-27 18:15:05,1883513.19
2014-05-28 18:15:05,2548876.54
2014-05-29 18:15:05,1867016.0
2014-05-30 18:15:05,2489105.61
2014-05-31 18:15:05,2363294.0500000003
2014-06-01 18:15:05,3027285.3000000007
2014-06-02 18:15:05,2832232.65
2014-06-03 18:15:05,3176090.7
2014-06-04 18:15:05,2957055.42
2014-06-05 18:15:05,2395764.64
2014-06-06 18:15:05,2433488.25
2014-06-07 18:15:05,2508586.2
2014-06-08 18:15:05,2450216.0
2014-06-09 18:15:05,2219671.3
2014-06-10 18:15:05,2883561.93
2014-06-11 18:15:05,2342363.4
2014-06-12 18:15:05,2398279.0
2014-06-13 18:15:05,2451384.0
2014-06-14 18:15:05,2459869.28
2014-06-15 18:15:05,2611322.91
2014-06-16 18:15:05,3026170.0
2014-06-17 18:15:05,2666116.65
2014-06-18 18:15:05,2576805.2
2014-06-19 18:15:05,2288559.8400000003
2014-06-20 18:15:05,2750677.8800000004
2014-06-21 18:15:05,2797746.66
2014-06-22 18:15:05,2881450.72
2014-06-23 18:15:05,2341748.5
2014-06-24 18:15:05,2904863.94
2014-06-25 18:15:05,2642787.0
2014-06-26 18:15:05,2438734.0
2014-06-27 18:15:05,2759324.45
2014-06-28 18:15:05,2796722.72
2014-06-29 18:15:05,2597368.0
2014-06-30 18:15:05,1943700.0
2014-07-01 18:15:05,2265705.9000000004
2014-07-02 18:15:05,2281152.0
2014-07-03 18:15:05,2148517.44
2014-07-04 18:15:05,2548314.9
2014-07-05 18:15:05,2409626.24
2014-07-06 18:15:05,2369185.66
2014-07-07 18:15:05,2167600.3000000003
2014-07-08 18:15:05,2533469.4000000004
2014-07-09 18:15:05,2490612.24
2014-07-10 18:15:05,2392970.58
2014-07-11 18:15:05,2370595.91
2014-07-12 18:15:05,2612605.3200000003
2014-07-13 18:15:05,2434643.1
2014-07-14 18:15:05,2264500.8
2014-07-15 18:15:05,2156791.37
2014-07-16 18:15:05,2562788.76
2014-07-17 18:15:05,2683662.0
2014-07-18 18:15:05,2510621.96
2014-07-19 18:15:05,2719265.2
2014-07-20 18:15:05,2656636.43
2014-07-21 18:15:05,2312487.9
2014-07-22 18:15:05,2227013.58
2014-07-23 18:15:05,2277178.61
2014-07-24 18:15:05,2245407.3
2014-07-25 18:15:05,2371191.65
2014-07-26 18:15:05,2090942.92
2014-07-27 18:15:05,2389592.83
2014-07-28 18:15:05,2000946.64
2014-07-29 18:15:05,2171902.5
2014-07-30 18:15:05,2514709.8000000003
2014-07-31 18:15:05,2262546.0
2014-08-01 18:15:05,2308439.9000000004
2014-08-02 18:15:05,2504792.06
2014-08-03 18:15:05,2245920.32
2014-08-04 18:15:05,2010486.9
2014-08-05 18:15:05,1921655.52
2014-08-06 18:15:05,2231599.2
2014-08-07 18:15:05,2311376.64
2014-08-08 18:15:05,2378414.8
2014-08-09 18:15:05,2551035.74
2014-08-10 18:15:05,2641031.16
2014-08-11 18:15:05,2640682.17
2014-08-12 18:15:05,2584002.98
2014-08-13 18:15:05,2165901.18
2014-08-14 18:15:05,2223314.92
2014-08-15 18:15:05,2034983.6
2014-08-16 18:15:05,2183101.0
2014-08-17 18:15:05,2047204.56
2014-08-18 18:15:05,2053013.15
2014-08-19 18:15:05,2516475.0
2014-08-20 18:15:05,2009922.6
2014-08-21 18:15:05,2214059.58
2014-08-22 18:15:05,2091138.75
2014-08-23 18:15:05,1982263.92
2014-08-24 18:15:05,2098161.0
2014-08-25 18:15:05,1694749.56
2014-08-26 18:15:05,2134744.77
2014-08-27 18:15:05,2077894.24
2014-08-28 18:15:05,2310083.65
2014-08-29 18:15:05,2129878.4
2014-08-30 18:15:05,2171218.92
2014-08-31 18:15:05,2334454.3200000003
2014-09-01 18:15:05,1814538.4
2014-09-02 18:15:05,1734368.9
2014-09-03 18:15:05,1884421.36
2014-09-04 18:15:05,2034396.0
2014-09-05 18:15:05,1814873.85
2014-09-06 18:15:05,2025388.9
2014-09-07 18:15:05,1979673.78
2014-09-08 18:15:05,1828275.96
2014-09-09 18:15:05,1545448.24
2014-09-10 18:15:05,1898407.42
2014-09-11 18:15:05,1904140.0
2014-09-12 18:15:05,1898185.05
2014-09-13 18:15:05,2127699.24
2014-09-14 18:15:05,2025587.4
2014-09-15 18:15:05,1763838.3
2014-09-16 18:15:05,1983852.0
2014-09-17 18:15:05,2122176.0
2014-09-18 18:15:05,1985517.03
2014-09-19 18:15:05,1619892.29
2014-09-20 18:15:05,1801037.04
2014-09-21 18:15:05,1781219.2
2014-09-22 18:15:05,1577856.3
2014-09-23 18:15:05,1601478.0
2014-09-24 18:15:05,1765648.08
2014-09-25 18:15:05,1668231.04
2014-09-26 18:15:05,1548445.0799999996
2014-09-27 18:15:05,1286776.14
2014-09-28 18:15:05,1324680.0
2014-09-29 18:15:05,1321894.34
2014-09-30 18:15:05,1458738.04
2014-10-01 18:15:05,1401226.99
2014-10-02 18:15:05,1394779.35
2014-10-03 18:15:05,1286220.0
2014-10-04 18:15:05,1205568.0
2014-10-05 18:15:05,1310061.87
2014-10-06 18:15:05,1328774.4
2014-10-07 18:15:05,1252691.6
2014-10-08 18:15:05,1138502.88
2014-10-09 18:15:05,1350163.22
2014-10-10 18:15:05,1431572.36
2014-10-11 18:15:05,1290564.15
2014-10-12 18:15:05,1353884.13
2014-10-13 18:15:05,1463662.02
2014-10-14 18:15:05,1446969.57
2014-10-15 18:15:05,1452678.0
2014-10-16 18:15:05,1422111.24
2014-10-17 18:15:05,1286691.63
2014-10-18 18:15:05,1650684.48
2014-10-19 18:15:05,1307006.4
2014-10-20 18:15:05,1332696.9
2014-10-21 18:15:05,1359144.0
2014-10-22 18:15:05,1650923.7000000004
2014-10-23 18:15:05,1305632.13
2014-10-24 18:15:05,1465384.48
2014-10-25 18:15:05,1329619.79
2014-10-26 18:15:05,1158701.8
2014-10-27 18:15:05,1332240.5
2014-10-28 18:15:05,1335639.22
2014-10-29 18:15:05,1241173.89
2014-10-30 18:15:05,1462243.0
2014-10-31 18:15:05,1606897.35
2014-11-01 18:15:05,1313816.0699999998
2014-11-02 18:15:05,1342197.9200000002
2014-11-03 18:15:05,1266423.47
2014-11-04 18:15:05,1353011.52
2014-11-05 18:15:05,1372405.87
2014-11-06 18:15:05,1265878.48
2014-11-07 18:15:05,1236927.64
2014-11-08 18:15:05,1352580.24
2014-11-09 18:15:05,1243626.6
2014-11-10 18:15:05,1489196.94
2014-11-11 18:15:05,1291511.52
2014-11-12 18:15:05,1457077.16
2014-11-13 18:15:05,1490042.4
2014-11-14 18:15:05,1452599.28
2014-11-15 18:15:05,1403379.54
2014-11-16 18:15:05,1394951.4
2014-11-17 18:15:05,1443522.72
2014-11-18 18:15:05,1429601.33
2014-11-19 18:15:05,1288459.26
2014-11-20 18:15:05,1243162.9
2014-11-21 18:15:05,1111029.7
2014-11-22 18:15:05,1425167.8
2014-11-23 18:15:05,1283532.64
2014-11-24 18:15:05,1492608.0
2014-11-25 18:15:05,1223868.36
2014-11-26 18:15:05,1332726.72
2014-11-27 18:15:05,1224429.32
2014-11-28 18:15:05,1461602.32
2014-11-29 18:15:05,1428154.9200000004
2014-11-30 18:15:05,1470379.5599999996
2014-12-01 18:15:05,1369993.08
2014-12-02 18:15:05,1361198.52
2014-12-03 18:15:05,1149123.5
2014-12-04 18:15:05,1380382.38
2014-12-05 18:15:05,1407286.74
2014-12-06 18:15:05,1360045.8
2014-12-07 18:15:05,1149733.8
2014-12-08 18:15:05,1380691.62
2014-12-09 18:15:05,1222161.81
2014-12-10 18:15:05,1443188.64
2014-12-11 18:15:05,1295135.7000000002
2014-12-12 18:15:05,1264439.88
2014-12-13 18:15:05,1255861.35
2014-12-14 18:15:05,1169356.7999999998
2014-12-15 18:15:05,1351903.85
2014-12-16 18:15:05,1124341.47
2014-12-17 18:15:05,1014421.6
2014-12-18 18:15:05,1108773.0
2014-12-19 18:15:05,989099.82
2014-12-20 18:15:05,1152000.9
2014-12-21 18:15:05,1188717.48
2014-12-22 18:15:05,1076732.14
2014-12-23 18:15:05,1369405.44
2014-12-24 18:15:05,1240583.3299999998
2014-12-25 18:15:05,1351958.54
2014-12-26 18:15:05,1186373.44
2014-12-27 18:15:05,1263774.55
2014-12-28 18:15:05,1329372.5
2014-12-29 18:15:05,1333123.11
2014-12-30 18:15:05,1146848.67
2014-12-31 18:15:05,1233733.7999999998
2015-01-01 18:15:05,1312680.6
2015-01-02 18:15:05,1267761.5
2015-01-03 18:15:05,1242878.63
2015-01-04 18:15:05,1129778.1
2015-01-05 18:15:05,1166988.8
2015-01-06 18:15:05,1089761.6
2015-01-07 18:15:05,1027758.4
2015-01-08 18:15:05,938075.2
2015-01-09 18:15:05,1056268.8
2015-01-10 18:15:05,984120.0
2015-01-11 18:15:05,1004330.25
2015-01-12 18:15:05,1115640.0
2015-01-13 18:15:05,609318.71
2015-01-14 18:15:05,668935.0
2015-01-15 18:15:05,761422.01
2015-01-16 18:15:05,768009.0
2015-01-17 18:15:05,677501.4400000001
2015-01-18 18:15:05,789179.66
2015-01-19 18:15:05,826197.1
2015-01-20 18:15:05,641951.86
2015-01-21 18:15:05,739857.6
2015-01-22 18:15:05,880165.7000000002
2015-01-23 18:15:05,725422.39
2015-01-24 18:15:05,742971.6799999998
2015-01-25 18:15:05,781361.8200000002
2015-01-26 18:15:05,866260.7700000001
2015-01-27 18:15:05,967817.14
2015-01-28 18:15:05,987528.5
2015-01-29 18:15:05,993622.59
2015-01-30 18:15:05,802163.4600000002
2015-01-31 18:15:05,892843.8999999998
2015-02-01 18:15:05,940487.92
2015-02-02 18:15:05,822201.0
2015-02-03 18:15:05,801295.88
2015-02-04 18:15:05,898474.72
2015-02-05 18:15:05,801443.1900000002
2015-02-06 18:15:05,966981.42
2015-02-07 18:15:05,970889.92
2015-02-08 18:15:05,717658.5
2015-02-09 18:15:05,856876.32
2015-02-10 18:15:05,828682.24
2015-02-11 18:15:05,835570.36
2015-02-12 18:15:05,757105.79
2015-02-13 18:15:05,843389.1
2015-02-14 18:15:05,991297.71
2015-02-15 18:15:05,820538.37
2015-02-16 18:15:05,935184.9
2015-02-17 18:15:05,949160.0
2015-02-18 18:15:05,948874.8
2015-02-19 18:15:05,993659.67
2015-02-20 18:15:05,1013940.28
2015-02-21 18:15:05,850966.24
2015-02-22 18:15:05,893732.0
2015-02-23 18:15:05,815115.42
2015-02-24 18:15:05,831706.4
2015-02-25 18:15:05,934079.85
2015-02-26 18:15:05,858325.0
2015-02-27 18:15:05,1006856.0
2015-02-28 18:15:05,857096.24
2015-03-01 18:15:05,931320.72
2015-03-02 18:15:05,993508.46
2015-03-03 18:15:05,1065967.0
2015-03-04 18:15:05,1109701.0
2015-03-05 18:15:05,760764.32
2015-03-06 18:15:05,1079500.04
2015-03-07 18:15:05,975886.54
2015-03-08 18:15:05,1071653.31
2015-03-09 18:15:05,952708.72
2015-03-10 18:15:05,1114781.46
2015-03-11 18:15:05,1221552.85
2015-03-12 18:15:05,992985.21
2015-03-13 18:15:05,1009810.88
2015-03-14 18:15:05,955514.02
2015-03-15 18:15:05,1045239.02
2015-03-16 18:15:05,956704.32
2015-03-17 18:15:05,1030114.78
2015-03-18 18:15:05,941109.0
2015-03-19 18:15:05,935886.42
2015-03-20 18:15:05,919951.8
2015-03-21 18:15:05,925351.87
2015-03-22 18:15:05,869288.5
2015-03-23 18:15:05,1015589.19
2015-03-24 18:15:05,1038159.87
2015-03-25 18:15:05,1023257.2
2015-03-26 18:15:05,942153.22
2015-03-27 18:15:05,1072838.45
2015-03-28 18:15:05,946218.24
2015-03-29 18:15:05,924217.35
2015-03-30 18:15:05,873821.52
2015-03-31 18:15:05,908277.88
2015-04-01 18:15:05,865953.6
2015-04-02 18:15:05,931756.04
2015-04-03 18:15:05,963883.71
2015-04-04 18:15:05,980821.05
2015-04-05 18:15:05,973886.67
2015-04-06 18:15:05,825228.0
2015-04-07 18:15:05,1019620.68
2015-04-08 18:15:05,735211.1
2015-04-09 18:15:05,879723.1799999998
2015-04-10 18:15:05,843606.0900000002
2015-04-11 18:15:05,814721.3999999998
2015-04-12 18:15:05,808298.64
2015-04-13 18:15:05,800004.6
2015-04-14 18:15:05,856656.0
2015-04-15 18:15:05,676586.4
2015-04-16 18:15:05,795633.3
2015-04-17 18:15:05,749061.88
2015-04-18 18:15:05,742104.16
2015-04-19 18:15:05,770156.64
2015-04-20 18:15:05,935583.95
2015-04-21 18:15:05,897496.08
2015-04-22 18:15:05,852287.9400000002
2015-04-23 18:15:05,815702.72
2015-04-24 18:15:05,696484.88
2015-04-25 18:15:05,902741.4
2015-04-26 18:15:05,816453.96
2015-04-27 18:15:05,771274.35
2015-04-28 18:15:05,877280.4
2015-04-29 18:15:05,731686.98
2015-04-30 18:15:05,785569.33
2015-05-01 18:15:05,861356.7000000002
2015-05-02 18:15:05,863705.57
2015-05-03 18:15:05,832645.62
2015-05-04 18:15:05,782431.21
2015-05-05 18:15:05,907195.56
2015-05-06 18:15:05,846721.89
2015-05-07 18:15:05,945553.59
2015-05-08 18:15:05,909134.8
2015-05-09 18:15:05,762777.12
2015-05-10 18:15:05,775494.0
2015-05-11 18:15:05,913514.79
2015-05-12 18:15:05,957828.66
2015-05-13 18:15:05,986656.8
2015-05-14 18:15:05,837456.48
2015-05-15 18:15:05,983664.0
2015-05-16 18:15:05,760292.19
2015-05-17 18:15:05,1022577.86
2015-05-18 18:15:05,813151.5499999998
2015-05-19 18:15:05,792416.6
2015-05-20 18:15:05,836349.0
2015-05-21 18:15:05,906004.0
2015-05-22 18:15:05,857382.5
2015-05-23 18:15:05,719414.01
2015-05-24 18:15:05,850507.02
2015-05-25 18:15:05,851874.75
2015-05-26 18:15:05,800308.48
2015-05-27 18:15:05,855635.0
2015-05-28 18:15:05,784167.6799999998
2015-05-29 18:15:05,929799.54
2015-05-30 18:15:05,720632.16
2015-05-31 18:15:05,855431.6
2015-06-01 18:15:05,771728.0
2015-06-02 18:15:05,824901.27
2015-06-03 18:15:05,807176.4299999998
2015-06-04 18:15:05,804501.1799999998
2015-06-05 18:15:05,799318.9
2015-06-06 18:15:05,906939.6
2015-06-07 18:15:05,932248.8
2015-06-08 18:15:05,807120.0
2015-06-09 18:15:05,935586.6
2015-06-10 18:15:05,905199.7
2015-06-11 18:15:05,891497.0
2015-06-12 18:15:05,786071.64
2015-06-13 18:15:05,913282.74
2015-06-14 18:15:05,844662.0
2015-06-15 18:15:05,890981.28
2015-06-16 18:15:05,759112.9
2015-06-17 18:15:05,893357.04
2015-06-18 18:15:05,960479.25
2015-06-19 18:15:05,999108.3
2015-06-20 18:15:05,823037.76
2015-06-21 18:15:05,742685.61
2015-06-22 18:15:05,917161.05
2015-06-23 18:15:05,877380.24
2015-06-24 18:15:05,912266.24
2015-06-25 18:15:05,971550.72
2015-06-26 18:15:05,896744.42
2015-06-27 18:15:05,799424.5
2015-06-28 18:15:05,917924.4
2015-06-29 18:15:05,873579.6000000002
2015-06-30 18:15:05,945633.06
2015-07-01 18:15:05,940636.8
2015-07-02 18:15:05,898066.26
2015-07-03 18:15:05,1039532.5
2015-07-04 18:15:05,1004340.48
2015-07-05 18:15:05,986961.56
2015-07-06 18:15:05,1169750.23
2015-07-07 18:15:05,1000621.44
2015-07-08 18:15:05,1051752.0
2015-07-09 18:15:05,945214.56
2015-07-10 18:15:05,1130127.24
2015-07-11 18:15:05,1074503.5
2015-07-12 18:15:05,1081003.5
2015-07-13 18:15:05,1060744.1
2015-07-14 18:15:05,1025923.61
2015-07-15 18:15:05,1128304.1
2015-07-16 18:15:05,945029.52
2015-07-17 18:15:05,1007435.76
2015-07-18 18:15:05,1124555.52
2015-07-19 18:15:05,991991.37
2015-07-20 18:15:05,1011196.84
2015-07-21 18:15:05,984206.16
2015-07-22 18:15:05,1028008.16
2015-07-23 18:15:05,1037676.64
2015-07-24 18:15:05,1213267.9
2015-07-25 18:15:05,1104263.52
2015-07-26 18:15:05,1014092.77
2015-07-27 18:15:05,1135825.74
2015-07-28 18:15:05,1056073.48
2015-07-29 18:15:05,1093613.4
2015-07-30 18:15:05,994670.04
2015-07-31 18:15:05,999862.58
2015-08-01 18:15:05,1160777.2000000002
2015-08-02 18:15:05,1108164.12
2015-08-03 18:15:05,1051958.61
2015-08-04 18:15:05,1035690.0
2015-08-05 18:15:05,900084.96
2015-08-06 18:15:05,979548.5
2015-08-07 18:15:05,999936.81
2015-08-08 18:15:05,1065525.72
2015-08-09 18:15:05,900570.06
2015-08-10 18:15:05,1162172.07
2015-08-11 18:15:05,1130128.35
2015-08-12 18:15:05,830459.0
2015-08-13 18:15:05,997387.5
2015-08-14 18:15:05,900557.27
2015-08-15 18:15:05,894962.5200000001
2015-08-16 18:15:05,950836.71
2015-08-17 18:15:05,932483.9
2015-08-18 18:15:05,926771.5
2015-08-19 18:15:05,892100.96
2015-08-20 18:15:05,909597.0
2015-08-21 18:15:05,904694.07
2015-08-22 18:15:05,869575.88
2015-08-23 18:15:05,787802.6
2015-08-24 18:15:05,842084.76
2015-08-25 18:15:05,771519.5
2015-08-26 18:15:05,892476.0
2015-08-27 18:15:05,855555.9600000002
2015-08-28 18:15:05,877903.33
2015-08-29 18:15:05,946656.56
2015-08-30 18:15:05,819141.99
2015-08-31 18:15:05,923760.0
2015-09-01 18:15:05,874008.96
2015-09-02 18:15:05,898267.92
2015-09-03 18:15:05,866697.62
2015-09-04 18:15:05,881886.8
2015-09-05 18:15:05,893388.69
2015-09-06 18:15:05,959839.2
2015-09-07 18:15:05,826486.75
2015-09-08 18:15:05,851509.24
2015-09-09 18:15:05,852524.0800000002
2015-09-10 18:15:05,1019359.04
2015-09-11 18:15:05,1044415.29
2015-09-12 18:15:05,808141.8099999998
2015-09-13 18:15:05,810256.5
2015-09-14 18:15:05,924674.4
2015-09-15 18:15:05,943920.0
2015-09-16 18:15:05,854930.7200000002
2015-09-17 18:15:05,830934.0
2015-09-18 18:15:05,844821.74
2015-09-19 18:15:05,766418.62
2015-09-20 18:15:05,695204.0
2015-09-21 18:15:05,753538.56
2015-09-22 18:15:05,923685.18
2015-09-23 18:15:05,868521.1499999998
2015-09-24 18:15:05,853501.1
2015-09-25 18:15:05,961315.83
2015-09-26 18:15:05,894132.0
2015-09-27 18:15:05,842917.0
2015-09-28 18:15:05,836290.0
2015-09-29 18:15:05,1033908.0
2015-09-30 18:15:05,928562.73
2015-10-01 18:15:05,927003.42
2015-10-02 18:15:05,748769.22
2015-10-03 18:15:05,914586.08
2015-10-04 18:15:05,908309.71
2015-10-05 18:15:05,890376.84
2015-10-06 18:15:05,924519.16
2015-10-07 18:15:05,834095.25
2015-10-08 18:15:05,841733.41
2015-10-09 18:15:05,819523.4400000002
2015-10-10 18:15:05,921712.5
2015-10-11 18:15:05,935013.52
2015-10-12 18:15:05,868877.49
2015-10-13 18:15:05,842332.5
2015-10-14 18:15:05,974099.6
2015-10-15 18:15:05,1045411.92
2015-10-16 18:15:05,1023533.62
2015-10-17 18:15:05,888738.21
2015-10-18 18:15:05,944259.12
2015-10-19 18:15:05,1103132.16
2015-10-20 18:15:05,864439.2000000002
2015-10-21 18:15:05,983560.5
2015-10-22 18:15:05,1083198.3
2015-10-23 18:15:05,1075873.54
2015-10-24 18:15:05,980489.7
2015-10-25 18:15:05,1150243.99
2015-10-26 18:15:05,1089933.75
2015-10-27 18:15:05,1173025.4
2015-10-28 18:15:05,1024800.6
2015-10-29 18:15:05,1158573.88
2015-10-30 18:15:05,1360583.6
2015-10-31 18:15:05,1190201.76
2015-11-01 18:15:05,1246623.0
2015-11-02 18:15:05,1245221.95
2015-11-03 18:15:05,1628638.0
2015-11-04 18:15:05,1713673.05
2015-11-05 18:15:05,1504000.0
2015-11-06 18:15:05,1342629.66
2015-11-07 18:15:05,1589032.76
2015-11-08 18:15:05,1344441.24
2015-11-09 18:15:05,1402696.4
2015-11-10 18:15:05,1273595.16
2015-11-11 18:15:05,1380604.5
2015-11-12 18:15:05,1218630.0
2015-11-13 18:15:05,1395572.2
2015-11-14 18:15:05,1269517.5
2015-11-15 18:15:05,1175537.51
2015-11-16 18:15:05,1457241.0
2015-11-17 18:15:05,1360933.45
2015-11-18 18:15:05,1179974.88
2015-11-19 18:15:05,1159725.0
2015-11-20 18:15:05,1282480.0
2015-11-21 18:15:05,1456881.0
2015-11-22 18:15:05,1409226.76
2015-11-23 18:15:05,1306072.25
2015-11-24 18:15:05,1227886.4
2015-11-25 18:15:05,1259375.0
2015-11-26 18:15:05,1419492.0
2015-11-27 18:15:05,1348275.0
2015-11-28 18:15:05,1301570.64
2015-11-29 18:15:05,1436265.08
2015-11-30 18:15:05,1408908.46
2015-12-01 18:15:05,1736234.24
2015-12-02 18:15:05,1337791.88
2015-12-03 18:15:05,1316201.19
2015-12-04 18:15:05,1326955.76
2015-12-05 18:15:05,1598511.04
2015-12-06 18:15:05,1688873.2000000004
2015-12-07 18:15:05,1505973.0599999996
2015-12-08 18:15:05,1582724.93
2015-12-09 18:15:05,1847312.62
2015-12-10 18:15:05,2051183.4
2015-12-11 18:15:05,1961096.06
2015-12-12 18:15:05,1796268.96
2015-12-13 18:15:05,1648972.82
2015-12-14 18:15:05,1978018.4
2015-12-15 18:15:05,2234910.72
2015-12-16 18:15:05,1926328.77
2015-12-17 18:15:05,1819000.68
2015-12-18 18:15:05,1852781.15
2015-12-19 18:15:05,1803135.6
2015-12-20 18:15:05,1851709.86
2015-12-21 18:15:05,1706543.0
2015-12-22 18:15:05,1553396.74
2015-12-23 18:15:05,1837989.6
2015-12-24 18:15:05,1709121.75
2015-12-25 18:15:05,1537832.4
2015-12-26 18:15:05,1955357.22
2015-12-27 18:15:05,2050872.46
2015-12-28 18:15:05,1719238.9
2015-12-29 18:15:05,1652090.16
2015-12-30 18:15:05,1864368.0
2015-12-31 18:15:05,1557216.18
2016-01-01 18:15:05,1467328.02
2016-01-02 18:15:05,1498828.76
2016-01-03 18:15:05,1604631.24
2016-01-04 18:15:05,1906932.0
2016-01-05 18:15:05,1774245.2
2016-01-06 18:15:05,1477472.5
2016-01-07 18:15:05,1648782.14
2016-01-08 18:15:05,1971446.4
2016-01-09 18:15:05,1802400.6
2016-01-10 18:15:05,1909014.72
2016-01-11 18:15:05,1914972.13
2016-01-12 18:15:05,1980490.44
2016-01-13 18:15:05,1657710.63
2016-01-14 18:15:05,1439090.7999999996
2016-01-15 18:15:05,1217938.2
2016-01-16 18:15:05,1300104.0
2016-01-17 18:15:05,1352544.05
2016-01-18 18:15:05,1700240.64
2016-01-19 18:15:05,1425654.9
2016-01-20 18:15:05,1509187.68
2016-01-21 18:15:05,1384752.0
2016-01-22 18:15:05,1610297.5
2016-01-23 18:15:05,1754466.0
2016-01-24 18:15:05,1694688.25
2016-01-25 18:15:05,1691196.21
2016-01-26 18:15:05,1634415.64
2016-01-27 18:15:05,1537171.65
2016-01-28 18:15:05,1434150.0
2016-01-29 18:15:05,1620331.7
2016-01-30 18:15:05,1689976.32
2016-01-31 18:15:05,1698131.16
2016-02-01 18:15:05,1655772.0
2016-02-02 18:15:05,1552556.36
2016-02-03 18:15:05,1620135.24
2016-02-04 18:15:05,1796689.96
2016-02-05 18:15:05,1755051.09
2016-02-06 18:15:05,1796933.6800000004
2016-02-07 18:15:05,1714719.12
2016-02-08 18:15:05,1527627.0
2016-02-09 18:15:05,1589926.87
2016-02-10 18:15:05,1617865.62
2016-02-11 18:15:05,1824977.0
2016-02-12 18:15:05,1531180.44
2016-02-13 18:15:05,1500384.6
2016-02-14 18:15:05,1824390.92
2016-02-15 18:15:05,1505873.6
2016-02-16 18:15:05,1531594.54
2016-02-17 18:15:05,1481533.76
2016-02-18 18:15:05,1902961.74
2016-02-19 18:15:05,1471848.42
2016-02-20 18:15:05,1754843.64
2016-02-21 18:15:05,1386597.3
2016-02-22 18:15:05,1443980.5
2016-02-23 18:15:05,1427391.0
2016-02-24 18:15:05,1319648.9
2016-02-25 18:15:05,1547380.7999999996
2016-02-26 18:15:05,1609521.62
2016-02-27 18:15:05,1431216.0
2016-02-28 18:15:05,1632881.49
2016-02-29 18:15:05,1495225.04
2016-03-01 18:15:05,1405736.85
2016-03-02 18:15:05,1720819.98
2016-03-03 18:15:05,1431631.68
2016-03-04 18:15:05,1604280.96
2016-03-05 18:15:05,1619238.0
2016-03-06 18:15:05,1437551.76
2016-03-07 18:15:05,1614392.86
2016-03-08 18:15:05,1399239.27
2016-03-09 18:15:05,1725518.7000000004
2016-03-10 18:15:05,1692288.0
2016-03-11 18:15:05,1733741.52
2016-03-12 18:15:05,1501010.0
2016-03-13 18:15:05,1362701.76
2016-03-14 18:15:05,1580232.02
2016-03-15 18:15:05,1593584.76
2016-03-16 18:15:05,1787925.02
2016-03-17 18:15:05,1432167.44
2016-03-18 18:15:05,1427774.04
2016-03-19 18:15:05,1384278.67
2016-03-20 18:15:05,1563801.39
2016-03-21 18:15:05,1308642.12
2016-03-22 18:15:05,1565038.8
2016-03-23 18:15:05,1593071.4
2016-03-24 18:15:05,1588000.11
2016-03-25 18:15:05,1523337.52
2016-03-26 18:15:05,1541868.39
2016-03-27 18:15:05,1646594.4
2016-03-28 18:15:05,1519272.3199999996
2016-03-29 18:15:05,1780614.0
2016-03-30 18:15:05,1660945.8
2016-03-31 18:15:05,1321282.86
2016-04-01 18:15:05,1444803.75
2016-04-02 18:15:05,1591174.42
2016-04-03 18:15:05,1554802.33
2016-04-04 18:15:05,1735875.57
2016-04-05 18:15:05,1591759.98
2016-04-06 18:15:05,1650251.71
2016-04-07 18:15:05,1558583.64
2016-04-08 18:15:05,1506409.6
2016-04-09 18:15:05,1707680.24
2016-04-10 18:15:05,1848004.29
2016-04-11 18:15:05,1607456.49
2016-04-12 18:15:05,1639676.5
2016-04-13 18:15:05,1685701.7
2016-04-14 18:15:05,1767502.96
2016-04-15 18:15:05,1574760.2999999996
2016-04-16 18:15:05,1550671.73
2016-04-17 18:15:05,1642389.18
2016-04-18 18:15:05,1460870.3199999996
2016-04-19 18:15:05,1629131.43
2016-04-20 18:15:05,1634835.21
2016-04-21 18:15:05,1855326.06
2016-04-22 18:15:05,1600512.9
2016-04-23 18:15:05,1671898.5
2016-04-24 18:15:05,1502665.36
2016-04-25 18:15:05,1535540.12
2016-04-26 18:15:05,1890744.92
2016-04-27 18:15:05,1566062.5499999996
2016-04-28 18:15:05,1501591.13
2016-04-29 18:15:05,1736550.0
2016-04-30 18:15:05,1721345.3
2016-05-01 18:15:05,1750091.5599999996
2016-05-02 18:15:05,1666897.5
2016-05-03 16:36:36,1768256.0
