,NumTransactionsExcluding10
2009-01-03 18:15:05,1.0
2009-01-04 18:15:05,0.0
2009-01-05 18:15:05,0.0
2009-01-06 18:15:05,0.0
2009-01-07 18:15:05,0.0
2009-01-08 18:15:05,0.0
2009-01-09 18:15:05,14.0
2009-01-10 18:15:05,31.0
2009-01-11 18:15:05,106.0
2009-01-12 18:15:05,95.0
2009-01-13 18:15:05,116.0
2009-01-14 18:15:05,126.0
2009-01-15 18:15:05,136.0
2009-01-16 18:15:05,117.0
2009-01-17 18:15:05,109.0
2009-01-18 18:15:05,101.0
2009-01-19 18:15:05,120.0
2009-01-20 18:15:05,118.0
2009-01-21 18:15:05,115.0
2009-01-22 18:15:05,76.0
2009-01-23 18:15:05,68.0
2009-01-24 18:15:05,201.0
2009-01-25 18:15:05,195.0
2009-01-26 18:15:05,116.0
2009-01-27 18:15:05,105.0
2009-01-28 18:15:05,103.0
2009-01-29 18:15:05,122.0
2009-01-30 18:15:05,122.0
2009-01-31 18:15:05,129.0
2009-02-01 18:15:05,118.0
2009-02-02 18:15:05,127.0
2009-02-03 18:15:05,137.0
2009-02-04 18:15:05,126.0
2009-02-05 18:15:05,121.0
2009-02-06 18:15:05,129.0
2009-02-07 18:15:05,130.0
2009-02-08 18:15:05,135.0
2009-02-09 18:15:05,129.0
2009-02-10 18:15:05,127.0
2009-02-11 18:15:05,132.0
2009-02-12 18:15:05,119.0
2009-02-13 18:15:05,124.0
2009-02-14 18:15:05,141.0
2009-02-15 18:15:05,125.0
2009-02-16 18:15:05,123.0
2009-02-17 18:15:05,119.0
2009-02-18 18:15:05,124.0
2009-02-19 18:15:05,117.0
2009-02-20 18:15:05,129.0
2009-02-21 18:15:05,110.0
2009-02-22 18:15:05,125.0
2009-02-23 18:15:05,107.0
2009-02-24 18:15:05,111.0
2009-02-25 18:15:05,107.0
2009-02-26 18:15:05,96.0
2009-02-27 18:15:05,123.0
2009-02-28 18:15:05,103.0
2009-03-01 18:15:05,107.0
2009-03-02 18:15:05,104.0
2009-03-03 18:15:05,108.0
2009-03-04 18:15:05,106.0
2009-03-05 18:15:05,108.0
2009-03-06 18:15:05,119.0
2009-03-07 18:15:05,111.0
2009-03-08 18:15:05,115.0
2009-03-09 18:15:05,113.0
2009-03-10 18:15:05,105.0
2009-03-11 18:15:05,108.0
2009-03-12 18:15:05,119.0
2009-03-13 18:15:05,115.0
2009-03-14 18:15:05,116.0
2009-03-15 18:15:05,111.0
2009-03-16 18:15:05,131.0
2009-03-17 18:15:05,115.0
2009-03-18 18:15:05,110.0
2009-03-19 18:15:05,124.0
2009-03-20 18:15:05,119.0
2009-03-21 18:15:05,77.0
2009-03-22 18:15:05,97.0
2009-03-23 18:15:05,132.0
2009-03-24 18:15:05,105.0
2009-03-25 18:15:05,116.0
2009-03-26 18:15:05,114.0
2009-03-27 18:15:05,110.0
2009-03-28 18:15:05,122.0
2009-03-29 18:15:05,112.0
2009-03-30 18:15:05,125.0
2009-03-31 18:15:05,114.0
2009-04-01 18:15:05,107.0
2009-04-02 18:15:05,120.0
2009-04-03 18:15:05,113.0
2009-04-04 18:15:05,113.0
2009-04-05 18:15:05,129.0
2009-04-06 18:15:05,117.0
2009-04-07 18:15:05,99.0
2009-04-08 18:15:05,104.0
2009-04-09 18:15:05,99.0
2009-04-10 18:15:05,103.0
2009-04-11 18:15:05,123.0
2009-04-12 18:15:05,115.0
2009-04-13 18:15:05,118.0
2009-04-14 18:15:05,127.0
2009-04-15 18:15:05,112.0
2009-04-16 18:15:05,123.0
2009-04-17 18:15:05,115.0
2009-04-18 18:15:05,125.0
2009-04-19 18:15:05,121.0
2009-04-20 18:15:05,118.0
2009-04-21 18:15:05,125.0
2009-04-22 18:15:05,121.0
2009-04-23 18:15:05,80.0
2009-04-24 18:15:05,113.0
2009-04-25 18:15:05,122.0
2009-04-26 18:15:05,111.0
2009-04-27 18:15:05,105.0
2009-04-28 18:15:05,117.0
2009-04-29 18:15:05,123.0
2009-04-30 18:15:05,133.0
2009-05-01 18:15:05,123.0
2009-05-02 18:15:05,124.0
2009-05-03 18:15:05,115.0
2009-05-04 18:15:05,125.0
2009-05-05 18:15:05,133.0
2009-05-06 18:15:05,138.0
2009-05-07 18:15:05,121.0
2009-05-08 18:15:05,122.0
2009-05-09 18:15:05,91.0
2009-05-10 18:15:05,62.0
2009-05-11 18:15:05,120.0
2009-05-12 18:15:05,127.0
2009-05-13 18:15:05,117.0
2009-05-14 18:15:05,137.0
2009-05-15 18:15:05,145.0
2009-05-16 18:15:05,115.0
2009-05-17 18:15:05,125.0
2009-05-18 18:15:05,124.0
2009-05-19 18:15:05,100.0
2009-05-20 18:15:05,104.0
2009-05-21 18:15:05,89.0
2009-05-22 18:15:05,83.0
2009-05-23 18:15:05,7.0
2009-05-24 18:15:05,96.0
2009-05-25 18:15:05,112.0
2009-05-26 18:15:05,113.0
2009-05-27 18:15:05,125.0
2009-05-28 18:15:05,103.0
2009-05-29 18:15:05,108.0
2009-05-30 18:15:05,103.0
2009-05-31 18:15:05,118.0
2009-06-01 18:15:05,74.0
2009-06-02 18:15:05,89.0
2009-06-03 18:15:05,98.0
2009-06-04 18:15:05,39.0
2009-06-05 18:15:05,57.0
2009-06-06 18:15:05,24.0
2009-06-07 18:15:05,4.0
2009-06-08 18:15:05,72.0
2009-06-09 18:15:05,94.0
2009-06-10 18:15:05,83.0
2009-06-11 18:15:05,93.0
2009-06-12 18:15:05,91.0
2009-06-13 18:15:05,74.0
2009-06-14 18:15:05,70.0
2009-06-15 18:15:05,82.0
2009-06-16 18:15:05,73.0
2009-06-17 18:15:05,77.0
2009-06-18 18:15:05,81.0
2009-06-19 18:15:05,87.0
2009-06-20 18:15:05,84.0
2009-06-21 18:15:05,75.0
2009-06-22 18:15:05,81.0
2009-06-23 18:15:05,76.0
2009-06-24 18:15:05,87.0
2009-06-25 18:15:05,74.0
2009-06-26 18:15:05,90.0
2009-06-27 18:15:05,85.0
2009-06-28 18:15:05,52.0
2009-06-29 18:15:05,76.0
2009-06-30 18:15:05,89.0
2009-07-01 18:15:05,84.0
2009-07-02 18:15:05,72.0
2009-07-03 18:15:05,84.0
2009-07-04 18:15:05,89.0
2009-07-05 18:15:05,80.0
2009-07-06 18:15:05,91.0
2009-07-07 18:15:05,63.0
2009-07-08 18:15:05,79.0
2009-07-09 18:15:05,81.0
2009-07-10 18:15:05,82.0
2009-07-11 18:15:05,84.0
2009-07-12 18:15:05,76.0
2009-07-13 18:15:05,76.0
2009-07-14 18:15:05,72.0
2009-07-15 18:15:05,46.0
2009-07-16 18:15:05,69.0
2009-07-17 18:15:05,65.0
2009-07-18 18:15:05,3.0
2009-07-19 18:15:05,52.0
2009-07-20 18:15:05,75.0
2009-07-21 18:15:05,75.0
2009-07-22 18:15:05,69.0
2009-07-23 18:15:05,66.0
2009-07-24 18:15:05,75.0
2009-07-25 18:15:05,53.0
2009-07-26 18:15:05,13.0
2009-07-27 18:15:05,64.0
2009-07-28 18:15:05,44.0
2009-07-29 18:15:05,32.0
2009-07-30 18:15:05,16.0
2009-07-31 18:15:05,12.0
2009-08-01 18:15:05,23.0
2009-08-02 18:15:05,30.0
2009-08-03 18:15:05,15.0
2009-08-04 18:15:05,58.0
2009-08-05 18:15:05,91.0
2009-08-06 18:15:05,96.0
2009-08-07 18:15:05,74.0
2009-08-08 18:15:05,83.0
2009-08-09 18:15:05,98.0
2009-08-10 18:15:05,82.0
2009-08-11 18:15:05,67.0
2009-08-12 18:15:05,68.0
2009-08-13 18:15:05,81.0
2009-08-14 18:15:05,65.0
2009-08-15 18:15:05,34.0
2009-08-16 18:15:05,25.0
2009-08-17 18:15:05,17.0
2009-08-18 18:15:05,9.0
2009-08-19 18:15:05,15.0
2009-08-20 18:15:05,24.0
2009-08-21 18:15:05,16.0
2009-08-22 18:15:05,8.0
2009-08-23 18:15:05,12.0
2009-08-24 18:15:05,8.0
2009-08-25 18:15:05,55.0
2009-08-26 18:15:05,42.0
2009-08-27 18:15:05,33.0
2009-08-28 18:15:05,64.0
2009-08-29 18:15:05,83.0
2009-08-30 18:15:05,91.0
2009-08-31 18:15:05,95.0
2009-09-01 18:15:05,79.0
2009-09-02 18:15:05,68.0
2009-09-03 18:15:05,61.0
2009-09-04 18:15:05,63.0
2009-09-05 18:15:05,71.0
2009-09-06 18:15:05,72.0
2009-09-07 18:15:05,79.0
2009-09-08 18:15:05,66.0
2009-09-09 18:15:05,58.0
2009-09-10 18:15:05,61.0
2009-09-11 18:15:05,68.0
2009-09-12 18:15:05,71.0
2009-09-13 18:15:05,70.0
2009-09-14 18:15:05,81.0
2009-09-15 18:15:05,56.0
2009-09-16 18:15:05,59.0
2009-09-17 18:15:05,84.0
2009-09-18 18:15:05,81.0
2009-09-19 18:15:05,71.0
2009-09-20 18:15:05,79.0
2009-09-21 18:15:05,74.0
2009-09-22 18:15:05,35.0
2009-09-23 18:15:05,28.0
2009-09-24 18:15:05,82.0
2009-09-25 18:15:05,102.0
2009-09-26 18:15:05,94.0
2009-09-27 18:15:05,90.0
2009-09-28 18:15:05,88.0
2009-09-29 18:15:05,85.0
2009-09-30 18:15:05,87.0
2009-10-01 18:15:05,85.0
2009-10-02 18:15:05,76.0
2009-10-03 18:15:05,58.0
2009-10-04 18:15:05,61.0
2009-10-05 18:15:05,58.0
2009-10-06 18:15:05,43.0
2009-10-07 18:15:05,51.0
2009-10-08 18:15:05,70.0
2009-10-09 18:15:05,78.0
2009-10-10 18:15:05,77.0
2009-10-11 18:15:05,79.0
2009-10-12 18:15:05,63.0
2009-10-13 18:15:05,51.0
2009-10-14 18:15:05,56.0
2009-10-15 18:15:05,85.0
2009-10-16 18:15:05,66.0
2009-10-17 18:15:05,55.0
2009-10-18 18:15:05,65.0
2009-10-19 18:15:05,99.0
2009-10-20 18:15:05,111.0
2009-10-21 18:15:05,84.0
2009-10-22 18:15:05,88.0
2009-10-23 18:15:05,87.0
2009-10-24 18:15:05,75.0
2009-10-25 18:15:05,74.0
2009-10-26 18:15:05,65.0
2009-10-27 18:15:05,67.0
2009-10-28 18:15:05,64.0
2009-10-29 18:15:05,51.0
2009-10-30 18:15:05,62.0
2009-10-31 18:15:05,45.0
2009-11-01 18:15:05,30.0
2009-11-02 18:15:05,33.0
2009-11-03 18:15:05,57.0
2009-11-04 18:15:05,62.0
2009-11-05 18:15:05,65.0
2009-11-06 18:15:05,49.0
2009-11-07 18:15:05,76.0
2009-11-08 18:15:05,70.0
2009-11-09 18:15:05,65.0
2009-11-10 18:15:05,71.0
2009-11-11 18:15:05,78.0
2009-11-12 18:15:05,70.0
2009-11-13 18:15:05,73.0
2009-11-14 18:15:05,83.0
2009-11-15 18:15:05,96.0
2009-11-16 18:15:05,100.0
2009-11-17 18:15:05,91.0
2009-11-18 18:15:05,79.0
2009-11-19 18:15:05,73.0
2009-11-20 18:15:05,84.0
2009-11-21 18:15:05,77.0
2009-11-22 18:15:05,100.0
2009-11-23 18:15:05,96.0
2009-11-24 18:15:05,102.0
2009-11-25 18:15:05,85.0
2009-11-26 18:15:05,78.0
2009-11-27 18:15:05,75.0
2009-11-28 18:15:05,78.0
2009-11-29 18:15:05,58.0
2009-11-30 18:15:05,74.0
2009-12-01 18:15:05,66.0
2009-12-02 18:15:05,99.0
2009-12-03 18:15:05,85.0
2009-12-04 18:15:05,49.0
2009-12-05 18:15:05,52.0
2009-12-06 18:15:05,108.0
2009-12-07 18:15:05,94.0
2009-12-08 18:15:05,121.0
2009-12-09 18:15:05,104.0
2009-12-10 18:15:05,106.0
2009-12-11 18:15:05,125.0
2009-12-12 18:15:05,103.0
2009-12-13 18:15:05,104.0
2009-12-14 18:15:05,113.0
2009-12-15 18:15:05,117.0
2009-12-16 18:15:05,121.0
2009-12-17 18:15:05,163.0
2009-12-18 18:15:05,201.0
2009-12-19 18:15:05,225.0
2009-12-20 18:15:05,175.0
2009-12-21 18:15:05,188.0
2009-12-22 18:15:05,152.0
2009-12-23 18:15:05,169.0
2009-12-24 18:15:05,144.0
2009-12-25 18:15:05,158.0
2009-12-26 18:15:05,159.0
2009-12-27 18:15:05,170.0
2009-12-28 18:15:05,138.0
2009-12-29 18:15:05,164.0
2009-12-30 18:15:05,156.0
2009-12-31 18:15:05,150.0
2010-01-01 18:15:05,119.0
2010-01-02 18:15:05,132.0
2010-01-03 18:15:05,163.0
2010-01-04 18:15:05,192.0
2010-01-05 18:15:05,208.0
2010-01-06 18:15:05,158.0
2010-01-07 18:15:05,159.0
2010-01-08 18:15:05,150.0
2010-01-09 18:15:05,148.0
2010-01-10 18:15:05,191.0
2010-01-11 18:15:05,154.0
2010-01-12 18:15:05,168.0
2010-01-13 18:15:05,160.0
2010-01-14 18:15:05,159.0
2010-01-15 18:15:05,137.0
2010-01-16 18:15:05,135.0
2010-01-17 18:15:05,124.0
2010-01-18 18:15:05,130.0
2010-01-19 18:15:05,120.0
2010-01-20 18:15:05,140.0
2010-01-21 18:15:05,187.0
2010-01-22 18:15:05,152.0
2010-01-23 18:15:05,152.0
2010-01-24 18:15:05,148.0
2010-01-25 18:15:05,207.0
2010-01-26 18:15:05,208.0
2010-01-27 18:15:05,178.0
2010-01-28 18:15:05,176.0
2010-01-29 18:15:05,195.0
2010-01-30 18:15:05,183.0
2010-01-31 18:15:05,210.0
2010-02-01 18:15:05,189.0
2010-02-02 18:15:05,142.0
2010-02-03 18:15:05,246.0
2010-02-04 18:15:05,235.0
2010-02-05 18:15:05,250.0
2010-02-06 18:15:05,204.0
2010-02-07 18:15:05,210.0
2010-02-08 18:15:05,221.0
2010-02-09 18:15:05,211.0
2010-02-10 18:15:05,166.0
2010-02-11 18:15:05,181.0
2010-02-12 18:15:05,193.0
2010-02-13 18:15:05,227.0
2010-02-14 18:15:05,215.0
2010-02-15 18:15:05,194.0
2010-02-16 18:15:05,182.0
2010-02-17 18:15:05,244.0
2010-02-18 18:15:05,235.0
2010-02-19 18:15:05,183.0
2010-02-20 18:15:05,224.0
2010-02-21 18:15:05,218.0
2010-02-22 18:15:05,261.0
2010-02-23 18:15:05,252.0
2010-02-24 18:15:05,196.0
2010-02-25 18:15:05,150.0
2010-02-26 18:15:05,176.0
2010-02-27 18:15:05,176.0
2010-02-28 18:15:05,165.0
2010-03-01 18:15:05,187.0
2010-03-02 18:15:05,204.0
2010-03-03 18:15:05,151.0
2010-03-04 18:15:05,187.0
2010-03-05 18:15:05,178.0
2010-03-06 18:15:05,188.0
2010-03-07 18:15:05,178.0
2010-03-08 18:15:05,141.0
2010-03-09 18:15:05,149.0
2010-03-10 18:15:05,152.0
2010-03-11 18:15:05,154.0
2010-03-12 18:15:05,119.0
2010-03-13 18:15:05,160.0
2010-03-14 18:15:05,127.0
2010-03-15 18:15:05,128.0
2010-03-16 18:15:05,138.0
2010-03-17 18:15:05,127.0
2010-03-18 18:15:05,161.0
2010-03-19 18:15:05,144.0
2010-03-20 18:15:05,203.0
2010-03-21 18:15:05,191.0
2010-03-22 18:15:05,186.0
2010-03-23 18:15:05,215.0
2010-03-24 18:15:05,187.0
2010-03-25 18:15:05,197.0
2010-03-26 18:15:05,213.0
2010-03-27 18:15:05,182.0
2010-03-28 18:15:05,198.0
2010-03-29 18:15:05,205.0
2010-03-30 18:15:05,217.0
2010-03-31 18:15:05,213.0
2010-04-01 18:15:05,198.0
2010-04-02 18:15:05,155.0
2010-04-03 18:15:05,171.0
2010-04-04 18:15:05,175.0
2010-04-05 18:15:05,179.0
2010-04-06 18:15:05,175.0
2010-04-07 18:15:05,207.0
2010-04-08 18:15:05,208.0
2010-04-09 18:15:05,189.0
2010-04-10 18:15:05,294.0
2010-04-11 18:15:05,271.0
2010-04-12 18:15:05,270.0
2010-04-13 18:15:05,190.0
2010-04-14 18:15:05,230.0
2010-04-15 18:15:05,254.0
2010-04-16 18:15:05,234.0
2010-04-17 18:15:05,242.0
2010-04-18 18:15:05,308.0
2010-04-19 18:15:05,265.0
2010-04-20 18:15:05,242.0
2010-04-21 18:15:05,251.0
2010-04-22 18:15:05,210.0
2010-04-23 18:15:05,181.0
2010-04-24 18:15:05,169.0
2010-04-25 18:15:05,210.0
2010-04-26 18:15:05,207.0
2010-04-27 18:15:05,214.0
2010-04-28 18:15:05,219.0
2010-04-29 18:15:05,197.0
2010-04-30 18:15:05,181.0
2010-05-01 18:15:05,187.0
2010-05-02 18:15:05,197.0
2010-05-03 18:15:05,186.0
2010-05-04 18:15:05,151.0
2010-05-05 18:15:05,191.0
2010-05-06 18:15:05,173.0
2010-05-07 18:15:05,166.0
2010-05-08 18:15:05,170.0
2010-05-09 18:15:05,193.0
2010-05-10 18:15:05,161.0
2010-05-11 18:15:05,138.0
2010-05-12 18:15:05,147.0
2010-05-13 18:15:05,164.0
2010-05-14 18:15:05,148.0
2010-05-15 18:15:05,138.0
2010-05-16 18:15:05,118.0
2010-05-17 18:15:05,173.0
2010-05-18 18:15:05,217.0
2010-05-19 18:15:05,201.0
2010-05-20 18:15:05,211.0
2010-05-21 18:15:05,230.0
2010-05-22 18:15:05,227.0
2010-05-23 18:15:05,300.0
2010-05-24 18:15:05,262.0
2010-05-25 18:15:05,267.0
2010-05-26 18:15:05,259.0
2010-05-27 18:15:05,278.0
2010-05-28 18:15:05,265.0
2010-05-29 18:15:05,262.0
2010-05-30 18:15:05,200.0
2010-05-31 18:15:05,207.0
2010-06-01 18:15:05,178.0
2010-06-02 18:15:05,182.0
2010-06-03 18:15:05,219.0
2010-06-04 18:15:05,200.0
2010-06-05 18:15:05,188.0
2010-06-06 18:15:05,201.0
2010-06-07 18:15:05,211.0
2010-06-08 18:15:05,222.0
2010-06-09 18:15:05,199.0
2010-06-10 18:15:05,224.0
2010-06-11 18:15:05,235.0
2010-06-12 18:15:05,200.0
2010-06-13 18:15:05,221.0
2010-06-14 18:15:05,216.0
2010-06-15 18:15:05,260.0
2010-06-16 18:15:05,196.0
2010-06-17 18:15:05,208.0
2010-06-18 18:15:05,184.0
2010-06-19 18:15:05,218.0
2010-06-20 18:15:05,216.0
2010-06-21 18:15:05,209.0
2010-06-22 18:15:05,212.0
2010-06-23 18:15:05,213.0
2010-06-24 18:15:05,247.0
2010-06-25 18:15:05,208.0
2010-06-26 18:15:05,205.0
2010-06-27 18:15:05,215.0
2010-06-28 18:15:05,220.0
2010-06-29 18:15:05,218.0
2010-06-30 18:15:05,256.0
2010-07-01 18:15:05,273.0
2010-07-02 18:15:05,239.0
2010-07-03 18:15:05,283.0
2010-07-04 18:15:05,245.0
2010-07-05 18:15:05,243.0
2010-07-06 18:15:05,224.0
2010-07-07 18:15:05,209.0
2010-07-08 18:15:05,224.0
2010-07-09 18:15:05,246.0
2010-07-10 18:15:05,238.0
2010-07-11 18:15:05,242.0
2010-07-12 18:15:05,624.0
2010-07-13 18:15:05,1067.0
2010-07-14 18:15:05,809.0
2010-07-15 18:15:05,911.0
2010-07-16 18:15:05,871.0
2010-07-17 18:15:05,368.0
2010-07-18 18:15:05,287.0
2010-07-19 18:15:05,370.0
2010-07-20 18:15:05,325.0
2010-07-21 18:15:05,337.0
2010-07-22 18:15:05,321.0
2010-07-23 18:15:05,319.0
2010-07-24 18:15:05,291.0
2010-07-25 18:15:05,316.0
2010-07-26 18:15:05,410.0
2010-07-27 18:15:05,322.0
2010-07-28 18:15:05,274.0
2010-07-29 18:15:05,274.0
2010-07-30 18:15:05,296.0
2010-07-31 18:15:05,252.0
2010-08-01 18:15:05,289.0
2010-08-02 18:15:05,372.0
2010-08-03 18:15:05,359.0
2010-08-04 18:15:05,320.0
2010-08-05 18:15:05,361.0
2010-08-06 18:15:05,254.0
2010-08-07 18:15:05,225.0
2010-08-08 18:15:05,257.0
2010-08-09 18:15:05,324.0
2010-08-10 18:15:05,338.0
2010-08-11 18:15:05,337.0
2010-08-12 18:15:05,340.0
2010-08-13 18:15:05,317.0
2010-08-14 18:15:05,363.0
2010-08-15 18:15:05,388.0
2010-08-16 18:15:05,227.0
2010-08-17 18:15:05,248.0
2010-08-18 18:15:05,241.0
2010-08-19 18:15:05,266.0
2010-08-20 18:15:05,303.0
2010-08-21 18:15:05,289.0
2010-08-22 18:15:05,310.0
2010-08-23 18:15:05,332.0
2010-08-24 18:15:05,292.0
2010-08-25 18:15:05,335.0
2010-08-26 18:15:05,308.0
2010-08-27 18:15:05,255.0
2010-08-28 18:15:05,283.0
2010-08-29 18:15:05,228.0
2010-08-30 18:15:05,245.0
2010-08-31 18:15:05,360.0
2010-09-01 18:15:05,295.0
2010-09-02 18:15:05,252.0
2010-09-03 18:15:05,261.0
2010-09-04 18:15:05,255.0
2010-09-05 18:15:05,246.0
2010-09-06 18:15:05,277.0
2010-09-07 18:15:05,230.0
2010-09-08 18:15:05,232.0
2010-09-09 18:15:05,252.0
2010-09-10 18:15:05,277.0
2010-09-11 18:15:05,237.0
2010-09-12 18:15:05,303.0
2010-09-13 18:15:05,306.0
2010-09-14 18:15:05,380.0
2010-09-15 18:15:05,329.0
2010-09-16 18:15:05,335.0
2010-09-17 18:15:05,322.0
2010-09-18 18:15:05,339.0
2010-09-19 18:15:05,292.0
2010-09-20 18:15:05,352.0
2010-09-21 18:15:05,321.0
2010-09-22 18:15:05,384.0
2010-09-23 18:15:05,399.0
2010-09-24 18:15:05,447.0
2010-09-25 18:15:05,321.0
2010-09-26 18:15:05,316.0
2010-09-27 18:15:05,361.0
2010-09-28 18:15:05,339.0
2010-09-29 18:15:05,284.0
2010-09-30 18:15:05,273.0
2010-10-01 18:15:05,226.0
2010-10-02 18:15:05,199.0
2010-10-03 18:15:05,245.0
2010-10-04 18:15:05,267.0
2010-10-05 18:15:05,225.0
2010-10-06 18:15:05,290.0
2010-10-07 18:15:05,287.0
2010-10-08 18:15:05,257.0
2010-10-09 18:15:05,275.0
2010-10-10 18:15:05,291.0
2010-10-11 18:15:05,261.0
2010-10-12 18:15:05,278.0
2010-10-13 18:15:05,241.0
2010-10-14 18:15:05,296.0
2010-10-15 18:15:05,268.0
2010-10-16 18:15:05,327.0
2010-10-17 18:15:05,367.0
2010-10-18 18:15:05,385.0
2010-10-19 18:15:05,408.0
2010-10-20 18:15:05,397.0
2010-10-21 18:15:05,354.0
2010-10-22 18:15:05,271.0
2010-10-23 18:15:05,275.0
2010-10-24 18:15:05,290.0
2010-10-25 18:15:05,312.0
2010-10-26 18:15:05,338.0
2010-10-27 18:15:05,350.0
2010-10-28 18:15:05,287.0
2010-10-29 18:15:05,359.0
2010-10-30 18:15:05,346.0
2010-10-31 18:15:05,269.0
2010-11-01 18:15:05,312.0
2010-11-02 18:15:05,252.0
2010-11-03 18:15:05,281.0
2010-11-04 18:15:05,321.0
2010-11-05 18:15:05,356.0
2010-11-06 18:15:05,337.0
2010-11-07 18:15:05,404.0
2010-11-08 18:15:05,446.0
2010-11-09 18:15:05,376.0
2010-11-10 18:15:05,314.0
2010-11-11 18:15:05,366.0
2010-11-12 18:15:05,255.0
2010-11-13 18:15:05,316.0
2010-11-14 18:15:05,365.0
2010-11-15 18:15:05,298.0
2010-11-16 18:15:05,303.0
2010-11-17 18:15:05,358.0
2010-11-18 18:15:05,356.0
2010-11-19 18:15:05,274.0
2010-11-20 18:15:05,240.0
2010-11-21 18:15:05,218.0
2010-11-22 18:15:05,308.0
2010-11-23 18:15:05,263.0
2010-11-24 18:15:05,2623.0
2010-11-25 18:15:05,2844.0
2010-11-26 18:15:05,364.0
2010-11-27 18:15:05,319.0
2010-11-28 18:15:05,288.0
2010-11-29 18:15:05,382.0
2010-11-30 18:15:05,371.0
2010-12-01 18:15:05,304.0
2010-12-02 18:15:05,314.0
2010-12-03 18:15:05,317.0
2010-12-04 18:15:05,332.0
2010-12-05 18:15:05,345.0
2010-12-06 18:15:05,368.0
2010-12-07 18:15:05,388.0
2010-12-08 18:15:05,383.0
2010-12-09 18:15:05,395.0
2010-12-10 18:15:05,252.0
2010-12-11 18:15:05,311.0
2010-12-12 18:15:05,308.0
2010-12-13 18:15:05,302.0
2010-12-14 18:15:05,300.0
2010-12-15 18:15:05,352.0
2010-12-16 18:15:05,370.0
2010-12-17 18:15:05,318.0
2010-12-18 18:15:05,323.0
2010-12-19 18:15:05,340.0
2010-12-20 18:15:05,337.0
2010-12-21 18:15:05,362.0
2010-12-22 18:15:05,304.0
2010-12-23 18:15:05,268.0
2010-12-24 18:15:05,267.0
2010-12-25 18:15:05,269.0
2010-12-26 18:15:05,253.0
2010-12-27 18:15:05,273.0
2010-12-28 18:15:05,342.0
2010-12-29 18:15:05,364.0
2010-12-30 18:15:05,308.0
2010-12-31 18:15:05,303.0
2011-01-01 18:15:05,346.0
2011-01-02 18:15:05,372.0
2011-01-03 18:15:05,350.0
2011-01-04 18:15:05,814.0
2011-01-05 18:15:05,709.0
2011-01-06 18:15:05,437.0
2011-01-07 18:15:05,512.0
2011-01-08 18:15:05,797.0
2011-01-09 18:15:05,738.0
2011-01-10 18:15:05,804.0
2011-01-11 18:15:05,774.0
2011-01-12 18:15:05,809.0
2011-01-13 18:15:05,858.0
2011-01-14 18:15:05,842.0
2011-01-15 18:15:05,527.0
2011-01-16 18:15:05,570.0
2011-01-17 18:15:05,449.0
2011-01-18 18:15:05,351.0
2011-01-19 18:15:05,441.0
2011-01-20 18:15:05,524.0
2011-01-21 18:15:05,496.0
2011-01-22 18:15:05,608.0
2011-01-23 18:15:05,531.0
2011-01-24 18:15:05,595.0
2011-01-25 18:15:05,541.0
2011-01-26 18:15:05,485.0
2011-01-27 18:15:05,471.0
2011-01-28 18:15:05,500.0
2011-01-29 18:15:05,607.0
2011-01-30 18:15:05,483.0
2011-01-31 18:15:05,505.0
2011-02-01 18:15:05,600.0
2011-02-02 18:15:05,536.0
2011-02-03 18:15:05,489.0
2011-02-04 18:15:05,454.0
2011-02-05 18:15:05,566.0
2011-02-06 18:15:05,433.0
2011-02-07 18:15:05,493.0
2011-02-08 18:15:05,508.0
2011-02-09 18:15:05,506.0
2011-02-10 18:15:05,639.0
2011-02-11 18:15:05,709.0
2011-02-12 18:15:05,788.0
2011-02-13 18:15:05,696.0
2011-02-14 18:15:05,784.0
2011-02-15 18:15:05,820.0
2011-02-16 18:15:05,788.0
2011-02-17 18:15:05,726.0
2011-02-18 18:15:05,826.0
2011-02-19 18:15:05,753.0
2011-02-20 18:15:05,677.0
2011-02-21 18:15:05,672.0
2011-02-22 18:15:05,805.0
2011-02-23 18:15:05,806.0
2011-02-24 18:15:05,651.0
2011-02-25 18:15:05,675.0
2011-02-26 18:15:05,670.0
2011-02-27 18:15:05,809.0
2011-02-28 18:15:05,763.0
2011-03-01 18:15:05,755.0
2011-03-02 18:15:05,777.0
2011-03-03 18:15:05,780.0
2011-03-04 18:15:05,862.0
2011-03-05 18:15:05,818.0
2011-03-06 18:15:05,807.0
2011-03-07 18:15:05,761.0
2011-03-08 18:15:05,734.0
2011-03-09 18:15:05,664.0
2011-03-10 18:15:05,599.0
2011-03-11 18:15:05,623.0
2011-03-12 18:15:05,676.0
2011-03-13 18:15:05,1429.0
2011-03-14 18:15:05,651.0
2011-03-15 18:15:05,1259.0
2011-03-16 18:15:05,721.0
2011-03-17 18:15:05,648.0
2011-03-18 18:15:05,1304.0
2011-03-19 18:15:05,610.0
2011-03-20 18:15:05,618.0
2011-03-21 18:15:05,1508.0
2011-03-22 18:15:05,807.0
2011-03-23 18:15:05,1704.0
2011-03-24 18:15:05,884.0
2011-03-25 18:15:05,999.0
2011-03-26 18:15:05,1242.0
2011-03-27 18:15:05,823.0
2011-03-28 18:15:05,1204.0
2011-03-29 18:15:05,797.0
2011-03-30 18:15:05,763.0
2011-03-31 18:15:05,951.0
2011-04-01 18:15:05,803.0
2011-04-02 18:15:05,708.0
2011-04-03 18:15:05,777.0
2011-04-04 18:15:05,825.0
2011-04-05 18:15:05,982.0
2011-04-06 18:15:05,817.0
2011-04-07 18:15:05,907.0
2011-04-08 18:15:05,747.0
2011-04-09 18:15:05,833.0
2011-04-10 18:15:05,859.0
2011-04-11 18:15:05,926.0
2011-04-12 18:15:05,1014.0
2011-04-13 18:15:05,1165.0
2011-04-14 18:15:05,815.0
2011-04-15 18:15:05,974.0
2011-04-16 18:15:05,997.0
2011-04-17 18:15:05,1053.0
2011-04-18 18:15:05,1125.0
2011-04-19 18:15:05,1191.0
2011-04-20 18:15:05,1176.0
2011-04-21 18:15:05,1017.0
2011-04-22 18:15:05,1130.0
2011-04-23 18:15:05,913.0
2011-04-24 18:15:05,1283.0
2011-04-25 18:15:05,1191.0
2011-04-26 18:15:05,1170.0
2011-04-27 18:15:05,1235.0
2011-04-28 18:15:05,1365.0
2011-04-29 18:15:05,1420.0
2011-04-30 18:15:05,1402.0
2011-05-01 18:15:05,1711.0
2011-05-02 18:15:05,1267.0
2011-05-03 18:15:05,1395.0
2011-05-04 18:15:05,1203.0
2011-05-05 18:15:05,1274.0
2011-05-06 18:15:05,1292.0
2011-05-07 18:15:05,1240.0
2011-05-08 18:15:05,1379.0
2011-05-09 18:15:05,1617.0
2011-05-10 18:15:05,1365.0
2011-05-11 18:15:05,1431.0
2011-05-12 18:15:05,1150.0
2011-05-13 18:15:05,2098.0
2011-05-14 18:15:05,1649.0
2011-05-15 18:15:05,1671.0
2011-05-16 18:15:05,1666.0
2011-05-17 18:15:05,1627.0
2011-05-18 18:15:05,1838.0
2011-05-19 18:15:05,1766.0
2011-05-20 18:15:05,1626.0
2011-05-21 18:15:05,1790.0
2011-05-22 18:15:05,1538.0
2011-05-23 18:15:05,1528.0
2011-05-24 18:15:05,1441.0
2011-05-25 18:15:05,1550.0
2011-05-26 18:15:05,2045.0
2011-05-27 18:15:05,1689.0
2011-05-28 18:15:05,1381.0
2011-05-29 18:15:05,1309.0
2011-05-30 18:15:05,1569.0
2011-05-31 18:15:05,1879.0
2011-06-01 18:15:05,1781.0
2011-06-02 18:15:05,2117.0
2011-06-03 18:15:05,2692.0
2011-06-04 18:15:05,2293.0
2011-06-05 18:15:05,2326.0
2011-06-06 18:15:05,2485.0
2011-06-07 18:15:05,2657.0
2011-06-08 18:15:05,3266.0
2011-06-09 18:15:05,3396.0
2011-06-10 18:15:05,2714.0
2011-06-11 18:15:05,2758.0
2011-06-12 18:15:05,2987.0
2011-06-13 18:15:05,2996.0
2011-06-14 18:15:05,3047.0
2011-06-15 18:15:05,3072.0
2011-06-16 18:15:05,2810.0
2011-06-17 18:15:05,2879.0
2011-06-18 18:15:05,3106.0
2011-06-19 18:15:05,2919.0
2011-06-20 18:15:05,3290.0
2011-06-21 18:15:05,2879.0
2011-06-22 18:15:05,2601.0
2011-06-23 18:15:05,2620.0
2011-06-24 18:15:05,2433.0
2011-06-25 18:15:05,2787.0
2011-06-26 18:15:05,2636.0
2011-06-27 18:15:05,3569.0
2011-06-28 18:15:05,3021.0
2011-06-29 18:15:05,2628.0
2011-06-30 18:15:05,2873.0
2011-07-01 18:15:05,2536.0
2011-07-02 18:15:05,2726.0
2011-07-03 18:15:05,2102.0
2011-07-04 18:15:05,2428.0
2011-07-05 18:15:05,2851.0
2011-07-06 18:15:05,3150.0
2011-07-07 18:15:05,3035.0
2011-07-08 18:15:05,2684.0
2011-07-09 18:15:05,2474.0
2011-07-10 18:15:05,2307.0
2011-07-11 18:15:05,2711.0
2011-07-12 18:15:05,2967.0
2011-07-13 18:15:05,2649.0
2011-07-14 18:15:05,2473.0
2011-07-15 18:15:05,2544.0
2011-07-16 18:15:05,2629.0
2011-07-17 18:15:05,2614.0
2011-07-18 18:15:05,2494.0
2011-07-19 18:15:05,2770.0
2011-07-20 18:15:05,2613.0
2011-07-21 18:15:05,2685.0
2011-07-22 18:15:05,2441.0
2011-07-23 18:15:05,2436.0
2011-07-24 18:15:05,2037.0
2011-07-25 18:15:05,2628.0
2011-07-26 18:15:05,2432.0
2011-07-27 18:15:05,2202.0
2011-07-28 18:15:05,2152.0
2011-07-29 18:15:05,1881.0
2011-07-30 18:15:05,1939.0
2011-07-31 18:15:05,1705.0
2011-08-01 18:15:05,1978.0
2011-08-02 18:15:05,2577.0
2011-08-03 18:15:05,2668.0
2011-08-04 18:15:05,2818.0
2011-08-05 18:15:05,2245.0
2011-08-06 18:15:05,2281.0
2011-08-07 18:15:05,2339.0
2011-08-08 18:15:05,2379.0
2011-08-09 18:15:05,2424.0
2011-08-10 18:15:05,2565.0
2011-08-11 18:15:05,2418.0
2011-08-12 18:15:05,2279.0
2011-08-13 18:15:05,2203.0
2011-08-14 18:15:05,2158.0
2011-08-15 18:15:05,2758.0
2011-08-16 18:15:05,2760.0
2011-08-17 18:15:05,2574.0
2011-08-18 18:15:05,2217.0
2011-08-19 18:15:05,2121.0
2011-08-20 18:15:05,2214.0
2011-08-21 18:15:05,2082.0
2011-08-22 18:15:05,2279.0
2011-08-23 18:15:05,2289.0
2011-08-24 18:15:05,2469.0
2011-08-25 18:15:05,2313.0
2011-08-26 18:15:05,2571.0
2011-08-27 18:15:05,2314.0
2011-08-28 18:15:05,1964.0
2011-08-29 18:15:05,2251.0
2011-08-30 18:15:05,2488.0
2011-08-31 18:15:05,2316.0
2011-09-01 18:15:05,2384.0
2011-09-02 18:15:05,2142.0
2011-09-03 18:15:05,2061.0
2011-09-04 18:15:05,1853.0
2011-09-05 18:15:05,2099.0
2011-09-06 18:15:05,2259.0
2011-09-07 18:15:05,2261.0
2011-09-08 18:15:05,2164.0
2011-09-09 18:15:05,2735.0
2011-09-10 18:15:05,2279.0
2011-09-11 18:15:05,1969.0
2011-09-12 18:15:05,2389.0
2011-09-13 18:15:05,2124.0
2011-09-14 18:15:05,1886.0
2011-09-15 18:15:05,1824.0
2011-09-16 18:15:05,1953.0
2011-09-17 18:15:05,1758.0
2011-09-18 18:15:05,1724.0
2011-09-19 18:15:05,2087.0
2011-09-20 18:15:05,2347.0
2011-09-21 18:15:05,3395.0
2011-09-22 18:15:05,2264.0
2011-09-23 18:15:05,1683.0
2011-09-24 18:15:05,2033.0
2011-09-25 18:15:05,1732.0
2011-09-26 18:15:05,1869.0
2011-09-27 18:15:05,1836.0
2011-09-28 18:15:05,1729.0
2011-09-29 18:15:05,1809.0
2011-09-30 18:15:05,1719.0
2011-10-01 18:15:05,1831.0
2011-10-02 18:15:05,1580.0
2011-10-03 18:15:05,1932.0
2011-10-04 18:15:05,1946.0
2011-10-05 18:15:05,1902.0
2011-10-06 18:15:05,1833.0
2011-10-07 18:15:05,1856.0
2011-10-08 18:15:05,1838.0
2011-10-09 18:15:05,1504.0
2011-10-10 18:15:05,1808.0
2011-10-11 18:15:05,1952.0
2011-10-12 18:15:05,2125.0
2011-10-13 18:15:05,1875.0
2011-10-14 18:15:05,2047.0
2011-10-15 18:15:05,1991.0
2011-10-16 18:15:05,1815.0
2011-10-17 18:15:05,2010.0
2011-10-18 18:15:05,2196.0
2011-10-19 18:15:05,1943.0
2011-10-20 18:15:05,1752.0
2011-10-21 18:15:05,1742.0
2011-10-22 18:15:05,1775.0
2011-10-23 18:15:05,2233.0
2011-10-24 18:15:05,2297.0
2011-10-25 18:15:05,2105.0
2011-10-26 18:15:05,1959.0
2011-10-27 18:15:05,1881.0
2011-10-28 18:15:05,2220.0
2011-10-29 18:15:05,2349.0
2011-10-30 18:15:05,2020.0
2011-10-31 18:15:05,1899.0
2011-11-01 18:15:05,2139.0
2011-11-02 18:15:05,2025.0
2011-11-03 18:15:05,2098.0
2011-11-04 18:15:05,2556.0
2011-11-05 18:15:05,2258.0
2011-11-06 18:15:05,1830.0
2011-11-07 18:15:05,2106.0
2011-11-08 18:15:05,2453.0
2011-11-09 18:15:05,2565.0
2011-11-10 18:15:05,2795.0
2011-11-11 18:15:05,2601.0
2011-11-12 18:15:05,2263.0
2011-11-13 18:15:05,2269.0
2011-11-14 18:15:05,2576.0
2011-11-15 18:15:05,2646.0
2011-11-16 18:15:05,2597.0
2011-11-17 18:15:05,2275.0
2011-11-18 18:15:05,1985.0
2011-11-19 18:15:05,1965.0
2011-11-20 18:15:05,1923.0
2011-11-21 18:15:05,2133.0
2011-11-22 18:15:05,2372.0
2011-11-23 18:15:05,2712.0
2011-11-24 18:15:05,2416.0
2011-11-25 18:15:05,2116.0
2011-11-26 18:15:05,2413.0
2011-11-27 18:15:05,2303.0
2011-11-28 18:15:05,3016.0
2011-11-29 18:15:05,3115.0
2011-11-30 18:15:05,2865.0
2011-12-01 18:15:05,2995.0
2011-12-02 18:15:05,2724.0
2011-12-03 18:15:05,2486.0
2011-12-04 18:15:05,2509.0
2011-12-05 18:15:05,2887.0
2011-12-06 18:15:05,3219.0
2011-12-07 18:15:05,3115.0
2011-12-08 18:15:05,2688.0
2011-12-09 18:15:05,2406.0
2011-12-10 18:15:05,2374.0
2011-12-11 18:15:05,2365.0
2011-12-12 18:15:05,2323.0
2011-12-13 18:15:05,2544.0
2011-12-14 18:15:05,2392.0
2011-12-15 18:15:05,2698.0
2011-12-16 18:15:05,2532.0
2011-12-17 18:15:05,2254.0
2011-12-18 18:15:05,1960.0
2011-12-19 18:15:05,2382.0
2011-12-20 18:15:05,3101.0
2011-12-21 18:15:05,2471.0
2011-12-22 18:15:05,2457.0
2011-12-23 18:15:05,2789.0
2011-12-24 18:15:05,2353.0
2011-12-25 18:15:05,2636.0
2011-12-26 18:15:05,2686.0
2011-12-27 18:15:05,3021.0
2011-12-28 18:15:05,2248.0
2011-12-29 18:15:05,2407.0
2011-12-30 18:15:05,2241.0
2011-12-31 18:15:05,2532.0
2012-01-01 18:15:05,2012.0
2012-01-02 18:15:05,2879.0
2012-01-03 18:15:05,2476.0
2012-01-04 18:15:05,2579.0
2012-01-05 18:15:05,3080.0
2012-01-06 18:15:05,3157.0
2012-01-07 18:15:05,2705.0
2012-01-08 18:15:05,2857.0
2012-01-09 18:15:05,2729.0
2012-01-10 18:15:05,3072.0
2012-01-11 18:15:05,3265.0
2012-01-12 18:15:05,2815.0
2012-01-13 18:15:05,3119.0
2012-01-14 18:15:05,2682.0
2012-01-15 18:15:05,2697.0
2012-01-16 18:15:05,2850.0
2012-01-17 18:15:05,2880.0
2012-01-18 18:15:05,3289.0
2012-01-19 18:15:05,2893.0
2012-01-20 18:15:05,3061.0
2012-01-21 18:15:05,2833.0
2012-01-22 18:15:05,2188.0
2012-01-23 18:15:05,2664.0
2012-01-24 18:15:05,2835.0
2012-01-25 18:15:05,3548.0
2012-01-26 18:15:05,3164.0
2012-01-27 18:15:05,3279.0
2012-01-28 18:15:05,2799.0
2012-01-29 18:15:05,2676.0
2012-01-30 18:15:05,2605.0
2012-01-31 18:15:05,2952.0
2012-02-01 18:15:05,3502.0
2012-02-02 18:15:05,3239.0
2012-02-03 18:15:05,3120.0
2012-02-04 18:15:05,3433.0
2012-02-05 18:15:05,2764.0
2012-02-06 18:15:05,2632.0
2012-02-07 18:15:05,2946.0
2012-02-08 18:15:05,3027.0
2012-02-09 18:15:05,3013.0
2012-02-10 18:15:05,3143.0
2012-02-11 18:15:05,3023.0
2012-02-12 18:15:05,2616.0
2012-02-13 18:15:05,2904.0
2012-02-14 18:15:05,3410.0
2012-02-15 18:15:05,3153.0
2012-02-16 18:15:05,3416.0
2012-02-17 18:15:05,3092.0
2012-02-18 18:15:05,2887.0
2012-02-19 18:15:05,2552.0
2012-02-20 18:15:05,2685.0
2012-02-21 18:15:05,3010.0
2012-02-22 18:15:05,3424.0
2012-02-23 18:15:05,3376.0
2012-02-24 18:15:05,3435.0
2012-02-25 18:15:05,3073.0
2012-02-26 18:15:05,2778.0
2012-02-27 18:15:05,2943.0
2012-02-28 18:15:05,3232.0
2012-02-29 18:15:05,3108.0
2012-03-01 18:15:05,3049.0
2012-03-02 18:15:05,3636.0
2012-03-03 18:15:05,2726.0
2012-03-04 18:15:05,2505.0
2012-03-05 18:15:05,3200.0
2012-03-06 18:15:05,3138.0
2012-03-07 18:15:05,3090.0
2012-03-08 18:15:05,2882.0
2012-03-09 18:15:05,3251.0
2012-03-10 18:15:05,2838.0
2012-03-11 18:15:05,2502.0
2012-03-12 18:15:05,2391.0
2012-03-13 18:15:05,3191.0
2012-03-14 18:15:05,3491.0
2012-03-15 18:15:05,3367.0
2012-03-16 18:15:05,3358.0
2012-03-17 18:15:05,3888.0
2012-03-18 18:15:05,2792.0
2012-03-19 18:15:05,3236.0
2012-03-20 18:15:05,3516.0
2012-03-21 18:15:05,3696.0
2012-03-22 18:15:05,3295.0
2012-03-23 18:15:05,3220.0
2012-03-24 18:15:05,3011.0
2012-03-25 18:15:05,2836.0
2012-03-26 18:15:05,3161.0
2012-03-27 18:15:05,3169.0
2012-03-28 18:15:05,3346.0
2012-03-29 18:15:05,3505.0
2012-03-30 18:15:05,3392.0
2012-03-31 18:15:05,2873.0
2012-04-01 18:15:05,2536.0
2012-04-02 18:15:05,2600.0
2012-04-03 18:15:05,3656.0
2012-04-04 18:15:05,3659.0
2012-04-05 18:15:05,3521.0
2012-04-06 18:15:05,3516.0
2012-04-07 18:15:05,3112.0
2012-04-08 18:15:05,2857.0
2012-04-09 18:15:05,2529.0
2012-04-10 18:15:05,3502.0
2012-04-11 18:15:05,3879.0
2012-04-12 18:15:05,3763.0
2012-04-13 18:15:05,3473.0
2012-04-14 18:15:05,3571.0
2012-04-15 18:15:05,3199.0
2012-04-16 18:15:05,3284.0
2012-04-17 18:15:05,3758.0
2012-04-18 18:15:05,3906.0
2012-04-19 18:15:05,3292.0
2012-04-20 18:15:05,3394.0
2012-04-21 18:15:05,3648.0
2012-04-22 18:15:05,2843.0
2012-04-23 18:15:05,3224.0
2012-04-24 18:15:05,3500.0
2012-04-25 18:15:05,3571.0
2012-04-26 18:15:05,3212.0
2012-04-27 18:15:05,3497.0
2012-04-28 18:15:05,3275.0
2012-04-29 18:15:05,3196.0
2012-04-30 18:15:05,3180.0
2012-05-01 18:15:05,3796.0
2012-05-02 18:15:05,4077.0
2012-05-03 18:15:05,4394.0
2012-05-04 18:15:05,4359.0
2012-05-05 18:15:05,3881.0
2012-05-06 18:15:05,3594.0
2012-05-07 18:15:05,3948.0
2012-05-08 18:15:05,4576.0
2012-05-09 18:15:05,4439.0
2012-05-10 18:15:05,4386.0
2012-05-11 18:15:05,4402.0
2012-05-12 18:15:05,3884.0
2012-05-13 18:15:05,3602.0
2012-05-14 18:15:05,4249.0
2012-05-15 18:15:05,4518.0
2012-05-16 18:15:05,4323.0
2012-05-17 18:15:05,3840.0
2012-05-18 18:15:05,4109.0
2012-05-19 18:15:05,4524.0
2012-05-20 18:15:05,4484.0
2012-05-21 18:15:05,4034.0
2012-05-22 18:15:05,4790.0
2012-05-23 18:15:05,5141.0
2012-05-24 18:15:05,4837.0
2012-05-25 18:15:05,5604.0
2012-05-26 18:15:05,4274.0
2012-05-27 18:15:05,3868.0
2012-05-28 18:15:05,4106.0
2012-05-29 18:15:05,5520.0
2012-05-30 18:15:05,4664.0
2012-05-31 18:15:05,5072.0
2012-06-01 18:15:05,4963.0
2012-06-02 18:15:05,4412.0
2012-06-03 18:15:05,4435.0
2012-06-04 18:15:05,4786.0
2012-06-05 18:15:05,5981.0
2012-06-06 18:15:05,4841.0
2012-06-07 18:15:05,5804.0
2012-06-08 18:15:05,5199.0
2012-06-09 18:15:05,5445.0
2012-06-10 18:15:05,5689.0
2012-06-11 18:15:05,5285.0
2012-06-12 18:15:05,5721.0
2012-06-13 18:15:05,6603.0
2012-06-14 18:15:05,7755.0
2012-06-15 18:15:05,7832.0
2012-06-16 18:15:05,6831.0
2012-06-17 18:15:05,5785.0
2012-06-18 18:15:05,6036.0
2012-06-19 18:15:05,5938.0
2012-06-20 18:15:05,6254.0
2012-06-21 18:15:05,5560.0
2012-06-22 18:15:05,6029.0
2012-06-23 18:15:05,5870.0
2012-06-24 18:15:05,5083.0
2012-06-25 18:15:05,5528.0
2012-06-26 18:15:05,6510.0
2012-06-27 18:15:05,6572.0
2012-06-28 18:15:05,6103.0
2012-06-29 18:15:05,5883.0
2012-06-30 18:15:05,5954.0
2012-07-01 18:15:05,5446.0
2012-07-02 18:15:05,5336.0
2012-07-03 18:15:05,6608.0
2012-07-04 18:15:05,5434.0
2012-07-05 18:15:05,4880.0
2012-07-06 18:15:05,5045.0
2012-07-07 18:15:05,4886.0
2012-07-08 18:15:05,4319.0
2012-07-09 18:15:05,5137.0
2012-07-10 18:15:05,5656.0
2012-07-11 18:15:05,6299.0
2012-07-12 18:15:05,7111.0
2012-07-13 18:15:05,6208.0
2012-07-14 18:15:05,6328.0
2012-07-15 18:15:05,5475.0
2012-07-16 18:15:05,6029.0
2012-07-17 18:15:05,7959.0
2012-07-18 18:15:05,5859.0
2012-07-19 18:15:05,5401.0
2012-07-20 18:15:05,5368.0
2012-07-21 18:15:05,6466.0
2012-07-22 18:15:05,6959.0
2012-07-23 18:15:05,8649.0
2012-07-24 18:15:05,6960.0
2012-07-25 18:15:05,6259.0
2012-07-26 18:15:05,5331.0
2012-07-27 18:15:05,6016.0
2012-07-28 18:15:05,8464.0
2012-07-29 18:15:05,5949.0
2012-07-30 18:15:05,6072.0
2012-07-31 18:15:05,11924.0
2012-08-01 18:15:05,11275.0
2012-08-02 18:15:05,7067.0
2012-08-03 18:15:05,6722.0
2012-08-04 18:15:05,6829.0
2012-08-05 18:15:05,6478.0
2012-08-06 18:15:05,7211.0
2012-08-07 18:15:05,7364.0
2012-08-08 18:15:05,5946.0
2012-08-09 18:15:05,9434.0
2012-08-10 18:15:05,6942.0
2012-08-11 18:15:05,7944.0
2012-08-12 18:15:05,6387.0
2012-08-13 18:15:05,11218.0
2012-08-14 18:15:05,8349.0
2012-08-15 18:15:05,7445.0
2012-08-16 18:15:05,10615.0
2012-08-17 18:15:05,10087.0
2012-08-18 18:15:05,9776.0
2012-08-19 18:15:05,7647.0
2012-08-20 18:15:05,7789.0
2012-08-21 18:15:05,8714.0
2012-08-22 18:15:05,8173.0
2012-08-23 18:15:05,8087.0
2012-08-24 18:15:05,8190.0
2012-08-25 18:15:05,8132.0
2012-08-26 18:15:05,5196.0
2012-08-27 18:15:05,6353.0
2012-08-28 18:15:05,9084.0
2012-08-29 18:15:05,7874.0
2012-08-30 18:15:05,5587.0
2012-08-31 18:15:05,8435.0
2012-09-01 18:15:05,10890.0
2012-09-02 18:15:05,5479.0
2012-09-03 18:15:05,4675.0
2012-09-04 18:15:05,7132.0
2012-09-05 18:15:05,6693.0
2012-09-06 18:15:05,7946.0
2012-09-07 18:15:05,6790.0
2012-09-08 18:15:05,6613.0
2012-09-09 18:15:05,8510.0
2012-09-10 18:15:05,6099.0
2012-09-11 18:15:05,7317.0
2012-09-12 18:15:05,7492.0
2012-09-13 18:15:05,5984.0
2012-09-14 18:15:05,6741.0
2012-09-15 18:15:05,6768.0
2012-09-16 18:15:05,6437.0
2012-09-17 18:15:05,5869.0
2012-09-18 18:15:05,7896.0
2012-09-19 18:15:05,8680.0
2012-09-20 18:15:05,14161.0
2012-09-21 18:15:05,7866.0
2012-09-22 18:15:05,5402.0
2012-09-23 18:15:05,5099.0
2012-09-24 18:15:05,5496.0
2012-09-25 18:15:05,9202.0
2012-09-26 18:15:05,12346.0
2012-09-27 18:15:05,8627.0
2012-09-28 18:15:05,10503.0
2012-09-29 18:15:05,8518.0
2012-09-30 18:15:05,6704.0
2012-10-01 18:15:05,5624.0
2012-10-02 18:15:05,10224.0
2012-10-03 18:15:05,12085.0
2012-10-04 18:15:05,9104.0
2012-10-05 18:15:05,9657.0
2012-10-06 18:15:05,7655.0
2012-10-07 18:15:05,7214.0
2012-10-08 18:15:05,8244.0
2012-10-09 18:15:05,9598.0
2012-10-10 18:15:05,9729.0
2012-10-11 18:15:05,8985.0
2012-10-12 18:15:05,8774.0
2012-10-13 18:15:05,8506.0
2012-10-14 18:15:05,7698.0
2012-10-15 18:15:05,9738.0
2012-10-16 18:15:05,7511.0
2012-10-17 18:15:05,9524.0
2012-10-18 18:15:05,10319.0
2012-10-19 18:15:05,9491.0
2012-10-20 18:15:05,8043.0
2012-10-21 18:15:05,7159.0
2012-10-22 18:15:05,7819.0
2012-10-23 18:15:05,7279.0
2012-10-24 18:15:05,9253.0
2012-10-25 18:15:05,8522.0
2012-10-26 18:15:05,9299.0
2012-10-27 18:15:05,7347.0
2012-10-28 18:15:05,6438.0
2012-10-29 18:15:05,5708.0
2012-10-30 18:15:05,7013.0
2012-10-31 18:15:05,7504.0
2012-11-01 18:15:05,7411.0
2012-11-02 18:15:05,6954.0
2012-11-03 18:15:05,7625.0
2012-11-04 18:15:05,6825.0
2012-11-05 18:15:05,7217.0
2012-11-06 18:15:05,7262.0
2012-11-07 18:15:05,7389.0
2012-11-08 18:15:05,7432.0
2012-11-09 18:15:05,7902.0
2012-11-10 18:15:05,6498.0
2012-11-11 18:15:05,5579.0
2012-11-12 18:15:05,7155.0
2012-11-13 18:15:05,6230.0
2012-11-14 18:15:05,7555.0
2012-11-15 18:15:05,9870.0
2012-11-16 18:15:05,8439.0
2012-11-17 18:15:05,9247.0
2012-11-18 18:15:05,9569.0
2012-11-19 18:15:05,9268.0
2012-11-20 18:15:05,8835.0
2012-11-21 18:15:05,8735.0
2012-11-22 18:15:05,9004.0
2012-11-23 18:15:05,8390.0
2012-11-24 18:15:05,8214.0
2012-11-25 18:15:05,7895.0
2012-11-26 18:15:05,8879.0
2012-11-27 18:15:05,9277.0
2012-11-28 18:15:05,8341.0
2012-11-29 18:15:05,8225.0
2012-11-30 18:15:05,7700.0
2012-12-01 18:15:05,7659.0
2012-12-02 18:15:05,5599.0
2012-12-03 18:15:05,5933.0
2012-12-04 18:15:05,8052.0
2012-12-05 18:15:05,11030.0
2012-12-06 18:15:05,10151.0
2012-12-07 18:15:05,8989.0
2012-12-08 18:15:05,8184.0
2012-12-09 18:15:05,7723.0
2012-12-10 18:15:05,7231.0
2012-12-11 18:15:05,8074.0
2012-12-12 18:15:05,8009.0
2012-12-13 18:15:05,8827.0
2012-12-14 18:15:05,9395.0
2012-12-15 18:15:05,7886.0
2012-12-16 18:15:05,6890.0
2012-12-17 18:15:05,7747.0
2012-12-18 18:15:05,8977.0
2012-12-19 18:15:05,9115.0
2012-12-20 18:15:05,8549.0
2012-12-21 18:15:05,8785.0
2012-12-22 18:15:05,13314.0
2012-12-23 18:15:05,9211.0
2012-12-24 18:15:05,8618.0
2012-12-25 18:15:05,7119.0
2012-12-26 18:15:05,6442.0
2012-12-27 18:15:05,6687.0
2012-12-28 18:15:05,8468.0
2012-12-29 18:15:05,8866.0
2012-12-30 18:15:05,8501.0
2012-12-31 18:15:05,8486.0
2013-01-01 18:15:05,7471.0
2013-01-02 18:15:05,9808.0
2013-01-03 18:15:05,11431.0
2013-01-04 18:15:05,10964.0
2013-01-05 18:15:05,12341.0
2013-01-06 18:15:05,10441.0
2013-01-07 18:15:05,12165.0
2013-01-08 18:15:05,12367.0
2013-01-09 18:15:05,11902.0
2013-01-10 18:15:05,12706.0
2013-01-11 18:15:05,13316.0
2013-01-12 18:15:05,11419.0
2013-01-13 18:15:05,12639.0
2013-01-14 18:15:05,7574.0
2013-01-15 18:15:05,11732.0
2013-01-16 18:15:05,12374.0
2013-01-17 18:15:05,12521.0
2013-01-18 18:15:05,13190.0
2013-01-19 18:15:05,12331.0
2013-01-20 18:15:05,11488.0
2013-01-21 18:15:05,10362.0
2013-01-22 18:15:05,12950.0
2013-01-23 18:15:05,9567.0
2013-01-24 18:15:05,11329.0
2013-01-25 18:15:05,11737.0
2013-01-26 18:15:05,10637.0
2013-01-27 18:15:05,10925.0
2013-01-28 18:15:05,10850.0
2013-01-29 18:15:05,9576.0
2013-01-30 18:15:05,8645.0
2013-01-31 18:15:05,8983.0
2013-02-01 18:15:05,13194.0
2013-02-02 18:15:05,13004.0
2013-02-03 18:15:05,12405.0
2013-02-04 18:15:05,13145.0
2013-02-05 18:15:05,13428.0
2013-02-06 18:15:05,13176.0
2013-02-07 18:15:05,13968.0
2013-02-08 18:15:05,14586.0
2013-02-09 18:15:05,13271.0
2013-02-10 18:15:05,14908.0
2013-02-11 18:15:05,11643.0
2013-02-12 18:15:05,11332.0
2013-02-13 18:15:05,10621.0
2013-02-14 18:15:05,10641.0
2013-02-15 18:15:05,11256.0
2013-02-16 18:15:05,9836.0
2013-02-17 18:15:05,9353.0
2013-02-18 18:15:05,9701.0
2013-02-19 18:15:05,10430.0
2013-02-20 18:15:05,11075.0
2013-02-21 18:15:05,11167.0
2013-02-22 18:15:05,11291.0
2013-02-23 18:15:05,11658.0
2013-02-24 18:15:05,11296.0
2013-02-25 18:15:05,12026.0
2013-02-26 18:15:05,12370.0
2013-02-27 18:15:05,12711.0
2013-02-28 18:15:05,12578.0
2013-03-01 18:15:05,14101.0
2013-03-02 18:15:05,11613.0
2013-03-03 18:15:05,9562.0
2013-03-04 18:15:05,11212.0
2013-03-05 18:15:05,13059.0
2013-03-06 18:15:05,16685.0
2013-03-07 18:15:05,15983.0
2013-03-08 18:15:05,13689.0
2013-03-09 18:15:05,12615.0
2013-03-10 18:15:05,13460.0
2013-03-11 18:15:05,12343.0
2013-03-12 18:15:05,12519.0
2013-03-13 18:15:05,12982.0
2013-03-14 18:15:05,13153.0
2013-03-15 18:15:05,12364.0
2013-03-16 18:15:05,12615.0
2013-03-17 18:15:05,12243.0
2013-03-18 18:15:05,12711.0
2013-03-19 18:15:05,15217.0
2013-03-20 18:15:05,15141.0
2013-03-21 18:15:05,14899.0
2013-03-22 18:15:05,16637.0
2013-03-23 18:15:05,14332.0
2013-03-24 18:15:05,13371.0
2013-03-25 18:15:05,14919.0
2013-03-26 18:15:05,15508.0
2013-03-27 18:15:05,17144.0
2013-03-28 18:15:05,18742.0
2013-03-29 18:15:05,19759.0
2013-03-30 18:15:05,17654.0
2013-03-31 18:15:05,14226.0
2013-04-01 18:15:05,15594.0
2013-04-02 18:15:05,19222.0
2013-04-03 18:15:05,21066.0
2013-04-04 18:15:05,23834.0
2013-04-05 18:15:05,20216.0
2013-04-06 18:15:05,16922.0
2013-04-07 18:15:05,16097.0
2013-04-08 18:15:05,20523.0
2013-04-09 18:15:05,23265.0
2013-04-10 18:15:05,27506.0
2013-04-11 18:15:05,29005.0
2013-04-12 18:15:05,21623.0
2013-04-13 18:15:05,18625.0
2013-04-14 18:15:05,14236.0
2013-04-15 18:15:05,15492.0
2013-04-16 18:15:05,18794.0
2013-04-17 18:15:05,16539.0
2013-04-18 18:15:05,13562.0
2013-04-19 18:15:05,17668.0
2013-04-20 18:15:05,12391.0
2013-04-21 18:15:05,12571.0
2013-04-22 18:15:05,13627.0
2013-04-23 18:15:05,14915.0
2013-04-24 18:15:05,17618.0
2013-04-25 18:15:05,17014.0
2013-04-26 18:15:05,15826.0
2013-04-27 18:15:05,13793.0
2013-04-28 18:15:05,12366.0
2013-04-29 18:15:05,12419.0
2013-04-30 18:15:05,12855.0
2013-05-01 18:15:05,14403.0
2013-05-02 18:15:05,15378.0
2013-05-03 18:15:05,16525.0
2013-05-04 18:15:05,12627.0
2013-05-05 18:15:05,13377.0
2013-05-06 18:15:05,13668.0
2013-05-07 18:15:05,14820.0
2013-05-08 18:15:05,14325.0
2013-05-09 18:15:05,13764.0
2013-05-10 18:15:05,13913.0
2013-05-11 18:15:05,12624.0
2013-05-12 18:15:05,11645.0
2013-05-13 18:15:05,13220.0
2013-05-14 18:15:05,13878.0
2013-05-15 18:15:05,16363.0
2013-05-16 18:15:05,14793.0
2013-05-17 18:15:05,14734.0
2013-05-18 18:15:05,13581.0
2013-05-19 18:15:05,12324.0
2013-05-20 18:15:05,13397.0
2013-05-21 18:15:05,14149.0
2013-05-22 18:15:05,14130.0
2013-05-23 18:15:05,14678.0
2013-05-24 18:15:05,14486.0
2013-05-25 18:15:05,13789.0
2013-05-26 18:15:05,12035.0
2013-05-27 18:15:05,13432.0
2013-05-28 18:15:05,14557.0
2013-05-29 18:15:05,16287.0
2013-05-30 18:15:05,15600.0
2013-05-31 18:15:05,14824.0
2013-06-01 18:15:05,13239.0
2013-06-02 18:15:05,12719.0
2013-06-03 18:15:05,13661.0
2013-06-04 18:15:05,14083.0
2013-06-05 18:15:05,14052.0
2013-06-06 18:15:05,13996.0
2013-06-07 18:15:05,14776.0
2013-06-08 18:15:05,12370.0
2013-06-09 18:15:05,11683.0
2013-06-10 18:15:05,11774.0
2013-06-11 18:15:05,12743.0
2013-06-12 18:15:05,12399.0
2013-06-13 18:15:05,12130.0
2013-06-14 18:15:05,12282.0
2013-06-15 18:15:05,10776.0
2013-06-16 18:15:05,9590.0
2013-06-17 18:15:05,11137.0
2013-06-18 18:15:05,12394.0
2013-06-19 18:15:05,13210.0
2013-06-20 18:15:05,11806.0
2013-06-21 18:15:05,12344.0
2013-06-22 18:15:05,11022.0
2013-06-23 18:15:05,10402.0
2013-06-24 18:15:05,11746.0
2013-06-25 18:15:05,12946.0
2013-06-26 18:15:05,13087.0
2013-06-27 18:15:05,12027.0
2013-06-28 18:15:05,12919.0
2013-06-29 18:15:05,11544.0
2013-06-30 18:15:05,10181.0
2013-07-01 18:15:05,11119.0
2013-07-02 18:15:05,12637.0
2013-07-03 18:15:05,11591.0
2013-07-04 18:15:05,11916.0
2013-07-05 18:15:05,11265.0
2013-07-06 18:15:05,10600.0
2013-07-07 18:15:05,8817.0
2013-07-08 18:15:05,10512.0
2013-07-09 18:15:05,11040.0
2013-07-10 18:15:05,10940.0
2013-07-11 18:15:05,12026.0
2013-07-12 18:15:05,12661.0
2013-07-13 18:15:05,10735.0
2013-07-14 18:15:05,8845.0
2013-07-15 18:15:05,10394.0
2013-07-16 18:15:05,11256.0
2013-07-17 18:15:05,10932.0
2013-07-18 18:15:05,11128.0
2013-07-19 18:15:05,10193.0
2013-07-20 18:15:05,9487.0
2013-07-21 18:15:05,9430.0
2013-07-22 18:15:05,10321.0
2013-07-23 18:15:05,11147.0
2013-07-24 18:15:05,11649.0
2013-07-25 18:15:05,10272.0
2013-07-26 18:15:05,10512.0
2013-07-27 18:15:05,9154.0
2013-07-28 18:15:05,9047.0
2013-07-29 18:15:05,10544.0
2013-07-30 18:15:05,10410.0
2013-07-31 18:15:05,12273.0
2013-08-01 18:15:05,11880.0
2013-08-02 18:15:05,10955.0
2013-08-03 18:15:05,10070.0
2013-08-04 18:15:05,9817.0
2013-08-05 18:15:05,10757.0
2013-08-06 18:15:05,11538.0
2013-08-07 18:15:05,11794.0
2013-08-08 18:15:05,11085.0
2013-08-09 18:15:05,10792.0
2013-08-10 18:15:05,9065.0
2013-08-11 18:15:05,9532.0
2013-08-12 18:15:05,11820.0
2013-08-13 18:15:05,15705.0
2013-08-14 18:15:05,13521.0
2013-08-15 18:15:05,13494.0
2013-08-16 18:15:05,12316.0
2013-08-17 18:15:05,11731.0
2013-08-18 18:15:05,9687.0
2013-08-19 18:15:05,11657.0
2013-08-20 18:15:05,13437.0
2013-08-21 18:15:05,12878.0
2013-08-22 18:15:05,12018.0
2013-08-23 18:15:05,14715.0
2013-08-24 18:15:05,11265.0
2013-08-25 18:15:05,9809.0
2013-08-26 18:15:05,10767.0
2013-08-27 18:15:05,12142.0
2013-08-28 18:15:05,12593.0
2013-08-29 18:15:05,11055.0
2013-08-30 18:15:05,11355.0
2013-08-31 18:15:05,11713.0
2013-09-01 18:15:05,11201.0
2013-09-02 18:15:05,11780.0
2013-09-03 18:15:05,12110.0
2013-09-04 18:15:05,12261.0
2013-09-05 18:15:05,12473.0
2013-09-06 18:15:05,12601.0
2013-09-07 18:15:05,10569.0
2013-09-08 18:15:05,10902.0
2013-09-09 18:15:05,15644.0
2013-09-10 18:15:05,12792.0
2013-09-11 18:15:05,12708.0
2013-09-12 18:15:05,13057.0
2013-09-13 18:15:05,13248.0
2013-09-14 18:15:05,12644.0
2013-09-15 18:15:05,10206.0
2013-09-16 18:15:05,12191.0
2013-09-17 18:15:05,13067.0
2013-09-18 18:15:05,13817.0
2013-09-19 18:15:05,12755.0
2013-09-20 18:15:05,12238.0
2013-09-21 18:15:05,11803.0
2013-09-22 18:15:05,13192.0
2013-09-23 18:15:05,12489.0
2013-09-24 18:15:05,12939.0
2013-09-25 18:15:05,13857.0
2013-09-26 18:15:05,13294.0
2013-09-27 18:15:05,14460.0
2013-09-28 18:15:05,13104.0
2013-09-29 18:15:05,12771.0
2013-09-30 18:15:05,13449.0
2013-10-01 18:15:05,15135.0
2013-10-02 18:15:05,15844.0
2013-10-03 18:15:05,16840.0
2013-10-04 18:15:05,14955.0
2013-10-05 18:15:05,13975.0
2013-10-06 18:15:05,13374.0
2013-10-07 18:15:05,13871.0
2013-10-08 18:15:05,13173.0
2013-10-09 18:15:05,17991.0
2013-10-10 18:15:05,19263.0
2013-10-11 18:15:05,16447.0
2013-10-12 18:15:05,15070.0
2013-10-13 18:15:05,14822.0
2013-10-14 18:15:05,14633.0
2013-10-15 18:15:05,17195.0
2013-10-16 18:15:05,16627.0
2013-10-17 18:15:05,15447.0
2013-10-18 18:15:05,18717.0
2013-10-19 18:15:05,16756.0
2013-10-20 18:15:05,16382.0
2013-10-21 18:15:05,17817.0
2013-10-22 18:15:05,19831.0
2013-10-23 18:15:05,18286.0
2013-10-24 18:15:05,18772.0
2013-10-25 18:15:05,19024.0
2013-10-26 18:15:05,14577.0
2013-10-27 18:15:05,12524.0
2013-10-28 18:15:05,13880.0
2013-10-29 18:15:05,16459.0
2013-10-30 18:15:05,16300.0
2013-10-31 18:15:05,15445.0
2013-11-01 18:15:05,16228.0
2013-11-02 18:15:05,13863.0
2013-11-03 18:15:05,13843.0
2013-11-04 18:15:05,15915.0
2013-11-05 18:15:05,18432.0
2013-11-06 18:15:05,19772.0
2013-11-07 18:15:05,21751.0
2013-11-08 18:15:05,21515.0
2013-11-09 18:15:05,24345.0
2013-11-10 18:15:05,22344.0
2013-11-11 18:15:05,18792.0
2013-11-12 18:15:05,19528.0
2013-11-13 18:15:05,19838.0
2013-11-14 18:15:05,22930.0
2013-11-15 18:15:05,20775.0
2013-11-16 18:15:05,18449.0
2013-11-17 18:15:05,18417.0
2013-11-18 18:15:05,25709.0
2013-11-19 18:15:05,35302.0
2013-11-20 18:15:05,30803.0
2013-11-21 18:15:05,27722.0
2013-11-22 18:15:05,27357.0
2013-11-23 18:15:05,25311.0
2013-11-24 18:15:05,20823.0
2013-11-25 18:15:05,23482.0
2013-11-26 18:15:05,25436.0
2013-11-27 18:15:05,31698.0
2013-11-28 18:15:05,36162.0
2013-11-29 18:15:05,32328.0
2013-11-30 18:15:05,30536.0
2013-12-01 18:15:05,27019.0
2013-12-02 18:15:05,28528.0
2013-12-03 18:15:05,28288.0
2013-12-04 18:15:05,28795.0
2013-12-05 18:15:05,29840.0
2013-12-06 18:15:05,26082.0
2013-12-07 18:15:05,25758.0
2013-12-08 18:15:05,19951.0
2013-12-09 18:15:05,23072.0
2013-12-10 18:15:05,24818.0
2013-12-11 18:15:05,25581.0
2013-12-12 18:15:05,21754.0
2013-12-13 18:15:05,21797.0
2013-12-14 18:15:05,19276.0
2013-12-15 18:15:05,19960.0
2013-12-16 18:15:05,23573.0
2013-12-17 18:15:05,23580.0
2013-12-18 18:15:05,26399.0
2013-12-19 18:15:05,22097.0
2013-12-20 18:15:05,22322.0
2013-12-21 18:15:05,19153.0
2013-12-22 18:15:05,17282.0
2013-12-23 18:15:05,18571.0
2013-12-24 18:15:05,17930.0
2013-12-25 18:15:05,16592.0
2013-12-26 18:15:05,18448.0
2013-12-27 18:15:05,19553.0
2013-12-28 18:15:05,16646.0
2013-12-29 18:15:05,16679.0
2013-12-30 18:15:05,19009.0
2013-12-31 18:15:05,17905.0
2014-01-01 18:15:05,13951.0
2014-01-02 18:15:05,17192.0
2014-01-03 18:15:05,22065.0
2014-01-04 18:15:05,19530.0
2014-01-05 18:15:05,20715.0
2014-01-06 18:15:05,25418.0
2014-01-07 18:15:05,22388.0
2014-01-08 18:15:05,21405.0
2014-01-09 18:15:05,20160.0
2014-01-10 18:15:05,20085.0
2014-01-11 18:15:05,19904.0
2014-01-12 18:15:05,18801.0
2014-01-13 18:15:05,19718.0
2014-01-14 18:15:05,20291.0
2014-01-15 18:15:05,20661.0
2014-01-16 18:15:05,20656.0
2014-01-17 18:15:05,20507.0
2014-01-18 18:15:05,18650.0
2014-01-19 18:15:05,17568.0
2014-01-20 18:15:05,19257.0
2014-01-21 18:15:05,22585.0
2014-01-22 18:15:05,22534.0
2014-01-23 18:15:05,21499.0
2014-01-24 18:15:05,22811.0
2014-01-25 18:15:05,19591.0
2014-01-26 18:15:05,19786.0
2014-01-27 18:15:05,21528.0
2014-01-28 18:15:05,22313.0
2014-01-29 18:15:05,22403.0
2014-01-30 18:15:05,21268.0
2014-01-31 18:15:05,21302.0
2014-02-01 18:15:05,18885.0
2014-02-02 18:15:05,18182.0
2014-02-03 18:15:05,19976.0
2014-02-04 18:15:05,22154.0
2014-02-05 18:15:05,23371.0
2014-02-06 18:15:05,23565.0
2014-02-07 18:15:05,24369.0
2014-02-08 18:15:05,21325.0
2014-02-09 18:15:05,20900.0
2014-02-10 18:15:05,23453.0
2014-02-11 18:15:05,24332.0
2014-02-12 18:15:05,23583.0
2014-02-13 18:15:05,23000.0
2014-02-14 18:15:05,25365.0
2014-02-15 18:15:05,20701.0
2014-02-16 18:15:05,19960.0
2014-02-17 18:15:05,20684.0
2014-02-18 18:15:05,23291.0
2014-02-19 18:15:05,23919.0
2014-02-20 18:15:05,24808.0
2014-02-21 18:15:05,23353.0
2014-02-22 18:15:05,20367.0
2014-02-23 18:15:05,20114.0
2014-02-24 18:15:05,22165.0
2014-02-25 18:15:05,25368.0
2014-02-26 18:15:05,23559.0
2014-02-27 18:15:05,23386.0
2014-02-28 18:15:05,23045.0
2014-03-01 18:15:05,20587.0
2014-03-02 18:15:05,23651.0
2014-03-03 18:15:05,28315.0
2014-03-04 18:15:05,32324.0
2014-03-05 18:15:05,26608.0
2014-03-06 18:15:05,25940.0
2014-03-07 18:15:05,25259.0
2014-03-08 18:15:05,22429.0
2014-03-09 18:15:05,24056.0
2014-03-10 18:15:05,26400.0
2014-03-11 18:15:05,27586.0
2014-03-12 18:15:05,27850.0
2014-03-13 18:15:05,29303.0
2014-03-14 18:15:05,25402.0
2014-03-15 18:15:05,25506.0
2014-03-16 18:15:05,21174.0
2014-03-17 18:15:05,21797.0
2014-03-18 18:15:05,20894.0
2014-03-19 18:15:05,24471.0
2014-03-20 18:15:05,27856.0
2014-03-21 18:15:05,26246.0
2014-03-22 18:15:05,22363.0
2014-03-23 18:15:05,21227.0
2014-03-24 18:15:05,22256.0
2014-03-25 18:15:05,23616.0
2014-03-26 18:15:05,23428.0
2014-03-27 18:15:05,23315.0
2014-03-28 18:15:05,22121.0
2014-03-29 18:15:05,18338.0
2014-03-30 18:15:05,18562.0
2014-03-31 18:15:05,21278.0
2014-04-01 18:15:05,22320.0
2014-04-02 18:15:05,22201.0
2014-04-03 18:15:05,22274.0
2014-04-04 18:15:05,21498.0
2014-04-05 18:15:05,19437.0
2014-04-06 18:15:05,17130.0
2014-04-07 18:15:05,21062.0
2014-04-08 18:15:05,21740.0
2014-04-09 18:15:05,21668.0
2014-04-10 18:15:05,22322.0
2014-04-11 18:15:05,21983.0
2014-04-12 18:15:05,17373.0
2014-04-13 18:15:05,15842.0
2014-04-14 18:15:05,20884.0
2014-04-15 18:15:05,24020.0
2014-04-16 18:15:05,23742.0
2014-04-17 18:15:05,22753.0
2014-04-18 18:15:05,18683.0
2014-04-19 18:15:05,18575.0
2014-04-20 18:15:05,16648.0
2014-04-21 18:15:05,18489.0
2014-04-22 18:15:05,21423.0
2014-04-23 18:15:05,22053.0
2014-04-24 18:15:05,20750.0
2014-04-25 18:15:05,23957.0
2014-04-26 18:15:05,21073.0
2014-04-27 18:15:05,17747.0
2014-04-28 18:15:05,20692.0
2014-04-29 18:15:05,20369.0
2014-04-30 18:15:05,20997.0
2014-05-01 18:15:05,20129.0
2014-05-02 18:15:05,19370.0
2014-05-03 18:15:05,17848.0
2014-05-04 18:15:05,17213.0
2014-05-05 18:15:05,19291.0
2014-05-06 18:15:05,21643.0
2014-05-07 18:15:05,21575.0
2014-05-08 18:15:05,20798.0
2014-05-09 18:15:05,21996.0
2014-05-10 18:15:05,18866.0
2014-05-11 18:15:05,17642.0
2014-05-12 18:15:05,20415.0
2014-05-13 18:15:05,22086.0
2014-05-14 18:15:05,21776.0
2014-05-15 18:15:05,22389.0
2014-05-16 18:15:05,21711.0
2014-05-17 18:15:05,19190.0
2014-05-18 18:15:05,18993.0
2014-05-19 18:15:05,21536.0
2014-05-20 18:15:05,23630.0
2014-05-21 18:15:05,24777.0
2014-05-22 18:15:05,23514.0
2014-05-23 18:15:05,24801.0
2014-05-24 18:15:05,21360.0
2014-05-25 18:15:05,21030.0
2014-05-26 18:15:05,23497.0
2014-05-27 18:15:05,24376.0
2014-05-28 18:15:05,24907.0
2014-05-29 18:15:05,23094.0
2014-05-30 18:15:05,23934.0
2014-05-31 18:15:05,22173.0
2014-06-01 18:15:05,20145.0
2014-06-02 18:15:05,23498.0
2014-06-03 18:15:05,25086.0
2014-06-04 18:15:05,24131.0
2014-06-05 18:15:05,22981.0
2014-06-06 18:15:05,22789.0
2014-06-07 18:15:05,19739.0
2014-06-08 18:15:05,18107.0
2014-06-09 18:15:05,21851.0
2014-06-10 18:15:05,22065.0
2014-06-11 18:15:05,22518.0
2014-06-12 18:15:05,23264.0
2014-06-13 18:15:05,23697.0
2014-06-14 18:15:05,19312.0
2014-06-15 18:15:05,17949.0
2014-06-16 18:15:05,20921.0
2014-06-17 18:15:05,23681.0
2014-06-18 18:15:05,23381.0
2014-06-19 18:15:05,22767.0
2014-06-20 18:15:05,21513.0
2014-06-21 18:15:05,19941.0
2014-06-22 18:15:05,19323.0
2014-06-23 18:15:05,22760.0
2014-06-24 18:15:05,22669.0
2014-06-25 18:15:05,22827.0
2014-06-26 18:15:05,21513.0
2014-06-27 18:15:05,21893.0
2014-06-28 18:15:05,19580.0
2014-06-29 18:15:05,18055.0
2014-06-30 18:15:05,22800.0
2014-07-01 18:15:05,26103.0
2014-07-02 18:15:05,24379.0
2014-07-03 18:15:05,23711.0
2014-07-04 18:15:05,22488.0
2014-07-05 18:15:05,17731.0
2014-07-06 18:15:05,18852.0
2014-07-07 18:15:05,22512.0
2014-07-08 18:15:05,23702.0
2014-07-09 18:15:05,23512.0
2014-07-10 18:15:05,21968.0
2014-07-11 18:15:05,21372.0
2014-07-12 18:15:05,19815.0
2014-07-13 18:15:05,18729.0
2014-07-14 18:15:05,20941.0
2014-07-15 18:15:05,23341.0
2014-07-16 18:15:05,23424.0
2014-07-17 18:15:05,23278.0
2014-07-18 18:15:05,22242.0
2014-07-19 18:15:05,19426.0
2014-07-20 18:15:05,18001.0
2014-07-21 18:15:05,22114.0
2014-07-22 18:15:05,23862.0
2014-07-23 18:15:05,24722.0
2014-07-24 18:15:05,23741.0
2014-07-25 18:15:05,22797.0
2014-07-26 18:15:05,20388.0
2014-07-27 18:15:05,18699.0
2014-07-28 18:15:05,22223.0
2014-07-29 18:15:05,22871.0
2014-07-30 18:15:05,22634.0
2014-07-31 18:15:05,23753.0
2014-08-01 18:15:05,23958.0
2014-08-02 18:15:05,20098.0
2014-08-03 18:15:05,19327.0
2014-08-04 18:15:05,23699.0
2014-08-05 18:15:05,25689.0
2014-08-06 18:15:05,27960.0
2014-08-07 18:15:05,25062.0
2014-08-08 18:15:05,23971.0
2014-08-09 18:15:05,22449.0
2014-08-10 18:15:05,20390.0
2014-08-11 18:15:05,24263.0
2014-08-12 18:15:05,25166.0
2014-08-13 18:15:05,25404.0
2014-08-14 18:15:05,25411.0
2014-08-15 18:15:05,23180.0
2014-08-16 18:15:05,25160.0
2014-08-17 18:15:05,21438.0
2014-08-18 18:15:05,25696.0
2014-08-19 18:15:05,25894.0
2014-08-20 18:15:05,25755.0
2014-08-21 18:15:05,25812.0
2014-08-22 18:15:05,24526.0
2014-08-23 18:15:05,21940.0
2014-08-24 18:15:05,19440.0
2014-08-25 18:15:05,23529.0
2014-08-26 18:15:05,25597.0
2014-08-27 18:15:05,25954.0
2014-08-28 18:15:05,25126.0
2014-08-29 18:15:05,24704.0
2014-08-30 18:15:05,23813.0
2014-08-31 18:15:05,20894.0
2014-09-01 18:15:05,23976.0
2014-09-02 18:15:05,25578.0
2014-09-03 18:15:05,25377.0
2014-09-04 18:15:05,25007.0
2014-09-05 18:15:05,24435.0
2014-09-06 18:15:05,23307.0
2014-09-07 18:15:05,20837.0
2014-09-08 18:15:05,25246.0
2014-09-09 18:15:05,26198.0
2014-09-10 18:15:05,25586.0
2014-09-11 18:15:05,23691.0
2014-09-12 18:15:05,23270.0
2014-09-13 18:15:05,21441.0
2014-09-14 18:15:05,21156.0
2014-09-15 18:15:05,25225.0
2014-09-16 18:15:05,28632.0
2014-09-17 18:15:05,27760.0
2014-09-18 18:15:05,28372.0
2014-09-19 18:15:05,27149.0
2014-09-20 18:15:05,22806.0
2014-09-21 18:15:05,23005.0
2014-09-22 18:15:05,24119.0
2014-09-23 18:15:05,25100.0
2014-09-24 18:15:05,27029.0
2014-09-25 18:15:05,26063.0
2014-09-26 18:15:05,25747.0
2014-09-27 18:15:05,23097.0
2014-09-28 18:15:05,20341.0
2014-09-29 18:15:05,26603.0
2014-09-30 18:15:05,28148.0
2014-10-01 18:15:05,26531.0
2014-10-02 18:15:05,25964.0
2014-10-03 18:15:05,25328.0
2014-10-04 18:15:05,23259.0
2014-10-05 18:15:05,22889.0
2014-10-06 18:15:05,26463.0
2014-10-07 18:15:05,26682.0
2014-10-08 18:15:05,28274.0
2014-10-09 18:15:05,27859.0
2014-10-10 18:15:05,26885.0
2014-10-11 18:15:05,23082.0
2014-10-12 18:15:05,22215.0
2014-10-13 18:15:05,26142.0
2014-10-14 18:15:05,27945.0
2014-10-15 18:15:05,27288.0
2014-10-16 18:15:05,25078.0
2014-10-17 18:15:05,24051.0
2014-10-18 18:15:05,23952.0
2014-10-19 18:15:05,22064.0
2014-10-20 18:15:05,27169.0
2014-10-21 18:15:05,27594.0
2014-10-22 18:15:05,26433.0
2014-10-23 18:15:05,25245.0
2014-10-24 18:15:05,25430.0
2014-10-25 18:15:05,22848.0
2014-10-26 18:15:05,22210.0
2014-10-27 18:15:05,27074.0
2014-10-28 18:15:05,26729.0
2014-10-29 18:15:05,27031.0
2014-10-30 18:15:05,27255.0
2014-10-31 18:15:05,26402.0
2014-11-01 18:15:05,23654.0
2014-11-02 18:15:05,22551.0
2014-11-03 18:15:05,26931.0
2014-11-04 18:15:05,26796.0
2014-11-05 18:15:05,28114.0
2014-11-06 18:15:05,29918.0
2014-11-07 18:15:05,28830.0
2014-11-08 18:15:05,23759.0
2014-11-09 18:15:05,22329.0
2014-11-10 18:15:05,27208.0
2014-11-11 18:15:05,27613.0
2014-11-12 18:15:05,28447.0
2014-11-13 18:15:05,32089.0
2014-11-14 18:15:05,26550.0
2014-11-15 18:15:05,24554.0
2014-11-16 18:15:05,22585.0
2014-11-17 18:15:05,27168.0
2014-11-18 18:15:05,27832.0
2014-11-19 18:15:05,26370.0
2014-11-20 18:15:05,26906.0
2014-11-21 18:15:05,26394.0
2014-11-22 18:15:05,22948.0
2014-11-23 18:15:05,20864.0
2014-11-24 18:15:05,26124.0
2014-11-25 18:15:05,28845.0
2014-11-26 18:15:05,28581.0
2014-11-27 18:15:05,27269.0
2014-11-28 18:15:05,28430.0
2014-11-29 18:15:05,26687.0
2014-11-30 18:15:05,24704.0
2014-12-01 18:15:05,29213.0
2014-12-02 18:15:05,31391.0
2014-12-03 18:15:05,29416.0
2014-12-04 18:15:05,28975.0
2014-12-05 18:15:05,27447.0
2014-12-06 18:15:05,24966.0
2014-12-07 18:15:05,24798.0
2014-12-08 18:15:05,29191.0
2014-12-09 18:15:05,29188.0
2014-12-10 18:15:05,28521.0
2014-12-11 18:15:05,28740.0
2014-12-12 18:15:05,27266.0
2014-12-13 18:15:05,25823.0
2014-12-14 18:15:05,24627.0
2014-12-15 18:15:05,30718.0
2014-12-16 18:15:05,31319.0
2014-12-17 18:15:05,30664.0
2014-12-18 18:15:05,30029.0
2014-12-19 18:15:05,27654.0
2014-12-20 18:15:05,24730.0
2014-12-21 18:15:05,24177.0
2014-12-22 18:15:05,27881.0
2014-12-23 18:15:05,27413.0
2014-12-24 18:15:05,26173.0
2014-12-25 18:15:05,21601.0
2014-12-26 18:15:05,21643.0
2014-12-27 18:15:05,23852.0
2014-12-28 18:15:05,22554.0
2014-12-29 18:15:05,25929.0
2014-12-30 18:15:05,26937.0
2014-12-31 18:15:05,25668.0
2015-01-01 18:15:05,20265.0
2015-01-02 18:15:05,22347.0
2015-01-03 18:15:05,25421.0
2015-01-04 18:15:05,28474.0
2015-01-05 18:15:05,27994.0
2015-01-06 18:15:05,27582.0
2015-01-07 18:15:05,28532.0
2015-01-08 18:15:05,29836.0
2015-01-09 18:15:05,29064.0
2015-01-10 18:15:05,26485.0
2015-01-11 18:15:05,24964.0
2015-01-12 18:15:05,26735.0
2015-01-13 18:15:05,31648.0
2015-01-14 18:15:05,31218.0
2015-01-15 18:15:05,28451.0
2015-01-16 18:15:05,27961.0
2015-01-17 18:15:05,24617.0
2015-01-18 18:15:05,25979.0
2015-01-19 18:15:05,26247.0
2015-01-20 18:15:05,29525.0
2015-01-21 18:15:05,30269.0
2015-01-22 18:15:05,29460.0
2015-01-23 18:15:05,29276.0
2015-01-24 18:15:05,28450.0
2015-01-25 18:15:05,27267.0
2015-01-26 18:15:05,34580.0
2015-01-27 18:15:05,32805.0
2015-01-28 18:15:05,32588.0
2015-01-29 18:15:05,31770.0
2015-01-30 18:15:05,30176.0
2015-01-31 18:15:05,28141.0
2015-02-01 18:15:05,28750.0
2015-02-02 18:15:05,28614.0
2015-02-03 18:15:05,30581.0
2015-02-04 18:15:05,29046.0
2015-02-05 18:15:05,31494.0
2015-02-06 18:15:05,27919.0
2015-02-07 18:15:05,25987.0
2015-02-08 18:15:05,27481.0
2015-02-09 18:15:05,30386.0
2015-02-10 18:15:05,30708.0
2015-02-11 18:15:05,31559.0
2015-02-12 18:15:05,29085.0
2015-02-13 18:15:05,30392.0
2015-02-14 18:15:05,29059.0
2015-02-15 18:15:05,27411.0
2015-02-16 18:15:05,28962.0
2015-02-17 18:15:05,28799.0
2015-02-18 18:15:05,30730.0
2015-02-19 18:15:05,29416.0
2015-02-20 18:15:05,30018.0
2015-02-21 18:15:05,29891.0
2015-02-22 18:15:05,28191.0
2015-02-23 18:15:05,30223.0
2015-02-24 18:15:05,32685.0
2015-02-25 18:15:05,30696.0
2015-02-26 18:15:05,31232.0
2015-02-27 18:15:05,32974.0
2015-02-28 18:15:05,30254.0
2015-03-01 18:15:05,28381.0
2015-03-02 18:15:05,32412.0
2015-03-03 18:15:05,35426.0
2015-03-04 18:15:05,34125.0
2015-03-05 18:15:05,31369.0
2015-03-06 18:15:05,33837.0
2015-03-07 18:15:05,35515.0
2015-03-08 18:15:05,32807.0
2015-03-09 18:15:05,33235.0
2015-03-10 18:15:05,38258.0
2015-03-11 18:15:05,35887.0
2015-03-12 18:15:05,36185.0
2015-03-13 18:15:05,34065.0
2015-03-14 18:15:05,30225.0
2015-03-15 18:15:05,29657.0
2015-03-16 18:15:05,32738.0
2015-03-17 18:15:05,35696.0
2015-03-18 18:15:05,33588.0
2015-03-19 18:15:05,33327.0
2015-03-20 18:15:05,32838.0
2015-03-21 18:15:05,30584.0
2015-03-22 18:15:05,29869.0
2015-03-23 18:15:05,33891.0
2015-03-24 18:15:05,34736.0
2015-03-25 18:15:05,33273.0
2015-03-26 18:15:05,32547.0
2015-03-27 18:15:05,32686.0
2015-03-28 18:15:05,29485.0
2015-03-29 18:15:05,28293.0
2015-03-30 18:15:05,31454.0
2015-03-31 18:15:05,33585.0
2015-04-01 18:15:05,37006.0
2015-04-02 18:15:05,35396.0
2015-04-03 18:15:05,32308.0
2015-04-04 18:15:05,29357.0
2015-04-05 18:15:05,28927.0
2015-04-06 18:15:05,31885.0
2015-04-07 18:15:05,34155.0
2015-04-08 18:15:05,34230.0
2015-04-09 18:15:05,33914.0
2015-04-10 18:15:05,34527.0
2015-04-11 18:15:05,29794.0
2015-04-12 18:15:05,27587.0
2015-04-13 18:15:05,31728.0
2015-04-14 18:15:05,34451.0
2015-04-15 18:15:05,34399.0
2015-04-16 18:15:05,34164.0
2015-04-17 18:15:05,33428.0
2015-04-18 18:15:05,31158.0
2015-04-19 18:15:05,29312.0
2015-04-20 18:15:05,33825.0
2015-04-21 18:15:05,36021.0
2015-04-22 18:15:05,35923.0
2015-04-23 18:15:05,35476.0
2015-04-24 18:15:05,33940.0
2015-04-25 18:15:05,29550.0
2015-04-26 18:15:05,28831.0
2015-04-27 18:15:05,32829.0
2015-04-28 18:15:05,34714.0
2015-04-29 18:15:05,34697.0
2015-04-30 18:15:05,35536.0
2015-05-01 18:15:05,32723.0
2015-05-02 18:15:05,28073.0
2015-05-03 18:15:05,28936.0
2015-05-04 18:15:05,31642.0
2015-05-05 18:15:05,34630.0
2015-05-06 18:15:05,35941.0
2015-05-07 18:15:05,34696.0
2015-05-08 18:15:05,32781.0
2015-05-09 18:15:05,32178.0
2015-05-10 18:15:05,29674.0
2015-05-11 18:15:05,33825.0
2015-05-12 18:15:05,36426.0
2015-05-13 18:15:05,33360.0
2015-05-14 18:15:05,33222.0
2015-05-15 18:15:05,33146.0
2015-05-16 18:15:05,29799.0
2015-05-17 18:15:05,29551.0
2015-05-18 18:15:05,33597.0
2015-05-19 18:15:05,33925.0
2015-05-20 18:15:05,35863.0
2015-05-21 18:15:05,34936.0
2015-05-22 18:15:05,34011.0
2015-05-23 18:15:05,30957.0
2015-05-24 18:15:05,28533.0
2015-05-25 18:15:05,32745.0
2015-05-26 18:15:05,33921.0
2015-05-27 18:15:05,36162.0
2015-05-28 18:15:05,35738.0
2015-05-29 18:15:05,43463.0
2015-05-30 18:15:05,37546.0
2015-05-31 18:15:05,36030.0
2015-06-01 18:15:05,41494.0
2015-06-02 18:15:05,42674.0
2015-06-03 18:15:05,39220.0
2015-06-04 18:15:05,38337.0
2015-06-05 18:15:05,36980.0
2015-06-06 18:15:05,31206.0
2015-06-07 18:15:05,28792.0
2015-06-08 18:15:05,33621.0
2015-06-09 18:15:05,41042.0
2015-06-10 18:15:05,43031.0
2015-06-11 18:15:05,41727.0
2015-06-12 18:15:05,38711.0
2015-06-13 18:15:05,33895.0
2015-06-14 18:15:05,34144.0
2015-06-15 18:15:05,37649.0
2015-06-16 18:15:05,39762.0
2015-06-17 18:15:05,43157.0
2015-06-18 18:15:05,39608.0
2015-06-19 18:15:05,37673.0
2015-06-20 18:15:05,33823.0
2015-06-21 18:15:05,31541.0
2015-06-22 18:15:05,35588.0
2015-06-23 18:15:05,39858.0
2015-06-24 18:15:05,37532.0
2015-06-25 18:15:05,36672.0
2015-06-26 18:15:05,36428.0
2015-06-27 18:15:05,33308.0
2015-06-28 18:15:05,34213.0
2015-06-29 18:15:05,37966.0
2015-06-30 18:15:05,43074.0
2015-07-01 18:15:05,46179.0
2015-07-02 18:15:05,47420.0
2015-07-03 18:15:05,44325.0
2015-07-04 18:15:05,34020.0
2015-07-05 18:15:05,38853.0
2015-07-06 18:15:05,47515.0
2015-07-07 18:15:05,51917.0
2015-07-08 18:15:05,49698.0
2015-07-09 18:15:05,47975.0
2015-07-10 18:15:05,89743.0
2015-07-11 18:15:05,77215.0
2015-07-12 18:15:05,95722.0
2015-07-13 18:15:05,91453.0
2015-07-14 18:15:05,49113.0
2015-07-15 18:15:05,51313.0
2015-07-16 18:15:05,44041.0
2015-07-17 18:15:05,49014.0
2015-07-18 18:15:05,54844.0
2015-07-19 18:15:05,78948.0
2015-07-20 18:15:05,42574.0
2015-07-21 18:15:05,49313.0
2015-07-22 18:15:05,45133.0
2015-07-23 18:15:05,41469.0
2015-07-24 18:15:05,39278.0
2015-07-25 18:15:05,40928.0
2015-07-26 18:15:05,32838.0
2015-07-27 18:15:05,39655.0
2015-07-28 18:15:05,42783.0
2015-07-29 18:15:05,45121.0
2015-07-30 18:15:05,42285.0
2015-07-31 18:15:05,37763.0
2015-08-01 18:15:05,62146.0
2015-08-02 18:15:05,30892.0
2015-08-03 18:15:05,48269.0
2015-08-04 18:15:05,39578.0
2015-08-05 18:15:05,41525.0
2015-08-06 18:15:05,40963.0
2015-08-07 18:15:05,38515.0
2015-08-08 18:15:05,34899.0
2015-08-09 18:15:05,32465.0
2015-08-10 18:15:05,39854.0
2015-08-11 18:15:05,37825.0
2015-08-12 18:15:05,39647.0
2015-08-13 18:15:05,40534.0
2015-08-14 18:15:05,38747.0
2015-08-15 18:15:05,35971.0
2015-08-16 18:15:05,31966.0
2015-08-17 18:15:05,39790.0
2015-08-18 18:15:05,41015.0
2015-08-19 18:15:05,41877.0
2015-08-20 18:15:05,40330.0
2015-08-21 18:15:05,39881.0
2015-08-22 18:15:05,35512.0
2015-08-23 18:15:05,33055.0
2015-08-24 18:15:05,41179.0
2015-08-25 18:15:05,41821.0
2015-08-26 18:15:05,43736.0
2015-08-27 18:15:05,41184.0
2015-08-28 18:15:05,41535.0
2015-08-29 18:15:05,36152.0
2015-08-30 18:15:05,32559.0
2015-08-31 18:15:05,39047.0
2015-09-01 18:15:05,45118.0
2015-09-02 18:15:05,42123.0
2015-09-03 18:15:05,45088.0
2015-09-04 18:15:05,34817.0
2015-09-05 18:15:05,43291.0
2015-09-06 18:15:05,36345.0
2015-09-07 18:15:05,41329.0
2015-09-08 18:15:05,46920.0
2015-09-09 18:15:05,45486.0
2015-09-10 18:15:05,43313.0
2015-09-11 18:15:05,82140.0
2015-09-12 18:15:05,59175.0
2015-09-13 18:15:05,67755.0
2015-09-14 18:15:05,84138.0
2015-09-15 18:15:05,77709.0
2015-09-16 18:15:05,84024.0
2015-09-17 18:15:05,157002.0
2015-09-18 18:15:05,97664.0
2015-09-19 18:15:05,38704.0
2015-09-20 18:15:05,37455.0
2015-09-21 18:15:05,42511.0
2015-09-22 18:15:05,45534.0
2015-09-23 18:15:05,45295.0
2015-09-24 18:15:05,45592.0
2015-09-25 18:15:05,43525.0
2015-09-26 18:15:05,38369.0
2015-09-27 18:15:05,36120.0
2015-09-28 18:15:05,43495.0
2015-09-29 18:15:05,47018.0
2015-09-30 18:15:05,47646.0
2015-10-01 18:15:05,47564.0
2015-10-02 18:15:05,46267.0
2015-10-03 18:15:05,43591.0
2015-10-04 18:15:05,39053.0
2015-10-05 18:15:05,45963.0
2015-10-06 18:15:05,49511.0
2015-10-07 18:15:05,51025.0
2015-10-08 18:15:05,49556.0
2015-10-09 18:15:05,48553.0
2015-10-10 18:15:05,47542.0
2015-10-11 18:15:05,45159.0
2015-10-12 18:15:05,48259.0
2015-10-13 18:15:05,51028.0
2015-10-14 18:15:05,53737.0
2015-10-15 18:15:05,53804.0
2015-10-16 18:15:05,50769.0
2015-10-17 18:15:05,50508.0
2015-10-18 18:15:05,45171.0
2015-10-19 18:15:05,53904.0
2015-10-20 18:15:05,52356.0
2015-10-21 18:15:05,56947.0
2015-10-22 18:15:05,56595.0
2015-10-23 18:15:05,55634.0
2015-10-24 18:15:05,49690.0
2015-10-25 18:15:05,50336.0
2015-10-26 18:15:05,48815.0
2015-10-27 18:15:05,57046.0
2015-10-28 18:15:05,63657.0
2015-10-29 18:15:05,62975.0
2015-10-30 18:15:05,62627.0
2015-10-31 18:15:05,55863.0
2015-11-01 18:15:05,57500.0
2015-11-02 18:15:05,62396.0
2015-11-03 18:15:05,70848.0
2015-11-04 18:15:05,84859.0
2015-11-05 18:15:05,77381.0
2015-11-06 18:15:05,66183.0
2015-11-07 18:15:05,58184.0
2015-11-08 18:15:05,51904.0
2015-11-09 18:15:05,61789.0
2015-11-10 18:15:05,58438.0
2015-11-11 18:15:05,61804.0
2015-11-12 18:15:05,56235.0
2015-11-13 18:15:05,56735.0
2015-11-14 18:15:05,50624.0
2015-11-15 18:15:05,49486.0
2015-11-16 18:15:05,53340.0
2015-11-17 18:15:05,58017.0
2015-11-18 18:15:05,65931.0
2015-11-19 18:15:05,59046.0
2015-11-20 18:15:05,58202.0
2015-11-21 18:15:05,53754.0
2015-11-22 18:15:05,49533.0
2015-11-23 18:15:05,54169.0
2015-11-24 18:15:05,56798.0
2015-11-25 18:15:05,57270.0
2015-11-26 18:15:05,62747.0
2015-11-27 18:15:05,61329.0
2015-11-28 18:15:05,59073.0
2015-11-29 18:15:05,53047.0
2015-11-30 18:15:05,69085.0
2015-12-01 18:15:05,65557.0
2015-12-02 18:15:05,65114.0
2015-12-03 18:15:05,65617.0
2015-12-04 18:15:05,64848.0
2015-12-05 18:15:05,69246.0
2015-12-06 18:15:05,63974.0
2015-12-07 18:15:05,68329.0
2015-12-08 18:15:05,70407.0
2015-12-09 18:15:05,75850.0
2015-12-10 18:15:05,70355.0
2015-12-11 18:15:05,71760.0
2015-12-12 18:15:05,72732.0
2015-12-13 18:15:05,66098.0
2015-12-14 18:15:05,73370.0
2015-12-15 18:15:05,77519.0
2015-12-16 18:15:05,73539.0
2015-12-17 18:15:05,73656.0
2015-12-18 18:15:05,68985.0
2015-12-19 18:15:05,65452.0
2015-12-20 18:15:05,61972.0
2015-12-21 18:15:05,69100.0
2015-12-22 18:15:05,68670.0
2015-12-23 18:15:05,71014.0
2015-12-24 18:15:05,66497.0
2015-12-25 18:15:05,58059.0
2015-12-26 18:15:05,55806.0
2015-12-27 18:15:05,56013.0
2015-12-28 18:15:05,56811.0
2015-12-29 18:15:05,62742.0
2015-12-30 18:15:05,64546.0
2015-12-31 18:15:05,58654.0
2016-01-01 18:15:05,45407.0
2016-01-02 18:15:05,50170.0
2016-01-03 18:15:05,51255.0
2016-01-04 18:15:05,55824.0
2016-01-05 18:15:05,62016.0
2016-01-06 18:15:05,60158.0
2016-01-07 18:15:05,65070.0
2016-01-08 18:15:05,64126.0
2016-01-09 18:15:05,56492.0
2016-01-10 18:15:05,61497.0
2016-01-11 18:15:05,63857.0
2016-01-12 18:15:05,66108.0
2016-01-13 18:15:05,67994.0
2016-01-14 18:15:05,63372.0
2016-01-15 18:15:05,69083.0
2016-01-16 18:15:05,66708.0
2016-01-17 18:15:05,66122.0
2016-01-18 18:15:05,62693.0
2016-01-19 18:15:05,68120.0
2016-01-20 18:15:05,70232.0
2016-01-21 18:15:05,67894.0
2016-01-22 18:15:05,70932.0
2016-01-23 18:15:05,58341.0
2016-01-24 18:15:05,60109.0
2016-01-25 18:15:05,62225.0
2016-01-26 18:15:05,71848.0
2016-01-27 18:15:05,71656.0
2016-01-28 18:15:05,66927.0
2016-01-29 18:15:05,68859.0
2016-01-30 18:15:05,62413.0
2016-01-31 18:15:05,58461.0
2016-02-01 18:15:05,64303.0
2016-02-02 18:15:05,68721.0
2016-02-03 18:15:05,67989.0
2016-02-04 18:15:05,68981.0
2016-02-05 18:15:05,69840.0
2016-02-06 18:15:05,70750.0
2016-02-07 18:15:05,61398.0
2016-02-08 18:15:05,63681.0
2016-02-09 18:15:05,67798.0
2016-02-10 18:15:05,70407.0
2016-02-11 18:15:05,76539.0
2016-02-12 18:15:05,70636.0
2016-02-13 18:15:05,67328.0
2016-02-14 18:15:05,67628.0
2016-02-15 18:15:05,71382.0
2016-02-16 18:15:05,74745.0
2016-02-17 18:15:05,81100.0
2016-02-18 18:15:05,73579.0
2016-02-19 18:15:05,73767.0
2016-02-20 18:15:05,78225.0
2016-02-21 18:15:05,73242.0
2016-02-22 18:15:05,78232.0
2016-02-23 18:15:05,79333.0
2016-02-24 18:15:05,74154.0
2016-02-25 18:15:05,81421.0
2016-02-26 18:15:05,75460.0
2016-02-27 18:15:05,71308.0
2016-02-28 18:15:05,77893.0
2016-02-29 18:15:05,89847.0
2016-03-01 18:15:05,83854.0
2016-03-02 18:15:05,95782.0
2016-03-03 18:15:05,90771.0
2016-03-04 18:15:05,88103.0
2016-03-05 18:15:05,82360.0
2016-03-06 18:15:05,65318.0
2016-03-07 18:15:05,70698.0
2016-03-08 18:15:05,79689.0
2016-03-09 18:15:05,79515.0
2016-03-10 18:15:05,77559.0
2016-03-11 18:15:05,75645.0
2016-03-12 18:15:05,68687.0
2016-03-13 18:15:05,62450.0
2016-03-14 18:15:05,75600.0
2016-03-15 18:15:05,77323.0
2016-03-16 18:15:05,78703.0
2016-03-17 18:15:05,77225.0
2016-03-18 18:15:05,77795.0
2016-03-19 18:15:05,71081.0
2016-03-20 18:15:05,66249.0
2016-03-21 18:15:05,72696.0
2016-03-22 18:15:05,80926.0
2016-03-23 18:15:05,77724.0
2016-03-24 18:15:05,76297.0
2016-03-25 18:15:05,69644.0
2016-03-26 18:15:05,66589.0
2016-03-27 18:15:05,63452.0
2016-03-28 18:15:05,71533.0
2016-03-29 18:15:05,75482.0
2016-03-30 18:15:05,82487.0
2016-03-31 18:15:05,79396.0
2016-04-01 18:15:05,75392.0
2016-04-02 18:15:05,77146.0
2016-04-03 18:15:05,70993.0
2016-04-04 18:15:05,75964.0
2016-04-05 18:15:05,84855.0
2016-04-06 18:15:05,83452.0
2016-04-07 18:15:05,80431.0
2016-04-08 18:15:05,78288.0
2016-04-09 18:15:05,75108.0
2016-04-10 18:15:05,69870.0
2016-04-11 18:15:05,78883.0
2016-04-12 18:15:05,83934.0
2016-04-13 18:15:05,81274.0
2016-04-14 18:15:05,82209.0
2016-04-15 18:15:05,79063.0
2016-04-16 18:15:05,75669.0
2016-04-17 18:15:05,72538.0
2016-04-18 18:15:05,76472.0
2016-04-19 18:15:05,86284.0
2016-04-20 18:15:05,85951.0
2016-04-21 18:15:05,83187.0
2016-04-22 18:15:05,81006.0
2016-04-23 18:15:05,76140.0
2016-04-24 18:15:05,73588.0
2016-04-25 18:15:05,83333.0
2016-04-26 18:15:05,91967.0
2016-04-27 18:15:05,91143.0
2016-04-28 18:15:05,92541.0
2016-04-29 18:15:05,93128.0
2016-04-30 18:15:05,82390.0
2016-05-01 18:15:05,74091.0
2016-05-02 18:15:05,84086.0
