,NumTransactionsTotal
2009-01-03 18:15:05,1.0
2009-01-04 18:15:05,1.0
2009-01-05 18:15:05,1.0
2009-01-06 18:15:05,1.0
2009-01-07 18:15:05,1.0
2009-01-08 18:15:05,1.0
2009-01-09 18:15:05,15.0
2009-01-10 18:15:05,46.0
2009-01-11 18:15:05,152.0
2009-01-12 18:15:05,247.0
2009-01-13 18:15:05,363.0
2009-01-14 18:15:05,489.0
2009-01-15 18:15:05,625.0
2009-01-16 18:15:05,742.0
2009-01-17 18:15:05,851.0
2009-01-18 18:15:05,952.0
2009-01-19 18:15:05,1072.0
2009-01-20 18:15:05,1190.0
2009-01-21 18:15:05,1305.0
2009-01-22 18:15:05,1381.0
2009-01-23 18:15:05,1449.0
2009-01-24 18:15:05,1650.0
2009-01-25 18:15:05,1845.0
2009-01-26 18:15:05,1961.0
2009-01-27 18:15:05,2066.0
2009-01-28 18:15:05,2169.0
2009-01-29 18:15:05,2291.0
2009-01-30 18:15:05,2413.0
2009-01-31 18:15:05,2542.0
2009-02-01 18:15:05,2660.0
2009-02-02 18:15:05,2787.0
2009-02-03 18:15:05,2937.0
2009-02-04 18:15:05,3063.0
2009-02-05 18:15:05,3184.0
2009-02-06 18:15:05,3313.0
2009-02-07 18:15:05,3443.0
2009-02-08 18:15:05,3578.0
2009-02-09 18:15:05,3707.0
2009-02-10 18:15:05,3834.0
2009-02-11 18:15:05,3966.0
2009-02-12 18:15:05,4085.0
2009-02-13 18:15:05,4209.0
2009-02-14 18:15:05,4350.0
2009-02-15 18:15:05,4475.0
2009-02-16 18:15:05,4598.0
2009-02-17 18:15:05,4717.0
2009-02-18 18:15:05,4841.0
2009-02-19 18:15:05,4958.0
2009-02-20 18:15:05,5087.0
2009-02-21 18:15:05,5197.0
2009-02-22 18:15:05,5322.0
2009-02-23 18:15:05,5429.0
2009-02-24 18:15:05,5540.0
2009-02-25 18:15:05,5647.0
2009-02-26 18:15:05,5743.0
2009-02-27 18:15:05,5866.0
2009-02-28 18:15:05,5969.0
2009-03-01 18:15:05,6076.0
2009-03-02 18:15:05,6180.0
2009-03-03 18:15:05,6288.0
2009-03-04 18:15:05,6394.0
2009-03-05 18:15:05,6502.0
2009-03-06 18:15:05,6621.0
2009-03-07 18:15:05,6732.0
2009-03-08 18:15:05,6847.0
2009-03-09 18:15:05,6960.0
2009-03-10 18:15:05,7065.0
2009-03-11 18:15:05,7173.0
2009-03-12 18:15:05,7292.0
2009-03-13 18:15:05,7407.0
2009-03-14 18:15:05,7523.0
2009-03-15 18:15:05,7634.0
2009-03-16 18:15:05,7765.0
2009-03-17 18:15:05,7880.0
2009-03-18 18:15:05,7990.0
2009-03-19 18:15:05,8114.0
2009-03-20 18:15:05,8233.0
2009-03-21 18:15:05,8310.0
2009-03-22 18:15:05,8407.0
2009-03-23 18:15:05,8539.0
2009-03-24 18:15:05,8644.0
2009-03-25 18:15:05,8760.0
2009-03-26 18:15:05,8874.0
2009-03-27 18:15:05,8984.0
2009-03-28 18:15:05,9106.0
2009-03-29 18:15:05,9218.0
2009-03-30 18:15:05,9343.0
2009-03-31 18:15:05,9457.0
2009-04-01 18:15:05,9564.0
2009-04-02 18:15:05,9684.0
2009-04-03 18:15:05,9797.0
2009-04-04 18:15:05,9910.0
2009-04-05 18:15:05,10039.0
2009-04-06 18:15:05,10156.0
2009-04-07 18:15:05,10255.0
2009-04-08 18:15:05,10359.0
2009-04-09 18:15:05,10458.0
2009-04-10 18:15:05,10561.0
2009-04-11 18:15:05,10684.0
2009-04-12 18:15:05,10799.0
2009-04-13 18:15:05,10917.0
2009-04-14 18:15:05,11044.0
2009-04-15 18:15:05,11156.0
2009-04-16 18:15:05,11279.0
2009-04-17 18:15:05,11394.0
2009-04-18 18:15:05,11519.0
2009-04-19 18:15:05,11640.0
2009-04-20 18:15:05,11758.0
2009-04-21 18:15:05,11883.0
2009-04-22 18:15:05,12004.0
2009-04-23 18:15:05,12084.0
2009-04-24 18:15:05,12197.0
2009-04-25 18:15:05,12319.0
2009-04-26 18:15:05,12430.0
2009-04-27 18:15:05,12535.0
2009-04-28 18:15:05,12652.0
2009-04-29 18:15:05,12775.0
2009-04-30 18:15:05,12908.0
2009-05-01 18:15:05,13031.0
2009-05-02 18:15:05,13155.0
2009-05-03 18:15:05,13270.0
2009-05-04 18:15:05,13395.0
2009-05-05 18:15:05,13528.0
2009-05-06 18:15:05,13666.0
2009-05-07 18:15:05,13787.0
2009-05-08 18:15:05,13909.0
2009-05-09 18:15:05,14000.0
2009-05-10 18:15:05,14062.0
2009-05-11 18:15:05,14182.0
2009-05-12 18:15:05,14309.0
2009-05-13 18:15:05,14426.0
2009-05-14 18:15:05,14563.0
2009-05-15 18:15:05,14708.0
2009-05-16 18:15:05,14823.0
2009-05-17 18:15:05,14948.0
2009-05-18 18:15:05,15072.0
2009-05-19 18:15:05,15172.0
2009-05-20 18:15:05,15276.0
2009-05-21 18:15:05,15365.0
2009-05-22 18:15:05,15448.0
2009-05-23 18:15:05,15455.0
2009-05-24 18:15:05,15551.0
2009-05-25 18:15:05,15663.0
2009-05-26 18:15:05,15776.0
2009-05-27 18:15:05,15901.0
2009-05-28 18:15:05,16004.0
2009-05-29 18:15:05,16112.0
2009-05-30 18:15:05,16215.0
2009-05-31 18:15:05,16333.0
2009-06-01 18:15:05,16407.0
2009-06-02 18:15:05,16496.0
2009-06-03 18:15:05,16594.0
2009-06-04 18:15:05,16633.0
2009-06-05 18:15:05,16690.0
2009-06-06 18:15:05,16714.0
2009-06-07 18:15:05,16718.0
2009-06-08 18:15:05,16790.0
2009-06-09 18:15:05,16884.0
2009-06-10 18:15:05,16967.0
2009-06-11 18:15:05,17060.0
2009-06-12 18:15:05,17151.0
2009-06-13 18:15:05,17225.0
2009-06-14 18:15:05,17295.0
2009-06-15 18:15:05,17377.0
2009-06-16 18:15:05,17450.0
2009-06-17 18:15:05,17527.0
2009-06-18 18:15:05,17608.0
2009-06-19 18:15:05,17695.0
2009-06-20 18:15:05,17779.0
2009-06-21 18:15:05,17854.0
2009-06-22 18:15:05,17935.0
2009-06-23 18:15:05,18011.0
2009-06-24 18:15:05,18098.0
2009-06-25 18:15:05,18172.0
2009-06-26 18:15:05,18262.0
2009-06-27 18:15:05,18347.0
2009-06-28 18:15:05,18399.0
2009-06-29 18:15:05,18475.0
2009-06-30 18:15:05,18564.0
2009-07-01 18:15:05,18648.0
2009-07-02 18:15:05,18720.0
2009-07-03 18:15:05,18804.0
2009-07-04 18:15:05,18893.0
2009-07-05 18:15:05,18973.0
2009-07-06 18:15:05,19064.0
2009-07-07 18:15:05,19127.0
2009-07-08 18:15:05,19206.0
2009-07-09 18:15:05,19287.0
2009-07-10 18:15:05,19369.0
2009-07-11 18:15:05,19453.0
2009-07-12 18:15:05,19529.0
2009-07-13 18:15:05,19605.0
2009-07-14 18:15:05,19677.0
2009-07-15 18:15:05,19723.0
2009-07-16 18:15:05,19792.0
2009-07-17 18:15:05,19857.0
2009-07-18 18:15:05,19860.0
2009-07-19 18:15:05,19912.0
2009-07-20 18:15:05,19987.0
2009-07-21 18:15:05,20062.0
2009-07-22 18:15:05,20131.0
2009-07-23 18:15:05,20197.0
2009-07-24 18:15:05,20272.0
2009-07-25 18:15:05,20325.0
2009-07-26 18:15:05,20338.0
2009-07-27 18:15:05,20402.0
2009-07-28 18:15:05,20446.0
2009-07-29 18:15:05,20478.0
2009-07-30 18:15:05,20494.0
2009-07-31 18:15:05,20506.0
2009-08-01 18:15:05,20529.0
2009-08-02 18:15:05,20559.0
2009-08-03 18:15:05,20574.0
2009-08-04 18:15:05,20632.0
2009-08-05 18:15:05,20723.0
2009-08-06 18:15:05,20819.0
2009-08-07 18:15:05,20893.0
2009-08-08 18:15:05,20976.0
2009-08-09 18:15:05,21074.0
2009-08-10 18:15:05,21156.0
2009-08-11 18:15:05,21223.0
2009-08-12 18:15:05,21291.0
2009-08-13 18:15:05,21372.0
2009-08-14 18:15:05,21437.0
2009-08-15 18:15:05,21471.0
2009-08-16 18:15:05,21496.0
2009-08-17 18:15:05,21513.0
2009-08-18 18:15:05,21522.0
2009-08-19 18:15:05,21537.0
2009-08-20 18:15:05,21561.0
2009-08-21 18:15:05,21577.0
2009-08-22 18:15:05,21585.0
2009-08-23 18:15:05,21597.0
2009-08-24 18:15:05,21605.0
2009-08-25 18:15:05,21660.0
2009-08-26 18:15:05,21702.0
2009-08-27 18:15:05,21735.0
2009-08-28 18:15:05,21799.0
2009-08-29 18:15:05,21882.0
2009-08-30 18:15:05,21973.0
2009-08-31 18:15:05,22068.0
2009-09-01 18:15:05,22147.0
2009-09-02 18:15:05,22215.0
2009-09-03 18:15:05,22276.0
2009-09-04 18:15:05,22339.0
2009-09-05 18:15:05,22410.0
2009-09-06 18:15:05,22482.0
2009-09-07 18:15:05,22561.0
2009-09-08 18:15:05,22627.0
2009-09-09 18:15:05,22685.0
2009-09-10 18:15:05,22746.0
2009-09-11 18:15:05,22814.0
2009-09-12 18:15:05,22885.0
2009-09-13 18:15:05,22955.0
2009-09-14 18:15:05,23036.0
2009-09-15 18:15:05,23092.0
2009-09-16 18:15:05,23151.0
2009-09-17 18:15:05,23235.0
2009-09-18 18:15:05,23316.0
2009-09-19 18:15:05,23387.0
2009-09-20 18:15:05,23466.0
2009-09-21 18:15:05,23540.0
2009-09-22 18:15:05,23575.0
2009-09-23 18:15:05,23603.0
2009-09-24 18:15:05,23685.0
2009-09-25 18:15:05,23787.0
2009-09-26 18:15:05,23881.0
2009-09-27 18:15:05,23971.0
2009-09-28 18:15:05,24059.0
2009-09-29 18:15:05,24144.0
2009-09-30 18:15:05,24231.0
2009-10-01 18:15:05,24316.0
2009-10-02 18:15:05,24392.0
2009-10-03 18:15:05,24450.0
2009-10-04 18:15:05,24511.0
2009-10-05 18:15:05,24569.0
2009-10-06 18:15:05,24612.0
2009-10-07 18:15:05,24663.0
2009-10-08 18:15:05,24733.0
2009-10-09 18:15:05,24811.0
2009-10-10 18:15:05,24888.0
2009-10-11 18:15:05,24967.0
2009-10-12 18:15:05,25030.0
2009-10-13 18:15:05,25081.0
2009-10-14 18:15:05,25137.0
2009-10-15 18:15:05,25222.0
2009-10-16 18:15:05,25288.0
2009-10-17 18:15:05,25343.0
2009-10-18 18:15:05,25408.0
2009-10-19 18:15:05,25507.0
2009-10-20 18:15:05,25618.0
2009-10-21 18:15:05,25702.0
2009-10-22 18:15:05,25790.0
2009-10-23 18:15:05,25877.0
2009-10-24 18:15:05,25952.0
2009-10-25 18:15:05,26026.0
2009-10-26 18:15:05,26091.0
2009-10-27 18:15:05,26158.0
2009-10-28 18:15:05,26222.0
2009-10-29 18:15:05,26273.0
2009-10-30 18:15:05,26335.0
2009-10-31 18:15:05,26380.0
2009-11-01 18:15:05,26410.0
2009-11-02 18:15:05,26443.0
2009-11-03 18:15:05,26500.0
2009-11-04 18:15:05,26562.0
2009-11-05 18:15:05,26627.0
2009-11-06 18:15:05,26676.0
2009-11-07 18:15:05,26752.0
2009-11-08 18:15:05,26822.0
2009-11-09 18:15:05,26887.0
2009-11-10 18:15:05,26958.0
2009-11-11 18:15:05,27036.0
2009-11-12 18:15:05,27106.0
2009-11-13 18:15:05,27179.0
2009-11-14 18:15:05,27262.0
2009-11-15 18:15:05,27358.0
2009-11-16 18:15:05,27458.0
2009-11-17 18:15:05,27549.0
2009-11-18 18:15:05,27628.0
2009-11-19 18:15:05,27701.0
2009-11-20 18:15:05,27785.0
2009-11-21 18:15:05,27862.0
2009-11-22 18:15:05,27962.0
2009-11-23 18:15:05,28058.0
2009-11-24 18:15:05,28160.0
2009-11-25 18:15:05,28245.0
2009-11-26 18:15:05,28323.0
2009-11-27 18:15:05,28398.0
2009-11-28 18:15:05,28476.0
2009-11-29 18:15:05,28534.0
2009-11-30 18:15:05,28608.0
2009-12-01 18:15:05,28674.0
2009-12-02 18:15:05,28773.0
2009-12-03 18:15:05,28858.0
2009-12-04 18:15:05,28907.0
2009-12-05 18:15:05,28959.0
2009-12-06 18:15:05,29067.0
2009-12-07 18:15:05,29161.0
2009-12-08 18:15:05,29282.0
2009-12-09 18:15:05,29386.0
2009-12-10 18:15:05,29492.0
2009-12-11 18:15:05,29617.0
2009-12-12 18:15:05,29720.0
2009-12-13 18:15:05,29824.0
2009-12-14 18:15:05,29937.0
2009-12-15 18:15:05,30054.0
2009-12-16 18:15:05,30175.0
2009-12-17 18:15:05,30338.0
2009-12-18 18:15:05,30539.0
2009-12-19 18:15:05,30764.0
2009-12-20 18:15:05,30939.0
2009-12-21 18:15:05,31127.0
2009-12-22 18:15:05,31279.0
2009-12-23 18:15:05,31448.0
2009-12-24 18:15:05,31592.0
2009-12-25 18:15:05,31750.0
2009-12-26 18:15:05,31909.0
2009-12-27 18:15:05,32079.0
2009-12-28 18:15:05,32217.0
2009-12-29 18:15:05,32381.0
2009-12-30 18:15:05,32537.0
2009-12-31 18:15:05,32687.0
2010-01-01 18:15:05,32806.0
2010-01-02 18:15:05,32938.0
2010-01-03 18:15:05,33101.0
2010-01-04 18:15:05,33293.0
2010-01-05 18:15:05,33501.0
2010-01-06 18:15:05,33659.0
2010-01-07 18:15:05,33818.0
2010-01-08 18:15:05,33968.0
2010-01-09 18:15:05,34116.0
2010-01-10 18:15:05,34307.0
2010-01-11 18:15:05,34461.0
2010-01-12 18:15:05,34629.0
2010-01-13 18:15:05,34789.0
2010-01-14 18:15:05,34948.0
2010-01-15 18:15:05,35085.0
2010-01-16 18:15:05,35220.0
2010-01-17 18:15:05,35344.0
2010-01-18 18:15:05,35474.0
2010-01-19 18:15:05,35594.0
2010-01-20 18:15:05,35734.0
2010-01-21 18:15:05,35921.0
2010-01-22 18:15:05,36073.0
2010-01-23 18:15:05,36225.0
2010-01-24 18:15:05,36373.0
2010-01-25 18:15:05,36580.0
2010-01-26 18:15:05,36788.0
2010-01-27 18:15:05,36966.0
2010-01-28 18:15:05,37142.0
2010-01-29 18:15:05,37337.0
2010-01-30 18:15:05,37520.0
2010-01-31 18:15:05,37730.0
2010-02-01 18:15:05,37919.0
2010-02-02 18:15:05,38061.0
2010-02-03 18:15:05,38307.0
2010-02-04 18:15:05,38542.0
2010-02-05 18:15:05,38792.0
2010-02-06 18:15:05,38996.0
2010-02-07 18:15:05,39206.0
2010-02-08 18:15:05,39427.0
2010-02-09 18:15:05,39638.0
2010-02-10 18:15:05,39804.0
2010-02-11 18:15:05,39985.0
2010-02-12 18:15:05,40178.0
2010-02-13 18:15:05,40405.0
2010-02-14 18:15:05,40620.0
2010-02-15 18:15:05,40814.0
2010-02-16 18:15:05,40996.0
2010-02-17 18:15:05,41240.0
2010-02-18 18:15:05,41475.0
2010-02-19 18:15:05,41658.0
2010-02-20 18:15:05,41882.0
2010-02-21 18:15:05,42100.0
2010-02-22 18:15:05,42361.0
2010-02-23 18:15:05,42613.0
2010-02-24 18:15:05,42809.0
2010-02-25 18:15:05,42959.0
2010-02-26 18:15:05,43135.0
2010-02-27 18:15:05,43311.0
2010-02-28 18:15:05,43476.0
2010-03-01 18:15:05,43663.0
2010-03-02 18:15:05,43867.0
2010-03-03 18:15:05,44018.0
2010-03-04 18:15:05,44205.0
2010-03-05 18:15:05,44383.0
2010-03-06 18:15:05,44571.0
2010-03-07 18:15:05,44749.0
2010-03-08 18:15:05,44890.0
2010-03-09 18:15:05,45039.0
2010-03-10 18:15:05,45191.0
2010-03-11 18:15:05,45345.0
2010-03-12 18:15:05,45464.0
2010-03-13 18:15:05,45624.0
2010-03-14 18:15:05,45751.0
2010-03-15 18:15:05,45879.0
2010-03-16 18:15:05,46017.0
2010-03-17 18:15:05,46144.0
2010-03-18 18:15:05,46305.0
2010-03-19 18:15:05,46449.0
2010-03-20 18:15:05,46652.0
2010-03-21 18:15:05,46843.0
2010-03-22 18:15:05,47029.0
2010-03-23 18:15:05,47244.0
2010-03-24 18:15:05,47431.0
2010-03-25 18:15:05,47628.0
2010-03-26 18:15:05,47841.0
2010-03-27 18:15:05,48023.0
2010-03-28 18:15:05,48221.0
2010-03-29 18:15:05,48426.0
2010-03-30 18:15:05,48643.0
2010-03-31 18:15:05,48856.0
2010-04-01 18:15:05,49054.0
2010-04-02 18:15:05,49209.0
2010-04-03 18:15:05,49380.0
2010-04-04 18:15:05,49555.0
2010-04-05 18:15:05,49734.0
2010-04-06 18:15:05,49909.0
2010-04-07 18:15:05,50116.0
2010-04-08 18:15:05,50324.0
2010-04-09 18:15:05,50513.0
2010-04-10 18:15:05,50807.0
2010-04-11 18:15:05,51078.0
2010-04-12 18:15:05,51348.0
2010-04-13 18:15:05,51538.0
2010-04-14 18:15:05,51768.0
2010-04-15 18:15:05,52055.0
2010-04-16 18:15:05,52289.0
2010-04-17 18:15:05,52531.0
2010-04-18 18:15:05,53868.0
2010-04-19 18:15:05,56164.0
2010-04-20 18:15:05,56406.0
2010-04-21 18:15:05,56657.0
2010-04-22 18:15:05,56867.0
2010-04-23 18:15:05,57065.0
2010-04-24 18:15:05,57256.0
2010-04-25 18:15:05,57466.0
2010-04-26 18:15:05,57686.0
2010-04-27 18:15:05,57911.0
2010-04-28 18:15:05,58130.0
2010-04-29 18:15:05,58327.0
2010-04-30 18:15:05,58508.0
2010-05-01 18:15:05,58695.0
2010-05-02 18:15:05,58892.0
2010-05-03 18:15:05,59078.0
2010-05-04 18:15:05,59229.0
2010-05-05 18:15:05,59420.0
2010-05-06 18:15:05,59593.0
2010-05-07 18:15:05,59759.0
2010-05-08 18:15:05,59929.0
2010-05-09 18:15:05,60122.0
2010-05-10 18:15:05,60283.0
2010-05-11 18:15:05,60421.0
2010-05-12 18:15:05,60568.0
2010-05-13 18:15:05,60732.0
2010-05-14 18:15:05,60880.0
2010-05-15 18:15:05,61018.0
2010-05-16 18:15:05,61136.0
2010-05-17 18:15:05,61309.0
2010-05-18 18:15:05,61526.0
2010-05-19 18:15:05,61738.0
2010-05-20 18:15:05,61959.0
2010-05-21 18:15:05,62189.0
2010-05-22 18:15:05,62416.0
2010-05-23 18:15:05,62716.0
2010-05-24 18:15:05,62978.0
2010-05-25 18:15:05,63245.0
2010-05-26 18:15:05,63504.0
2010-05-27 18:15:05,63782.0
2010-05-28 18:15:05,64047.0
2010-05-29 18:15:05,64309.0
2010-05-30 18:15:05,64509.0
2010-05-31 18:15:05,64716.0
2010-06-01 18:15:05,64894.0
2010-06-02 18:15:05,65076.0
2010-06-03 18:15:05,65295.0
2010-06-04 18:15:05,65495.0
2010-06-05 18:15:05,65683.0
2010-06-06 18:15:05,65884.0
2010-06-07 18:15:05,66095.0
2010-06-08 18:15:05,66317.0
2010-06-09 18:15:05,66516.0
2010-06-10 18:15:05,66740.0
2010-06-11 18:15:05,66988.0
2010-06-12 18:15:05,67214.0
2010-06-13 18:15:05,67435.0
2010-06-14 18:15:05,67681.0
2010-06-15 18:15:05,67969.0
2010-06-16 18:15:05,68165.0
2010-06-17 18:15:05,68373.0
2010-06-18 18:15:05,68557.0
2010-06-19 18:15:05,68775.0
2010-06-20 18:15:05,68991.0
2010-06-21 18:15:05,69233.0
2010-06-22 18:15:05,69468.0
2010-06-23 18:15:05,69710.0
2010-06-24 18:15:05,69957.0
2010-06-25 18:15:05,70184.0
2010-06-26 18:15:05,70389.0
2010-06-27 18:15:05,70604.0
2010-06-28 18:15:05,70840.0
2010-06-29 18:15:05,71093.0
2010-06-30 18:15:05,71376.0
2010-07-01 18:15:05,71649.0
2010-07-02 18:15:05,71888.0
2010-07-03 18:15:05,72171.0
2010-07-04 18:15:05,72416.0
2010-07-05 18:15:05,72659.0
2010-07-06 18:15:05,72883.0
2010-07-07 18:15:05,73092.0
2010-07-08 18:15:05,73332.0
2010-07-09 18:15:05,73590.0
2010-07-10 18:15:05,73828.0
2010-07-11 18:15:05,74070.0
2010-07-12 18:15:05,75900.0
2010-07-13 18:15:05,77639.0
2010-07-14 18:15:05,83298.0
2010-07-15 18:15:05,85091.0
2010-07-16 18:15:05,86484.0
2010-07-17 18:15:05,86946.0
2010-07-18 18:15:05,87373.0
2010-07-19 18:15:05,87860.0
2010-07-20 18:15:05,88487.0
2010-07-21 18:15:05,88952.0
2010-07-22 18:15:05,89380.0
2010-07-23 18:15:05,89772.0
2010-07-24 18:15:05,90146.0
2010-07-25 18:15:05,92483.0
2010-07-26 18:15:05,92951.0
2010-07-27 18:15:05,93396.0
2010-07-28 18:15:05,93738.0
2010-07-29 18:15:05,97193.0
2010-07-30 18:15:05,97555.0
2010-07-31 18:15:05,97850.0
2010-08-01 18:15:05,98174.0
2010-08-02 18:15:05,98587.0
2010-08-03 18:15:05,99210.0
2010-08-04 18:15:05,99585.0
2010-08-05 18:15:05,100189.0
2010-08-06 18:15:05,100557.0
2010-08-07 18:15:05,100844.0
2010-08-08 18:15:05,101167.0
2010-08-09 18:15:05,101590.0
2010-08-10 18:15:05,101992.0
2010-08-11 18:15:05,102376.0
2010-08-12 18:15:05,102783.0
2010-08-13 18:15:05,103291.0
2010-08-14 18:15:05,103715.0
2010-08-15 18:15:05,104138.0
2010-08-16 18:15:05,104456.0
2010-08-17 18:15:05,104808.0
2010-08-18 18:15:05,105185.0
2010-08-19 18:15:05,105553.0
2010-08-20 18:15:05,105951.0
2010-08-21 18:15:05,106299.0
2010-08-22 18:15:05,106649.0
2010-08-23 18:15:05,107038.0
2010-08-24 18:15:05,107375.0
2010-08-25 18:15:05,107771.0
2010-08-26 18:15:05,108145.0
2010-08-27 18:15:05,108436.0
2010-08-28 18:15:05,108784.0
2010-08-29 18:15:05,109052.0
2010-08-30 18:15:05,109340.0
2010-08-31 18:15:05,109805.0
2010-09-01 18:15:05,110213.0
2010-09-02 18:15:05,110521.0
2010-09-03 18:15:05,110835.0
2010-09-04 18:15:05,111121.0
2010-09-05 18:15:05,111424.0
2010-09-06 18:15:05,111722.0
2010-09-07 18:15:05,111993.0
2010-09-08 18:15:05,112285.0
2010-09-09 18:15:05,112628.0
2010-09-10 18:15:05,113006.0
2010-09-11 18:15:05,113302.0
2010-09-12 18:15:05,113652.0
2010-09-13 18:15:05,114088.0
2010-09-14 18:15:05,114525.0
2010-09-15 18:15:05,114975.0
2010-09-16 18:15:05,115355.0
2010-09-17 18:15:05,115734.0
2010-09-18 18:15:05,116165.0
2010-09-19 18:15:05,116504.0
2010-09-20 18:15:05,116926.0
2010-09-21 18:15:05,117562.0
2010-09-22 18:15:05,118361.0
2010-09-23 18:15:05,119059.0
2010-09-24 18:15:05,119617.0
2010-09-25 18:15:05,120068.0
2010-09-26 18:15:05,120522.0
2010-09-27 18:15:05,121161.0
2010-09-28 18:15:05,121628.0
2010-09-29 18:15:05,122626.0
2010-09-30 18:15:05,122984.0
2010-10-01 18:15:05,123547.0
2010-10-02 18:15:05,124048.0
2010-10-03 18:15:05,124449.0
2010-10-04 18:15:05,124863.0
2010-10-05 18:15:05,125216.0
2010-10-06 18:15:05,125624.0
2010-10-07 18:15:05,125994.0
2010-10-08 18:15:05,126337.0
2010-10-09 18:15:05,126719.0
2010-10-10 18:15:05,127092.0
2010-10-11 18:15:05,127440.0
2010-10-12 18:15:05,127801.0
2010-10-13 18:15:05,128151.0
2010-10-14 18:15:05,128527.0
2010-10-15 18:15:05,128860.0
2010-10-16 18:15:05,129272.0
2010-10-17 18:15:05,129757.0
2010-10-18 18:15:05,130274.0
2010-10-19 18:15:05,131238.0
2010-10-20 18:15:05,131931.0
2010-10-21 18:15:05,132533.0
2010-10-22 18:15:05,133028.0
2010-10-23 18:15:05,133651.0
2010-10-24 18:15:05,134124.0
2010-10-25 18:15:05,134603.0
2010-10-26 18:15:05,135089.0
2010-10-27 18:15:05,135658.0
2010-10-28 18:15:05,136158.0
2010-10-29 18:15:05,136624.0
2010-10-30 18:15:05,137068.0
2010-10-31 18:15:05,137379.0
2010-11-01 18:15:05,137743.0
2010-11-02 18:15:05,138026.0
2010-11-03 18:15:05,138360.0
2010-11-04 18:15:05,138699.0
2010-11-05 18:15:05,139115.0
2010-11-06 18:15:05,139504.0
2010-11-07 18:15:05,139949.0
2010-11-08 18:15:05,140447.0
2010-11-09 18:15:05,140905.0
2010-11-10 18:15:05,141277.0
2010-11-11 18:15:05,141706.0
2010-11-12 18:15:05,142002.0
2010-11-13 18:15:05,142335.0
2010-11-14 18:15:05,142734.0
2010-11-15 18:15:05,144589.0
2010-11-16 18:15:05,156676.0
2010-11-17 18:15:05,157139.0
2010-11-18 18:15:05,157573.0
2010-11-19 18:15:05,165304.0
2010-11-20 18:15:05,177626.0
2010-11-21 18:15:05,188004.0
2010-11-22 18:15:05,188399.0
2010-11-23 18:15:05,188737.0
2010-11-24 18:15:05,191486.0
2010-11-25 18:15:05,197369.0
2010-11-26 18:15:05,198911.0
2010-11-27 18:15:05,199401.0
2010-11-28 18:15:05,199858.0
2010-11-29 18:15:05,200293.0
2010-11-30 18:15:05,200748.0
2010-12-01 18:15:05,201253.0
2010-12-02 18:15:05,201725.0
2010-12-03 18:15:05,202136.0
2010-12-04 18:15:05,202538.0
2010-12-05 18:15:05,202974.0
2010-12-06 18:15:05,203421.0
2010-12-07 18:15:05,203969.0
2010-12-08 18:15:05,204506.0
2010-12-09 18:15:05,205022.0
2010-12-10 18:15:05,205404.0
2010-12-11 18:15:05,205908.0
2010-12-12 18:15:05,206472.0
2010-12-13 18:15:05,207195.0
2010-12-14 18:15:05,207878.0
2010-12-15 18:15:05,208488.0
2010-12-16 18:15:05,209011.0
2010-12-17 18:15:05,209514.0
2010-12-18 18:15:05,209980.0
2010-12-19 18:15:05,210527.0
2010-12-20 18:15:05,211461.0
2010-12-21 18:15:05,212077.0
2010-12-22 18:15:05,212711.0
2010-12-23 18:15:05,213263.0
2010-12-24 18:15:05,213841.0
2010-12-25 18:15:05,214396.0
2010-12-26 18:15:05,215046.0
2010-12-27 18:15:05,215553.0
2010-12-28 18:15:05,216137.0
2010-12-29 18:15:05,216778.0
2010-12-30 18:15:05,217320.0
2010-12-31 18:15:05,217899.0
2011-01-01 18:15:05,218493.0
2011-01-02 18:15:05,219086.0
2011-01-03 18:15:05,219939.0
2011-01-04 18:15:05,221181.0
2011-01-05 18:15:05,222373.0
2011-01-06 18:15:05,223223.0
2011-01-07 18:15:05,224103.0
2011-01-08 18:15:05,225495.0
2011-01-09 18:15:05,226688.0
2011-01-10 18:15:05,228046.0
2011-01-11 18:15:05,229308.0
2011-01-12 18:15:05,230541.0
2011-01-13 18:15:05,231812.0
2011-01-14 18:15:05,233097.0
2011-01-15 18:15:05,234029.0
2011-01-16 18:15:05,235056.0
2011-01-17 18:15:05,235872.0
2011-01-18 18:15:05,236742.0
2011-01-19 18:15:05,237709.0
2011-01-20 18:15:05,238556.0
2011-01-21 18:15:05,239603.0
2011-01-22 18:15:05,241034.0
2011-01-23 18:15:05,242107.0
2011-01-24 18:15:05,243441.0
2011-01-25 18:15:05,244406.0
2011-01-26 18:15:05,245391.0
2011-01-27 18:15:05,246291.0
2011-01-28 18:15:05,247327.0
2011-01-29 18:15:05,248617.0
2011-01-30 18:15:05,250820.0
2011-01-31 18:15:05,252635.0
2011-02-01 18:15:05,253620.0
2011-02-02 18:15:05,254624.0
2011-02-03 18:15:05,255401.0
2011-02-04 18:15:05,256319.0
2011-02-05 18:15:05,257206.0
2011-02-06 18:15:05,258063.0
2011-02-07 18:15:05,258974.0
2011-02-08 18:15:05,259816.0
2011-02-09 18:15:05,260849.0
2011-02-10 18:15:05,262715.0
2011-02-11 18:15:05,265148.0
2011-02-12 18:15:05,267051.0
2011-02-13 18:15:05,268892.0
2011-02-14 18:15:05,270870.0
2011-02-15 18:15:05,273137.0
2011-02-16 18:15:05,275199.0
2011-02-17 18:15:05,277454.0
2011-02-18 18:15:05,279540.0
2011-02-19 18:15:05,281313.0
2011-02-20 18:15:05,283011.0
2011-02-21 18:15:05,284980.0
2011-02-22 18:15:05,287132.0
2011-02-23 18:15:05,289526.0
2011-02-24 18:15:05,291483.0
2011-02-25 18:15:05,293617.0
2011-02-26 18:15:05,295581.0
2011-02-27 18:15:05,297842.0
2011-02-28 18:15:05,299774.0
2011-03-01 18:15:05,301434.0
2011-03-02 18:15:05,304408.0
2011-03-03 18:15:05,307410.0
2011-03-04 18:15:05,309529.0
2011-03-05 18:15:05,311475.0
2011-03-06 18:15:05,313393.0
2011-03-07 18:15:05,315513.0
2011-03-08 18:15:05,318043.0
2011-03-09 18:15:05,319830.0
2011-03-10 18:15:05,321321.0
2011-03-11 18:15:05,323428.0
2011-03-12 18:15:05,326240.0
2011-03-13 18:15:05,328715.0
2011-03-14 18:15:05,331696.0
2011-03-15 18:15:05,334195.0
2011-03-16 18:15:05,337432.0
2011-03-17 18:15:05,340620.0
2011-03-18 18:15:05,343379.0
2011-03-19 18:15:05,346493.0
2011-03-20 18:15:05,349167.0
2011-03-21 18:15:05,356489.0
2011-03-22 18:15:05,358790.0
2011-03-23 18:15:05,363158.0
2011-03-24 18:15:05,365376.0
2011-03-25 18:15:05,367463.0
2011-03-26 18:15:05,370450.0
2011-03-27 18:15:05,372722.0
2011-03-28 18:15:05,376142.0
2011-03-29 18:15:05,379057.0
2011-03-30 18:15:05,380682.0
2011-03-31 18:15:05,382888.0
2011-04-01 18:15:05,384461.0
2011-04-02 18:15:05,386265.0
2011-04-03 18:15:05,387868.0
2011-04-04 18:15:05,390195.0
2011-04-05 18:15:05,392467.0
2011-04-06 18:15:05,394235.0
2011-04-07 18:15:05,396077.0
2011-04-08 18:15:05,397777.0
2011-04-09 18:15:05,399526.0
2011-04-10 18:15:05,401179.0
2011-04-11 18:15:05,403058.0
2011-04-12 18:15:05,405077.0
2011-04-13 18:15:05,407557.0
2011-04-14 18:15:05,410525.0
2011-04-15 18:15:05,412526.0
2011-04-16 18:15:05,414506.0
2011-04-17 18:15:05,416826.0
2011-04-18 18:15:05,419537.0
2011-04-19 18:15:05,423104.0
2011-04-20 18:15:05,426277.0
2011-04-21 18:15:05,428189.0
2011-04-22 18:15:05,430451.0
2011-04-23 18:15:05,432551.0
2011-04-24 18:15:05,435047.0
2011-04-25 18:15:05,437563.0
2011-04-26 18:15:05,440316.0
2011-04-27 18:15:05,444866.0
2011-04-28 18:15:05,448484.0
2011-04-29 18:15:05,451958.0
2011-04-30 18:15:05,455980.0
2011-05-01 18:15:05,460628.0
2011-05-02 18:15:05,463147.0
2011-05-03 18:15:05,466382.0
2011-05-04 18:15:05,469349.0
2011-05-05 18:15:05,472748.0
2011-05-06 18:15:05,475997.0
2011-05-07 18:15:05,479886.0
2011-05-08 18:15:05,482663.0
2011-05-09 18:15:05,486223.0
2011-05-10 18:15:05,489370.0
2011-05-11 18:15:05,492642.0
2011-05-12 18:15:05,495278.0
2011-05-13 18:15:05,499682.0
2011-05-14 18:15:05,504031.0
2011-05-15 18:15:05,508021.0
2011-05-16 18:15:05,512181.0
2011-05-17 18:15:05,516536.0
2011-05-18 18:15:05,521533.0
2011-05-19 18:15:05,526664.0
2011-05-20 18:15:05,531467.0
2011-05-21 18:15:05,536289.0
2011-05-22 18:15:05,541736.0
2011-05-23 18:15:05,547511.0
2011-05-24 18:15:05,553073.0
2011-05-25 18:15:05,559245.0
2011-05-26 18:15:05,566063.0
2011-05-27 18:15:05,571554.0
2011-05-28 18:15:05,576608.0
2011-05-29 18:15:05,581333.0
2011-05-30 18:15:05,586168.0
2011-05-31 18:15:05,592371.0
2011-06-01 18:15:05,598440.0
2011-06-02 18:15:05,605597.0
2011-06-03 18:15:05,613971.0
2011-06-04 18:15:05,622744.0
2011-06-05 18:15:05,630905.0
2011-06-06 18:15:05,640713.0
2011-06-07 18:15:05,649417.0
2011-06-08 18:15:05,660811.0
2011-06-09 18:15:05,672978.0
2011-06-10 18:15:05,684211.0
2011-06-11 18:15:05,695373.0
2011-06-12 18:15:05,707041.0
2011-06-13 18:15:05,719279.0
2011-06-14 18:15:05,731881.0
2011-06-15 18:15:05,746053.0
2011-06-16 18:15:05,757830.0
2011-06-17 18:15:05,769378.0
2011-06-18 18:15:05,781403.0
2011-06-19 18:15:05,792881.0
2011-06-20 18:15:05,804159.0
2011-06-21 18:15:05,813311.0
2011-06-22 18:15:05,825121.0
2011-06-23 18:15:05,835633.0
2011-06-24 18:15:05,846767.0
2011-06-25 18:15:05,856284.0
2011-06-26 18:15:05,866582.0
2011-06-27 18:15:05,878020.0
2011-06-28 18:15:05,888912.0
2011-06-29 18:15:05,899070.0
2011-06-30 18:15:05,908955.0
2011-07-01 18:15:05,918405.0
2011-07-02 18:15:05,927859.0
2011-07-03 18:15:05,935832.0
2011-07-04 18:15:05,945327.0
2011-07-05 18:15:05,953808.0
2011-07-06 18:15:05,964861.0
2011-07-07 18:15:05,974253.0
2011-07-08 18:15:05,982464.0
2011-07-09 18:15:05,990861.0
2011-07-10 18:15:05,998918.0
2011-07-11 18:15:05,1008785.0
2011-07-12 18:15:05,1017580.0
2011-07-13 18:15:05,1027155.0
2011-07-14 18:15:05,1035574.0
2011-07-15 18:15:05,1044204.0
2011-07-16 18:15:05,1052025.0
2011-07-17 18:15:05,1061135.0
2011-07-18 18:15:05,1069320.0
2011-07-19 18:15:05,1079183.0
2011-07-20 18:15:05,1087728.0
2011-07-21 18:15:05,1096336.0
2011-07-22 18:15:05,1104773.0
2011-07-23 18:15:05,1112807.0
2011-07-24 18:15:05,1120673.0
2011-07-25 18:15:05,1130228.0
2011-07-26 18:15:05,1138629.0
2011-07-27 18:15:05,1146958.0
2011-07-28 18:15:05,1154776.0
2011-07-29 18:15:05,1162236.0
2011-07-30 18:15:05,1169090.0
2011-07-31 18:15:05,1176519.0
2011-08-01 18:15:05,1184551.0
2011-08-02 18:15:05,1193364.0
2011-08-03 18:15:05,1201418.0
2011-08-04 18:15:05,1209669.0
2011-08-05 18:15:05,1216977.0
2011-08-06 18:15:05,1224057.0
2011-08-07 18:15:05,1230782.0
2011-08-08 18:15:05,1237892.0
2011-08-09 18:15:05,1246530.0
2011-08-10 18:15:05,1254912.0
2011-08-11 18:15:05,1263028.0
2011-08-12 18:15:05,1270092.0
2011-08-13 18:15:05,1277478.0
2011-08-14 18:15:05,1285099.0
2011-08-15 18:15:05,1293446.0
2011-08-16 18:15:05,1302705.0
2011-08-17 18:15:05,1310833.0
2011-08-18 18:15:05,1318290.0
2011-08-19 18:15:05,1326077.0
2011-08-20 18:15:05,1333202.0
2011-08-21 18:15:05,1340557.0
2011-08-22 18:15:05,1348481.0
2011-08-23 18:15:05,1355906.0
2011-08-24 18:15:05,1363239.0
2011-08-25 18:15:05,1370321.0
2011-08-26 18:15:05,1377800.0
2011-08-27 18:15:05,1384788.0
2011-08-28 18:15:05,1390241.0
2011-08-29 18:15:05,1398048.0
2011-08-30 18:15:05,1405894.0
2011-08-31 18:15:05,1413174.0
2011-09-01 18:15:05,1420396.0
2011-09-02 18:15:05,1427313.0
2011-09-03 18:15:05,1433638.0
2011-09-04 18:15:05,1440250.0
2011-09-05 18:15:05,1447531.0
2011-09-06 18:15:05,1455236.0
2011-09-07 18:15:05,1462414.0
2011-09-08 18:15:05,1468895.0
2011-09-09 18:15:05,1476161.0
2011-09-10 18:15:05,1482614.0
2011-09-11 18:15:05,1488915.0
2011-09-12 18:15:05,1495337.0
2011-09-13 18:15:05,1501901.0
2011-09-14 18:15:05,1508416.0
2011-09-15 18:15:05,1514456.0
2011-09-16 18:15:05,1520498.0
2011-09-17 18:15:05,1526679.0
2011-09-18 18:15:05,1532454.0
2011-09-19 18:15:05,1538726.0
2011-09-20 18:15:05,1546146.0
2011-09-21 18:15:05,1554224.0
2011-09-22 18:15:05,1561032.0
2011-09-23 18:15:05,1566852.0
2011-09-24 18:15:05,1573083.0
2011-09-25 18:15:05,1578754.0
2011-09-26 18:15:05,1584671.0
2011-09-27 18:15:05,1590726.0
2011-09-28 18:15:05,1596521.0
2011-09-29 18:15:05,1602230.0
2011-09-30 18:15:05,1607992.0
2011-10-01 18:15:05,1613576.0
2011-10-02 18:15:05,1618721.0
2011-10-03 18:15:05,1624994.0
2011-10-04 18:15:05,1630310.0
2011-10-05 18:15:05,1636528.0
2011-10-06 18:15:05,1642532.0
2011-10-07 18:15:05,1648041.0
2011-10-08 18:15:05,1653645.0
2011-10-09 18:15:05,1659268.0
2011-10-10 18:15:05,1664798.0
2011-10-11 18:15:05,1670644.0
2011-10-12 18:15:05,1677142.0
2011-10-13 18:15:05,1681881.0
2011-10-14 18:15:05,1687557.0
2011-10-15 18:15:05,1693637.0
2011-10-16 18:15:05,1698515.0
2011-10-17 18:15:05,1704108.0
2011-10-18 18:15:05,1709670.0
2011-10-19 18:15:05,1714480.0
2011-10-20 18:15:05,1719188.0
2011-10-21 18:15:05,1724545.0
2011-10-22 18:15:05,1729365.0
2011-10-23 18:15:05,1734816.0
2011-10-24 18:15:05,1740735.0
2011-10-25 18:15:05,1746017.0
2011-10-26 18:15:05,1751324.0
2011-10-27 18:15:05,1756063.0
2011-10-28 18:15:05,1761174.0
2011-10-29 18:15:05,1767000.0
2011-10-30 18:15:05,1771888.0
2011-10-31 18:15:05,1776844.0
2011-11-01 18:15:05,1782729.0
2011-11-02 18:15:05,1788479.0
2011-11-03 18:15:05,1794225.0
2011-11-04 18:15:05,1800887.0
2011-11-05 18:15:05,1807462.0
2011-11-06 18:15:05,1812483.0
2011-11-07 18:15:05,1817812.0
2011-11-08 18:15:05,1823560.0
2011-11-09 18:15:05,1830187.0
2011-11-10 18:15:05,1836551.0
2011-11-11 18:15:05,1841990.0
2011-11-12 18:15:05,1847336.0
2011-11-13 18:15:05,1852424.0
2011-11-14 18:15:05,1858044.0
2011-11-15 18:15:05,1864486.0
2011-11-16 18:15:05,1870341.0
2011-11-17 18:15:05,1875937.0
2011-11-18 18:15:05,1880755.0
2011-11-19 18:15:05,1885664.0
2011-11-20 18:15:05,1890460.0
2011-11-21 18:15:05,1895504.0
2011-11-22 18:15:05,1900875.0
2011-11-23 18:15:05,1906495.0
2011-11-24 18:15:05,1911515.0
2011-11-25 18:15:05,1916889.0
2011-11-26 18:15:05,1921893.0
2011-11-27 18:15:05,1926687.0
2011-11-28 18:15:05,1932612.0
2011-11-29 18:15:05,1939141.0
2011-11-30 18:15:05,1945473.0
2011-12-01 18:15:05,1952208.0
2011-12-02 18:15:05,1958524.0
2011-12-03 18:15:05,1964057.0
2011-12-04 18:15:05,1969347.0
2011-12-05 18:15:05,1975694.0
2011-12-06 18:15:05,1982715.0
2011-12-07 18:15:05,1989834.0
2011-12-08 18:15:05,1995621.0
2011-12-09 18:15:05,2001307.0
2011-12-10 18:15:05,2007101.0
2011-12-11 18:15:05,2012341.0
2011-12-12 18:15:05,2017265.0
2011-12-13 18:15:05,2022780.0
2011-12-14 18:15:05,2027905.0
2011-12-15 18:15:05,2033381.0
2011-12-16 18:15:05,2038700.0
2011-12-17 18:15:05,2043519.0
2011-12-18 18:15:05,2048134.0
2011-12-19 18:15:05,2053334.0
2011-12-20 18:15:05,2060018.0
2011-12-21 18:15:05,2065685.0
2011-12-22 18:15:05,2071503.0
2011-12-23 18:15:05,2077243.0
2011-12-24 18:15:05,2081919.0
2011-12-25 18:15:05,2087226.0
2011-12-26 18:15:05,2092607.0
2011-12-27 18:15:05,2098178.0
2011-12-28 18:15:05,2103147.0
2011-12-29 18:15:05,2108170.0
2011-12-30 18:15:05,2113194.0
2011-12-31 18:15:05,2118551.0
2012-01-01 18:15:05,2123074.0
2012-01-02 18:15:05,2128883.0
2012-01-03 18:15:05,2134427.0
2012-01-04 18:15:05,2140063.0
2012-01-05 18:15:05,2146980.0
2012-01-06 18:15:05,2153341.0
2012-01-07 18:15:05,2159552.0
2012-01-08 18:15:05,2165842.0
2012-01-09 18:15:05,2171841.0
2012-01-10 18:15:05,2178430.0
2012-01-11 18:15:05,2185598.0
2012-01-12 18:15:05,2192541.0
2012-01-13 18:15:05,2199365.0
2012-01-14 18:15:05,2206099.0
2012-01-15 18:15:05,2212774.0
2012-01-16 18:15:05,2219459.0
2012-01-17 18:15:05,2226004.0
2012-01-18 18:15:05,2233219.0
2012-01-19 18:15:05,2239683.0
2012-01-20 18:15:05,2246401.0
2012-01-21 18:15:05,2253172.0
2012-01-22 18:15:05,2258431.0
2012-01-23 18:15:05,2264415.0
2012-01-24 18:15:05,2271232.0
2012-01-25 18:15:05,2279249.0
2012-01-26 18:15:05,2285985.0
2012-01-27 18:15:05,2292529.0
2012-01-28 18:15:05,2298624.0
2012-01-29 18:15:05,2305088.0
2012-01-30 18:15:05,2311107.0
2012-01-31 18:15:05,2317576.0
2012-02-01 18:15:05,2324476.0
2012-02-02 18:15:05,2331431.0
2012-02-03 18:15:05,2338374.0
2012-02-04 18:15:05,2345971.0
2012-02-05 18:15:05,2352587.0
2012-02-06 18:15:05,2359087.0
2012-02-07 18:15:05,2365886.0
2012-02-08 18:15:05,2372505.0
2012-02-09 18:15:05,2379764.0
2012-02-10 18:15:05,2388406.0
2012-02-11 18:15:05,2396030.0
2012-02-12 18:15:05,2403435.0
2012-02-13 18:15:05,2410949.0
2012-02-14 18:15:05,2420659.0
2012-02-15 18:15:05,2430170.0
2012-02-16 18:15:05,2439456.0
2012-02-17 18:15:05,2446584.0
2012-02-18 18:15:05,2453260.0
2012-02-19 18:15:05,2459192.0
2012-02-20 18:15:05,2465310.0
2012-02-21 18:15:05,2471658.0
2012-02-22 18:15:05,2478782.0
2012-02-23 18:15:05,2486663.0
2012-02-24 18:15:05,2493866.0
2012-02-25 18:15:05,2500454.0
2012-02-26 18:15:05,2506305.0
2012-02-27 18:15:05,2512780.0
2012-02-28 18:15:05,2519407.0
2012-02-29 18:15:05,2526232.0
2012-03-01 18:15:05,2532945.0
2012-03-02 18:15:05,2540641.0
2012-03-03 18:15:05,2546342.0
2012-03-04 18:15:05,2552359.0
2012-03-05 18:15:05,2559088.0
2012-03-06 18:15:05,2565801.0
2012-03-07 18:15:05,2572375.0
2012-03-08 18:15:05,2579010.0
2012-03-09 18:15:05,2585488.0
2012-03-10 18:15:05,2591542.0
2012-03-11 18:15:05,2596716.0
2012-03-12 18:15:05,2602444.0
2012-03-13 18:15:05,2609249.0
2012-03-14 18:15:05,2616345.0
2012-03-15 18:15:05,2622922.0
2012-03-16 18:15:05,2629628.0
2012-03-17 18:15:05,2637101.0
2012-03-18 18:15:05,2642846.0
2012-03-19 18:15:05,2649525.0
2012-03-20 18:15:05,2656129.0
2012-03-21 18:15:05,2663109.0
2012-03-22 18:15:05,2669865.0
2012-03-23 18:15:05,2676158.0
2012-03-24 18:15:05,2682619.0
2012-03-25 18:15:05,2688868.0
2012-03-26 18:15:05,2695337.0
2012-03-27 18:15:05,2701683.0
2012-03-28 18:15:05,2708817.0
2012-03-29 18:15:05,2716343.0
2012-03-30 18:15:05,2723517.0
2012-03-31 18:15:05,2729803.0
2012-04-01 18:15:05,2735422.0
2012-04-02 18:15:05,2741508.0
2012-04-03 18:15:05,2749047.0
2012-04-04 18:15:05,2756526.0
2012-04-05 18:15:05,2763503.0
2012-04-06 18:15:05,2770503.0
2012-04-07 18:15:05,2776655.0
2012-04-08 18:15:05,2782716.0
2012-04-09 18:15:05,2788761.0
2012-04-10 18:15:05,2797196.0
2012-04-11 18:15:05,2804681.0
2012-04-12 18:15:05,2813194.0
2012-04-13 18:15:05,2820743.0
2012-04-14 18:15:05,2828678.0
2012-04-15 18:15:05,2835991.0
2012-04-16 18:15:05,2843837.0
2012-04-17 18:15:05,2852191.0
2012-04-18 18:15:05,2860336.0
2012-04-19 18:15:05,2868359.0
2012-04-20 18:15:05,2876375.0
2012-04-21 18:15:05,2884145.0
2012-04-22 18:15:05,2890913.0
2012-04-23 18:15:05,2897758.0
2012-04-24 18:15:05,2905153.0
2012-04-25 18:15:05,2912899.0
2012-04-26 18:15:05,2922942.0
2012-04-27 18:15:05,2930008.0
2012-04-28 18:15:05,2937181.0
2012-04-29 18:15:05,2945231.0
2012-04-30 18:15:05,2954295.0
2012-05-01 18:15:05,2964365.0
2012-05-02 18:15:05,2973738.0
2012-05-03 18:15:05,2986021.0
2012-05-04 18:15:05,3000397.0
2012-05-05 18:15:05,3013987.0
2012-05-06 18:15:05,3026403.0
2012-05-07 18:15:05,3042686.0
2012-05-08 18:15:05,3059862.0
2012-05-09 18:15:05,3078727.0
2012-05-10 18:15:05,3091450.0
2012-05-11 18:15:05,3105646.0
2012-05-12 18:15:05,3127701.0
2012-05-13 18:15:05,3141785.0
2012-05-14 18:15:05,3169795.0
2012-05-15 18:15:05,3190612.0
2012-05-16 18:15:05,3210289.0
2012-05-17 18:15:05,3225181.0
2012-05-18 18:15:05,3246939.0
2012-05-19 18:15:05,3285071.0
2012-05-20 18:15:05,3318399.0
2012-05-21 18:15:05,3347532.0
2012-05-22 18:15:05,3372855.0
2012-05-23 18:15:05,3399639.0
2012-05-24 18:15:05,3425659.0
2012-05-25 18:15:05,3454666.0
2012-05-26 18:15:05,3478648.0
2012-05-27 18:15:05,3500899.0
2012-05-28 18:15:05,3533425.0
2012-05-29 18:15:05,3564585.0
2012-05-30 18:15:05,3590328.0
2012-05-31 18:15:05,3611279.0
2012-06-01 18:15:05,3635992.0
2012-06-02 18:15:05,3654562.0
2012-06-03 18:15:05,3681216.0
2012-06-04 18:15:05,3726200.0
2012-06-05 18:15:05,3771518.0
2012-06-06 18:15:05,3789793.0
2012-06-07 18:15:05,3820360.0
2012-06-08 18:15:05,3847334.0
2012-06-09 18:15:05,3878857.0
2012-06-10 18:15:05,3918185.0
2012-06-11 18:15:05,3953460.0
2012-06-12 18:15:05,3974256.0
2012-06-13 18:15:05,4026296.0
2012-06-14 18:15:05,4083293.0
2012-06-15 18:15:05,4140700.0
2012-06-16 18:15:05,4190013.0
2012-06-17 18:15:05,4230303.0
2012-06-18 18:15:05,4269331.0
2012-06-19 18:15:05,4307439.0
2012-06-20 18:15:05,4340914.0
2012-06-21 18:15:05,4367415.0
2012-06-22 18:15:05,4392965.0
2012-06-23 18:15:05,4414624.0
2012-06-24 18:15:05,4436504.0
2012-06-25 18:15:05,4462489.0
2012-06-26 18:15:05,4495036.0
2012-06-27 18:15:05,4525672.0
2012-06-28 18:15:05,4552987.0
2012-06-29 18:15:05,4575326.0
2012-06-30 18:15:05,4598934.0
2012-07-01 18:15:05,4617768.0
2012-07-02 18:15:05,4643040.0
2012-07-03 18:15:05,4665986.0
2012-07-04 18:15:05,4687978.0
2012-07-05 18:15:05,4710023.0
2012-07-06 18:15:05,4731985.0
2012-07-07 18:15:05,4758114.0
2012-07-08 18:15:05,4779811.0
2012-07-09 18:15:05,4805104.0
2012-07-10 18:15:05,4838546.0
2012-07-11 18:15:05,4868711.0
2012-07-12 18:15:05,4895204.0
2012-07-13 18:15:05,4918645.0
2012-07-14 18:15:05,4944062.0
2012-07-15 18:15:05,4969948.0
2012-07-16 18:15:05,5000509.0
2012-07-17 18:15:05,5035202.0
2012-07-18 18:15:05,5065935.0
2012-07-19 18:15:05,5097012.0
2012-07-20 18:15:05,5132395.0
2012-07-21 18:15:05,5169993.0
2012-07-22 18:15:05,5199968.0
2012-07-23 18:15:05,5235869.0
2012-07-24 18:15:05,5265814.0
2012-07-25 18:15:05,5294941.0
2012-07-26 18:15:05,5325593.0
2012-07-27 18:15:05,5352023.0
2012-07-28 18:15:05,5385210.0
2012-07-29 18:15:05,5417998.0
2012-07-30 18:15:05,5456202.0
2012-07-31 18:15:05,5492365.0
2012-08-01 18:15:05,5526528.0
2012-08-02 18:15:05,5559003.0
2012-08-03 18:15:05,5588359.0
2012-08-04 18:15:05,5616525.0
2012-08-05 18:15:05,5648528.0
2012-08-06 18:15:05,5684488.0
2012-08-07 18:15:05,5713124.0
2012-08-08 18:15:05,5751979.0
2012-08-09 18:15:05,5785096.0
2012-08-10 18:15:05,5812458.0
2012-08-11 18:15:05,5842437.0
2012-08-12 18:15:05,5876188.0
2012-08-13 18:15:05,5925866.0
2012-08-14 18:15:05,5963471.0
2012-08-15 18:15:05,6012541.0
2012-08-16 18:15:05,6061706.0
2012-08-17 18:15:05,6102603.0
2012-08-18 18:15:05,6141373.0
2012-08-19 18:15:05,6176395.0
2012-08-20 18:15:05,6212643.0
2012-08-21 18:15:05,6253137.0
2012-08-22 18:15:05,6293771.0
2012-08-23 18:15:05,6325536.0
2012-08-24 18:15:05,6356505.0
2012-08-25 18:15:05,6391996.0
2012-08-26 18:15:05,6422521.0
2012-08-27 18:15:05,6453829.0
2012-08-28 18:15:05,6484667.0
2012-08-29 18:15:05,6518471.0
2012-08-30 18:15:05,6549831.0
2012-08-31 18:15:05,6591326.0
2012-09-01 18:15:05,6633266.0
2012-09-02 18:15:05,6664534.0
2012-09-03 18:15:05,6705600.0
2012-09-04 18:15:05,6742540.0
2012-09-05 18:15:05,6783954.0
2012-09-06 18:15:05,6828172.0
2012-09-07 18:15:05,6860649.0
2012-09-08 18:15:05,6895008.0
2012-09-09 18:15:05,6925084.0
2012-09-10 18:15:05,6957139.0
2012-09-11 18:15:05,6994952.0
2012-09-12 18:15:05,7025358.0
2012-09-13 18:15:05,7053257.0
2012-09-14 18:15:05,7088403.0
2012-09-15 18:15:05,7118743.0
2012-09-16 18:15:05,7146094.0
2012-09-17 18:15:05,7171517.0
2012-09-18 18:15:05,7202830.0
2012-09-19 18:15:05,7234949.0
2012-09-20 18:15:05,7268774.0
2012-09-21 18:15:05,7298731.0
2012-09-22 18:15:05,7322578.0
2012-09-23 18:15:05,7346773.0
2012-09-24 18:15:05,7378052.0
2012-09-25 18:15:05,7401827.0
2012-09-26 18:15:05,7433713.0
2012-09-27 18:15:05,7463907.0
2012-09-28 18:15:05,7493805.0
2012-09-29 18:15:05,7520214.0
2012-09-30 18:15:05,7541357.0
2012-10-01 18:15:05,7565160.0
2012-10-02 18:15:05,7593703.0
2012-10-03 18:15:05,7625888.0
2012-10-04 18:15:05,7655406.0
2012-10-05 18:15:05,7689815.0
2012-10-06 18:15:05,7725477.0
2012-10-07 18:15:05,7757153.0
2012-10-08 18:15:05,7795519.0
2012-10-09 18:15:05,7831422.0
2012-10-10 18:15:05,7863677.0
2012-10-11 18:15:05,7893758.0
2012-10-12 18:15:05,7917958.0
2012-10-13 18:15:05,7955236.0
2012-10-14 18:15:05,7982217.0
2012-10-15 18:15:05,8011907.0
2012-10-16 18:15:05,8045371.0
2012-10-17 18:15:05,8078145.0
2012-10-18 18:15:05,8106577.0
2012-10-19 18:15:05,8135047.0
2012-10-20 18:15:05,8162720.0
2012-10-21 18:15:05,8202494.0
2012-10-22 18:15:05,8238141.0
2012-10-23 18:15:05,8278256.0
2012-10-24 18:15:05,8311824.0
2012-10-25 18:15:05,8339950.0
2012-10-26 18:15:05,8362490.0
2012-10-27 18:15:05,8379978.0
2012-10-28 18:15:05,8397359.0
2012-10-29 18:15:05,8416503.0
2012-10-30 18:15:05,8446433.0
2012-10-31 18:15:05,8475035.0
2012-11-01 18:15:05,8500493.0
2012-11-02 18:15:05,8527991.0
2012-11-03 18:15:05,8553255.0
2012-11-04 18:15:05,8575947.0
2012-11-05 18:15:05,8608149.0
2012-11-06 18:15:05,8636208.0
2012-11-07 18:15:05,8673650.0
2012-11-08 18:15:05,8708635.0
2012-11-09 18:15:05,8735486.0
2012-11-10 18:15:05,8762081.0
2012-11-11 18:15:05,8785809.0
2012-11-12 18:15:05,8810461.0
2012-11-13 18:15:05,8835302.0
2012-11-14 18:15:05,8864523.0
2012-11-15 18:15:05,8902266.0
2012-11-16 18:15:05,8939552.0
2012-11-17 18:15:05,8973825.0
2012-11-18 18:15:05,9006969.0
2012-11-19 18:15:05,9042129.0
2012-11-20 18:15:05,9079690.0
2012-11-21 18:15:05,9120935.0
2012-11-22 18:15:05,9153866.0
2012-11-23 18:15:05,9185348.0
2012-11-24 18:15:05,9214517.0
2012-11-25 18:15:05,9249338.0
2012-11-26 18:15:05,9284148.0
2012-11-27 18:15:05,9313676.0
2012-11-28 18:15:05,9350197.0
2012-11-29 18:15:05,9389247.0
2012-11-30 18:15:05,9417610.0
2012-12-01 18:15:05,9455332.0
2012-12-02 18:15:05,9475887.0
2012-12-03 18:15:05,9498294.0
2012-12-04 18:15:05,9526344.0
2012-12-05 18:15:05,9559520.0
2012-12-06 18:15:05,9596721.0
2012-12-07 18:15:05,9629608.0
2012-12-08 18:15:05,9661465.0
2012-12-09 18:15:05,9694303.0
2012-12-10 18:15:05,9732777.0
2012-12-11 18:15:05,9769118.0
2012-12-12 18:15:05,9804440.0
2012-12-13 18:15:05,9844700.0
2012-12-14 18:15:05,9886097.0
2012-12-15 18:15:05,9919623.0
2012-12-16 18:15:05,9953612.0
2012-12-17 18:15:05,9994440.0
2012-12-18 18:15:05,10041030.0
2012-12-19 18:15:05,10090046.0
2012-12-20 18:15:05,10126179.0
2012-12-21 18:15:05,10166837.0
2012-12-22 18:15:05,10218849.0
2012-12-23 18:15:05,10258077.0
2012-12-24 18:15:05,10295176.0
2012-12-25 18:15:05,10322736.0
2012-12-26 18:15:05,10358476.0
2012-12-27 18:15:05,10401595.0
2012-12-28 18:15:05,10449109.0
2012-12-29 18:15:05,10488357.0
2012-12-30 18:15:05,10532108.0
2012-12-31 18:15:05,10566336.0
2013-01-01 18:15:05,10594956.0
2013-01-02 18:15:05,10633942.0
2013-01-03 18:15:05,10675355.0
2013-01-04 18:15:05,10725281.0
2013-01-05 18:15:05,10764212.0
2013-01-06 18:15:05,10798731.0
2013-01-07 18:15:05,10839591.0
2013-01-08 18:15:05,10874981.0
2013-01-09 18:15:05,10918316.0
2013-01-10 18:15:05,10969709.0
2013-01-11 18:15:05,11024371.0
2013-01-12 18:15:05,11071207.0
2013-01-13 18:15:05,11118044.0
2013-01-14 18:15:05,11161843.0
2013-01-15 18:15:05,11207496.0
2013-01-16 18:15:05,11259693.0
2013-01-17 18:15:05,11307714.0
2013-01-18 18:15:05,11358610.0
2013-01-19 18:15:05,11415065.0
2013-01-20 18:15:05,11456701.0
2013-01-21 18:15:05,11498058.0
2013-01-22 18:15:05,11538257.0
2013-01-23 18:15:05,11586524.0
2013-01-24 18:15:05,11633131.0
2013-01-25 18:15:05,11679176.0
2013-01-26 18:15:05,11732596.0
2013-01-27 18:15:05,11786047.0
2013-01-28 18:15:05,11838368.0
2013-01-29 18:15:05,11891985.0
2013-01-30 18:15:05,11937795.0
2013-01-31 18:15:05,11983899.0
2013-02-01 18:15:05,12040655.0
2013-02-02 18:15:05,12099489.0
2013-02-03 18:15:05,12155701.0
2013-02-04 18:15:05,12213181.0
2013-02-05 18:15:05,12266626.0
2013-02-06 18:15:05,12311409.0
2013-02-07 18:15:05,12369624.0
2013-02-08 18:15:05,12435552.0
2013-02-09 18:15:05,12486399.0
2013-02-10 18:15:05,12543762.0
2013-02-11 18:15:05,12602597.0
2013-02-12 18:15:05,12661448.0
2013-02-13 18:15:05,12718846.0
2013-02-14 18:15:05,12772695.0
2013-02-15 18:15:05,12830200.0
2013-02-16 18:15:05,12881418.0
2013-02-17 18:15:05,12931818.0
2013-02-18 18:15:05,12978136.0
2013-02-19 18:15:05,13033734.0
2013-02-20 18:15:05,13091347.0
2013-02-21 18:15:05,13150343.0
2013-02-22 18:15:05,13209263.0
2013-02-23 18:15:05,13268649.0
2013-02-24 18:15:05,13326444.0
2013-02-25 18:15:05,13391608.0
2013-02-26 18:15:05,13453613.0
2013-02-27 18:15:05,13516565.0
2013-02-28 18:15:05,13577558.0
2013-03-01 18:15:05,13643355.0
2013-03-02 18:15:05,13704014.0
2013-03-03 18:15:05,13753645.0
2013-03-04 18:15:05,13817902.0
2013-03-05 18:15:05,13873941.0
2013-03-06 18:15:05,13940378.0
2013-03-07 18:15:05,14002801.0
2013-03-08 18:15:05,14067615.0
2013-03-09 18:15:05,14115286.0
2013-03-10 18:15:05,14186616.0
2013-03-11 18:15:05,14254226.0
2013-03-12 18:15:05,14298636.0
2013-03-13 18:15:05,14354813.0
2013-03-14 18:15:05,14413645.0
2013-03-15 18:15:05,14473709.0
2013-03-16 18:15:05,14517058.0
2013-03-17 18:15:05,14551222.0
2013-03-18 18:15:05,14590613.0
2013-03-19 18:15:05,14639318.0
2013-03-20 18:15:05,14681897.0
2013-03-21 18:15:05,14735737.0
2013-03-22 18:15:05,14795866.0
2013-03-23 18:15:05,14853868.0
2013-03-24 18:15:05,14903702.0
2013-03-25 18:15:05,14954713.0
2013-03-26 18:15:05,15001960.0
2013-03-27 18:15:05,15053953.0
2013-03-28 18:15:05,15111123.0
2013-03-29 18:15:05,15177328.0
2013-03-30 18:15:05,15237115.0
2013-03-31 18:15:05,15281701.0
2013-04-01 18:15:05,15334170.0
2013-04-02 18:15:05,15394438.0
2013-04-03 18:15:05,15459610.0
2013-04-04 18:15:05,15528658.0
2013-04-05 18:15:05,15584721.0
2013-04-06 18:15:05,15641921.0
2013-04-07 18:15:05,15700741.0
2013-04-08 18:15:05,15764211.0
2013-04-09 18:15:05,15825640.0
2013-04-10 18:15:05,15894460.0
2013-04-11 18:15:05,15962185.0
2013-04-12 18:15:05,16022580.0
2013-04-13 18:15:05,16077941.0
2013-04-14 18:15:05,16131358.0
2013-04-15 18:15:05,16186569.0
2013-04-16 18:15:05,16252366.0
2013-04-17 18:15:05,16308530.0
2013-04-18 18:15:05,16361135.0
2013-04-19 18:15:05,16418998.0
2013-04-20 18:15:05,16467014.0
2013-04-21 18:15:05,16512168.0
2013-04-22 18:15:05,16558905.0
2013-04-23 18:15:05,16616209.0
2013-04-24 18:15:05,16684191.0
2013-04-25 18:15:05,16745405.0
2013-04-26 18:15:05,16801938.0
2013-04-27 18:15:05,16850263.0
2013-04-28 18:15:05,16891249.0
2013-04-29 18:15:05,16941258.0
2013-04-30 18:15:05,16990053.0
2013-05-01 18:15:05,17040490.0
2013-05-02 18:15:05,17097768.0
2013-05-03 18:15:05,17153627.0
2013-05-04 18:15:05,17201976.0
2013-05-05 18:15:05,17251395.0
2013-05-06 18:15:05,17302639.0
2013-05-07 18:15:05,17361854.0
2013-05-08 18:15:05,17409213.0
2013-05-09 18:15:05,17475583.0
2013-05-10 18:15:05,17543520.0
2013-05-11 18:15:05,17613930.0
2013-05-12 18:15:05,17683250.0
2013-05-13 18:15:05,17745440.0
2013-05-14 18:15:05,17808727.0
2013-05-15 18:15:05,17875138.0
2013-05-16 18:15:05,17935681.0
2013-05-17 18:15:05,17996577.0
2013-05-18 18:15:05,18048559.0
2013-05-19 18:15:05,18095649.0
2013-05-20 18:15:05,18145742.0
2013-05-21 18:15:05,18200406.0
2013-05-22 18:15:05,18254387.0
2013-05-23 18:15:05,18309211.0
2013-05-24 18:15:05,18364317.0
2013-05-25 18:15:05,18420153.0
2013-05-26 18:15:05,18460032.0
2013-05-27 18:15:05,18512409.0
2013-05-28 18:15:05,18567547.0
2013-05-29 18:15:05,18622466.0
2013-05-30 18:15:05,18679636.0
2013-05-31 18:15:05,18737252.0
2013-06-01 18:15:05,18789642.0
2013-06-02 18:15:05,18840653.0
2013-06-03 18:15:05,18892701.0
2013-06-04 18:15:05,18952819.0
2013-06-05 18:15:05,19007766.0
2013-06-06 18:15:05,19063684.0
2013-06-07 18:15:05,19118015.0
2013-06-08 18:15:05,19165988.0
2013-06-09 18:15:05,19212225.0
2013-06-10 18:15:05,19254631.0
2013-06-11 18:15:05,19305839.0
2013-06-12 18:15:05,19352256.0
2013-06-13 18:15:05,19395558.0
2013-06-14 18:15:05,19443682.0
2013-06-15 18:15:05,19485213.0
2013-06-16 18:15:05,19525289.0
2013-06-17 18:15:05,19568688.0
2013-06-18 18:15:05,19615713.0
2013-06-19 18:15:05,19662616.0
2013-06-20 18:15:05,19712056.0
2013-06-21 18:15:05,19765050.0
2013-06-22 18:15:05,19807621.0
2013-06-23 18:15:05,19848255.0
2013-06-24 18:15:05,19889218.0
2013-06-25 18:15:05,19934806.0
2013-06-26 18:15:05,19980382.0
2013-06-27 18:15:05,20027179.0
2013-06-28 18:15:05,20075503.0
2013-06-29 18:15:05,20114476.0
2013-06-30 18:15:05,20147470.0
2013-07-01 18:15:05,20181523.0
2013-07-02 18:15:05,20224787.0
2013-07-03 18:15:05,20260138.0
2013-07-04 18:15:05,20294698.0
2013-07-05 18:15:05,20330989.0
2013-07-06 18:15:05,20367968.0
2013-07-07 18:15:05,20396833.0
2013-07-08 18:15:05,20433745.0
2013-07-09 18:15:05,20475522.0
2013-07-10 18:15:05,20514862.0
2013-07-11 18:15:05,20555902.0
2013-07-12 18:15:05,20605947.0
2013-07-13 18:15:05,20646260.0
2013-07-14 18:15:05,20680410.0
2013-07-15 18:15:05,20717148.0
2013-07-16 18:15:05,20755932.0
2013-07-17 18:15:05,20795497.0
2013-07-18 18:15:05,20836754.0
2013-07-19 18:15:05,20874774.0
2013-07-20 18:15:05,20908400.0
2013-07-21 18:15:05,20945284.0
2013-07-22 18:15:05,20982541.0
2013-07-23 18:15:05,21022185.0
2013-07-24 18:15:05,21062148.0
2013-07-25 18:15:05,21104452.0
2013-07-26 18:15:05,21145880.0
2013-07-27 18:15:05,21181867.0
2013-07-28 18:15:05,21214978.0
2013-07-29 18:15:05,21259238.0
2013-07-30 18:15:05,21299236.0
2013-07-31 18:15:05,21351155.0
2013-08-01 18:15:05,21396978.0
2013-08-02 18:15:05,21450152.0
2013-08-03 18:15:05,21499217.0
2013-08-04 18:15:05,21543822.0
2013-08-05 18:15:05,21591725.0
2013-08-06 18:15:05,21643985.0
2013-08-07 18:15:05,21701210.0
2013-08-08 18:15:05,21758246.0
2013-08-09 18:15:05,21811487.0
2013-08-10 18:15:05,21863527.0
2013-08-11 18:15:05,21904586.0
2013-08-12 18:15:05,21950397.0
2013-08-13 18:15:05,22003881.0
2013-08-14 18:15:05,22054365.0
2013-08-15 18:15:05,22113394.0
2013-08-16 18:15:05,22181695.0
2013-08-17 18:15:05,22240948.0
2013-08-18 18:15:05,22294082.0
2013-08-19 18:15:05,22364020.0
2013-08-20 18:15:05,22430559.0
2013-08-21 18:15:05,22493975.0
2013-08-22 18:15:05,22556747.0
2013-08-23 18:15:05,22616716.0
2013-08-24 18:15:05,22667801.0
2013-08-25 18:15:05,22712895.0
2013-08-26 18:15:05,22766423.0
2013-08-27 18:15:05,22827439.0
2013-08-28 18:15:05,22891084.0
2013-08-29 18:15:05,22952609.0
2013-08-30 18:15:05,23013325.0
2013-08-31 18:15:05,23065858.0
2013-09-01 18:15:05,23111436.0
2013-09-02 18:15:05,23161892.0
2013-09-03 18:15:05,23212395.0
2013-09-04 18:15:05,23263531.0
2013-09-05 18:15:05,23323753.0
2013-09-06 18:15:05,23387165.0
2013-09-07 18:15:05,23441396.0
2013-09-08 18:15:05,23487866.0
2013-09-09 18:15:05,23542832.0
2013-09-10 18:15:05,23596383.0
2013-09-11 18:15:05,23645895.0
2013-09-12 18:15:05,23696877.0
2013-09-13 18:15:05,23745239.0
2013-09-14 18:15:05,23792386.0
2013-09-15 18:15:05,23839150.0
2013-09-16 18:15:05,23889541.0
2013-09-17 18:15:05,23955832.0
2013-09-18 18:15:05,24020215.0
2013-09-19 18:15:05,24079219.0
2013-09-20 18:15:05,24138209.0
2013-09-21 18:15:05,24191495.0
2013-09-22 18:15:05,24244181.0
2013-09-23 18:15:05,24304467.0
2013-09-24 18:15:05,24368030.0
2013-09-25 18:15:05,24426180.0
2013-09-26 18:15:05,24480442.0
2013-09-27 18:15:05,24530871.0
2013-09-28 18:15:05,24575531.0
2013-09-29 18:15:05,24617272.0
2013-09-30 18:15:05,24659345.0
2013-10-01 18:15:05,24714665.0
2013-10-02 18:15:05,24775207.0
2013-10-03 18:15:05,24836915.0
2013-10-04 18:15:05,24891711.0
2013-10-05 18:15:05,24939606.0
2013-10-06 18:15:05,24984357.0
2013-10-07 18:15:05,25027592.0
2013-10-08 18:15:05,25070457.0
2013-10-09 18:15:05,25117448.0
2013-10-10 18:15:05,25175217.0
2013-10-11 18:15:05,25229666.0
2013-10-12 18:15:05,25279340.0
2013-10-13 18:15:05,25330588.0
2013-10-14 18:15:05,25386351.0
2013-10-15 18:15:05,25443671.0
2013-10-16 18:15:05,25495618.0
2013-10-17 18:15:05,25540811.0
2013-10-18 18:15:05,25601257.0
2013-10-19 18:15:05,25655896.0
2013-10-20 18:15:05,25705760.0
2013-10-21 18:15:05,25763902.0
2013-10-22 18:15:05,25828808.0
2013-10-23 18:15:05,25883380.0
2013-10-24 18:15:05,25946645.0
2013-10-25 18:15:05,26006498.0
2013-10-26 18:15:05,26055851.0
2013-10-27 18:15:05,26100239.0
2013-10-28 18:15:05,26148874.0
2013-10-29 18:15:05,26200111.0
2013-10-30 18:15:05,26248022.0
2013-10-31 18:15:05,26304498.0
2013-11-01 18:15:05,26352804.0
2013-11-02 18:15:05,26393983.0
2013-11-03 18:15:05,26429798.0
2013-11-04 18:15:05,26471892.0
2013-11-05 18:15:05,26523026.0
2013-11-06 18:15:05,26578061.0
2013-11-07 18:15:05,26636692.0
2013-11-08 18:15:05,26696653.0
2013-11-09 18:15:05,26754457.0
2013-11-10 18:15:05,26811626.0
2013-11-11 18:15:05,26866184.0
2013-11-12 18:15:05,26924694.0
2013-11-13 18:15:05,26987845.0
2013-11-14 18:15:05,27058020.0
2013-11-15 18:15:05,27120120.0
2013-11-16 18:15:05,27171715.0
2013-11-17 18:15:05,27219756.0
2013-11-18 18:15:05,27292954.0
2013-11-19 18:15:05,27386276.0
2013-11-20 18:15:05,27464238.0
2013-11-21 18:15:05,27535262.0
2013-11-22 18:15:05,27611908.0
2013-11-23 18:15:05,27687073.0
2013-11-24 18:15:05,27747091.0
2013-11-25 18:15:05,27819028.0
2013-11-26 18:15:05,27899083.0
2013-11-27 18:15:05,27990252.0
2013-11-28 18:15:05,28092262.0
2013-11-29 18:15:05,28182671.0
2013-11-30 18:15:05,28263539.0
2013-12-01 18:15:05,28330714.0
2013-12-02 18:15:05,28405038.0
2013-12-03 18:15:05,28483240.0
2013-12-04 18:15:05,28562978.0
2013-12-05 18:15:05,28647973.0
2013-12-06 18:15:05,28719250.0
2013-12-07 18:15:05,28794375.0
2013-12-08 18:15:05,28843549.0
2013-12-09 18:15:05,28900838.0
2013-12-10 18:15:05,28968712.0
2013-12-11 18:15:05,29037093.0
2013-12-12 18:15:05,29096770.0
2013-12-13 18:15:05,29156597.0
2013-12-14 18:15:05,29212455.0
2013-12-15 18:15:05,29264340.0
2013-12-16 18:15:05,29327430.0
2013-12-17 18:15:05,29399018.0
2013-12-18 18:15:05,29480674.0
2013-12-19 18:15:05,29549488.0
2013-12-20 18:15:05,29618963.0
2013-12-21 18:15:05,29678103.0
2013-12-22 18:15:05,29729646.0
2013-12-23 18:15:05,29781679.0
2013-12-24 18:15:05,29838551.0
2013-12-25 18:15:05,29895628.0
2013-12-26 18:15:05,29944203.0
2013-12-27 18:15:05,29999373.0
2013-12-28 18:15:05,30047150.0
2013-12-29 18:15:05,30096181.0
2013-12-30 18:15:05,30152682.0
2013-12-31 18:15:05,30205064.0
2014-01-01 18:15:05,30246540.0
2014-01-02 18:15:05,30294964.0
2014-01-03 18:15:05,30358785.0
2014-01-04 18:15:05,30412763.0
2014-01-05 18:15:05,30468524.0
2014-01-06 18:15:05,30536121.0
2014-01-07 18:15:05,30598247.0
2014-01-08 18:15:05,30661131.0
2014-01-09 18:15:05,30719496.0
2014-01-10 18:15:05,30776242.0
2014-01-11 18:15:05,30832706.0
2014-01-12 18:15:05,30882014.0
2014-01-13 18:15:05,30936770.0
2014-01-14 18:15:05,30992349.0
2014-01-15 18:15:05,31052741.0
2014-01-16 18:15:05,31110333.0
2014-01-17 18:15:05,31168730.0
2014-01-18 18:15:05,31222020.0
2014-01-19 18:15:05,31271244.0
2014-01-20 18:15:05,31330063.0
2014-01-21 18:15:05,31401584.0
2014-01-22 18:15:05,31467942.0
2014-01-23 18:15:05,31531469.0
2014-01-24 18:15:05,31599362.0
2014-01-25 18:15:05,31654733.0
2014-01-26 18:15:05,31706363.0
2014-01-27 18:15:05,31767109.0
2014-01-28 18:15:05,31832796.0
2014-01-29 18:15:05,31894582.0
2014-01-30 18:15:05,31955501.0
2014-01-31 18:15:05,32017500.0
2014-02-01 18:15:05,32074340.0
2014-02-02 18:15:05,32124740.0
2014-02-03 18:15:05,32183641.0
2014-02-04 18:15:05,32249453.0
2014-02-05 18:15:05,32317405.0
2014-02-06 18:15:05,32387126.0
2014-02-07 18:15:05,32458996.0
2014-02-08 18:15:05,32523065.0
2014-02-09 18:15:05,32582349.0
2014-02-10 18:15:05,32649971.0
2014-02-11 18:15:05,32712843.0
2014-02-12 18:15:05,32775648.0
2014-02-13 18:15:05,32842536.0
2014-02-14 18:15:05,32919196.0
2014-02-15 18:15:05,32983303.0
2014-02-16 18:15:05,33040088.0
2014-02-17 18:15:05,33097207.0
2014-02-18 18:15:05,33165540.0
2014-02-19 18:15:05,33231891.0
2014-02-20 18:15:05,33303557.0
2014-02-21 18:15:05,33377070.0
2014-02-22 18:15:05,33436761.0
2014-02-23 18:15:05,33495393.0
2014-02-24 18:15:05,33563889.0
2014-02-25 18:15:05,33647893.0
2014-02-26 18:15:05,33719420.0
2014-02-27 18:15:05,33790867.0
2014-02-28 18:15:05,33862525.0
2014-03-01 18:15:05,33925869.0
2014-03-02 18:15:05,33984936.0
2014-03-03 18:15:05,34057521.0
2014-03-04 18:15:05,34143437.0
2014-03-05 18:15:05,34217615.0
2014-03-06 18:15:05,34289234.0
2014-03-07 18:15:05,34358793.0
2014-03-08 18:15:05,34429812.0
2014-03-09 18:15:05,34491101.0
2014-03-10 18:15:05,34557887.0
2014-03-11 18:15:05,34633973.0
2014-03-12 18:15:05,34709992.0
2014-03-13 18:15:05,34785348.0
2014-03-14 18:15:05,34854083.0
2014-03-15 18:15:05,34919981.0
2014-03-16 18:15:05,34978711.0
2014-03-17 18:15:05,35043648.0
2014-03-18 18:15:05,35101529.0
2014-03-19 18:15:05,35168948.0
2014-03-20 18:15:05,35241065.0
2014-03-21 18:15:05,35315046.0
2014-03-22 18:15:05,35384185.0
2014-03-23 18:15:05,35441007.0
2014-03-24 18:15:05,35508389.0
2014-03-25 18:15:05,35580873.0
2014-03-26 18:15:05,35650770.0
2014-03-27 18:15:05,35721710.0
2014-03-28 18:15:05,35790865.0
2014-03-29 18:15:05,35845814.0
2014-03-30 18:15:05,35901147.0
2014-03-31 18:15:05,35964243.0
2014-04-01 18:15:05,36028935.0
2014-04-02 18:15:05,36095691.0
2014-04-03 18:15:05,36162983.0
2014-04-04 18:15:05,36228561.0
2014-04-05 18:15:05,36288171.0
2014-04-06 18:15:05,36335627.0
2014-04-07 18:15:05,36397849.0
2014-04-08 18:15:05,36467950.0
2014-04-09 18:15:05,36532228.0
2014-04-10 18:15:05,36601302.0
2014-04-11 18:15:05,36668176.0
2014-04-12 18:15:05,36720083.0
2014-04-13 18:15:05,36769503.0
2014-04-14 18:15:05,36833834.0
2014-04-15 18:15:05,36908716.0
2014-04-16 18:15:05,36977118.0
2014-04-17 18:15:05,37044330.0
2014-04-18 18:15:05,37100930.0
2014-04-19 18:15:05,37157615.0
2014-04-20 18:15:05,37207009.0
2014-04-21 18:15:05,37264970.0
2014-04-22 18:15:05,37338262.0
2014-04-23 18:15:05,37410409.0
2014-04-24 18:15:05,37478068.0
2014-04-25 18:15:05,37556106.0
2014-04-26 18:15:05,37614543.0
2014-04-27 18:15:05,37664935.0
2014-04-28 18:15:05,37727821.0
2014-04-29 18:15:05,37792028.0
2014-04-30 18:15:05,37855975.0
2014-05-01 18:15:05,37916885.0
2014-05-02 18:15:05,37977286.0
2014-05-03 18:15:05,38033398.0
2014-05-04 18:15:05,38084649.0
2014-05-05 18:15:05,38148082.0
2014-05-06 18:15:05,38224818.0
2014-05-07 18:15:05,38295242.0
2014-05-08 18:15:05,38363635.0
2014-05-09 18:15:05,38431328.0
2014-05-10 18:15:05,38491123.0
2014-05-11 18:15:05,38542789.0
2014-05-12 18:15:05,38612853.0
2014-05-13 18:15:05,38683525.0
2014-05-14 18:15:05,38753556.0
2014-05-15 18:15:05,38826317.0
2014-05-16 18:15:05,38895210.0
2014-05-17 18:15:05,38950787.0
2014-05-18 18:15:05,39001448.0
2014-05-19 18:15:05,39061816.0
2014-05-20 18:15:05,39131368.0
2014-05-21 18:15:05,39202488.0
2014-05-22 18:15:05,39273514.0
2014-05-23 18:15:05,39348107.0
2014-05-24 18:15:05,39406253.0
2014-05-25 18:15:05,39460181.0
2014-05-26 18:15:05,39525976.0
2014-05-27 18:15:05,39593016.0
2014-05-28 18:15:05,39665393.0
2014-05-29 18:15:05,39731323.0
2014-05-30 18:15:05,39798258.0
2014-05-31 18:15:05,39853424.0
2014-06-01 18:15:05,39906400.0
2014-06-02 18:15:05,39967579.0
2014-06-03 18:15:05,40037490.0
2014-06-04 18:15:05,40103925.0
2014-06-05 18:15:05,40170620.0
2014-06-06 18:15:05,40235479.0
2014-06-07 18:15:05,40288695.0
2014-06-08 18:15:05,40336425.0
2014-06-09 18:15:05,40392442.0
2014-06-10 18:15:05,40457902.0
2014-06-11 18:15:05,40519513.0
2014-06-12 18:15:05,40581096.0
2014-06-13 18:15:05,40646187.0
2014-06-14 18:15:05,40705148.0
2014-06-15 18:15:05,40758930.0
2014-06-16 18:15:05,40824277.0
2014-06-17 18:15:05,40891547.0
2014-06-18 18:15:05,40958539.0
2014-06-19 18:15:05,41020859.0
2014-06-20 18:15:05,41080743.0
2014-06-21 18:15:05,41132574.0
2014-06-22 18:15:05,41183003.0
2014-06-23 18:15:05,41239651.0
2014-06-24 18:15:05,41304417.0
2014-06-25 18:15:05,41368177.0
2014-06-26 18:15:05,41430531.0
2014-06-27 18:15:05,41493252.0
2014-06-28 18:15:05,41550135.0
2014-06-29 18:15:05,41602386.0
2014-06-30 18:15:05,41664395.0
2014-07-01 18:15:05,41735449.0
2014-07-02 18:15:05,41803173.0
2014-07-03 18:15:05,41866445.0
2014-07-04 18:15:05,41928346.0
2014-07-05 18:15:05,41976861.0
2014-07-06 18:15:05,42030227.0
2014-07-07 18:15:05,42090213.0
2014-07-08 18:15:05,42160255.0
2014-07-09 18:15:05,42231000.0
2014-07-10 18:15:05,42295146.0
2014-07-11 18:15:05,42355095.0
2014-07-12 18:15:05,42409276.0
2014-07-13 18:15:05,42462399.0
2014-07-14 18:15:05,42522276.0
2014-07-15 18:15:05,42591747.0
2014-07-16 18:15:05,42659514.0
2014-07-17 18:15:05,42728152.0
2014-07-18 18:15:05,42790579.0
2014-07-19 18:15:05,42849069.0
2014-07-20 18:15:05,42903811.0
2014-07-21 18:15:05,42965391.0
2014-07-22 18:15:05,43032312.0
2014-07-23 18:15:05,43101213.0
2014-07-24 18:15:05,43166028.0
2014-07-25 18:15:05,43229163.0
2014-07-26 18:15:05,43286691.0
2014-07-27 18:15:05,43339746.0
2014-07-28 18:15:05,43399307.0
2014-07-29 18:15:05,43464004.0
2014-07-30 18:15:05,43528446.0
2014-07-31 18:15:05,43596167.0
2014-08-01 18:15:05,43665450.0
2014-08-02 18:15:05,43725338.0
2014-08-03 18:15:05,43777888.0
2014-08-04 18:15:05,43840940.0
2014-08-05 18:15:05,43913868.0
2014-08-06 18:15:05,43992688.0
2014-08-07 18:15:05,44063420.0
2014-08-08 18:15:05,44132545.0
2014-08-09 18:15:05,44195505.0
2014-08-10 18:15:05,44253991.0
2014-08-11 18:15:05,44324175.0
2014-08-12 18:15:05,44403019.0
2014-08-13 18:15:05,44478030.0
2014-08-14 18:15:05,44559223.0
2014-08-15 18:15:05,44628921.0
2014-08-16 18:15:05,44704260.0
2014-08-17 18:15:05,44763579.0
2014-08-18 18:15:05,44831559.0
2014-08-19 18:15:05,44907017.0
2014-08-20 18:15:05,44980115.0
2014-08-21 18:15:05,45055585.0
2014-08-22 18:15:05,45123819.0
2014-08-23 18:15:05,45184008.0
2014-08-24 18:15:05,45239031.0
2014-08-25 18:15:05,45305442.0
2014-08-26 18:15:05,45379361.0
2014-08-27 18:15:05,45453679.0
2014-08-28 18:15:05,45522887.0
2014-08-29 18:15:05,45590551.0
2014-08-30 18:15:05,45654385.0
2014-08-31 18:15:05,45714136.0
2014-09-01 18:15:05,45780341.0
2014-09-02 18:15:05,45851880.0
2014-09-03 18:15:05,45923916.0
2014-09-04 18:15:05,45994856.0
2014-09-05 18:15:05,46061904.0
2014-09-06 18:15:05,46129433.0
2014-09-07 18:15:05,46188952.0
2014-09-08 18:15:05,46260706.0
2014-09-09 18:15:05,46340574.0
2014-09-10 18:15:05,46416991.0
2014-09-11 18:15:05,46484664.0
2014-09-12 18:15:05,46550967.0
2014-09-13 18:15:05,46613576.0
2014-09-14 18:15:05,46679609.0
2014-09-15 18:15:05,46753751.0
2014-09-16 18:15:05,46843077.0
2014-09-17 18:15:05,46922861.0
2014-09-18 18:15:05,47002615.0
2014-09-19 18:15:05,47074242.0
2014-09-20 18:15:05,47136557.0
2014-09-21 18:15:05,47199708.0
2014-09-22 18:15:05,47268234.0
2014-09-23 18:15:05,47339374.0
2014-09-24 18:15:05,47420478.0
2014-09-25 18:15:05,47498042.0
2014-09-26 18:15:05,47571320.0
2014-09-27 18:15:05,47638262.0
2014-09-28 18:15:05,47700462.0
2014-09-29 18:15:05,47773745.0
2014-09-30 18:15:05,47852335.0
2014-10-01 18:15:05,47930532.0
2014-10-02 18:15:05,48005162.0
2014-10-03 18:15:05,48077860.0
2014-10-04 18:15:05,48148290.0
2014-10-05 18:15:05,48214963.0
2014-10-06 18:15:05,48290089.0
2014-10-07 18:15:05,48368834.0
2014-10-08 18:15:05,48449158.0
2014-10-09 18:15:05,48528102.0
2014-10-10 18:15:05,48612913.0
2014-10-11 18:15:05,48678637.0
2014-10-12 18:15:05,48742583.0
2014-10-13 18:15:05,48817887.0
2014-10-14 18:15:05,48899378.0
2014-10-15 18:15:05,48976509.0
2014-10-16 18:15:05,49050519.0
2014-10-17 18:15:05,49122345.0
2014-10-18 18:15:05,49191819.0
2014-10-19 18:15:05,49254483.0
2014-10-20 18:15:05,49332926.0
2014-10-21 18:15:05,49414347.0
2014-10-22 18:15:05,49493893.0
2014-10-23 18:15:05,49573066.0
2014-10-24 18:15:05,49654709.0
2014-10-25 18:15:05,49728149.0
2014-10-26 18:15:05,49798686.0
2014-10-27 18:15:05,49878821.0
2014-10-28 18:15:05,49967421.0
2014-10-29 18:15:05,50057689.0
2014-10-30 18:15:05,50151027.0
2014-10-31 18:15:05,50239089.0
2014-11-01 18:15:05,50313637.0
2014-11-02 18:15:05,50389464.0
2014-11-03 18:15:05,50473986.0
2014-11-04 18:15:05,50564372.0
2014-11-05 18:15:05,50653621.0
2014-11-06 18:15:05,50743962.0
2014-11-07 18:15:05,50833504.0
2014-11-08 18:15:05,50909454.0
2014-11-09 18:15:05,50981671.0
2014-11-10 18:15:05,51066490.0
2014-11-11 18:15:05,51153828.0
2014-11-12 18:15:05,51241597.0
2014-11-13 18:15:05,51341714.0
2014-11-14 18:15:05,51430345.0
2014-11-15 18:15:05,51505176.0
2014-11-16 18:15:05,51578514.0
2014-11-17 18:15:05,51663715.0
2014-11-18 18:15:05,51751239.0
2014-11-19 18:15:05,51838560.0
2014-11-20 18:15:05,51924057.0
2014-11-21 18:15:05,52010634.0
2014-11-22 18:15:05,52088466.0
2014-11-23 18:15:05,52163507.0
2014-11-24 18:15:05,52247304.0
2014-11-25 18:15:05,52330117.0
2014-11-26 18:15:05,52420136.0
2014-11-27 18:15:05,52503115.0
2014-11-28 18:15:05,52589102.0
2014-11-29 18:15:05,52670554.0
2014-11-30 18:15:05,52751488.0
2014-12-01 18:15:05,52846708.0
2014-12-02 18:15:05,52947494.0
2014-12-03 18:15:05,53044790.0
2014-12-04 18:15:05,53145619.0
2014-12-05 18:15:05,53238519.0
2014-12-06 18:15:05,53322152.0
2014-12-07 18:15:05,53399509.0
2014-12-08 18:15:05,53484007.0
2014-12-09 18:15:05,53573594.0
2014-12-10 18:15:05,53664289.0
2014-12-11 18:15:05,53750118.0
2014-12-12 18:15:05,53830221.0
2014-12-13 18:15:05,53909733.0
2014-12-14 18:15:05,53983659.0
2014-12-15 18:15:05,54079386.0
2014-12-16 18:15:05,54178176.0
2014-12-17 18:15:05,54271880.0
2014-12-18 18:15:05,54375041.0
2014-12-19 18:15:05,54467093.0
2014-12-20 18:15:05,54558586.0
2014-12-21 18:15:05,54639415.0
2014-12-22 18:15:05,54728852.0
2014-12-23 18:15:05,54828622.0
2014-12-24 18:15:05,54918137.0
2014-12-25 18:15:05,54988821.0
2014-12-26 18:15:05,55060521.0
2014-12-27 18:15:05,55139297.0
2014-12-28 18:15:05,55214070.0
2014-12-29 18:15:05,55293882.0
2014-12-30 18:15:05,55379129.0
2014-12-31 18:15:05,55462897.0
2015-01-01 18:15:05,55521860.0
2015-01-02 18:15:05,55594094.0
2015-01-03 18:15:05,55676926.0
2015-01-04 18:15:05,55762496.0
2015-01-05 18:15:05,55856249.0
2015-01-06 18:15:05,55943409.0
2015-01-07 18:15:05,56036321.0
2015-01-08 18:15:05,56135447.0
2015-01-09 18:15:05,56240658.0
2015-01-10 18:15:05,56346553.0
2015-01-11 18:15:05,56440510.0
2015-01-12 18:15:05,56538695.0
2015-01-13 18:15:05,56637785.0
2015-01-14 18:15:05,56742266.0
2015-01-15 18:15:05,56858053.0
2015-01-16 18:15:05,56970583.0
2015-01-17 18:15:05,57060422.0
2015-01-18 18:15:05,57147469.0
2015-01-19 18:15:05,57241565.0
2015-01-20 18:15:05,57340455.0
2015-01-21 18:15:05,57440706.0
2015-01-22 18:15:05,57535685.0
2015-01-23 18:15:05,57622902.0
2015-01-24 18:15:05,57712532.0
2015-01-25 18:15:05,57794890.0
2015-01-26 18:15:05,57900313.0
2015-01-27 18:15:05,57999348.0
2015-01-28 18:15:05,58088635.0
2015-01-29 18:15:05,58177154.0
2015-01-30 18:15:05,58263514.0
2015-01-31 18:15:05,58347276.0
2015-02-01 18:15:05,58426469.0
2015-02-02 18:15:05,58509699.0
2015-02-03 18:15:05,58603198.0
2015-02-04 18:15:05,58692551.0
2015-02-05 18:15:05,58782579.0
2015-02-06 18:15:05,58866019.0
2015-02-07 18:15:05,58952226.0
2015-02-08 18:15:05,59034942.0
2015-02-09 18:15:05,59130802.0
2015-02-10 18:15:05,59234353.0
2015-02-11 18:15:05,59333054.0
2015-02-12 18:15:05,59426922.0
2015-02-13 18:15:05,59534312.0
2015-02-14 18:15:05,59641316.0
2015-02-15 18:15:05,59726671.0
2015-02-16 18:15:05,59830010.0
2015-02-17 18:15:05,59928909.0
2015-02-18 18:15:05,60033464.0
2015-02-19 18:15:05,60129469.0
2015-02-20 18:15:05,60226178.0
2015-02-21 18:15:05,60318719.0
2015-02-22 18:15:05,60404747.0
2015-02-23 18:15:05,60501683.0
2015-02-24 18:15:05,60606146.0
2015-02-25 18:15:05,60710931.0
2015-02-26 18:15:05,60812279.0
2015-02-27 18:15:05,60915674.0
2015-02-28 18:15:05,61005933.0
2015-03-01 18:15:05,61092207.0
2015-03-02 18:15:05,61195142.0
2015-03-03 18:15:05,61304284.0
2015-03-04 18:15:05,61409130.0
2015-03-05 18:15:05,61505741.0
2015-03-06 18:15:05,61602108.0
2015-03-07 18:15:05,61696378.0
2015-03-08 18:15:05,61782904.0
2015-03-09 18:15:05,61879353.0
2015-03-10 18:15:05,61991700.0
2015-03-11 18:15:05,62094556.0
2015-03-12 18:15:05,62192210.0
2015-03-13 18:15:05,62288955.0
2015-03-14 18:15:05,62377783.0
2015-03-15 18:15:05,62462260.0
2015-03-16 18:15:05,62560054.0
2015-03-17 18:15:05,62664292.0
2015-03-18 18:15:05,62767277.0
2015-03-19 18:15:05,62869691.0
2015-03-20 18:15:05,62972800.0
2015-03-21 18:15:05,63073258.0
2015-03-22 18:15:05,63157589.0
2015-03-23 18:15:05,63263919.0
2015-03-24 18:15:05,63360316.0
2015-03-25 18:15:05,63454246.0
2015-03-26 18:15:05,63552637.0
2015-03-27 18:15:05,63658939.0
2015-03-28 18:15:05,63748992.0
2015-03-29 18:15:05,63836448.0
2015-03-30 18:15:05,63938553.0
2015-03-31 18:15:05,64043847.0
2015-04-01 18:15:05,64170437.0
2015-04-02 18:15:05,64286123.0
2015-04-03 18:15:05,64389883.0
2015-04-04 18:15:05,64484035.0
2015-04-05 18:15:05,64578083.0
2015-04-06 18:15:05,64679032.0
2015-04-07 18:15:05,64790818.0
2015-04-08 18:15:05,64898865.0
2015-04-09 18:15:05,65016687.0
2015-04-10 18:15:05,65130778.0
2015-04-11 18:15:05,65234232.0
2015-04-12 18:15:05,65323116.0
2015-04-13 18:15:05,65428398.0
2015-04-14 18:15:05,65541770.0
2015-04-15 18:15:05,65647231.0
2015-04-16 18:15:05,65751294.0
2015-04-17 18:15:05,65853383.0
2015-04-18 18:15:05,65953867.0
2015-04-19 18:15:05,66040180.0
2015-04-20 18:15:05,66155308.0
2015-04-21 18:15:05,66269369.0
2015-04-22 18:15:05,66383026.0
2015-04-23 18:15:05,66490267.0
2015-04-24 18:15:05,66600835.0
2015-04-25 18:15:05,66701625.0
2015-04-26 18:15:05,66795386.0
2015-04-27 18:15:05,66904768.0
2015-04-28 18:15:05,67017202.0
2015-04-29 18:15:05,67134191.0
2015-04-30 18:15:05,67248261.0
2015-05-01 18:15:05,67353497.0
2015-05-02 18:15:05,67449913.0
2015-05-03 18:15:05,67535950.0
2015-05-04 18:15:05,67630070.0
2015-05-05 18:15:05,67744241.0
2015-05-06 18:15:05,67857737.0
2015-05-07 18:15:05,67971157.0
2015-05-08 18:15:05,68079522.0
2015-05-09 18:15:05,68178239.0
2015-05-10 18:15:05,68268293.0
2015-05-11 18:15:05,68371259.0
2015-05-12 18:15:05,68485683.0
2015-05-13 18:15:05,68594298.0
2015-05-14 18:15:05,68695526.0
2015-05-15 18:15:05,68803408.0
2015-05-16 18:15:05,68896433.0
2015-05-17 18:15:05,68982011.0
2015-05-18 18:15:05,69079926.0
2015-05-19 18:15:05,69186429.0
2015-05-20 18:15:05,69294112.0
2015-05-21 18:15:05,69394074.0
2015-05-22 18:15:05,69494665.0
2015-05-23 18:15:05,69587339.0
2015-05-24 18:15:05,69675335.0
2015-05-25 18:15:05,69780854.0
2015-05-26 18:15:05,69887825.0
2015-05-27 18:15:05,69996383.0
2015-05-28 18:15:05,70106169.0
2015-05-29 18:15:05,70229317.0
2015-05-30 18:15:05,70362224.0
2015-05-31 18:15:05,70458261.0
2015-06-01 18:15:05,70575220.0
2015-06-02 18:15:05,70708709.0
2015-06-03 18:15:05,70834108.0
2015-06-04 18:15:05,70958001.0
2015-06-05 18:15:05,71067701.0
2015-06-06 18:15:05,71169706.0
2015-06-07 18:15:05,71258146.0
2015-06-08 18:15:05,71352183.0
2015-06-09 18:15:05,71467816.0
2015-06-10 18:15:05,71600880.0
2015-06-11 18:15:05,71726027.0
2015-06-12 18:15:05,71851049.0
2015-06-13 18:15:05,71963862.0
2015-06-14 18:15:05,72064374.0
2015-06-15 18:15:05,72186653.0
2015-06-16 18:15:05,72310747.0
2015-06-17 18:15:05,72444494.0
2015-06-18 18:15:05,72566495.0
2015-06-19 18:15:05,72691925.0
2015-06-20 18:15:05,72806704.0
2015-06-21 18:15:05,72897907.0
2015-06-22 18:15:05,73009695.0
2015-06-23 18:15:05,73138490.0
2015-06-24 18:15:05,73252961.0
2015-06-25 18:15:05,73366290.0
2015-06-26 18:15:05,73481930.0
2015-06-27 18:15:05,73590806.0
2015-06-28 18:15:05,73688496.0
2015-06-29 18:15:05,73805615.0
2015-06-30 18:15:05,73954618.0
2015-07-01 18:15:05,74105535.0
2015-07-02 18:15:05,74241102.0
2015-07-03 18:15:05,74379913.0
2015-07-04 18:15:05,74494223.0
2015-07-05 18:15:05,74595937.0
2015-07-06 18:15:05,74747678.0
2015-07-07 18:15:05,74949599.0
2015-07-08 18:15:05,75150019.0
2015-07-09 18:15:05,75337221.0
2015-07-10 18:15:05,75551708.0
2015-07-11 18:15:05,75723360.0
2015-07-12 18:15:05,75928089.0
2015-07-13 18:15:05,76104631.0
2015-07-14 18:15:05,76224338.0
2015-07-15 18:15:05,76346678.0
2015-07-16 18:15:05,76460490.0
2015-07-17 18:15:05,76578538.0
2015-07-18 18:15:05,76699155.0
2015-07-19 18:15:05,76833798.0
2015-07-20 18:15:05,76946238.0
2015-07-21 18:15:05,77069605.0
2015-07-22 18:15:05,77217125.0
2015-07-23 18:15:05,77328707.0
2015-07-24 18:15:05,77438559.0
2015-07-25 18:15:05,77544597.0
2015-07-26 18:15:05,77634247.0
2015-07-27 18:15:05,77745578.0
2015-07-28 18:15:05,77862990.0
2015-07-29 18:15:05,77999185.0
2015-07-30 18:15:05,78132882.0
2015-07-31 18:15:05,78266522.0
2015-08-01 18:15:05,78429697.0
2015-08-02 18:15:05,78528673.0
2015-08-03 18:15:05,78647233.0
2015-08-04 18:15:05,78779952.0
2015-08-05 18:15:05,78910198.0
2015-08-06 18:15:05,79042692.0
2015-08-07 18:15:05,79167350.0
2015-08-08 18:15:05,79271770.0
2015-08-09 18:15:05,79360195.0
2015-08-10 18:15:05,79470881.0
2015-08-11 18:15:05,79587804.0
2015-08-12 18:15:05,79703558.0
2015-08-13 18:15:05,79821894.0
2015-08-14 18:15:05,79929844.0
2015-08-15 18:15:05,80035963.0
2015-08-16 18:15:05,80122546.0
2015-08-17 18:15:05,80230795.0
2015-08-18 18:15:05,80350926.0
2015-08-19 18:15:05,80473790.0
2015-08-20 18:15:05,80590624.0
2015-08-21 18:15:05,80706935.0
2015-08-22 18:15:05,80814730.0
2015-08-23 18:15:05,80908513.0
2015-08-24 18:15:05,81025539.0
2015-08-25 18:15:05,81150599.0
2015-08-26 18:15:05,81276148.0
2015-08-27 18:15:05,81392482.0
2015-08-28 18:15:05,81514174.0
2015-08-29 18:15:05,81627896.0
2015-08-30 18:15:05,81720234.0
2015-08-31 18:15:05,81838219.0
2015-09-01 18:15:05,81979189.0
2015-09-02 18:15:05,82116932.0
2015-09-03 18:15:05,82254378.0
2015-09-04 18:15:05,82349786.0
2015-09-05 18:15:05,82487213.0
2015-09-06 18:15:05,82593314.0
2015-09-07 18:15:05,82712355.0
2015-09-08 18:15:05,82839106.0
2015-09-09 18:15:05,82967725.0
2015-09-10 18:15:05,83090508.0
2015-09-11 18:15:05,83255796.0
2015-09-12 18:15:05,83409334.0
2015-09-13 18:15:05,83548654.0
2015-09-14 18:15:05,83712185.0
2015-09-15 18:15:05,83878178.0
2015-09-16 18:15:05,84047237.0
2015-09-17 18:15:05,84288583.0
2015-09-18 18:15:05,84476913.0
2015-09-19 18:15:05,84594912.0
2015-09-20 18:15:05,84700845.0
2015-09-21 18:15:05,84825512.0
2015-09-22 18:15:05,84962334.0
2015-09-23 18:15:05,85097298.0
2015-09-24 18:15:05,85222120.0
2015-09-25 18:15:05,85352860.0
2015-09-26 18:15:05,85472454.0
2015-09-27 18:15:05,85579710.0
2015-09-28 18:15:05,85710595.0
2015-09-29 18:15:05,85850035.0
2015-09-30 18:15:05,85991386.0
2015-10-01 18:15:05,86127271.0
2015-10-02 18:15:05,86263212.0
2015-10-03 18:15:05,86396092.0
2015-10-04 18:15:05,86496950.0
2015-10-05 18:15:05,86614478.0
2015-10-06 18:15:05,86756824.0
2015-10-07 18:15:05,86896340.0
2015-10-08 18:15:05,87035930.0
2015-10-09 18:15:05,87155420.0
2015-10-10 18:15:05,87284038.0
2015-10-11 18:15:05,87389916.0
2015-10-12 18:15:05,87516843.0
2015-10-13 18:15:05,87650600.0
2015-10-14 18:15:05,87786859.0
2015-10-15 18:15:05,87944087.0
2015-10-16 18:15:05,88087972.0
2015-10-17 18:15:05,88227280.0
2015-10-18 18:15:05,88348138.0
2015-10-19 18:15:05,88484721.0
2015-10-20 18:15:05,88622801.0
2015-10-21 18:15:05,88783832.0
2015-10-22 18:15:05,88933723.0
2015-10-23 18:15:05,89079945.0
2015-10-24 18:15:05,89220772.0
2015-10-25 18:15:05,89348981.0
2015-10-26 18:15:05,89475022.0
2015-10-27 18:15:05,89616631.0
2015-10-28 18:15:05,89771405.0
2015-10-29 18:15:05,89937027.0
2015-10-30 18:15:05,90101965.0
2015-10-31 18:15:05,90257257.0
2015-11-01 18:15:05,90413905.0
2015-11-02 18:15:05,90573561.0
2015-11-03 18:15:05,90751588.0
2015-11-04 18:15:05,90962709.0
2015-11-05 18:15:05,91152035.0
2015-11-06 18:15:05,91317249.0
2015-11-07 18:15:05,91478844.0
2015-11-08 18:15:05,91613629.0
2015-11-09 18:15:05,91766424.0
2015-11-10 18:15:05,91920454.0
2015-11-11 18:15:05,92091613.0
2015-11-12 18:15:05,92245832.0
2015-11-13 18:15:05,92402820.0
2015-11-14 18:15:05,92558885.0
2015-11-15 18:15:05,92697352.0
2015-11-16 18:15:05,92848294.0
2015-11-17 18:15:05,93006548.0
2015-11-18 18:15:05,93175135.0
2015-11-19 18:15:05,93329696.0
2015-11-20 18:15:05,93484824.0
2015-11-21 18:15:05,93643676.0
2015-11-22 18:15:05,93770240.0
2015-11-23 18:15:05,93912938.0
2015-11-24 18:15:05,94062994.0
2015-11-25 18:15:05,94215457.0
2015-11-26 18:15:05,94380187.0
2015-11-27 18:15:05,94536926.0
2015-11-28 18:15:05,94708528.0
2015-11-29 18:15:05,94839286.0
2015-11-30 18:15:05,95011469.0
2015-12-01 18:15:05,95195873.0
2015-12-02 18:15:05,95373150.0
2015-12-03 18:15:05,95543467.0
2015-12-04 18:15:05,95704411.0
2015-12-05 18:15:05,95904624.0
2015-12-06 18:15:05,96084401.0
2015-12-07 18:15:05,96270189.0
2015-12-08 18:15:05,96462286.0
2015-12-09 18:15:05,96684789.0
2015-12-10 18:15:05,96896241.0
2015-12-11 18:15:05,97107439.0
2015-12-12 18:15:05,97318895.0
2015-12-13 18:15:05,97505046.0
2015-12-14 18:15:05,97726545.0
2015-12-15 18:15:05,97954251.0
2015-12-16 18:15:05,98176782.0
2015-12-17 18:15:05,98396382.0
2015-12-18 18:15:05,98610769.0
2015-12-19 18:15:05,98827713.0
2015-12-20 18:15:05,99019154.0
2015-12-21 18:15:05,99241266.0
2015-12-22 18:15:05,99464396.0
2015-12-23 18:15:05,99685685.0
2015-12-24 18:15:05,99912874.0
2015-12-25 18:15:05,100096998.0
2015-12-26 18:15:05,100267902.0
2015-12-27 18:15:05,100424456.0
2015-12-28 18:15:05,100591293.0
2015-12-29 18:15:05,100778333.0
2015-12-30 18:15:05,100960169.0
2015-12-31 18:15:05,101124301.0
2016-01-01 18:15:05,101247924.0
2016-01-02 18:15:05,101390828.0
2016-01-03 18:15:05,101531892.0
2016-01-04 18:15:05,101702068.0
2016-01-05 18:15:05,101889080.0
2016-01-06 18:15:05,102066558.0
2016-01-07 18:15:05,102244431.0
2016-01-08 18:15:05,102434432.0
2016-01-09 18:15:05,102612806.0
2016-01-10 18:15:05,102777493.0
2016-01-11 18:15:05,102957264.0
2016-01-12 18:15:05,103153920.0
2016-01-13 18:15:05,103345548.0
2016-01-14 18:15:05,103528938.0
2016-01-15 18:15:05,103714043.0
2016-01-16 18:15:05,103904344.0
2016-01-17 18:15:05,104097075.0
2016-01-18 18:15:05,104311009.0
2016-01-19 18:15:05,104516744.0
2016-01-20 18:15:05,104712777.0
2016-01-21 18:15:05,104923017.0
2016-01-22 18:15:05,105149123.0
2016-01-23 18:15:05,105350036.0
2016-01-24 18:15:05,105543608.0
2016-01-25 18:15:05,105754200.0
2016-01-26 18:15:05,105990375.0
2016-01-27 18:15:05,106216760.0
2016-01-28 18:15:05,106448214.0
2016-01-29 18:15:05,106670836.0
2016-01-30 18:15:05,106880820.0
2016-01-31 18:15:05,107049445.0
2016-02-01 18:15:05,107271209.0
2016-02-02 18:15:05,107503207.0
2016-02-03 18:15:05,107703294.0
2016-02-04 18:15:05,107904359.0
2016-02-05 18:15:05,108120269.0
2016-02-06 18:15:05,108353021.0
2016-02-07 18:15:05,108565155.0
2016-02-08 18:15:05,108785714.0
2016-02-09 18:15:05,109016513.0
2016-02-10 18:15:05,109250454.0
2016-02-11 18:15:05,109477917.0
2016-02-12 18:15:05,109680823.0
2016-02-13 18:15:05,109871383.0
2016-02-14 18:15:05,110060310.0
2016-02-15 18:15:05,110267707.0
2016-02-16 18:15:05,110486487.0
2016-02-17 18:15:05,110713890.0
2016-02-18 18:15:05,110926655.0
2016-02-19 18:15:05,111142207.0
2016-02-20 18:15:05,111367466.0
2016-02-21 18:15:05,111576742.0
2016-02-22 18:15:05,111801706.0
2016-02-23 18:15:05,112048284.0
2016-02-24 18:15:05,112273396.0
2016-02-25 18:15:05,112492095.0
2016-02-26 18:15:05,112701975.0
2016-02-27 18:15:05,112884398.0
2016-02-28 18:15:05,113109095.0
2016-02-29 18:15:05,113374790.0
2016-03-01 18:15:05,113635409.0
2016-03-02 18:15:05,113911857.0
2016-03-03 18:15:05,114133114.0
2016-03-04 18:15:05,114345218.0
2016-03-05 18:15:05,114583335.0
2016-03-06 18:15:05,114754821.0
2016-03-07 18:15:05,114938351.0
2016-03-08 18:15:05,115132280.0
2016-03-09 18:15:05,115319903.0
2016-03-10 18:15:05,115512514.0
2016-03-11 18:15:05,115706388.0
2016-03-12 18:15:05,115881816.0
2016-03-13 18:15:05,116022932.0
2016-03-14 18:15:05,116210333.0
2016-03-15 18:15:05,116408010.0
2016-03-16 18:15:05,116623983.0
2016-03-17 18:15:05,116830956.0
2016-03-18 18:15:05,117034534.0
2016-03-19 18:15:05,117223397.0
2016-03-20 18:15:05,117399360.0
2016-03-21 18:15:05,117588588.0
2016-03-22 18:15:05,117799076.0
2016-03-23 18:15:05,117986953.0
2016-03-24 18:15:05,118181938.0
2016-03-25 18:15:05,118355547.0
2016-03-26 18:15:05,118517945.0
2016-03-27 18:15:05,118679431.0
2016-03-28 18:15:05,118860731.0
2016-03-29 18:15:05,119052572.0
2016-03-30 18:15:05,119260478.0
2016-03-31 18:15:05,119469454.0
2016-04-01 18:15:05,119673265.0
2016-04-02 18:15:05,119869916.0
2016-04-03 18:15:05,120046638.0
2016-04-04 18:15:05,120247617.0
2016-04-05 18:15:05,120464301.0
2016-04-06 18:15:05,120682886.0
2016-04-07 18:15:05,120902801.0
2016-04-08 18:15:05,121118242.0
2016-04-09 18:15:05,121325797.0
2016-04-10 18:15:05,121507459.0
2016-04-11 18:15:05,121724837.0
2016-04-12 18:15:05,121965037.0
2016-04-13 18:15:05,122187748.0
2016-04-14 18:15:05,122418029.0
2016-04-15 18:15:05,122634879.0
2016-04-16 18:15:05,122827500.0
2016-04-17 18:15:05,123018978.0
2016-04-18 18:15:05,123222143.0
2016-04-19 18:15:05,123449938.0
2016-04-20 18:15:05,123672132.0
2016-04-21 18:15:05,123885932.0
2016-04-22 18:15:05,124099439.0
2016-04-23 18:15:05,124289557.0
2016-04-24 18:15:05,124470728.0
2016-04-25 18:15:05,124679115.0
2016-04-26 18:15:05,124924872.0
2016-04-27 18:15:05,125164311.0
2016-04-28 18:15:05,125415690.0
2016-04-29 18:15:05,125674380.0
2016-04-30 18:15:05,125903131.0
2016-05-01 18:15:05,126094846.0
2016-05-02 18:15:05,126308923.0
