,NumTransactionsPerBlock
2009-01-03 18:15:05,1.0
2009-01-04 18:15:05,1.0
2009-01-05 18:15:05,1.0
2009-01-06 18:15:05,1.0
2009-01-07 18:15:05,1.0
2009-01-08 18:15:05,1.0
2009-01-09 18:15:05,1.0
2009-01-10 18:15:05,1.0
2009-01-11 18:15:05,1.0
2009-01-12 18:15:05,1.0
2009-01-13 18:15:05,1.0
2009-01-14 18:15:05,1.0
2009-01-15 18:15:05,1.0
2009-01-16 18:15:05,1.0
2009-01-17 18:15:05,1.0
2009-01-18 18:15:05,1.0
2009-01-19 18:15:05,1.0
2009-01-20 18:15:05,1.0
2009-01-21 18:15:05,1.0
2009-01-22 18:15:05,1.0
2009-01-23 18:15:05,1.0
2009-01-24 18:15:05,1.0
2009-01-25 18:15:05,1.0
2009-01-26 18:15:05,1.0
2009-01-27 18:15:05,1.0
2009-01-28 18:15:05,1.0
2009-01-29 18:15:05,1.0
2009-01-30 18:15:05,1.0
2009-01-31 18:15:05,1.0
2009-02-01 18:15:05,1.0
2009-02-02 18:15:05,1.0
2009-02-03 18:15:05,1.0
2009-02-04 18:15:05,1.0
2009-02-05 18:15:05,1.0
2009-02-06 18:15:05,1.0
2009-02-07 18:15:05,1.0
2009-02-08 18:15:05,1.0
2009-02-09 18:15:05,1.0
2009-02-10 18:15:05,1.0
2009-02-11 18:15:05,1.0
2009-02-12 18:15:05,1.0
2009-02-13 18:15:05,1.0
2009-02-14 18:15:05,1.0
2009-02-15 18:15:05,1.0
2009-02-16 18:15:05,1.0
2009-02-17 18:15:05,1.0
2009-02-18 18:15:05,1.0
2009-02-19 18:15:05,1.0
2009-02-20 18:15:05,1.0
2009-02-21 18:15:05,1.0
2009-02-22 18:15:05,1.0
2009-02-23 18:15:05,1.0
2009-02-24 18:15:05,1.0
2009-02-25 18:15:05,1.0
2009-02-26 18:15:05,1.0
2009-02-27 18:15:05,1.0
2009-02-28 18:15:05,1.0
2009-03-01 18:15:05,1.0
2009-03-02 18:15:05,1.0
2009-03-03 18:15:05,1.0
2009-03-04 18:15:05,1.0
2009-03-05 18:15:05,1.0
2009-03-06 18:15:05,1.0
2009-03-07 18:15:05,1.0
2009-03-08 18:15:05,1.0
2009-03-09 18:15:05,1.0
2009-03-10 18:15:05,1.0
2009-03-11 18:15:05,1.0
2009-03-12 18:15:05,1.0
2009-03-13 18:15:05,1.0
2009-03-14 18:15:05,1.0
2009-03-15 18:15:05,1.0
2009-03-16 18:15:05,1.0
2009-03-17 18:15:05,1.0
2009-03-18 18:15:05,1.0
2009-03-19 18:15:05,1.0
2009-03-20 18:15:05,1.0
2009-03-21 18:15:05,1.0
2009-03-22 18:15:05,1.0
2009-03-23 18:15:05,1.0
2009-03-24 18:15:05,1.0
2009-03-25 18:15:05,1.0
2009-03-26 18:15:05,1.0
2009-03-27 18:15:05,1.0
2009-03-28 18:15:05,1.0
2009-03-29 18:15:05,1.0
2009-03-30 18:15:05,1.0
2009-03-31 18:15:05,1.0
2009-04-01 18:15:05,1.0
2009-04-02 18:15:05,1.0
2009-04-03 18:15:05,1.0
2009-04-04 18:15:05,1.0
2009-04-05 18:15:05,1.0
2009-04-06 18:15:05,1.0
2009-04-07 18:15:05,1.0
2009-04-08 18:15:05,1.0
2009-04-09 18:15:05,1.0
2009-04-10 18:15:05,1.0
2009-04-11 18:15:05,1.0
2009-04-12 18:15:05,1.0
2009-04-13 18:15:05,1.0
2009-04-14 18:15:05,1.0
2009-04-15 18:15:05,1.0
2009-04-16 18:15:05,1.0
2009-04-17 18:15:05,1.0
2009-04-18 18:15:05,1.0
2009-04-19 18:15:05,1.0
2009-04-20 18:15:05,1.0
2009-04-21 18:15:05,1.0
2009-04-22 18:15:05,1.0
2009-04-23 18:15:05,1.0
2009-04-24 18:15:05,1.0
2009-04-25 18:15:05,1.0
2009-04-26 18:15:05,1.0
2009-04-27 18:15:05,1.0
2009-04-28 18:15:05,1.0
2009-04-29 18:15:05,1.0
2009-04-30 18:15:05,1.0
2009-05-01 18:15:05,1.0
2009-05-02 18:15:05,1.0
2009-05-03 18:15:05,1.0
2009-05-04 18:15:05,1.0
2009-05-05 18:15:05,1.0
2009-05-06 18:15:05,1.0
2009-05-07 18:15:05,1.0
2009-05-08 18:15:05,1.0
2009-05-09 18:15:05,1.0
2009-05-10 18:15:05,1.0
2009-05-11 18:15:05,1.0
2009-05-12 18:15:05,1.0
2009-05-13 18:15:05,1.0
2009-05-14 18:15:05,1.0
2009-05-15 18:15:05,1.0
2009-05-16 18:15:05,1.0
2009-05-17 18:15:05,1.0
2009-05-18 18:15:05,1.0
2009-05-19 18:15:05,1.0
2009-05-20 18:15:05,1.0
2009-05-21 18:15:05,1.0
2009-05-22 18:15:05,1.0
2009-05-23 18:15:05,1.0
2009-05-24 18:15:05,1.0
2009-05-25 18:15:05,1.0
2009-05-26 18:15:05,1.0
2009-05-27 18:15:05,1.0
2009-05-28 18:15:05,1.0
2009-05-29 18:15:05,1.0
2009-05-30 18:15:05,1.0
2009-05-31 18:15:05,1.0
2009-06-01 18:15:05,1.0
2009-06-02 18:15:05,1.0
2009-06-03 18:15:05,1.0
2009-06-04 18:15:05,1.0
2009-06-05 18:15:05,1.0
2009-06-06 18:15:05,1.0
2009-06-07 18:15:05,1.0
2009-06-08 18:15:05,1.0
2009-06-09 18:15:05,1.0
2009-06-10 18:15:05,1.0
2009-06-11 18:15:05,1.0
2009-06-12 18:15:05,1.0
2009-06-13 18:15:05,1.0
2009-06-14 18:15:05,1.0
2009-06-15 18:15:05,1.0
2009-06-16 18:15:05,1.0
2009-06-17 18:15:05,1.0
2009-06-18 18:15:05,1.0
2009-06-19 18:15:05,1.0
2009-06-20 18:15:05,1.0
2009-06-21 18:15:05,1.0
2009-06-22 18:15:05,1.0
2009-06-23 18:15:05,1.0
2009-06-24 18:15:05,1.0
2009-06-25 18:15:05,1.0
2009-06-26 18:15:05,1.0
2009-06-27 18:15:05,1.0
2009-06-28 18:15:05,1.0
2009-06-29 18:15:05,1.0
2009-06-30 18:15:05,1.0
2009-07-01 18:15:05,1.0
2009-07-02 18:15:05,1.0
2009-07-03 18:15:05,1.0
2009-07-04 18:15:05,1.0
2009-07-05 18:15:05,1.0
2009-07-06 18:15:05,1.0
2009-07-07 18:15:05,1.0
2009-07-08 18:15:05,1.0
2009-07-09 18:15:05,1.0
2009-07-10 18:15:05,1.0
2009-07-11 18:15:05,1.0
2009-07-12 18:15:05,1.0
2009-07-13 18:15:05,1.0
2009-07-14 18:15:05,1.0
2009-07-15 18:15:05,1.0
2009-07-16 18:15:05,1.0
2009-07-17 18:15:05,1.0
2009-07-18 18:15:05,1.0
2009-07-19 18:15:05,1.0
2009-07-20 18:15:05,1.0
2009-07-21 18:15:05,1.0
2009-07-22 18:15:05,1.0
2009-07-23 18:15:05,1.0
2009-07-24 18:15:05,1.0
2009-07-25 18:15:05,1.0
2009-07-26 18:15:05,1.0
2009-07-27 18:15:05,1.0
2009-07-28 18:15:05,1.0
2009-07-29 18:15:05,1.0
2009-07-30 18:15:05,1.0
2009-07-31 18:15:05,1.0
2009-08-01 18:15:05,1.0
2009-08-02 18:15:05,1.0
2009-08-03 18:15:05,1.0
2009-08-04 18:15:05,1.0
2009-08-05 18:15:05,1.0
2009-08-06 18:15:05,1.0
2009-08-07 18:15:05,1.0
2009-08-08 18:15:05,1.0
2009-08-09 18:15:05,1.0
2009-08-10 18:15:05,1.0
2009-08-11 18:15:05,1.0
2009-08-12 18:15:05,1.0
2009-08-13 18:15:05,1.0
2009-08-14 18:15:05,1.0
2009-08-15 18:15:05,1.0
2009-08-16 18:15:05,1.0
2009-08-17 18:15:05,1.0
2009-08-18 18:15:05,1.0
2009-08-19 18:15:05,1.0
2009-08-20 18:15:05,1.0
2009-08-21 18:15:05,1.0
2009-08-22 18:15:05,1.0
2009-08-23 18:15:05,1.0
2009-08-24 18:15:05,1.0
2009-08-25 18:15:05,1.0
2009-08-26 18:15:05,1.0
2009-08-27 18:15:05,1.0
2009-08-28 18:15:05,1.0
2009-08-29 18:15:05,1.0
2009-08-30 18:15:05,1.0
2009-08-31 18:15:05,1.0
2009-09-01 18:15:05,1.0
2009-09-02 18:15:05,1.0
2009-09-03 18:15:05,1.0
2009-09-04 18:15:05,1.0
2009-09-05 18:15:05,1.0
2009-09-06 18:15:05,1.0
2009-09-07 18:15:05,1.0
2009-09-08 18:15:05,1.0
2009-09-09 18:15:05,1.0
2009-09-10 18:15:05,1.0
2009-09-11 18:15:05,1.0
2009-09-12 18:15:05,1.0
2009-09-13 18:15:05,1.0
2009-09-14 18:15:05,1.0
2009-09-15 18:15:05,1.0
2009-09-16 18:15:05,1.0
2009-09-17 18:15:05,1.0
2009-09-18 18:15:05,1.0
2009-09-19 18:15:05,1.0
2009-09-20 18:15:05,1.0
2009-09-21 18:15:05,1.0
2009-09-22 18:15:05,1.0
2009-09-23 18:15:05,1.0
2009-09-24 18:15:05,1.0
2009-09-25 18:15:05,1.0
2009-09-26 18:15:05,1.0
2009-09-27 18:15:05,1.0
2009-09-28 18:15:05,1.0
2009-09-29 18:15:05,1.0
2009-09-30 18:15:05,1.0
2009-10-01 18:15:05,1.0
2009-10-02 18:15:05,1.0
2009-10-03 18:15:05,1.0
2009-10-04 18:15:05,1.0
2009-10-05 18:15:05,1.0
2009-10-06 18:15:05,1.0
2009-10-07 18:15:05,1.0
2009-10-08 18:15:05,1.0
2009-10-09 18:15:05,1.0
2009-10-10 18:15:05,1.0
2009-10-11 18:15:05,1.0
2009-10-12 18:15:05,1.0
2009-10-13 18:15:05,1.0
2009-10-14 18:15:05,1.0
2009-10-15 18:15:05,1.0
2009-10-16 18:15:05,1.0
2009-10-17 18:15:05,1.0
2009-10-18 18:15:05,1.0
2009-10-19 18:15:05,1.0
2009-10-20 18:15:05,1.0
2009-10-21 18:15:05,1.0
2009-10-22 18:15:05,1.0
2009-10-23 18:15:05,1.0
2009-10-24 18:15:05,1.0
2009-10-25 18:15:05,1.0
2009-10-26 18:15:05,1.0
2009-10-27 18:15:05,1.0
2009-10-28 18:15:05,1.0
2009-10-29 18:15:05,1.0
2009-10-30 18:15:05,1.0
2009-10-31 18:15:05,1.0
2009-11-01 18:15:05,1.0
2009-11-02 18:15:05,1.0
2009-11-03 18:15:05,1.0
2009-11-04 18:15:05,1.0
2009-11-05 18:15:05,1.0
2009-11-06 18:15:05,1.0
2009-11-07 18:15:05,1.0
2009-11-08 18:15:05,1.0
2009-11-09 18:15:05,1.0
2009-11-10 18:15:05,1.0
2009-11-11 18:15:05,1.0
2009-11-12 18:15:05,1.0
2009-11-13 18:15:05,1.0
2009-11-14 18:15:05,1.0
2009-11-15 18:15:05,1.0
2009-11-16 18:15:05,1.0
2009-11-17 18:15:05,1.0
2009-11-18 18:15:05,1.0
2009-11-19 18:15:05,1.0
2009-11-20 18:15:05,1.0
2009-11-21 18:15:05,1.0
2009-11-22 18:15:05,1.0
2009-11-23 18:15:05,1.0
2009-11-24 18:15:05,1.0
2009-11-25 18:15:05,1.0
2009-11-26 18:15:05,1.0
2009-11-27 18:15:05,1.0
2009-11-28 18:15:05,1.0
2009-11-29 18:15:05,1.0
2009-11-30 18:15:05,1.0
2009-12-01 18:15:05,1.0
2009-12-02 18:15:05,1.0
2009-12-03 18:15:05,1.0
2009-12-04 18:15:05,1.0
2009-12-05 18:15:05,1.0
2009-12-06 18:15:05,1.0
2009-12-07 18:15:05,1.0
2009-12-08 18:15:05,1.0
2009-12-09 18:15:05,1.0
2009-12-10 18:15:05,1.0
2009-12-11 18:15:05,1.0
2009-12-12 18:15:05,1.0
2009-12-13 18:15:05,1.0
2009-12-14 18:15:05,1.0
2009-12-15 18:15:05,1.0
2009-12-16 18:15:05,1.0
2009-12-17 18:15:05,1.0
2009-12-18 18:15:05,1.0
2009-12-19 18:15:05,1.0
2009-12-20 18:15:05,1.0
2009-12-21 18:15:05,1.0
2009-12-22 18:15:05,1.0
2009-12-23 18:15:05,1.0
2009-12-24 18:15:05,1.0
2009-12-25 18:15:05,1.0
2009-12-26 18:15:05,1.0
2009-12-27 18:15:05,1.0
2009-12-28 18:15:05,1.0
2009-12-29 18:15:05,1.0
2009-12-30 18:15:05,1.0
2009-12-31 18:15:05,1.0
2010-01-01 18:15:05,1.0
2010-01-02 18:15:05,1.0
2010-01-03 18:15:05,1.0
2010-01-04 18:15:05,1.0
2010-01-05 18:15:05,1.0
2010-01-06 18:15:05,1.0
2010-01-07 18:15:05,1.0
2010-01-08 18:15:05,1.0
2010-01-09 18:15:05,1.0
2010-01-10 18:15:05,1.0
2010-01-11 18:15:05,1.0
2010-01-12 18:15:05,1.0
2010-01-13 18:15:05,1.0
2010-01-14 18:15:05,1.0
2010-01-15 18:15:05,1.0
2010-01-16 18:15:05,1.0
2010-01-17 18:15:05,1.0
2010-01-18 18:15:05,1.0
2010-01-19 18:15:05,1.0
2010-01-20 18:15:05,1.0
2010-01-21 18:15:05,1.0
2010-01-22 18:15:05,1.0
2010-01-23 18:15:05,1.0
2010-01-24 18:15:05,1.0
2010-01-25 18:15:05,1.0
2010-01-26 18:15:05,1.0
2010-01-27 18:15:05,1.0
2010-01-28 18:15:05,1.0
2010-01-29 18:15:05,1.0
2010-01-30 18:15:05,1.0
2010-01-31 18:15:05,1.0
2010-02-01 18:15:05,1.0
2010-02-02 18:15:05,1.0
2010-02-03 18:15:05,1.0
2010-02-04 18:15:05,1.0
2010-02-05 18:15:05,1.0
2010-02-06 18:15:05,1.0
2010-02-07 18:15:05,1.0
2010-02-08 18:15:05,1.0
2010-02-09 18:15:05,1.0
2010-02-10 18:15:05,1.0
2010-02-11 18:15:05,1.0
2010-02-12 18:15:05,1.0
2010-02-13 18:15:05,1.0
2010-02-14 18:15:05,1.0
2010-02-15 18:15:05,1.0
2010-02-16 18:15:05,1.0
2010-02-17 18:15:05,1.0
2010-02-18 18:15:05,1.0
2010-02-19 18:15:05,1.0
2010-02-20 18:15:05,1.0
2010-02-21 18:15:05,1.0
2010-02-22 18:15:05,1.0
2010-02-23 18:15:05,1.0
2010-02-24 18:15:05,1.0
2010-02-25 18:15:05,1.0
2010-02-26 18:15:05,1.0
2010-02-27 18:15:05,1.0
2010-02-28 18:15:05,1.0
2010-03-01 18:15:05,1.0
2010-03-02 18:15:05,1.0
2010-03-03 18:15:05,1.0
2010-03-04 18:15:05,1.0
2010-03-05 18:15:05,1.0
2010-03-06 18:15:05,1.0
2010-03-07 18:15:05,1.0
2010-03-08 18:15:05,1.0
2010-03-09 18:15:05,1.0
2010-03-10 18:15:05,1.0
2010-03-11 18:15:05,1.0
2010-03-12 18:15:05,1.0
2010-03-13 18:15:05,1.0
2010-03-14 18:15:05,1.0
2010-03-15 18:15:05,1.0
2010-03-16 18:15:05,1.0
2010-03-17 18:15:05,1.0
2010-03-18 18:15:05,1.0
2010-03-19 18:15:05,1.0
2010-03-20 18:15:05,1.0
2010-03-21 18:15:05,1.0
2010-03-22 18:15:05,1.0
2010-03-23 18:15:05,1.0
2010-03-24 18:15:05,1.0
2010-03-25 18:15:05,1.0
2010-03-26 18:15:05,1.0
2010-03-27 18:15:05,1.0
2010-03-28 18:15:05,1.0
2010-03-29 18:15:05,1.0
2010-03-30 18:15:05,1.0
2010-03-31 18:15:05,1.0
2010-04-01 18:15:05,1.0
2010-04-02 18:15:05,1.0
2010-04-03 18:15:05,1.0
2010-04-04 18:15:05,1.0
2010-04-05 18:15:05,1.0
2010-04-06 18:15:05,1.0
2010-04-07 18:15:05,1.0
2010-04-08 18:15:05,1.0
2010-04-09 18:15:05,1.0
2010-04-10 18:15:05,1.0
2010-04-11 18:15:05,1.0
2010-04-12 18:15:05,1.0
2010-04-13 18:15:05,5.0
2010-04-14 18:15:05,10.0
2010-04-15 18:15:05,1.0
2010-04-16 18:15:05,1.0
2010-04-17 18:15:05,1.0
2010-04-18 18:15:05,1.0
2010-04-19 18:15:05,1.0
2010-04-20 18:15:05,1.0
2010-04-21 18:15:05,1.0
2010-04-22 18:15:05,1.0
2010-04-23 18:15:05,1.0
2010-04-24 18:15:05,1.0
2010-04-25 18:15:05,1.0
2010-04-26 18:15:05,1.0
2010-04-27 18:15:05,1.0
2010-04-28 18:15:05,1.0
2010-04-29 18:15:05,1.0
2010-04-30 18:15:05,1.0
2010-05-01 18:15:05,1.0
2010-05-02 18:15:05,1.0
2010-05-03 18:15:05,1.0
2010-05-04 18:15:05,1.0
2010-05-05 18:15:05,1.0
2010-05-06 18:15:05,1.0
2010-05-07 18:15:05,1.0
2010-05-08 18:15:05,1.0
2010-05-09 18:15:05,1.0
2010-05-10 18:15:05,1.0
2010-05-11 18:15:05,1.0
2010-05-12 18:15:05,1.0
2010-05-13 18:15:05,1.0
2010-05-14 18:15:05,1.0
2010-05-15 18:15:05,1.0
2010-05-16 18:15:05,1.0
2010-05-17 18:15:05,1.0
2010-05-18 18:15:05,1.0
2010-05-19 18:15:05,1.0
2010-05-20 18:15:05,1.0
2010-05-21 18:15:05,1.0
2010-05-22 18:15:05,1.0
2010-05-23 18:15:05,1.0
2010-05-24 18:15:05,1.0
2010-05-25 18:15:05,1.0
2010-05-26 18:15:05,1.0
2010-05-27 18:15:05,1.0
2010-05-28 18:15:05,1.0
2010-05-29 18:15:05,1.0
2010-05-30 18:15:05,1.0
2010-05-31 18:15:05,1.0
2010-06-01 18:15:05,1.0
2010-06-02 18:15:05,1.0
2010-06-03 18:15:05,1.0
2010-06-04 18:15:05,1.0
2010-06-05 18:15:05,1.0
2010-06-06 18:15:05,1.0
2010-06-07 18:15:05,1.0
2010-06-08 18:15:05,1.0
2010-06-09 18:15:05,1.0
2010-06-10 18:15:05,1.0
2010-06-11 18:15:05,1.0
2010-06-12 18:15:05,1.0
2010-06-13 18:15:05,1.0
2010-06-14 18:15:05,1.0
2010-06-15 18:15:05,1.0
2010-06-16 18:15:05,1.0
2010-06-17 18:15:05,1.0
2010-06-18 18:15:05,1.0
2010-06-19 18:15:05,1.0
2010-06-20 18:15:05,1.0
2010-06-21 18:15:05,1.0
2010-06-22 18:15:05,1.0
2010-06-23 18:15:05,1.0
2010-06-24 18:15:05,1.0
2010-06-25 18:15:05,1.0
2010-06-26 18:15:05,1.0
2010-06-27 18:15:05,1.0
2010-06-28 18:15:05,1.0
2010-06-29 18:15:05,1.0
2010-06-30 18:15:05,1.0
2010-07-01 18:15:05,1.0
2010-07-02 18:15:05,1.0
2010-07-03 18:15:05,1.0
2010-07-04 18:15:05,1.0
2010-07-05 18:15:05,1.0
2010-07-06 18:15:05,1.0
2010-07-07 18:15:05,3.0
2010-07-08 18:15:05,2.0
2010-07-09 18:15:05,9.0
2010-07-10 18:15:05,2.0
2010-07-11 18:15:05,2.0
2010-07-12 18:15:05,2.0
2010-07-13 18:15:05,2.0
2010-07-14 18:15:05,2.0
2010-07-15 18:15:05,3.0
2010-07-16 18:15:05,2.0
2010-07-17 18:15:05,2.0
2010-07-18 18:15:05,2.0
2010-07-19 18:15:05,2.0
2010-07-20 18:15:05,10.0
2010-07-21 18:15:05,1.0
2010-07-22 18:15:05,2.0
2010-07-23 18:15:05,2.0
2010-07-24 18:15:05,19.0
2010-07-25 18:15:05,1.0
2010-07-26 18:15:05,1.0
2010-07-27 18:15:05,1.0
2010-07-28 18:15:05,1.0
2010-07-29 18:15:05,2.0
2010-07-30 18:15:05,1.0
2010-07-31 18:15:05,2.0
2010-08-01 18:15:05,2.0
2010-08-02 18:15:05,2.0
2010-08-03 18:15:05,1.0
2010-08-04 18:15:05,2.0
2010-08-05 18:15:05,1.0
2010-08-06 18:15:05,1.0
2010-08-07 18:15:05,1.0
2010-08-08 18:15:05,2.0
2010-08-09 18:15:05,1.0
2010-08-10 18:15:05,1.0
2010-08-11 18:15:05,2.0
2010-08-12 18:15:05,2.0
2010-08-13 18:15:05,2.0
2010-08-14 18:15:05,2.0
2010-08-15 18:15:05,2.0
2010-08-16 18:15:05,1.0
2010-08-17 18:15:05,1.0
2010-08-18 18:15:05,1.0
2010-08-19 18:15:05,1.0
2010-08-20 18:15:05,1.0
2010-08-21 18:15:05,1.0
2010-08-22 18:15:05,1.0
2010-08-23 18:15:05,1.0
2010-08-24 18:15:05,1.0
2010-08-25 18:15:05,1.0
2010-08-26 18:15:05,2.0
2010-08-27 18:15:05,2.0
2010-08-28 18:15:05,2.0
2010-08-29 18:15:05,1.0
2010-08-30 18:15:05,1.0
2010-08-31 18:15:05,1.0
2010-09-01 18:15:05,1.0
2010-09-02 18:15:05,1.0
2010-09-03 18:15:05,1.0
2010-09-04 18:15:05,2.0
2010-09-05 18:15:05,2.0
2010-09-06 18:15:05,1.0
2010-09-07 18:15:05,1.0
2010-09-08 18:15:05,2.0
2010-09-09 18:15:05,2.0
2010-09-10 18:15:05,2.0
2010-09-11 18:15:05,2.0
2010-09-12 18:15:05,1.0
2010-09-13 18:15:05,1.0
2010-09-14 18:15:05,1.0
2010-09-15 18:15:05,2.0
2010-09-16 18:15:05,3.0
2010-09-17 18:15:05,4.0
2010-09-18 18:15:05,3.0
2010-09-19 18:15:05,2.0
2010-09-20 18:15:05,2.0
2010-09-21 18:15:05,2.0
2010-09-22 18:15:05,2.0
2010-09-23 18:15:05,2.0
2010-09-24 18:15:05,5.0
2010-09-25 18:15:05,2.0
2010-09-26 18:15:05,3.0
2010-09-27 18:15:05,4.0
2010-09-28 18:15:05,3.0
2010-09-29 18:15:05,2.0
2010-09-30 18:15:05,2.0
2010-10-01 18:15:05,2.0
2010-10-02 18:15:05,2.0
2010-10-03 18:15:05,2.0
2010-10-04 18:15:05,2.0
2010-10-05 18:15:05,2.0
2010-10-06 18:15:05,2.0
2010-10-07 18:15:05,2.0
2010-10-08 18:15:05,2.0
2010-10-09 18:15:05,1.0
2010-10-10 18:15:05,1.0
2010-10-11 18:15:05,1.0
2010-10-12 18:15:05,1.0
2010-10-13 18:15:05,1.0
2010-10-14 18:15:05,3.0
2010-10-15 18:15:05,2.0
2010-10-16 18:15:05,2.0
2010-10-17 18:15:05,3.0
2010-10-18 18:15:05,3.0
2010-10-19 18:15:05,2.0
2010-10-20 18:15:05,2.0
2010-10-21 18:15:05,2.0
2010-10-22 18:15:05,2.0
2010-10-23 18:15:05,2.0
2010-10-24 18:15:05,1.0
2010-10-25 18:15:05,1.0
2010-10-26 18:15:05,1.0
2010-10-27 18:15:05,1.0
2010-10-28 18:15:05,1.0
2010-10-29 18:15:05,1.0
2010-10-30 18:15:05,1.0
2010-10-31 18:15:05,1.0
2010-11-01 18:15:05,1.0
2010-11-02 18:15:05,1.0
2010-11-03 18:15:05,1.0
2010-11-04 18:15:05,1.0
2010-11-05 18:15:05,1.0
2010-11-06 18:15:05,1.0
2010-11-07 18:15:05,1.0
2010-11-08 18:15:05,1.0
2010-11-09 18:15:05,1.0
2010-11-10 18:15:05,8.0
2010-11-11 18:15:05,66.0
2010-11-12 18:15:05,1.0
2010-11-13 18:15:05,1.0
2010-11-14 18:15:05,46.0
2010-11-15 18:15:05,107.0
2010-11-16 18:15:05,76.0
2010-11-17 18:15:05,2.0
2010-11-18 18:15:05,2.0
2010-11-19 18:15:05,14.0
2010-11-20 18:15:05,38.0
2010-11-21 18:15:05,7.0
2010-11-22 18:15:05,2.0
2010-11-23 18:15:05,2.0
2010-11-24 18:15:05,2.0
2010-11-25 18:15:05,2.0
2010-11-26 18:15:05,2.0
2010-11-27 18:15:05,2.0
2010-11-28 18:15:05,2.0
2010-11-29 18:15:05,1.0
2010-11-30 18:15:05,1.0
2010-12-01 18:15:05,1.0
2010-12-02 18:15:05,2.0
2010-12-03 18:15:05,2.0
2010-12-04 18:15:05,2.0
2010-12-05 18:15:05,2.0
2010-12-06 18:15:05,2.0
2010-12-07 18:15:05,3.0
2010-12-08 18:15:05,4.0
2010-12-09 18:15:05,4.0
2010-12-10 18:15:05,3.0
2010-12-11 18:15:05,2.0
2010-12-12 18:15:05,2.0
2010-12-13 18:15:05,2.0
2010-12-14 18:15:05,2.0
2010-12-15 18:15:05,5.0
2010-12-16 18:15:05,3.0
2010-12-17 18:15:05,4.0
2010-12-18 18:15:05,3.0
2010-12-19 18:15:05,3.0
2010-12-20 18:15:05,3.0
2010-12-21 18:15:05,4.0
2010-12-22 18:15:05,3.0
2010-12-23 18:15:05,3.0
2010-12-24 18:15:05,3.0
2010-12-25 18:15:05,3.0
2010-12-26 18:15:05,3.0
2010-12-27 18:15:05,3.0
2010-12-28 18:15:05,3.0
2010-12-29 18:15:05,5.0
2010-12-30 18:15:05,8.0
2010-12-31 18:15:05,7.0
2011-01-01 18:15:05,5.0
2011-01-02 18:15:05,6.0
2011-01-03 18:15:05,7.0
2011-01-04 18:15:05,7.0
2011-01-05 18:15:05,8.0
2011-01-06 18:15:05,7.0
2011-01-07 18:15:05,7.0
2011-01-08 18:15:05,6.0
2011-01-09 18:15:05,7.0
2011-01-10 18:15:05,5.0
2011-01-11 18:15:05,5.0
2011-01-12 18:15:05,4.0
2011-01-13 18:15:05,5.0
2011-01-14 18:15:05,5.0
2011-01-15 18:15:05,5.0
2011-01-16 18:15:05,5.0
2011-01-17 18:15:05,8.0
2011-01-18 18:15:05,6.0
2011-01-19 18:15:05,7.0
2011-01-20 18:15:05,6.0
2011-01-21 18:15:05,5.0
2011-01-22 18:15:05,5.0
2011-01-23 18:15:05,6.0
2011-01-24 18:15:05,8.0
2011-01-25 18:15:05,13.0
2011-01-26 18:15:05,12.0
2011-01-27 18:15:05,5.0
2011-01-28 18:15:05,6.0
2011-01-29 18:15:05,5.0
2011-01-30 18:15:05,4.0
2011-01-31 18:15:05,4.0
2011-02-01 18:15:05,4.0
2011-02-02 18:15:05,4.0
2011-02-03 18:15:05,4.0
2011-02-04 18:15:05,5.0
2011-02-05 18:15:05,9.0
2011-02-06 18:15:05,12.0
2011-02-07 18:15:05,10.0
2011-02-08 18:15:05,9.0
2011-02-09 18:15:05,10.0
2011-02-10 18:15:05,10.0
2011-02-11 18:15:05,8.0
2011-02-12 18:15:05,9.0
2011-02-13 18:15:05,9.0
2011-02-14 18:15:05,10.0
2011-02-15 18:15:05,9.0
2011-02-16 18:15:05,10.0
2011-02-17 18:15:05,10.0
2011-02-18 18:15:05,9.0
2011-02-19 18:15:05,9.0
2011-02-20 18:15:05,9.0
2011-02-21 18:15:05,7.0
2011-02-22 18:15:05,8.0
2011-02-23 18:15:05,11.0
2011-02-24 18:15:05,12.0
2011-02-25 18:15:05,17.0
2011-02-26 18:15:05,16.0
2011-02-27 18:15:05,10.0
2011-02-28 18:15:05,7.0
2011-03-01 18:15:05,7.0
2011-03-02 18:15:05,9.0
2011-03-03 18:15:05,13.0
2011-03-04 18:15:05,11.0
2011-03-05 18:15:05,12.0
2011-03-06 18:15:05,15.0
2011-03-07 18:15:05,20.0
2011-03-08 18:15:05,20.0
2011-03-09 18:15:05,25.0
2011-03-10 18:15:05,25.0
2011-03-11 18:15:05,22.0
2011-03-12 18:15:05,24.0
2011-03-13 18:15:05,19.0
2011-03-14 18:15:05,28.0
2011-03-15 18:15:05,21.0
2011-03-16 18:15:05,47.0
2011-03-17 18:15:05,18.0
2011-03-18 18:15:05,29.0
2011-03-19 18:15:05,14.0
2011-03-20 18:15:05,12.0
2011-03-21 18:15:05,21.0
2011-03-22 18:15:05,14.0
2011-03-23 18:15:05,20.0
2011-03-24 18:15:05,18.0
2011-03-25 18:15:05,10.0
2011-03-26 18:15:05,10.0
2011-03-27 18:15:05,8.0
2011-03-28 18:15:05,9.0
2011-03-29 18:15:05,9.0
2011-03-30 18:15:05,12.0
2011-03-31 18:15:05,11.0
2011-04-01 18:15:05,12.0
2011-04-02 18:15:05,11.0
2011-04-03 18:15:05,10.0
2011-04-04 18:15:05,11.0
2011-04-05 18:15:05,9.0
2011-04-06 18:15:05,12.0
2011-04-07 18:15:05,12.0
2011-04-08 18:15:05,12.0
2011-04-09 18:15:05,18.0
2011-04-10 18:15:05,14.0
2011-04-11 18:15:05,11.0
2011-04-12 18:15:05,13.0
2011-04-13 18:15:05,17.0
2011-04-14 18:15:05,25.0
2011-04-15 18:15:05,22.0
2011-04-16 18:15:05,11.0
2011-04-17 18:15:05,13.0
2011-04-18 18:15:05,12.0
2011-04-19 18:15:05,15.0
2011-04-20 18:15:05,13.0
2011-04-21 18:15:05,14.0
2011-04-22 18:15:05,23.0
2011-04-23 18:15:05,22.0
2011-04-24 18:15:05,17.0
2011-04-25 18:15:05,21.0
2011-04-26 18:15:05,23.0
2011-04-27 18:15:05,14.0
2011-04-28 18:15:05,15.0
2011-04-29 18:15:05,15.0
2011-04-30 18:15:05,14.0
2011-05-01 18:15:05,16.0
2011-05-02 18:15:05,17.0
2011-05-03 18:15:05,13.0
2011-05-04 18:15:05,14.0
2011-05-05 18:15:05,15.0
2011-05-06 18:15:05,17.0
2011-05-07 18:15:05,16.0
2011-05-08 18:15:05,21.0
2011-05-09 18:15:05,17.0
2011-05-10 18:15:05,17.0
2011-05-11 18:15:05,18.0
2011-05-12 18:15:05,16.0
2011-05-13 18:15:05,17.0
2011-05-14 18:15:05,28.0
2011-05-15 18:15:05,21.0
2011-05-16 18:15:05,22.0
2011-05-17 18:15:05,21.0
2011-05-18 18:15:05,20.0
2011-05-19 18:15:05,18.0
2011-05-20 18:15:05,21.0
2011-05-21 18:15:05,21.0
2011-05-22 18:15:05,27.0
2011-05-23 18:15:05,32.0
2011-05-24 18:15:05,27.0
2011-05-25 18:15:05,31.0
2011-05-26 18:15:05,41.0
2011-05-27 18:15:05,34.0
2011-05-28 18:15:05,37.0
2011-05-29 18:15:05,41.0
2011-05-30 18:15:05,40.0
2011-05-31 18:15:05,39.0
2011-06-01 18:15:05,39.0
2011-06-02 18:15:05,51.0
2011-06-03 18:15:05,62.0
2011-06-04 18:15:05,57.0
2011-06-05 18:15:05,49.0
2011-06-06 18:15:05,48.0
2011-06-07 18:15:05,49.0
2011-06-08 18:15:05,49.0
2011-06-09 18:15:05,56.0
2011-06-10 18:15:05,50.0
2011-06-11 18:15:05,58.0
2011-06-12 18:15:05,64.0
2011-06-13 18:15:05,59.0
2011-06-14 18:15:05,52.0
2011-06-15 18:15:05,48.0
2011-06-16 18:15:05,39.0
2011-06-17 18:15:05,43.0
2011-06-18 18:15:05,44.0
2011-06-19 18:15:05,46.0
2011-06-20 18:15:05,63.0
2011-06-21 18:15:05,66.0
2011-06-22 18:15:05,71.0
2011-06-23 18:15:05,71.0
2011-06-24 18:15:05,57.0
2011-06-25 18:15:05,54.0
2011-06-26 18:15:05,52.0
2011-06-27 18:15:05,54.0
2011-06-28 18:15:05,49.0
2011-06-29 18:15:05,57.0
2011-06-30 18:15:05,56.0
2011-07-01 18:15:05,70.0
2011-07-02 18:15:05,69.0
2011-07-03 18:15:05,55.0
2011-07-04 18:15:05,53.0
2011-07-05 18:15:05,55.0
2011-07-06 18:15:05,66.0
2011-07-07 18:15:05,61.0
2011-07-08 18:15:05,52.0
2011-07-09 18:15:05,54.0
2011-07-10 18:15:05,53.0
2011-07-11 18:15:05,49.0
2011-07-12 18:15:05,53.0
2011-07-13 18:15:05,53.0
2011-07-14 18:15:05,60.0
2011-07-15 18:15:05,59.0
2011-07-16 18:15:05,55.0
2011-07-17 18:15:05,59.0
2011-07-18 18:15:05,55.0
2011-07-19 18:15:05,44.0
2011-07-20 18:15:05,60.0
2011-07-21 18:15:05,49.0
2011-07-22 18:15:05,46.0
2011-07-23 18:15:05,46.0
2011-07-24 18:15:05,46.0
2011-07-25 18:15:05,45.0
2011-07-26 18:15:05,44.0
2011-07-27 18:15:05,45.0
2011-07-28 18:15:05,59.0
2011-07-29 18:15:05,50.0
2011-07-30 18:15:05,62.0
2011-07-31 18:15:05,52.0
2011-08-01 18:15:05,57.0
2011-08-02 18:15:05,52.0
2011-08-03 18:15:05,55.0
2011-08-04 18:15:05,64.0
2011-08-05 18:15:05,50.0
2011-08-06 18:15:05,60.0
2011-08-07 18:15:05,51.0
2011-08-08 18:15:05,57.0
2011-08-09 18:15:05,61.0
2011-08-10 18:15:05,58.0
2011-08-11 18:15:05,68.0
2011-08-12 18:15:05,63.0
2011-08-13 18:15:05,47.0
2011-08-14 18:15:05,57.0
2011-08-15 18:15:05,49.0
2011-08-16 18:15:05,50.0
2011-08-17 18:15:05,45.0
2011-08-18 18:15:05,43.0
2011-08-19 18:15:05,55.0
2011-08-20 18:15:05,55.0
2011-08-21 18:15:05,48.0
2011-08-22 18:15:05,53.0
2011-08-23 18:15:05,47.0
2011-08-24 18:15:05,62.0
2011-08-25 18:15:05,50.0
2011-08-26 18:15:05,48.0
2011-08-27 18:15:05,56.0
2011-08-28 18:15:05,42.0
2011-08-29 18:15:05,44.0
2011-08-30 18:15:05,52.0
2011-08-31 18:15:05,47.0
2011-09-01 18:15:05,51.0
2011-09-02 18:15:05,48.0
2011-09-03 18:15:05,51.0
2011-09-04 18:15:05,51.0
2011-09-05 18:15:05,45.0
2011-09-06 18:15:05,45.0
2011-09-07 18:15:05,49.0
2011-09-08 18:15:05,48.0
2011-09-09 18:15:05,42.0
2011-09-10 18:15:05,40.0
2011-09-11 18:15:05,47.0
2011-09-12 18:15:05,50.0
2011-09-13 18:15:05,34.0
2011-09-14 18:15:05,51.0
2011-09-15 18:15:05,53.0
2011-09-16 18:15:05,54.0
2011-09-17 18:15:05,45.0
2011-09-18 18:15:05,43.0
2011-09-19 18:15:05,50.0
2011-09-20 18:15:05,39.0
2011-09-21 18:15:05,43.0
2011-09-22 18:15:05,44.0
2011-09-23 18:15:05,43.0
2011-09-24 18:15:05,42.0
2011-09-25 18:15:05,46.0
2011-09-26 18:15:05,41.0
2011-09-27 18:15:05,39.0
2011-09-28 18:15:05,48.0
2011-09-29 18:15:05,40.0
2011-09-30 18:15:05,45.0
2011-10-01 18:15:05,45.0
2011-10-02 18:15:05,43.0
2011-10-03 18:15:05,43.0
2011-10-04 18:15:05,45.0
2011-10-05 18:15:05,46.0
2011-10-06 18:15:05,55.0
2011-10-07 18:15:05,54.0
2011-10-08 18:15:05,52.0
2011-10-09 18:15:05,42.0
2011-10-10 18:15:05,43.0
2011-10-11 18:15:05,39.0
2011-10-12 18:15:05,49.0
2011-10-13 18:15:05,43.0
2011-10-14 18:15:05,36.0
2011-10-15 18:15:05,45.0
2011-10-16 18:15:05,38.0
2011-10-17 18:15:05,51.0
2011-10-18 18:15:05,51.0
2011-10-19 18:15:05,48.0
2011-10-20 18:15:05,40.0
2011-10-21 18:15:05,48.0
2011-10-22 18:15:05,41.0
2011-10-23 18:15:05,50.0
2011-10-24 18:15:05,48.0
2011-10-25 18:15:05,50.0
2011-10-26 18:15:05,36.0
2011-10-27 18:15:05,40.0
2011-10-28 18:15:05,38.0
2011-10-29 18:15:05,45.0
2011-10-30 18:15:05,46.0
2011-10-31 18:15:05,43.0
2011-11-01 18:15:05,33.0
2011-11-02 18:15:05,40.0
2011-11-03 18:15:05,42.0
2011-11-04 18:15:05,39.0
2011-11-05 18:15:05,43.0
2011-11-06 18:15:05,44.0
2011-11-07 18:15:05,39.0
2011-11-08 18:15:05,34.0
2011-11-09 18:15:05,41.0
2011-11-10 18:15:05,37.0
2011-11-11 18:15:05,44.0
2011-11-12 18:15:05,38.0
2011-11-13 18:15:05,36.0
2011-11-14 18:15:05,38.0
2011-11-15 18:15:05,37.0
2011-11-16 18:15:05,37.0
2011-11-17 18:15:05,39.0
2011-11-18 18:15:05,42.0
2011-11-19 18:15:05,44.0
2011-11-20 18:15:05,41.0
2011-11-21 18:15:05,39.0
2011-11-22 18:15:05,42.0
2011-11-23 18:15:05,47.0
2011-11-24 18:15:05,46.0
2011-11-25 18:15:05,43.0
2011-11-26 18:15:05,36.0
2011-11-27 18:15:05,40.0
2011-11-28 18:15:05,36.0
2011-11-29 18:15:05,38.0
2011-11-30 18:15:05,39.0
2011-12-01 18:15:05,44.0
2011-12-02 18:15:05,48.0
2011-12-03 18:15:05,37.0
2011-12-04 18:15:05,37.0
2011-12-05 18:15:05,36.0
2011-12-06 18:15:05,36.0
2011-12-07 18:15:05,36.0
2011-12-08 18:15:05,42.0
2011-12-09 18:15:05,35.0
2011-12-10 18:15:05,44.0
2011-12-11 18:15:05,42.0
2011-12-12 18:15:05,33.0
2011-12-13 18:15:05,31.0
2011-12-14 18:15:05,34.0
2011-12-15 18:15:05,49.0
2011-12-16 18:15:05,36.0
2011-12-17 18:15:05,42.0
2011-12-18 18:15:05,37.0
2011-12-19 18:15:05,35.0
2011-12-20 18:15:05,30.0
2011-12-21 18:15:05,31.0
2011-12-22 18:15:05,35.0
2011-12-23 18:15:05,33.0
2011-12-24 18:15:05,35.0
2011-12-25 18:15:05,39.0
2011-12-26 18:15:05,33.0
2011-12-27 18:15:05,30.0
2011-12-28 18:15:05,38.0
2011-12-29 18:15:05,34.0
2011-12-30 18:15:05,36.0
2011-12-31 18:15:05,47.0
2012-01-01 18:15:05,37.0
2012-01-02 18:15:05,34.0
2012-01-03 18:15:05,39.0
2012-01-04 18:15:05,37.0
2012-01-05 18:15:05,45.0
2012-01-06 18:15:05,47.0
2012-01-07 18:15:05,41.0
2012-01-08 18:15:05,55.0
2012-01-09 18:15:05,42.0
2012-01-10 18:15:05,45.0
2012-01-11 18:15:05,42.0
2012-01-12 18:15:05,41.0
2012-01-13 18:15:05,50.0
2012-01-14 18:15:05,47.0
2012-01-15 18:15:05,48.0
2012-01-16 18:15:05,37.0
2012-01-17 18:15:05,40.0
2012-01-18 18:15:05,34.0
2012-01-19 18:15:05,50.0
2012-01-20 18:15:05,51.0
2012-01-21 18:15:05,51.0
2012-01-22 18:15:05,47.0
2012-01-23 18:15:05,39.0
2012-01-24 18:15:05,39.0
2012-01-25 18:15:05,36.0
2012-01-26 18:15:05,40.0
2012-01-27 18:15:05,51.0
2012-01-28 18:15:05,42.0
2012-01-29 18:15:05,43.0
2012-01-30 18:15:05,46.0
2012-01-31 18:15:05,48.0
2012-02-01 18:15:05,43.0
2012-02-02 18:15:05,47.0
2012-02-03 18:15:05,50.0
2012-02-04 18:15:05,50.0
2012-02-05 18:15:05,58.0
2012-02-06 18:15:05,55.0
2012-02-07 18:15:05,46.0
2012-02-08 18:15:05,51.0
2012-02-09 18:15:05,71.0
2012-02-10 18:15:05,66.0
2012-02-11 18:15:05,71.0
2012-02-12 18:15:05,50.0
2012-02-13 18:15:05,38.0
2012-02-14 18:15:05,37.0
2012-02-15 18:15:05,41.0
2012-02-16 18:15:05,49.0
2012-02-17 18:15:05,45.0
2012-02-18 18:15:05,46.0
2012-02-19 18:15:05,49.0
2012-02-20 18:15:05,39.0
2012-02-21 18:15:05,38.0
2012-02-22 18:15:05,40.0
2012-02-23 18:15:05,44.0
2012-02-24 18:15:05,36.0
2012-02-25 18:15:05,43.0
2012-02-26 18:15:05,57.0
2012-02-27 18:15:05,47.0
2012-02-28 18:15:05,46.0
2012-02-29 18:15:05,50.0
2012-03-01 18:15:05,45.0
2012-03-02 18:15:05,44.0
2012-03-03 18:15:05,42.0
2012-03-04 18:15:05,39.0
2012-03-05 18:15:05,34.0
2012-03-06 18:15:05,38.0
2012-03-07 18:15:05,33.0
2012-03-08 18:15:05,44.0
2012-03-09 18:15:05,51.0
2012-03-10 18:15:05,50.0
2012-03-11 18:15:05,46.0
2012-03-12 18:15:05,43.0
2012-03-13 18:15:05,36.0
2012-03-14 18:15:05,42.0
2012-03-15 18:15:05,44.0
2012-03-16 18:15:05,43.0
2012-03-17 18:15:05,43.0
2012-03-18 18:15:05,48.0
2012-03-19 18:15:05,37.0
2012-03-20 18:15:05,37.0
2012-03-21 18:15:05,42.0
2012-03-22 18:15:05,42.0
2012-03-23 18:15:05,44.0
2012-03-24 18:15:05,54.0
2012-03-25 18:15:05,47.0
2012-03-26 18:15:05,38.0
2012-03-27 18:15:05,37.0
2012-03-28 18:15:05,47.0
2012-03-29 18:15:05,58.0
2012-03-30 18:15:05,53.0
2012-03-31 18:15:05,58.0
2012-04-01 18:15:05,56.0
2012-04-02 18:15:05,46.0
2012-04-03 18:15:05,41.0
2012-04-04 18:15:05,40.0
2012-04-05 18:15:05,58.0
2012-04-06 18:15:05,52.0
2012-04-07 18:15:05,61.0
2012-04-08 18:15:05,59.0
2012-04-09 18:15:05,59.0
2012-04-10 18:15:05,62.0
2012-04-11 18:15:05,58.0
2012-04-12 18:15:05,58.0
2012-04-13 18:15:05,66.0
2012-04-14 18:15:05,51.0
2012-04-15 18:15:05,51.0
2012-04-16 18:15:05,52.0
2012-04-17 18:15:05,45.0
2012-04-18 18:15:05,46.0
2012-04-19 18:15:05,60.0
2012-04-20 18:15:05,56.0
2012-04-21 18:15:05,65.0
2012-04-22 18:15:05,56.0
2012-04-23 18:15:05,45.0
2012-04-24 18:15:05,48.0
2012-04-25 18:15:05,53.0
2012-04-26 18:15:05,56.0
2012-04-27 18:15:05,60.0
2012-04-28 18:15:05,73.0
2012-04-29 18:15:05,92.0
2012-04-30 18:15:05,87.0
2012-05-01 18:15:05,72.0
2012-05-02 18:15:05,95.0
2012-05-03 18:15:05,92.0
2012-05-04 18:15:05,115.0
2012-05-05 18:15:05,88.0
2012-05-06 18:15:05,115.0
2012-05-07 18:15:05,160.0
2012-05-08 18:15:05,106.0
2012-05-09 18:15:05,195.0
2012-05-10 18:15:05,158.0
2012-05-11 18:15:05,175.0
2012-05-12 18:15:05,126.0
2012-05-13 18:15:05,151.0
2012-05-14 18:15:05,261.0
2012-05-15 18:15:05,234.0
2012-05-16 18:15:05,220.0
2012-05-17 18:15:05,216.0
2012-05-18 18:15:05,221.0
2012-05-19 18:15:05,192.0
2012-05-20 18:15:05,250.0
2012-05-21 18:15:05,177.0
2012-05-22 18:15:05,135.0
2012-05-23 18:15:05,235.0
2012-05-24 18:15:05,229.0
2012-05-25 18:15:05,214.0
2012-05-26 18:15:05,143.0
2012-05-27 18:15:05,163.0
2012-05-28 18:15:05,119.0
2012-05-29 18:15:05,168.0
2012-05-30 18:15:05,297.0
2012-05-31 18:15:05,333.0
2012-06-01 18:15:05,108.0
2012-06-02 18:15:05,242.0
2012-06-03 18:15:05,182.0
2012-06-04 18:15:05,188.0
2012-06-05 18:15:05,231.0
2012-06-06 18:15:05,229.0
2012-06-07 18:15:05,148.0
2012-06-08 18:15:05,321.0
2012-06-09 18:15:05,390.0
2012-06-10 18:15:05,361.0
2012-06-11 18:15:05,308.0
2012-06-12 18:15:05,247.0
2012-06-13 18:15:05,248.0
2012-06-14 18:15:05,209.0
2012-06-15 18:15:05,246.0
2012-06-16 18:15:05,217.0
2012-06-17 18:15:05,181.0
2012-06-18 18:15:05,133.0
2012-06-19 18:15:05,156.0
2012-06-20 18:15:05,169.0
2012-06-21 18:15:05,219.0
2012-06-22 18:15:05,189.0
2012-06-23 18:15:05,202.0
2012-06-24 18:15:05,159.0
2012-06-25 18:15:05,166.0
2012-06-26 18:15:05,136.0
2012-06-27 18:15:05,156.0
2012-06-28 18:15:05,158.0
2012-06-29 18:15:05,138.0
2012-06-30 18:15:05,160.0
2012-07-01 18:15:05,143.0
2012-07-02 18:15:05,153.0
2012-07-03 18:15:05,140.0
2012-07-04 18:15:05,153.0
2012-07-05 18:15:05,221.0
2012-07-06 18:15:05,220.0
2012-07-07 18:15:05,175.0
2012-07-08 18:15:05,145.0
2012-07-09 18:15:05,170.0
2012-07-10 18:15:05,173.0
2012-07-11 18:15:05,206.0
2012-07-12 18:15:05,196.0
2012-07-13 18:15:05,203.0
2012-07-14 18:15:05,217.0
2012-07-15 18:15:05,254.0
2012-07-16 18:15:05,250.0
2012-07-17 18:15:05,215.0
2012-07-18 18:15:05,239.0
2012-07-19 18:15:05,185.0
2012-07-20 18:15:05,189.0
2012-07-21 18:15:05,172.0
2012-07-22 18:15:05,157.0
2012-07-23 18:15:05,195.0
2012-07-24 18:15:05,226.0
2012-07-25 18:15:05,206.0
2012-07-26 18:15:05,271.0
2012-07-27 18:15:05,242.0
2012-07-28 18:15:05,210.0
2012-07-29 18:15:05,169.0
2012-07-30 18:15:05,187.0
2012-07-31 18:15:05,220.0
2012-08-01 18:15:05,255.0
2012-08-02 18:15:05,192.0
2012-08-03 18:15:05,228.0
2012-08-04 18:15:05,208.0
2012-08-05 18:15:05,166.0
2012-08-06 18:15:05,189.0
2012-08-07 18:15:05,199.0
2012-08-08 18:15:05,324.0
2012-08-09 18:15:05,230.0
2012-08-10 18:15:05,286.0
2012-08-11 18:15:05,319.0
2012-08-12 18:15:05,285.0
2012-08-13 18:15:05,261.0
2012-08-14 18:15:05,221.0
2012-08-15 18:15:05,191.0
2012-08-16 18:15:05,223.0
2012-08-17 18:15:05,272.0
2012-08-18 18:15:05,192.0
2012-08-19 18:15:05,198.0
2012-08-20 18:15:05,270.0
2012-08-21 18:15:05,173.0
2012-08-22 18:15:05,210.0
2012-08-23 18:15:05,205.0
2012-08-24 18:15:05,203.0
2012-08-25 18:15:05,198.0
2012-08-26 18:15:05,290.0
2012-08-27 18:15:05,257.0
2012-08-28 18:15:05,204.0
2012-08-29 18:15:05,228.0
2012-08-30 18:15:05,288.0
2012-08-31 18:15:05,230.0
2012-09-01 18:15:05,237.0
2012-09-02 18:15:05,188.0
2012-09-03 18:15:05,245.0
2012-09-04 18:15:05,196.0
2012-09-05 18:15:05,222.0
2012-09-06 18:15:05,239.0
2012-09-07 18:15:05,215.0
2012-09-08 18:15:05,192.0
2012-09-09 18:15:05,216.0
2012-09-10 18:15:05,212.0
2012-09-11 18:15:05,182.0
2012-09-12 18:15:05,144.0
2012-09-13 18:15:05,187.0
2012-09-14 18:15:05,224.0
2012-09-15 18:15:05,230.0
2012-09-16 18:15:05,183.0
2012-09-17 18:15:05,138.0
2012-09-18 18:15:05,162.0
2012-09-19 18:15:05,200.0
2012-09-20 18:15:05,159.0
2012-09-21 18:15:05,222.0
2012-09-22 18:15:05,211.0
2012-09-23 18:15:05,182.0
2012-09-24 18:15:05,157.0
2012-09-25 18:15:05,139.0
2012-09-26 18:15:05,160.0
2012-09-27 18:15:05,209.0
2012-09-28 18:15:05,233.0
2012-09-29 18:15:05,220.0
2012-09-30 18:15:05,253.0
2012-10-01 18:15:05,251.0
2012-10-02 18:15:05,231.0
2012-10-03 18:15:05,231.0
2012-10-04 18:15:05,247.0
2012-10-05 18:15:05,216.0
2012-10-06 18:15:05,217.0
2012-10-07 18:15:05,160.0
2012-10-08 18:15:05,255.0
2012-10-09 18:15:05,195.0
2012-10-10 18:15:05,189.0
2012-10-11 18:15:05,220.0
2012-10-12 18:15:05,232.0
2012-10-13 18:15:05,183.0
2012-10-14 18:15:05,179.0
2012-10-15 18:15:05,200.0
2012-10-16 18:15:05,251.0
2012-10-17 18:15:05,214.0
2012-10-18 18:15:05,292.0
2012-10-19 18:15:05,215.0
2012-10-20 18:15:05,203.0
2012-10-21 18:15:05,140.0
2012-10-22 18:15:05,98.0
2012-10-23 18:15:05,102.0
2012-10-24 18:15:05,121.0
2012-10-25 18:15:05,200.0
2012-10-26 18:15:05,205.0
2012-10-27 18:15:05,188.0
2012-10-28 18:15:05,189.0
2012-10-29 18:15:05,176.0
2012-10-30 18:15:05,141.0
2012-10-31 18:15:05,210.0
2012-11-01 18:15:05,206.0
2012-11-02 18:15:05,238.0
2012-11-03 18:15:05,215.0
2012-11-04 18:15:05,185.0
2012-11-05 18:15:05,166.0
2012-11-06 18:15:05,179.0
2012-11-07 18:15:05,174.0
2012-11-08 18:15:05,182.0
2012-11-09 18:15:05,202.0
2012-11-10 18:15:05,277.0
2012-11-11 18:15:05,264.0
2012-11-12 18:15:05,243.0
2012-11-13 18:15:05,208.0
2012-11-14 18:15:05,285.0
2012-11-15 18:15:05,236.0
2012-11-16 18:15:05,267.0
2012-11-17 18:15:05,224.0
2012-11-18 18:15:05,217.0
2012-11-19 18:15:05,180.0
2012-11-20 18:15:05,246.0
2012-11-21 18:15:05,218.0
2012-11-22 18:15:05,194.0
2012-11-23 18:15:05,216.0
2012-11-24 18:15:05,236.0
2012-11-25 18:15:05,219.0
2012-11-26 18:15:05,235.0
2012-11-27 18:15:05,136.0
2012-11-28 18:15:05,149.0
2012-11-29 18:15:05,252.0
2012-11-30 18:15:05,276.0
2012-12-01 18:15:05,260.0
2012-12-02 18:15:05,265.0
2012-12-03 18:15:05,235.0
2012-12-04 18:15:05,252.0
2012-12-05 18:15:05,270.0
2012-12-06 18:15:05,250.0
2012-12-07 18:15:05,273.0
2012-12-08 18:15:05,296.0
2012-12-09 18:15:05,398.0
2012-12-10 18:15:05,284.0
2012-12-11 18:15:05,295.0
2012-12-12 18:15:05,324.0
2012-12-13 18:15:05,369.0
2012-12-14 18:15:05,342.0
2012-12-15 18:15:05,334.0
2012-12-16 18:15:05,336.0
2012-12-17 18:15:05,361.0
2012-12-18 18:15:05,284.0
2012-12-19 18:15:05,292.0
2012-12-20 18:15:05,224.0
2012-12-21 18:15:05,248.0
2012-12-22 18:15:05,267.0
2012-12-23 18:15:05,269.0
2012-12-24 18:15:05,292.0
2012-12-25 18:15:05,273.0
2012-12-26 18:15:05,203.0
2012-12-27 18:15:05,174.0
2012-12-28 18:15:05,249.0
2012-12-29 18:15:05,258.0
2012-12-30 18:15:05,354.0
2012-12-31 18:15:05,261.0
2013-01-01 18:15:05,243.0
2013-01-02 18:15:05,244.0
2013-01-03 18:15:05,245.0
2013-01-04 18:15:05,323.0
2013-01-05 18:15:05,352.0
2013-01-06 18:15:05,451.0
2013-01-07 18:15:05,393.0
2013-01-08 18:15:05,383.0
2013-01-09 18:15:05,284.0
2013-01-10 18:15:05,359.0
2013-01-11 18:15:05,424.0
2013-01-12 18:15:05,390.0
2013-01-13 18:15:05,407.0
2013-01-14 18:15:05,400.0
2013-01-15 18:15:05,315.0
2013-01-16 18:15:05,283.0
2013-01-17 18:15:05,314.0
2013-01-18 18:15:05,360.0
2013-01-19 18:15:05,314.0
2013-01-20 18:15:05,331.0
2013-01-21 18:15:05,356.0
2013-01-22 18:15:05,351.0
2013-01-23 18:15:05,353.0
2013-01-24 18:15:05,330.0
2013-01-25 18:15:05,315.0
2013-01-26 18:15:05,242.0
2013-01-27 18:15:05,370.0
2013-01-28 18:15:05,365.0
2013-01-29 18:15:05,340.0
2013-01-30 18:15:05,326.0
2013-01-31 18:15:05,310.0
2013-02-01 18:15:05,290.0
2013-02-02 18:15:05,393.0
2013-02-03 18:15:05,433.0
2013-02-04 18:15:05,373.0
2013-02-05 18:15:05,349.0
2013-02-06 18:15:05,370.0
2013-02-07 18:15:05,411.0
2013-02-08 18:15:05,365.0
2013-02-09 18:15:05,328.0
2013-02-10 18:15:05,326.0
2013-02-11 18:15:05,270.0
2013-02-12 18:15:05,270.0
2013-02-13 18:15:05,287.0
2013-02-14 18:15:05,334.0
2013-02-15 18:15:05,333.0
2013-02-16 18:15:05,299.0
2013-02-17 18:15:05,365.0
2013-02-18 18:15:05,366.0
2013-02-19 18:15:05,352.0
2013-02-20 18:15:05,334.0
2013-02-21 18:15:05,400.0
2013-02-22 18:15:05,310.0
2013-02-23 18:15:05,356.0
2013-02-24 18:15:05,416.0
2013-02-25 18:15:05,404.0
2013-02-26 18:15:05,326.0
2013-02-27 18:15:05,367.0
2013-02-28 18:15:05,373.0
2013-03-01 18:15:05,410.0
2013-03-02 18:15:05,410.0
2013-03-03 18:15:05,443.0
2013-03-04 18:15:05,280.0
2013-03-05 18:15:05,385.0
2013-03-06 18:15:05,363.0
2013-03-07 18:15:05,376.0
2013-03-08 18:15:05,364.0
2013-03-09 18:15:05,318.0
2013-03-10 18:15:05,353.0
2013-03-11 18:15:05,246.0
2013-03-12 18:15:05,168.0
2013-03-13 18:15:05,220.0
2013-03-14 18:15:05,247.0
2013-03-15 18:15:05,227.0
2013-03-16 18:15:05,241.0
2013-03-17 18:15:05,267.0
2013-03-18 18:15:05,276.0
2013-03-19 18:15:05,229.0
2013-03-20 18:15:05,375.0
2013-03-21 18:15:05,302.0
2013-03-22 18:15:05,412.0
2013-03-23 18:15:05,319.0
2013-03-24 18:15:05,363.0
2013-03-25 18:15:05,360.0
2013-03-26 18:15:05,283.0
2013-03-27 18:15:05,240.0
2013-03-28 18:15:05,344.0
2013-03-29 18:15:05,366.0
2013-03-30 18:15:05,431.0
2013-03-31 18:15:05,389.0
2013-04-01 18:15:05,340.0
2013-04-02 18:15:05,363.0
2013-04-03 18:15:05,375.0
2013-04-04 18:15:05,365.0
2013-04-05 18:15:05,374.0
2013-04-06 18:15:05,412.0
2013-04-07 18:15:05,349.0
2013-04-08 18:15:05,348.0
2013-04-09 18:15:05,327.0
2013-04-10 18:15:05,345.0
2013-04-11 18:15:05,359.0
2013-04-12 18:15:05,336.0
2013-04-13 18:15:05,322.0
2013-04-14 18:15:05,462.0
2013-04-15 18:15:05,331.0
2013-04-16 18:15:05,259.0
2013-04-17 18:15:05,288.0
2013-04-18 18:15:05,360.0
2013-04-19 18:15:05,388.0
2013-04-20 18:15:05,384.0
2013-04-21 18:15:05,328.0
2013-04-22 18:15:05,303.0
2013-04-23 18:15:05,245.0
2013-04-24 18:15:05,276.0
2013-04-25 18:15:05,327.0
2013-04-26 18:15:05,357.0
2013-04-27 18:15:05,397.0
2013-04-28 18:15:05,379.0
2013-04-29 18:15:05,313.0
2013-04-30 18:15:05,320.0
2013-05-01 18:15:05,314.0
2013-05-02 18:15:05,336.0
2013-05-03 18:15:05,290.0
2013-05-04 18:15:05,399.0
2013-05-05 18:15:05,406.0
2013-05-06 18:15:05,402.0
2013-05-07 18:15:05,389.0
2013-05-08 18:15:05,345.0
2013-05-09 18:15:05,430.0
2013-05-10 18:15:05,451.0
2013-05-11 18:15:05,417.0
2013-05-12 18:15:05,378.0
2013-05-13 18:15:05,353.0
2013-05-14 18:15:05,305.0
2013-05-15 18:15:05,362.0
2013-05-16 18:15:05,366.0
2013-05-17 18:15:05,325.0
2013-05-18 18:15:05,340.0
2013-05-19 18:15:05,340.0
2013-05-20 18:15:05,324.0
2013-05-21 18:15:05,247.0
2013-05-22 18:15:05,304.0
2013-05-23 18:15:05,340.0
2013-05-24 18:15:05,326.0
2013-05-25 18:15:05,338.0
2013-05-26 18:15:05,309.0
2013-05-27 18:15:05,264.0
2013-05-28 18:15:05,250.0
2013-05-29 18:15:05,249.0
2013-05-30 18:15:05,286.0
2013-05-31 18:15:05,272.0
2013-06-01 18:15:05,314.0
2013-06-02 18:15:05,337.0
2013-06-03 18:15:05,285.0
2013-06-04 18:15:05,276.0
2013-06-05 18:15:05,235.0
2013-06-06 18:15:05,290.0
2013-06-07 18:15:05,232.0
2013-06-08 18:15:05,224.0
2013-06-09 18:15:05,279.0
2013-06-10 18:15:05,235.0
2013-06-11 18:15:05,214.0
2013-06-12 18:15:05,281.0
2013-06-13 18:15:05,322.0
2013-06-14 18:15:05,375.0
2013-06-15 18:15:05,338.0
2013-06-16 18:15:05,306.0
2013-06-17 18:15:05,247.0
2013-06-18 18:15:05,230.0
2013-06-19 18:15:05,286.0
2013-06-20 18:15:05,308.0
2013-06-21 18:15:05,241.0
2013-06-22 18:15:05,281.0
2013-06-23 18:15:05,287.0
2013-06-24 18:15:05,242.0
2013-06-25 18:15:05,201.0
2013-06-26 18:15:05,222.0
2013-06-27 18:15:05,275.0
2013-06-28 18:15:05,202.0
2013-06-29 18:15:05,203.0
2013-06-30 18:15:05,205.0
2013-07-01 18:15:05,196.0
2013-07-02 18:15:05,154.0
2013-07-03 18:15:05,198.0
2013-07-04 18:15:05,207.0
2013-07-05 18:15:05,230.0
2013-07-06 18:15:05,213.0
2013-07-07 18:15:05,303.0
2013-07-08 18:15:05,266.0
2013-07-09 18:15:05,209.0
2013-07-10 18:15:05,214.0
2013-07-11 18:15:05,236.0
2013-07-12 18:15:05,234.0
2013-07-13 18:15:05,239.0
2013-07-14 18:15:05,224.0
2013-07-15 18:15:05,179.0
2013-07-16 18:15:05,189.0
2013-07-17 18:15:05,206.0
2013-07-18 18:15:05,273.0
2013-07-19 18:15:05,259.0
2013-07-20 18:15:05,308.0
2013-07-21 18:15:05,232.0
2013-07-22 18:15:05,218.0
2013-07-23 18:15:05,187.0
2013-07-24 18:15:05,266.0
2013-07-25 18:15:05,216.0
2013-07-26 18:15:05,260.0
2013-07-27 18:15:05,247.0
2013-07-28 18:15:05,279.0
2013-07-29 18:15:05,274.0
2013-07-30 18:15:05,260.0
2013-07-31 18:15:05,249.0
2013-08-01 18:15:05,276.0
2013-08-02 18:15:05,325.0
2013-08-03 18:15:05,282.0
2013-08-04 18:15:05,255.0
2013-08-05 18:15:05,261.0
2013-08-06 18:15:05,191.0
2013-08-07 18:15:05,200.0
2013-08-08 18:15:05,278.0
2013-08-09 18:15:05,327.0
2013-08-10 18:15:05,353.0
2013-08-11 18:15:05,397.0
2013-08-12 18:15:05,316.0
2013-08-13 18:15:05,269.0
2013-08-14 18:15:05,392.0
2013-08-15 18:15:05,367.0
2013-08-16 18:15:05,307.0
2013-08-17 18:15:05,301.0
2013-08-18 18:15:05,278.0
2013-08-19 18:15:05,274.0
2013-08-20 18:15:05,315.0
2013-08-21 18:15:05,328.0
2013-08-22 18:15:05,354.0
2013-08-23 18:15:05,381.0
2013-08-24 18:15:05,310.0
2013-08-25 18:15:05,312.0
2013-08-26 18:15:05,244.0
2013-08-27 18:15:05,205.0
2013-08-28 18:15:05,214.0
2013-08-29 18:15:05,272.0
2013-08-30 18:15:05,293.0
2013-08-31 18:15:05,369.0
2013-09-01 18:15:05,333.0
2013-09-02 18:15:05,332.0
2013-09-03 18:15:05,311.0
2013-09-04 18:15:05,284.0
2013-09-05 18:15:05,287.0
2013-09-06 18:15:05,246.0
2013-09-07 18:15:05,245.0
2013-09-08 18:15:05,230.0
2013-09-09 18:15:05,218.0
2013-09-10 18:15:05,255.0
2013-09-11 18:15:05,298.0
2013-09-12 18:15:05,374.0
2013-09-13 18:15:05,426.0
2013-09-14 18:15:05,302.0
2013-09-15 18:15:05,305.0
2013-09-16 18:15:05,284.0
2013-09-17 18:15:05,255.0
2013-09-18 18:15:05,272.0
2013-09-19 18:15:05,316.0
2013-09-20 18:15:05,271.0
2013-09-21 18:15:05,317.0
2013-09-22 18:15:05,286.0
2013-09-23 18:15:05,261.0
2013-09-24 18:15:05,248.0
2013-09-25 18:15:05,256.0
2013-09-26 18:15:05,282.0
2013-09-27 18:15:05,349.0
2013-09-28 18:15:05,296.0
2013-09-29 18:15:05,307.0
2013-09-30 18:15:05,226.0
2013-10-01 18:15:05,221.0
2013-10-02 18:15:05,282.0
2013-10-03 18:15:05,274.0
2013-10-04 18:15:05,256.0
2013-10-05 18:15:05,296.0
2013-10-06 18:15:05,307.0
2013-10-07 18:15:05,252.0
2013-10-08 18:15:05,223.0
2013-10-09 18:15:05,216.0
2013-10-10 18:15:05,231.0
2013-10-11 18:15:05,237.0
2013-10-12 18:15:05,252.0
2013-10-13 18:15:05,349.0
2013-10-14 18:15:05,249.0
2013-10-15 18:15:05,230.0
2013-10-16 18:15:05,289.0
2013-10-17 18:15:05,260.0
2013-10-18 18:15:05,258.0
2013-10-19 18:15:05,302.0
2013-10-20 18:15:05,249.0
2013-10-21 18:15:05,248.0
2013-10-22 18:15:05,250.0
2013-10-23 18:15:05,271.0
2013-10-24 18:15:05,326.0
2013-10-25 18:15:05,244.0
2013-10-26 18:15:05,270.0
2013-10-27 18:15:05,254.0
2013-10-28 18:15:05,189.0
2013-10-29 18:15:05,182.0
2013-10-30 18:15:05,210.0
2013-10-31 18:15:05,300.0
2013-11-01 18:15:05,339.0
2013-11-02 18:15:05,380.0
2013-11-03 18:15:05,450.0
2013-11-04 18:15:05,407.0
2013-11-05 18:15:05,340.0
2013-11-06 18:15:05,279.0
2013-11-07 18:15:05,309.0
2013-11-08 18:15:05,335.0
2013-11-09 18:15:05,415.0
2013-11-10 18:15:05,380.0
2013-11-11 18:15:05,263.0
2013-11-12 18:15:05,248.0
2013-11-13 18:15:05,446.0
2013-11-14 18:15:05,602.0
2013-11-15 18:15:05,478.0
2013-11-16 18:15:05,479.0
2013-11-17 18:15:05,461.0
2013-11-18 18:15:05,463.0
2013-11-19 18:15:05,348.0
2013-11-20 18:15:05,399.0
2013-11-21 18:15:05,488.0
2013-11-22 18:15:05,549.0
2013-11-23 18:15:05,560.0
2013-11-24 18:15:05,488.0
2013-11-25 18:15:05,505.0
2013-11-26 18:15:05,344.0
2013-11-27 18:15:05,455.0
2013-11-28 18:15:05,411.0
2013-11-29 18:15:05,450.0
2013-11-30 18:15:05,497.0
2013-12-01 18:15:05,337.0
2013-12-02 18:15:05,391.0
2013-12-03 18:15:05,274.0
2013-12-04 18:15:05,293.0
2013-12-05 18:15:05,337.0
2013-12-06 18:15:05,432.0
2013-12-07 18:15:05,359.0
2013-12-08 18:15:05,360.0
2013-12-09 18:15:05,279.0
2013-12-10 18:15:05,291.0
2013-12-11 18:15:05,326.0
2013-12-12 18:15:05,363.0
2013-12-13 18:15:05,388.0
2013-12-14 18:15:05,318.0
2013-12-15 18:15:05,343.0
2013-12-16 18:15:05,362.0
2013-12-17 18:15:05,310.0
2013-12-18 18:15:05,327.0
2013-12-19 18:15:05,342.0
2013-12-20 18:15:05,331.0
2013-12-21 18:15:05,271.0
2013-12-22 18:15:05,315.0
2013-12-23 18:15:05,291.0
2013-12-24 18:15:05,326.0
2013-12-25 18:15:05,291.0
2013-12-26 18:15:05,309.0
2013-12-27 18:15:05,207.0
2013-12-28 18:15:05,331.0
2013-12-29 18:15:05,391.0
2013-12-30 18:15:05,364.0
2013-12-31 18:15:05,309.0
2014-01-01 18:15:05,381.0
2014-01-02 18:15:05,332.0
2014-01-03 18:15:05,319.0
2014-01-04 18:15:05,322.0
2014-01-05 18:15:05,280.0
2014-01-06 18:15:05,272.0
2014-01-07 18:15:05,259.0
2014-01-08 18:15:05,269.0
2014-01-09 18:15:05,360.0
2014-01-10 18:15:05,353.0
2014-01-11 18:15:05,287.0
2014-01-12 18:15:05,381.0
2014-01-13 18:15:05,326.0
2014-01-14 18:15:05,267.0
2014-01-15 18:15:05,321.0
2014-01-16 18:15:05,415.0
2014-01-17 18:15:05,349.0
2014-01-18 18:15:05,356.0
2014-01-19 18:15:05,346.0
2014-01-20 18:15:05,357.0
2014-01-21 18:15:05,322.0
2014-01-22 18:15:05,377.0
2014-01-23 18:15:05,395.0
2014-01-24 18:15:05,391.0
2014-01-25 18:15:05,380.0
2014-01-26 18:15:05,336.0
2014-01-27 18:15:05,288.0
2014-01-28 18:15:05,283.0
2014-01-29 18:15:05,303.0
2014-01-30 18:15:05,389.0
2014-01-31 18:15:05,397.0
2014-02-01 18:15:05,417.0
2014-02-02 18:15:05,435.0
2014-02-03 18:15:05,366.0
2014-02-04 18:15:05,392.0
2014-02-05 18:15:05,441.0
2014-02-06 18:15:05,376.0
2014-02-07 18:15:05,376.0
2014-02-08 18:15:05,371.0
2014-02-09 18:15:05,401.0
2014-02-10 18:15:05,356.0
2014-02-11 18:15:05,294.0
2014-02-12 18:15:05,344.0
2014-02-13 18:15:05,409.0
2014-02-14 18:15:05,347.0
2014-02-15 18:15:05,419.0
2014-02-16 18:15:05,437.0
2014-02-17 18:15:05,363.0
2014-02-18 18:15:05,322.0
2014-02-19 18:15:05,376.0
2014-02-20 18:15:05,494.0
2014-02-21 18:15:05,395.0
2014-02-22 18:15:05,392.0
2014-02-23 18:15:05,381.0
2014-02-24 18:15:05,428.0
2014-02-25 18:15:05,396.0
2014-02-26 18:15:05,511.0
2014-02-27 18:15:05,618.0
2014-02-28 18:15:05,460.0
2014-03-01 18:15:05,442.0
2014-03-02 18:15:05,416.0
2014-03-03 18:15:05,405.0
2014-03-04 18:15:05,373.0
2014-03-05 18:15:05,404.0
2014-03-06 18:15:05,452.0
2014-03-07 18:15:05,452.0
2014-03-08 18:15:05,445.0
2014-03-09 18:15:05,494.0
2014-03-10 18:15:05,376.0
2014-03-11 18:15:05,371.0
2014-03-12 18:15:05,364.0
2014-03-13 18:15:05,399.0
2014-03-14 18:15:05,434.0
2014-03-15 18:15:05,431.0
2014-03-16 18:15:05,408.0
2014-03-17 18:15:05,392.0
2014-03-18 18:15:05,277.0
2014-03-19 18:15:05,338.0
2014-03-20 18:15:05,480.0
2014-03-21 18:15:05,442.0
2014-03-22 18:15:05,424.0
2014-03-23 18:15:05,377.0
2014-03-24 18:15:05,321.0
2014-03-25 18:15:05,371.0
2014-03-26 18:15:05,375.0
2014-03-27 18:15:05,361.0
2014-03-28 18:15:05,360.0
2014-03-29 18:15:05,323.0
2014-03-30 18:15:05,326.0
2014-03-31 18:15:05,333.0
2014-04-01 18:15:05,334.0
2014-04-02 18:15:05,426.0
2014-04-03 18:15:05,449.0
2014-04-04 18:15:05,443.0
2014-04-05 18:15:05,394.0
2014-04-06 18:15:05,448.0
2014-04-07 18:15:05,324.0
2014-04-08 18:15:05,248.0
2014-04-09 18:15:05,353.0
2014-04-10 18:15:05,384.0
2014-04-11 18:15:05,459.0
2014-04-12 18:15:05,386.0
2014-04-13 18:15:05,362.0
2014-04-14 18:15:05,347.0
2014-04-15 18:15:05,290.0
2014-04-16 18:15:05,327.0
2014-04-17 18:15:05,475.0
2014-04-18 18:15:05,412.0
2014-04-19 18:15:05,460.0
2014-04-20 18:15:05,475.0
2014-04-21 18:15:05,328.0
2014-04-22 18:15:05,301.0
2014-04-23 18:15:05,378.0
2014-04-24 18:15:05,406.0
2014-04-25 18:15:05,437.0
2014-04-26 18:15:05,362.0
2014-04-27 18:15:05,355.0
2014-04-28 18:15:05,389.0
2014-04-29 18:15:05,337.0
2014-04-30 18:15:05,507.0
2014-05-01 18:15:05,412.0
2014-05-02 18:15:05,432.0
2014-05-03 18:15:05,438.0
2014-05-04 18:15:05,407.0
2014-05-05 18:15:05,337.0
2014-05-06 18:15:05,311.0
2014-05-07 18:15:05,446.0
2014-05-08 18:15:05,415.0
2014-05-09 18:15:05,466.0
2014-05-10 18:15:05,438.0
2014-05-11 18:15:05,378.0
2014-05-12 18:15:05,303.0
2014-05-13 18:15:05,328.0
2014-05-14 18:15:05,341.0
2014-05-15 18:15:05,388.0
2014-05-16 18:15:05,399.0
2014-05-17 18:15:05,425.0
2014-05-18 18:15:05,472.0
2014-05-19 18:15:05,346.0
2014-05-20 18:15:05,357.0
2014-05-21 18:15:05,389.0
2014-05-22 18:15:05,519.0
2014-05-23 18:15:05,408.0
2014-05-24 18:15:05,503.0
2014-05-25 18:15:05,410.0
2014-05-26 18:15:05,362.0
2014-05-27 18:15:05,295.0
2014-05-28 18:15:05,341.0
2014-05-29 18:15:05,371.0
2014-05-30 18:15:05,363.0
2014-05-31 18:15:05,459.0
2014-06-01 18:15:05,438.0
2014-06-02 18:15:05,347.0
2014-06-03 18:15:05,318.0
2014-06-04 18:15:05,411.0
2014-06-05 18:15:05,369.0
2014-06-06 18:15:05,421.0
2014-06-07 18:15:05,397.0
2014-06-08 18:15:05,387.0
2014-06-09 18:15:05,335.0
2014-06-10 18:15:05,289.0
2014-06-11 18:15:05,321.0
2014-06-12 18:15:05,377.0
2014-06-13 18:15:05,394.0
2014-06-14 18:15:05,412.0
2014-06-15 18:15:05,323.0
2014-06-16 18:15:05,274.0
2014-06-17 18:15:05,261.0
2014-06-18 18:15:05,358.0
2014-06-19 18:15:05,327.0
2014-06-20 18:15:05,342.0
2014-06-21 18:15:05,364.0
2014-06-22 18:15:05,335.0
2014-06-23 18:15:05,304.0
2014-06-24 18:15:05,300.0
2014-06-25 18:15:05,496.0
2014-06-26 18:15:05,514.0
2014-06-27 18:15:05,487.0
2014-06-28 18:15:05,475.0
2014-06-29 18:15:05,386.0
2014-06-30 18:15:05,319.0
2014-07-01 18:15:05,358.0
2014-07-02 18:15:05,431.0
2014-07-03 18:15:05,432.0
2014-07-04 18:15:05,444.0
2014-07-05 18:15:05,416.0
2014-07-06 18:15:05,399.0
2014-07-07 18:15:05,328.0
2014-07-08 18:15:05,344.0
2014-07-09 18:15:05,412.0
2014-07-10 18:15:05,503.0
2014-07-11 18:15:05,410.0
2014-07-12 18:15:05,401.0
2014-07-13 18:15:05,392.0
2014-07-14 18:15:05,340.0
2014-07-15 18:15:05,322.0
2014-07-16 18:15:05,413.0
2014-07-17 18:15:05,467.0
2014-07-18 18:15:05,471.0
2014-07-19 18:15:05,435.0
2014-07-20 18:15:05,402.0
2014-07-21 18:15:05,410.0
2014-07-22 18:15:05,329.0
2014-07-23 18:15:05,437.0
2014-07-24 18:15:05,434.0
2014-07-25 18:15:05,368.0
2014-07-26 18:15:05,439.0
2014-07-27 18:15:05,452.0
2014-07-28 18:15:05,354.0
2014-07-29 18:15:05,345.0
2014-07-30 18:15:05,467.0
2014-07-31 18:15:05,552.0
2014-08-01 18:15:05,515.0
2014-08-02 18:15:05,450.0
2014-08-03 18:15:05,429.0
2014-08-04 18:15:05,363.0
2014-08-05 18:15:05,326.0
2014-08-06 18:15:05,385.0
2014-08-07 18:15:05,435.0
2014-08-08 18:15:05,477.0
2014-08-09 18:15:05,477.0
2014-08-10 18:15:05,427.0
2014-08-11 18:15:05,440.0
2014-08-12 18:15:05,359.0
2014-08-13 18:15:05,388.0
2014-08-14 18:15:05,366.0
2014-08-15 18:15:05,462.0
2014-08-16 18:15:05,449.0
2014-08-17 18:15:05,423.0
2014-08-18 18:15:05,383.0
2014-08-19 18:15:05,335.0
2014-08-20 18:15:05,495.0
2014-08-21 18:15:05,445.0
2014-08-22 18:15:05,461.0
2014-08-23 18:15:05,382.0
2014-08-24 18:15:05,407.0
2014-08-25 18:15:05,371.0
2014-08-26 18:15:05,306.0
2014-08-27 18:15:05,441.0
2014-08-28 18:15:05,500.0
2014-08-29 18:15:05,453.0
2014-08-30 18:15:05,424.0
2014-08-31 18:15:05,449.0
2014-09-01 18:15:05,401.0
2014-09-02 18:15:05,362.0
2014-09-03 18:15:05,468.0
2014-09-04 18:15:05,605.0
2014-09-05 18:15:05,489.0
2014-09-06 18:15:05,417.0
2014-09-07 18:15:05,411.0
2014-09-08 18:15:05,353.0
2014-09-09 18:15:05,388.0
2014-09-10 18:15:05,500.0
2014-09-11 18:15:05,528.0
2014-09-12 18:15:05,422.0
2014-09-13 18:15:05,431.0
2014-09-14 18:15:05,442.0
2014-09-15 18:15:05,360.0
2014-09-16 18:15:05,360.0
2014-09-17 18:15:05,436.0
2014-09-18 18:15:05,471.0
2014-09-19 18:15:05,497.0
2014-09-20 18:15:05,475.0
2014-09-21 18:15:05,485.0
2014-09-22 18:15:05,522.0
2014-09-23 18:15:05,447.0
2014-09-24 18:15:05,531.0
2014-09-25 18:15:05,517.0
2014-09-26 18:15:05,539.0
2014-09-27 18:15:05,504.0
2014-09-28 18:15:05,515.0
2014-09-29 18:15:05,492.0
2014-09-30 18:15:05,374.0
2014-10-01 18:15:05,469.0
2014-10-02 18:15:05,521.0
2014-10-03 18:15:05,613.0
2014-10-04 18:15:05,555.0
2014-10-05 18:15:05,533.0
2014-10-06 18:15:05,459.0
2014-10-07 18:15:05,432.0
2014-10-08 18:15:05,492.0
2014-10-09 18:15:05,582.0
2014-10-10 18:15:05,524.0
2014-10-11 18:15:05,493.0
2014-10-12 18:15:05,536.0
2014-10-13 18:15:05,411.0
2014-10-14 18:15:05,467.0
2014-10-15 18:15:05,568.0
2014-10-16 18:15:05,581.0
2014-10-17 18:15:05,465.0
2014-10-18 18:15:05,553.0
2014-10-19 18:15:05,500.0
2014-10-20 18:15:05,483.0
2014-10-21 18:15:05,542.0
2014-10-22 18:15:05,537.0
2014-10-23 18:15:05,590.0
2014-10-24 18:15:05,626.0
2014-10-25 18:15:05,539.0
2014-10-26 18:15:05,468.0
2014-10-27 18:15:05,465.0
2014-10-28 18:15:05,462.0
2014-10-29 18:15:05,545.0
2014-10-30 18:15:05,551.0
2014-10-31 18:15:05,557.0
2014-11-01 18:15:05,623.0
2014-11-02 18:15:05,621.0
2014-11-03 18:15:05,486.0
2014-11-04 18:15:05,519.0
2014-11-05 18:15:05,536.0
2014-11-06 18:15:05,619.0
2014-11-07 18:15:05,650.0
2014-11-08 18:15:05,685.0
2014-11-09 18:15:05,607.0
2014-11-10 18:15:05,498.0
2014-11-11 18:15:05,505.0
2014-11-12 18:15:05,560.0
2014-11-13 18:15:05,583.0
2014-11-14 18:15:05,637.0
2014-11-15 18:15:05,624.0
2014-11-16 18:15:05,698.0
2014-11-17 18:15:05,492.0
2014-11-18 18:15:05,532.0
2014-11-19 18:15:05,540.0
2014-11-20 18:15:05,646.0
2014-11-21 18:15:05,629.0
2014-11-22 18:15:05,633.0
2014-11-23 18:15:05,554.0
2014-11-24 18:15:05,539.0
2014-11-25 18:15:05,518.0
2014-11-26 18:15:05,665.0
2014-11-27 18:15:05,709.0
2014-11-28 18:15:05,804.0
2014-11-29 18:15:05,681.0
2014-11-30 18:15:05,619.0
2014-12-01 18:15:05,576.0
2014-12-02 18:15:05,634.0
2014-12-03 18:15:05,563.0
2014-12-04 18:15:05,644.0
2014-12-05 18:15:05,553.0
2014-12-06 18:15:05,591.0
2014-12-07 18:15:05,564.0
2014-12-08 18:15:05,556.0
2014-12-09 18:15:05,560.0
2014-12-10 18:15:05,625.0
2014-12-11 18:15:05,742.0
2014-12-12 18:15:05,737.0
2014-12-13 18:15:05,742.0
2014-12-14 18:15:05,742.0
2014-12-15 18:15:05,648.0
2014-12-16 18:15:05,557.0
2014-12-17 18:15:05,693.0
2014-12-18 18:15:05,615.0
2014-12-19 18:15:05,592.0
2014-12-20 18:15:05,418.0
2014-12-21 18:15:05,497.0
2014-12-22 18:15:05,492.0
2014-12-23 18:15:05,447.0
2014-12-24 18:15:05,472.0
2014-12-25 18:15:05,583.0
2014-12-26 18:15:05,540.0
2014-12-27 18:15:05,355.0
2014-12-28 18:15:05,451.0
2014-12-29 18:15:05,505.0
2014-12-30 18:15:05,515.0
2014-12-31 18:15:05,558.0
2015-01-01 18:15:05,555.0
2015-01-02 18:15:05,627.0
2015-01-03 18:15:05,734.0
2015-01-04 18:15:05,692.0
2015-01-05 18:15:05,751.0
2015-01-06 18:15:05,639.0
2015-01-07 18:15:05,598.0
2015-01-08 18:15:05,943.0
2015-01-09 18:15:05,691.0
2015-01-10 18:15:05,833.0
2015-01-11 18:15:05,755.0
2015-01-12 18:15:05,655.0
2015-01-13 18:15:05,584.0
2015-01-14 18:15:05,607.0
2015-01-15 18:15:05,824.0
2015-01-16 18:15:05,731.0
2015-01-17 18:15:05,633.0
2015-01-18 18:15:05,703.0
2015-01-19 18:15:05,740.0
2015-01-20 18:15:05,653.0
2015-01-21 18:15:05,830.0
2015-01-22 18:15:05,683.0
2015-01-23 18:15:05,565.0
2015-01-24 18:15:05,520.0
2015-01-25 18:15:05,621.0
2015-01-26 18:15:05,540.0
2015-01-27 18:15:05,465.0
2015-01-28 18:15:05,566.0
2015-01-29 18:15:05,692.0
2015-01-30 18:15:05,554.0
2015-01-31 18:15:05,612.0
2015-02-01 18:15:05,476.0
2015-02-02 18:15:05,501.0
2015-02-03 18:15:05,646.0
2015-02-04 18:15:05,618.0
2015-02-05 18:15:05,690.0
2015-02-06 18:15:05,658.0
2015-02-07 18:15:05,690.0
2015-02-08 18:15:05,767.0
2015-02-09 18:15:05,664.0
2015-02-10 18:15:05,636.0
2015-02-11 18:15:05,654.0
2015-02-12 18:15:05,638.0
2015-02-13 18:15:05,649.0
2015-02-14 18:15:05,585.0
2015-02-15 18:15:05,582.0
2015-02-16 18:15:05,670.0
2015-02-17 18:15:05,569.0
2015-02-18 18:15:05,707.0
2015-02-19 18:15:05,756.0
2015-02-20 18:15:05,671.0
2015-02-21 18:15:05,703.0
2015-02-22 18:15:05,654.0
2015-02-23 18:15:05,668.0
2015-02-24 18:15:05,575.0
2015-02-25 18:15:05,686.0
2015-02-26 18:15:05,708.0
2015-02-27 18:15:05,667.0
2015-02-28 18:15:05,847.0
2015-03-01 18:15:05,609.0
2015-03-02 18:15:05,668.0
2015-03-03 18:15:05,554.0
2015-03-04 18:15:05,730.0
2015-03-05 18:15:05,744.0
2015-03-06 18:15:05,619.0
2015-03-07 18:15:05,734.0
2015-03-08 18:15:05,696.0
2015-03-09 18:15:05,662.0
2015-03-10 18:15:05,574.0
2015-03-11 18:15:05,746.0
2015-03-12 18:15:05,728.0
2015-03-13 18:15:05,730.0
2015-03-14 18:15:05,716.0
2015-03-15 18:15:05,731.0
2015-03-16 18:15:05,702.0
2015-03-17 18:15:05,634.0
2015-03-18 18:15:05,699.0
2015-03-19 18:15:05,577.0
2015-03-20 18:15:05,565.0
2015-03-21 18:15:05,660.0
2015-03-22 18:15:05,618.0
2015-03-23 18:15:05,600.0
2015-03-24 18:15:05,579.0
2015-03-25 18:15:05,719.0
2015-03-26 18:15:05,706.0
2015-03-27 18:15:05,891.0
2015-03-28 18:15:05,786.0
2015-03-29 18:15:05,687.0
2015-03-30 18:15:05,611.0
2015-03-31 18:15:05,622.0
2015-04-01 18:15:05,782.0
2015-04-02 18:15:05,703.0
2015-04-03 18:15:05,907.0
2015-04-04 18:15:05,823.0
2015-04-05 18:15:05,803.0
2015-04-06 18:15:05,755.0
2015-04-07 18:15:05,653.0
2015-04-08 18:15:05,746.0
2015-04-09 18:15:05,717.0
2015-04-10 18:15:05,857.0
2015-04-11 18:15:05,754.0
2015-04-12 18:15:05,761.0
2015-04-13 18:15:05,755.0
2015-04-14 18:15:05,634.0
2015-04-15 18:15:05,693.0
2015-04-16 18:15:05,717.0
2015-04-17 18:15:05,794.0
2015-04-18 18:15:05,777.0
2015-04-19 18:15:05,921.0
2015-04-20 18:15:05,654.0
2015-04-21 18:15:05,629.0
2015-04-22 18:15:05,792.0
2015-04-23 18:15:05,716.0
2015-04-24 18:15:05,906.0
2015-04-25 18:15:05,857.0
2015-04-26 18:15:05,715.0
2015-04-27 18:15:05,655.0
2015-04-28 18:15:05,623.0
2015-04-29 18:15:05,713.0
2015-04-30 18:15:05,741.0
2015-05-01 18:15:05,793.0
2015-05-02 18:15:05,704.0
2015-05-03 18:15:05,732.0
2015-05-04 18:15:05,783.0
2015-05-05 18:15:05,698.0
2015-05-06 18:15:05,691.0
2015-05-07 18:15:05,724.0
2015-05-08 18:15:05,670.0
2015-05-09 18:15:05,723.0
2015-05-10 18:15:05,653.0
2015-05-11 18:15:05,726.0
2015-05-12 18:15:05,494.0
2015-05-13 18:15:05,714.0
2015-05-14 18:15:05,783.0
2015-05-15 18:15:05,758.0
2015-05-16 18:15:05,653.0
2015-05-17 18:15:05,708.0
2015-05-18 18:15:05,772.0
2015-05-19 18:15:05,624.0
2015-05-20 18:15:05,732.0
2015-05-21 18:15:05,792.0
2015-05-22 18:15:05,748.0
2015-05-23 18:15:05,831.0
2015-05-24 18:15:05,784.0
2015-05-25 18:15:05,1071.0
2015-05-26 18:15:05,653.0
2015-05-27 18:15:05,853.0
2015-05-28 18:15:05,914.0
2015-05-29 18:15:05,883.0
2015-05-30 18:15:05,872.0
2015-05-31 18:15:05,772.0
2015-06-01 18:15:05,633.0
2015-06-02 18:15:05,529.0
2015-06-03 18:15:05,666.0
2015-06-04 18:15:05,713.0
2015-06-05 18:15:05,842.0
2015-06-06 18:15:05,807.0
2015-06-07 18:15:05,919.0
2015-06-08 18:15:05,714.0
2015-06-09 18:15:05,693.0
2015-06-10 18:15:05,815.0
2015-06-11 18:15:05,1008.0
2015-06-12 18:15:05,941.0
2015-06-13 18:15:05,792.0
2015-06-14 18:15:05,779.0
2015-06-15 18:15:05,856.0
2015-06-16 18:15:05,747.0
2015-06-17 18:15:05,755.0
2015-06-18 18:15:05,900.0
2015-06-19 18:15:05,758.0
2015-06-20 18:15:05,708.0
2015-06-21 18:15:05,781.0
2015-06-22 18:15:05,850.0
2015-06-23 18:15:05,664.0
2015-06-24 18:15:05,854.0
2015-06-25 18:15:05,1041.0
2015-06-26 18:15:05,1040.0
2015-06-27 18:15:05,968.0
2015-06-28 18:15:05,856.0
2015-06-29 18:15:05,737.0
2015-06-30 18:15:05,701.0
2015-07-01 18:15:05,892.0
2015-07-02 18:15:05,1364.0
2015-07-03 18:15:05,1301.0
2015-07-04 18:15:05,1356.0
2015-07-05 18:15:05,1374.0
2015-07-06 18:15:05,1183.0
2015-07-07 18:15:05,1483.0
2015-07-08 18:15:05,1217.0
2015-07-09 18:15:05,861.0
2015-07-10 18:15:05,794.0
2015-07-11 18:15:05,836.0
2015-07-12 18:15:05,819.0
2015-07-13 18:15:05,753.0
2015-07-14 18:15:05,941.0
2015-07-15 18:15:05,780.0
2015-07-16 18:15:05,881.0
2015-07-17 18:15:05,1003.0
2015-07-18 18:15:05,748.0
2015-07-19 18:15:05,653.0
2015-07-20 18:15:05,693.0
2015-07-21 18:15:05,649.0
2015-07-22 18:15:05,718.0
2015-07-23 18:15:05,826.0
2015-07-24 18:15:05,914.0
2015-07-25 18:15:05,975.0
2015-07-26 18:15:05,961.0
2015-07-27 18:15:05,994.0
2015-07-28 18:15:05,630.0
2015-07-29 18:15:05,806.0
2015-07-30 18:15:05,921.0
2015-07-31 18:15:05,1033.0
2015-08-01 18:15:05,946.0
2015-08-02 18:15:05,877.0
2015-08-03 18:15:05,665.0
2015-08-04 18:15:05,655.0
2015-08-05 18:15:05,632.0
2015-08-06 18:15:05,691.0
2015-08-07 18:15:05,941.0
2015-08-08 18:15:05,794.0
2015-08-09 18:15:05,805.0
2015-08-10 18:15:05,791.0
2015-08-11 18:15:05,589.0
2015-08-12 18:15:05,751.0
2015-08-13 18:15:05,828.0
2015-08-14 18:15:05,808.0
2015-08-15 18:15:05,753.0
2015-08-16 18:15:05,755.0
2015-08-17 18:15:05,704.0
2015-08-18 18:15:05,684.0
2015-08-19 18:15:05,745.0
2015-08-20 18:15:05,906.0
2015-08-21 18:15:05,809.0
2015-08-22 18:15:05,780.0
2015-08-23 18:15:05,816.0
2015-08-24 18:15:05,689.0
2015-08-25 18:15:05,641.0
2015-08-26 18:15:05,742.0
2015-08-27 18:15:05,927.0
2015-08-28 18:15:05,894.0
2015-08-29 18:15:05,910.0
2015-08-30 18:15:05,627.0
2015-08-31 18:15:05,910.0
2015-09-01 18:15:05,667.0
2015-09-02 18:15:05,875.0
2015-09-03 18:15:05,911.0
2015-09-04 18:15:05,912.0
2015-09-05 18:15:05,726.0
2015-09-06 18:15:05,955.0
2015-09-07 18:15:05,1128.0
2015-09-08 18:15:05,995.0
2015-09-09 18:15:05,1028.0
2015-09-10 18:15:05,1018.0
2015-09-11 18:15:05,1134.0
2015-09-12 18:15:05,1711.0
2015-09-13 18:15:05,1307.0
2015-09-14 18:15:05,893.0
2015-09-15 18:15:05,882.0
2015-09-16 18:15:05,944.0
2015-09-17 18:15:05,855.0
2015-09-18 18:15:05,899.0
2015-09-19 18:15:05,860.0
2015-09-20 18:15:05,807.0
2015-09-21 18:15:05,786.0
2015-09-22 18:15:05,744.0
2015-09-23 18:15:05,941.0
2015-09-24 18:15:05,806.0
2015-09-25 18:15:05,911.0
2015-09-26 18:15:05,882.0
2015-09-27 18:15:05,1087.0
2015-09-28 18:15:05,874.0
2015-09-29 18:15:05,667.0
2015-09-30 18:15:05,794.0
2015-10-01 18:15:05,955.0
2015-10-02 18:15:05,1033.0
2015-10-03 18:15:05,1018.0
2015-10-04 18:15:05,898.0
2015-10-05 18:15:05,863.0
2015-10-06 18:15:05,705.0
2015-10-07 18:15:05,906.0
2015-10-08 18:15:05,998.0
2015-10-09 18:15:05,896.0
2015-10-10 18:15:05,964.0
2015-10-11 18:15:05,928.0
2015-10-12 18:15:05,1063.0
2015-10-13 18:15:05,845.0
2015-10-14 18:15:05,822.0
2015-10-15 18:15:05,1087.0
2015-10-16 18:15:05,1110.0
2015-10-17 18:15:05,954.0
2015-10-18 18:15:05,949.0
2015-10-19 18:15:05,1013.0
2015-10-20 18:15:05,827.0
2015-10-21 18:15:05,829.0
2015-10-22 18:15:05,896.0
2015-10-23 18:15:05,1138.0
2015-10-24 18:15:05,1119.0
2015-10-25 18:15:05,1005.0
2015-10-26 18:15:05,1021.0
2015-10-27 18:15:05,985.0
2015-10-28 18:15:05,1101.0
2015-10-29 18:15:05,1126.0
2015-10-30 18:15:05,1362.0
2015-10-31 18:15:05,1270.0
2015-11-01 18:15:05,1205.0
2015-11-02 18:15:05,991.0
2015-11-03 18:15:05,962.0
2015-11-04 18:15:05,1039.0
2015-11-05 18:15:05,1077.0
2015-11-06 18:15:05,967.0
2015-11-07 18:15:05,1056.0
2015-11-08 18:15:05,940.0
2015-11-09 18:15:05,1026.0
2015-11-10 18:15:05,954.0
2015-11-11 18:15:05,857.0
2015-11-12 18:15:05,982.0
2015-11-13 18:15:05,1204.0
2015-11-14 18:15:05,1104.0
2015-11-15 18:15:05,975.0
2015-11-16 18:15:05,892.0
2015-11-17 18:15:05,727.0
2015-11-18 18:15:05,891.0
2015-11-19 18:15:05,987.0
2015-11-20 18:15:05,990.0
2015-11-21 18:15:05,1016.0
2015-11-22 18:15:05,1051.0
2015-11-23 18:15:05,1175.0
2015-11-24 18:15:05,832.0
2015-11-25 18:15:05,1147.0
2015-11-26 18:15:05,960.0
2015-11-27 18:15:05,1205.0
2015-11-28 18:15:05,1182.0
2015-11-29 18:15:05,1102.0
2015-11-30 18:15:05,1191.0
2015-12-01 18:15:05,1045.0
2015-12-02 18:15:05,1230.0
2015-12-03 18:15:05,1208.0
2015-12-04 18:15:05,1257.0
2015-12-05 18:15:05,1078.0
2015-12-06 18:15:05,1206.0
2015-12-07 18:15:05,1266.0
2015-12-08 18:15:05,1249.0
2015-12-09 18:15:05,1258.0
2015-12-10 18:15:05,1179.0
2015-12-11 18:15:05,1324.0
2015-12-12 18:15:05,1381.0
2015-12-13 18:15:05,1339.0
2015-12-14 18:15:05,1399.0
2015-12-15 18:15:05,1132.0
2015-12-16 18:15:05,1442.0
2015-12-17 18:15:05,1582.0
2015-12-18 18:15:05,1341.0
2015-12-19 18:15:05,1524.0
2015-12-20 18:15:05,1374.0
2015-12-21 18:15:05,918.0
2015-12-22 18:15:05,802.0
2015-12-23 18:15:05,1036.0
2015-12-24 18:15:05,1230.0
2015-12-25 18:15:05,1051.0
2015-12-26 18:15:05,1139.0
2015-12-27 18:15:05,915.0
2015-12-28 18:15:05,1043.0
2015-12-29 18:15:05,946.0
2015-12-30 18:15:05,972.0
2015-12-31 18:15:05,1147.0
2016-01-01 18:15:05,1304.0
2016-01-02 18:15:05,1235.0
2016-01-03 18:15:05,1085.0
2016-01-04 18:15:05,1121.0
2016-01-05 18:15:05,968.0
2016-01-06 18:15:05,1057.0
2016-01-07 18:15:05,1117.0
2016-01-08 18:15:05,1252.0
2016-01-09 18:15:05,1389.0
2016-01-10 18:15:05,1504.0
2016-01-11 18:15:05,1369.0
2016-01-12 18:15:05,1386.0
2016-01-13 18:15:05,1222.0
2016-01-14 18:15:05,1380.0
2016-01-15 18:15:05,1342.0
2016-01-16 18:15:05,1568.0
2016-01-17 18:15:05,1370.0
2016-01-18 18:15:05,1122.0
2016-01-19 18:15:05,1166.0
2016-01-20 18:15:05,1217.0
2016-01-21 18:15:05,1440.0
2016-01-22 18:15:05,1470.0
2016-01-23 18:15:05,1563.0
2016-01-24 18:15:05,1309.0
2016-01-25 18:15:05,1186.0
2016-01-26 18:15:05,942.0
2016-01-27 18:15:05,1260.0
2016-01-28 18:15:05,1414.0
2016-01-29 18:15:05,1149.0
2016-01-30 18:15:05,1086.0
2016-01-31 18:15:05,1199.0
2016-02-01 18:15:05,1218.0
2016-02-02 18:15:05,1165.0
2016-02-03 18:15:05,1369.0
2016-02-04 18:15:05,1365.0
2016-02-05 18:15:05,1384.0
2016-02-06 18:15:05,1184.0
2016-02-07 18:15:05,1276.0
2016-02-08 18:15:05,1245.0
2016-02-09 18:15:05,1049.0
2016-02-10 18:15:05,1401.0
2016-02-11 18:15:05,1468.0
2016-02-12 18:15:05,1624.0
2016-02-13 18:15:05,1182.0
2016-02-14 18:15:05,1550.0
2016-02-15 18:15:05,1425.0
2016-02-16 18:15:05,1660.0
2016-02-17 18:15:05,1730.0
2016-02-18 18:15:05,1826.0
2016-02-19 18:15:05,1830.0
2016-02-20 18:15:05,1508.0
2016-02-21 18:15:05,1399.0
2016-02-22 18:15:05,1392.0
2016-02-23 18:15:05,1508.0
2016-02-24 18:15:05,1968.0
2016-02-25 18:15:05,2036.0
2016-02-26 18:15:05,1760.0
2016-02-27 18:15:05,1663.0
2016-02-28 18:15:05,1395.0
2016-02-29 18:15:05,1497.0
2016-03-01 18:15:05,1233.0
2016-03-02 18:15:05,1184.0
2016-03-03 18:15:05,1447.0
2016-03-04 18:15:05,1137.0
2016-03-05 18:15:05,1196.0
2016-03-06 18:15:05,1189.0
2016-03-07 18:15:05,1209.0
2016-03-08 18:15:05,1077.0
2016-03-09 18:15:05,1241.0
2016-03-10 18:15:05,1300.0
2016-03-11 18:15:05,1270.0
2016-03-12 18:15:05,1533.0
2016-03-13 18:15:05,1475.0
2016-03-14 18:15:05,1398.0
2016-03-15 18:15:05,1165.0
2016-03-16 18:15:05,1501.0
2016-03-17 18:15:05,1412.0
2016-03-18 18:15:05,1244.0
2016-03-19 18:15:05,1291.0
2016-03-20 18:15:05,1197.0
2016-03-21 18:15:05,1104.0
2016-03-22 18:15:05,1055.0
2016-03-23 18:15:05,1276.0
2016-03-24 18:15:05,1128.0
2016-03-25 18:15:05,1307.0
2016-03-26 18:15:05,1671.0
2016-03-27 18:15:05,1487.0
2016-03-28 18:15:05,1311.0
2016-03-29 18:15:05,1202.0
2016-03-30 18:15:05,1225.0
2016-03-31 18:15:05,1454.0
2016-04-01 18:15:05,1410.0
2016-04-02 18:15:05,1506.0
2016-04-03 18:15:05,1527.0
2016-04-04 18:15:05,1281.0
2016-04-05 18:15:05,1044.0
2016-04-06 18:15:05,1439.0
2016-04-07 18:15:05,1580.0
2016-04-08 18:15:05,1418.0
2016-04-09 18:15:05,1395.0
2016-04-10 18:15:05,1495.0
2016-04-11 18:15:05,1347.0
2016-04-12 18:15:05,1251.0
2016-04-13 18:15:05,1504.0
2016-04-14 18:15:05,1518.0
2016-04-15 18:15:05,1511.0
2016-04-16 18:15:05,1303.0
2016-04-17 18:15:05,1514.0
2016-04-18 18:15:05,1284.0
2016-04-19 18:15:05,1372.0
2016-04-20 18:15:05,1590.0
2016-04-21 18:15:05,1660.0
2016-04-22 18:15:05,1760.0
2016-04-23 18:15:05,1904.0
2016-04-24 18:15:05,1713.0
2016-04-25 18:15:05,1514.0
2016-04-26 18:15:05,1244.0
2016-04-27 18:15:05,1436.0
2016-04-28 18:15:05,1555.0
