,NumTransactions
2009-01-03 18:15:05,1.0
2009-01-04 18:15:05,0.0
2009-01-05 18:15:05,0.0
2009-01-06 18:15:05,0.0
2009-01-07 18:15:05,0.0
2009-01-08 18:15:05,0.0
2009-01-09 18:15:05,14.0
2009-01-10 18:15:05,31.0
2009-01-11 18:15:05,106.0
2009-01-12 18:15:05,95.0
2009-01-13 18:15:05,116.0
2009-01-14 18:15:05,126.0
2009-01-15 18:15:05,136.0
2009-01-16 18:15:05,117.0
2009-01-17 18:15:05,109.0
2009-01-18 18:15:05,101.0
2009-01-19 18:15:05,120.0
2009-01-20 18:15:05,118.0
2009-01-21 18:15:05,115.0
2009-01-22 18:15:05,76.0
2009-01-23 18:15:05,68.0
2009-01-24 18:15:05,201.0
2009-01-25 18:15:05,195.0
2009-01-26 18:15:05,116.0
2009-01-27 18:15:05,105.0
2009-01-28 18:15:05,103.0
2009-01-29 18:15:05,122.0
2009-01-30 18:15:05,122.0
2009-01-31 18:15:05,129.0
2009-02-01 18:15:05,118.0
2009-02-02 18:15:05,127.0
2009-02-03 18:15:05,150.0
2009-02-04 18:15:05,126.0
2009-02-05 18:15:05,121.0
2009-02-06 18:15:05,129.0
2009-02-07 18:15:05,130.0
2009-02-08 18:15:05,135.0
2009-02-09 18:15:05,129.0
2009-02-10 18:15:05,127.0
2009-02-11 18:15:05,132.0
2009-02-12 18:15:05,119.0
2009-02-13 18:15:05,124.0
2009-02-14 18:15:05,141.0
2009-02-15 18:15:05,125.0
2009-02-16 18:15:05,123.0
2009-02-17 18:15:05,119.0
2009-02-18 18:15:05,124.0
2009-02-19 18:15:05,117.0
2009-02-20 18:15:05,129.0
2009-02-21 18:15:05,110.0
2009-02-22 18:15:05,125.0
2009-02-23 18:15:05,107.0
2009-02-24 18:15:05,111.0
2009-02-25 18:15:05,107.0
2009-02-26 18:15:05,96.0
2009-02-27 18:15:05,123.0
2009-02-28 18:15:05,103.0
2009-03-01 18:15:05,107.0
2009-03-02 18:15:05,104.0
2009-03-03 18:15:05,108.0
2009-03-04 18:15:05,106.0
2009-03-05 18:15:05,108.0
2009-03-06 18:15:05,119.0
2009-03-07 18:15:05,111.0
2009-03-08 18:15:05,115.0
2009-03-09 18:15:05,113.0
2009-03-10 18:15:05,105.0
2009-03-11 18:15:05,108.0
2009-03-12 18:15:05,119.0
2009-03-13 18:15:05,115.0
2009-03-14 18:15:05,116.0
2009-03-15 18:15:05,111.0
2009-03-16 18:15:05,131.0
2009-03-17 18:15:05,115.0
2009-03-18 18:15:05,110.0
2009-03-19 18:15:05,124.0
2009-03-20 18:15:05,119.0
2009-03-21 18:15:05,77.0
2009-03-22 18:15:05,97.0
2009-03-23 18:15:05,132.0
2009-03-24 18:15:05,105.0
2009-03-25 18:15:05,116.0
2009-03-26 18:15:05,114.0
2009-03-27 18:15:05,110.0
2009-03-28 18:15:05,122.0
2009-03-29 18:15:05,112.0
2009-03-30 18:15:05,125.0
2009-03-31 18:15:05,114.0
2009-04-01 18:15:05,107.0
2009-04-02 18:15:05,120.0
2009-04-03 18:15:05,113.0
2009-04-04 18:15:05,113.0
2009-04-05 18:15:05,129.0
2009-04-06 18:15:05,117.0
2009-04-07 18:15:05,99.0
2009-04-08 18:15:05,104.0
2009-04-09 18:15:05,99.0
2009-04-10 18:15:05,103.0
2009-04-11 18:15:05,123.0
2009-04-12 18:15:05,115.0
2009-04-13 18:15:05,118.0
2009-04-14 18:15:05,127.0
2009-04-15 18:15:05,112.0
2009-04-16 18:15:05,123.0
2009-04-17 18:15:05,115.0
2009-04-18 18:15:05,125.0
2009-04-19 18:15:05,121.0
2009-04-20 18:15:05,118.0
2009-04-21 18:15:05,125.0
2009-04-22 18:15:05,121.0
2009-04-23 18:15:05,80.0
2009-04-24 18:15:05,113.0
2009-04-25 18:15:05,122.0
2009-04-26 18:15:05,111.0
2009-04-27 18:15:05,105.0
2009-04-28 18:15:05,117.0
2009-04-29 18:15:05,123.0
2009-04-30 18:15:05,133.0
2009-05-01 18:15:05,123.0
2009-05-02 18:15:05,124.0
2009-05-03 18:15:05,115.0
2009-05-04 18:15:05,125.0
2009-05-05 18:15:05,133.0
2009-05-06 18:15:05,138.0
2009-05-07 18:15:05,121.0
2009-05-08 18:15:05,122.0
2009-05-09 18:15:05,91.0
2009-05-10 18:15:05,62.0
2009-05-11 18:15:05,120.0
2009-05-12 18:15:05,127.0
2009-05-13 18:15:05,117.0
2009-05-14 18:15:05,137.0
2009-05-15 18:15:05,145.0
2009-05-16 18:15:05,115.0
2009-05-17 18:15:05,125.0
2009-05-18 18:15:05,124.0
2009-05-19 18:15:05,100.0
2009-05-20 18:15:05,104.0
2009-05-21 18:15:05,89.0
2009-05-22 18:15:05,83.0
2009-05-23 18:15:05,7.0
2009-05-24 18:15:05,96.0
2009-05-25 18:15:05,112.0
2009-05-26 18:15:05,113.0
2009-05-27 18:15:05,125.0
2009-05-28 18:15:05,103.0
2009-05-29 18:15:05,108.0
2009-05-30 18:15:05,103.0
2009-05-31 18:15:05,118.0
2009-06-01 18:15:05,74.0
2009-06-02 18:15:05,89.0
2009-06-03 18:15:05,98.0
2009-06-04 18:15:05,39.0
2009-06-05 18:15:05,57.0
2009-06-06 18:15:05,24.0
2009-06-07 18:15:05,4.0
2009-06-08 18:15:05,72.0
2009-06-09 18:15:05,94.0
2009-06-10 18:15:05,83.0
2009-06-11 18:15:05,93.0
2009-06-12 18:15:05,91.0
2009-06-13 18:15:05,74.0
2009-06-14 18:15:05,70.0
2009-06-15 18:15:05,82.0
2009-06-16 18:15:05,73.0
2009-06-17 18:15:05,77.0
2009-06-18 18:15:05,81.0
2009-06-19 18:15:05,87.0
2009-06-20 18:15:05,84.0
2009-06-21 18:15:05,75.0
2009-06-22 18:15:05,81.0
2009-06-23 18:15:05,76.0
2009-06-24 18:15:05,87.0
2009-06-25 18:15:05,74.0
2009-06-26 18:15:05,90.0
2009-06-27 18:15:05,85.0
2009-06-28 18:15:05,52.0
2009-06-29 18:15:05,76.0
2009-06-30 18:15:05,89.0
2009-07-01 18:15:05,84.0
2009-07-02 18:15:05,72.0
2009-07-03 18:15:05,84.0
2009-07-04 18:15:05,89.0
2009-07-05 18:15:05,80.0
2009-07-06 18:15:05,91.0
2009-07-07 18:15:05,63.0
2009-07-08 18:15:05,79.0
2009-07-09 18:15:05,81.0
2009-07-10 18:15:05,82.0
2009-07-11 18:15:05,84.0
2009-07-12 18:15:05,76.0
2009-07-13 18:15:05,76.0
2009-07-14 18:15:05,72.0
2009-07-15 18:15:05,46.0
2009-07-16 18:15:05,69.0
2009-07-17 18:15:05,65.0
2009-07-18 18:15:05,3.0
2009-07-19 18:15:05,52.0
2009-07-20 18:15:05,75.0
2009-07-21 18:15:05,75.0
2009-07-22 18:15:05,69.0
2009-07-23 18:15:05,66.0
2009-07-24 18:15:05,75.0
2009-07-25 18:15:05,53.0
2009-07-26 18:15:05,13.0
2009-07-27 18:15:05,64.0
2009-07-28 18:15:05,44.0
2009-07-29 18:15:05,32.0
2009-07-30 18:15:05,16.0
2009-07-31 18:15:05,12.0
2009-08-01 18:15:05,23.0
2009-08-02 18:15:05,30.0
2009-08-03 18:15:05,15.0
2009-08-04 18:15:05,58.0
2009-08-05 18:15:05,91.0
2009-08-06 18:15:05,96.0
2009-08-07 18:15:05,74.0
2009-08-08 18:15:05,83.0
2009-08-09 18:15:05,98.0
2009-08-10 18:15:05,82.0
2009-08-11 18:15:05,67.0
2009-08-12 18:15:05,68.0
2009-08-13 18:15:05,81.0
2009-08-14 18:15:05,65.0
2009-08-15 18:15:05,34.0
2009-08-16 18:15:05,25.0
2009-08-17 18:15:05,17.0
2009-08-18 18:15:05,9.0
2009-08-19 18:15:05,15.0
2009-08-20 18:15:05,24.0
2009-08-21 18:15:05,16.0
2009-08-22 18:15:05,8.0
2009-08-23 18:15:05,12.0
2009-08-24 18:15:05,8.0
2009-08-25 18:15:05,55.0
2009-08-26 18:15:05,42.0
2009-08-27 18:15:05,33.0
2009-08-28 18:15:05,64.0
2009-08-29 18:15:05,83.0
2009-08-30 18:15:05,91.0
2009-08-31 18:15:05,95.0
2009-09-01 18:15:05,79.0
2009-09-02 18:15:05,68.0
2009-09-03 18:15:05,61.0
2009-09-04 18:15:05,63.0
2009-09-05 18:15:05,71.0
2009-09-06 18:15:05,72.0
2009-09-07 18:15:05,79.0
2009-09-08 18:15:05,66.0
2009-09-09 18:15:05,58.0
2009-09-10 18:15:05,61.0
2009-09-11 18:15:05,68.0
2009-09-12 18:15:05,71.0
2009-09-13 18:15:05,70.0
2009-09-14 18:15:05,81.0
2009-09-15 18:15:05,56.0
2009-09-16 18:15:05,59.0
2009-09-17 18:15:05,84.0
2009-09-18 18:15:05,81.0
2009-09-19 18:15:05,71.0
2009-09-20 18:15:05,79.0
2009-09-21 18:15:05,74.0
2009-09-22 18:15:05,35.0
2009-09-23 18:15:05,28.0
2009-09-24 18:15:05,82.0
2009-09-25 18:15:05,102.0
2009-09-26 18:15:05,94.0
2009-09-27 18:15:05,90.0
2009-09-28 18:15:05,88.0
2009-09-29 18:15:05,85.0
2009-09-30 18:15:05,87.0
2009-10-01 18:15:05,85.0
2009-10-02 18:15:05,76.0
2009-10-03 18:15:05,58.0
2009-10-04 18:15:05,61.0
2009-10-05 18:15:05,58.0
2009-10-06 18:15:05,43.0
2009-10-07 18:15:05,51.0
2009-10-08 18:15:05,70.0
2009-10-09 18:15:05,78.0
2009-10-10 18:15:05,77.0
2009-10-11 18:15:05,79.0
2009-10-12 18:15:05,63.0
2009-10-13 18:15:05,51.0
2009-10-14 18:15:05,56.0
2009-10-15 18:15:05,85.0
2009-10-16 18:15:05,66.0
2009-10-17 18:15:05,55.0
2009-10-18 18:15:05,65.0
2009-10-19 18:15:05,99.0
2009-10-20 18:15:05,111.0
2009-10-21 18:15:05,84.0
2009-10-22 18:15:05,88.0
2009-10-23 18:15:05,87.0
2009-10-24 18:15:05,75.0
2009-10-25 18:15:05,74.0
2009-10-26 18:15:05,65.0
2009-10-27 18:15:05,67.0
2009-10-28 18:15:05,64.0
2009-10-29 18:15:05,51.0
2009-10-30 18:15:05,62.0
2009-10-31 18:15:05,45.0
2009-11-01 18:15:05,30.0
2009-11-02 18:15:05,33.0
2009-11-03 18:15:05,57.0
2009-11-04 18:15:05,62.0
2009-11-05 18:15:05,65.0
2009-11-06 18:15:05,49.0
2009-11-07 18:15:05,76.0
2009-11-08 18:15:05,70.0
2009-11-09 18:15:05,65.0
2009-11-10 18:15:05,71.0
2009-11-11 18:15:05,78.0
2009-11-12 18:15:05,70.0
2009-11-13 18:15:05,73.0
2009-11-14 18:15:05,83.0
2009-11-15 18:15:05,96.0
2009-11-16 18:15:05,100.0
2009-11-17 18:15:05,91.0
2009-11-18 18:15:05,79.0
2009-11-19 18:15:05,73.0
2009-11-20 18:15:05,84.0
2009-11-21 18:15:05,77.0
2009-11-22 18:15:05,100.0
2009-11-23 18:15:05,96.0
2009-11-24 18:15:05,102.0
2009-11-25 18:15:05,85.0
2009-11-26 18:15:05,78.0
2009-11-27 18:15:05,75.0
2009-11-28 18:15:05,78.0
2009-11-29 18:15:05,58.0
2009-11-30 18:15:05,74.0
2009-12-01 18:15:05,66.0
2009-12-02 18:15:05,99.0
2009-12-03 18:15:05,85.0
2009-12-04 18:15:05,49.0
2009-12-05 18:15:05,52.0
2009-12-06 18:15:05,108.0
2009-12-07 18:15:05,94.0
2009-12-08 18:15:05,121.0
2009-12-09 18:15:05,104.0
2009-12-10 18:15:05,106.0
2009-12-11 18:15:05,125.0
2009-12-12 18:15:05,103.0
2009-12-13 18:15:05,104.0
2009-12-14 18:15:05,113.0
2009-12-15 18:15:05,117.0
2009-12-16 18:15:05,121.0
2009-12-17 18:15:05,163.0
2009-12-18 18:15:05,201.0
2009-12-19 18:15:05,225.0
2009-12-20 18:15:05,175.0
2009-12-21 18:15:05,188.0
2009-12-22 18:15:05,152.0
2009-12-23 18:15:05,169.0
2009-12-24 18:15:05,144.0
2009-12-25 18:15:05,158.0
2009-12-26 18:15:05,159.0
2009-12-27 18:15:05,170.0
2009-12-28 18:15:05,138.0
2009-12-29 18:15:05,164.0
2009-12-30 18:15:05,156.0
2009-12-31 18:15:05,150.0
2010-01-01 18:15:05,119.0
2010-01-02 18:15:05,132.0
2010-01-03 18:15:05,163.0
2010-01-04 18:15:05,192.0
2010-01-05 18:15:05,208.0
2010-01-06 18:15:05,158.0
2010-01-07 18:15:05,159.0
2010-01-08 18:15:05,150.0
2010-01-09 18:15:05,148.0
2010-01-10 18:15:05,191.0
2010-01-11 18:15:05,154.0
2010-01-12 18:15:05,168.0
2010-01-13 18:15:05,160.0
2010-01-14 18:15:05,159.0
2010-01-15 18:15:05,137.0
2010-01-16 18:15:05,135.0
2010-01-17 18:15:05,124.0
2010-01-18 18:15:05,130.0
2010-01-19 18:15:05,120.0
2010-01-20 18:15:05,140.0
2010-01-21 18:15:05,187.0
2010-01-22 18:15:05,152.0
2010-01-23 18:15:05,152.0
2010-01-24 18:15:05,148.0
2010-01-25 18:15:05,207.0
2010-01-26 18:15:05,208.0
2010-01-27 18:15:05,178.0
2010-01-28 18:15:05,176.0
2010-01-29 18:15:05,195.0
2010-01-30 18:15:05,183.0
2010-01-31 18:15:05,210.0
2010-02-01 18:15:05,189.0
2010-02-02 18:15:05,142.0
2010-02-03 18:15:05,246.0
2010-02-04 18:15:05,235.0
2010-02-05 18:15:05,250.0
2010-02-06 18:15:05,204.0
2010-02-07 18:15:05,210.0
2010-02-08 18:15:05,221.0
2010-02-09 18:15:05,211.0
2010-02-10 18:15:05,166.0
2010-02-11 18:15:05,181.0
2010-02-12 18:15:05,193.0
2010-02-13 18:15:05,227.0
2010-02-14 18:15:05,215.0
2010-02-15 18:15:05,194.0
2010-02-16 18:15:05,182.0
2010-02-17 18:15:05,244.0
2010-02-18 18:15:05,235.0
2010-02-19 18:15:05,183.0
2010-02-20 18:15:05,224.0
2010-02-21 18:15:05,218.0
2010-02-22 18:15:05,261.0
2010-02-23 18:15:05,252.0
2010-02-24 18:15:05,196.0
2010-02-25 18:15:05,150.0
2010-02-26 18:15:05,176.0
2010-02-27 18:15:05,176.0
2010-02-28 18:15:05,165.0
2010-03-01 18:15:05,187.0
2010-03-02 18:15:05,204.0
2010-03-03 18:15:05,151.0
2010-03-04 18:15:05,187.0
2010-03-05 18:15:05,178.0
2010-03-06 18:15:05,188.0
2010-03-07 18:15:05,178.0
2010-03-08 18:15:05,141.0
2010-03-09 18:15:05,149.0
2010-03-10 18:15:05,152.0
2010-03-11 18:15:05,154.0
2010-03-12 18:15:05,119.0
2010-03-13 18:15:05,160.0
2010-03-14 18:15:05,127.0
2010-03-15 18:15:05,128.0
2010-03-16 18:15:05,138.0
2010-03-17 18:15:05,127.0
2010-03-18 18:15:05,161.0
2010-03-19 18:15:05,144.0
2010-03-20 18:15:05,203.0
2010-03-21 18:15:05,191.0
2010-03-22 18:15:05,186.0
2010-03-23 18:15:05,215.0
2010-03-24 18:15:05,187.0
2010-03-25 18:15:05,197.0
2010-03-26 18:15:05,213.0
2010-03-27 18:15:05,182.0
2010-03-28 18:15:05,198.0
2010-03-29 18:15:05,205.0
2010-03-30 18:15:05,217.0
2010-03-31 18:15:05,213.0
2010-04-01 18:15:05,198.0
2010-04-02 18:15:05,155.0
2010-04-03 18:15:05,171.0
2010-04-04 18:15:05,175.0
2010-04-05 18:15:05,179.0
2010-04-06 18:15:05,175.0
2010-04-07 18:15:05,207.0
2010-04-08 18:15:05,208.0
2010-04-09 18:15:05,189.0
2010-04-10 18:15:05,294.0
2010-04-11 18:15:05,271.0
2010-04-12 18:15:05,270.0
2010-04-13 18:15:05,190.0
2010-04-14 18:15:05,230.0
2010-04-15 18:15:05,287.0
2010-04-16 18:15:05,234.0
2010-04-17 18:15:05,242.0
2010-04-18 18:15:05,1337.0
2010-04-19 18:15:05,2296.0
2010-04-20 18:15:05,242.0
2010-04-21 18:15:05,251.0
2010-04-22 18:15:05,210.0
2010-04-23 18:15:05,198.0
2010-04-24 18:15:05,191.0
2010-04-25 18:15:05,210.0
2010-04-26 18:15:05,220.0
2010-04-27 18:15:05,225.0
2010-04-28 18:15:05,219.0
2010-04-29 18:15:05,197.0
2010-04-30 18:15:05,181.0
2010-05-01 18:15:05,187.0
2010-05-02 18:15:05,197.0
2010-05-03 18:15:05,186.0
2010-05-04 18:15:05,151.0
2010-05-05 18:15:05,191.0
2010-05-06 18:15:05,173.0
2010-05-07 18:15:05,166.0
2010-05-08 18:15:05,170.0
2010-05-09 18:15:05,193.0
2010-05-10 18:15:05,161.0
2010-05-11 18:15:05,138.0
2010-05-12 18:15:05,147.0
2010-05-13 18:15:05,164.0
2010-05-14 18:15:05,148.0
2010-05-15 18:15:05,138.0
2010-05-16 18:15:05,118.0
2010-05-17 18:15:05,173.0
2010-05-18 18:15:05,217.0
2010-05-19 18:15:05,212.0
2010-05-20 18:15:05,221.0
2010-05-21 18:15:05,230.0
2010-05-22 18:15:05,227.0
2010-05-23 18:15:05,300.0
2010-05-24 18:15:05,262.0
2010-05-25 18:15:05,267.0
2010-05-26 18:15:05,259.0
2010-05-27 18:15:05,278.0
2010-05-28 18:15:05,265.0
2010-05-29 18:15:05,262.0
2010-05-30 18:15:05,200.0
2010-05-31 18:15:05,207.0
2010-06-01 18:15:05,178.0
2010-06-02 18:15:05,182.0
2010-06-03 18:15:05,219.0
2010-06-04 18:15:05,200.0
2010-06-05 18:15:05,188.0
2010-06-06 18:15:05,201.0
2010-06-07 18:15:05,211.0
2010-06-08 18:15:05,222.0
2010-06-09 18:15:05,199.0
2010-06-10 18:15:05,224.0
2010-06-11 18:15:05,248.0
2010-06-12 18:15:05,226.0
2010-06-13 18:15:05,221.0
2010-06-14 18:15:05,246.0
2010-06-15 18:15:05,288.0
2010-06-16 18:15:05,196.0
2010-06-17 18:15:05,208.0
2010-06-18 18:15:05,184.0
2010-06-19 18:15:05,218.0
2010-06-20 18:15:05,216.0
2010-06-21 18:15:05,242.0
2010-06-22 18:15:05,235.0
2010-06-23 18:15:05,242.0
2010-06-24 18:15:05,247.0
2010-06-25 18:15:05,227.0
2010-06-26 18:15:05,205.0
2010-06-27 18:15:05,215.0
2010-06-28 18:15:05,236.0
2010-06-29 18:15:05,253.0
2010-06-30 18:15:05,283.0
2010-07-01 18:15:05,273.0
2010-07-02 18:15:05,239.0
2010-07-03 18:15:05,283.0
2010-07-04 18:15:05,245.0
2010-07-05 18:15:05,243.0
2010-07-06 18:15:05,224.0
2010-07-07 18:15:05,209.0
2010-07-08 18:15:05,240.0
2010-07-09 18:15:05,258.0
2010-07-10 18:15:05,238.0
2010-07-11 18:15:05,242.0
2010-07-12 18:15:05,1830.0
2010-07-13 18:15:05,1739.0
2010-07-14 18:15:05,5659.0
2010-07-15 18:15:05,1793.0
2010-07-16 18:15:05,1393.0
2010-07-17 18:15:05,462.0
2010-07-18 18:15:05,427.0
2010-07-19 18:15:05,487.0
2010-07-20 18:15:05,627.0
2010-07-21 18:15:05,465.0
2010-07-22 18:15:05,428.0
2010-07-23 18:15:05,392.0
2010-07-24 18:15:05,374.0
2010-07-25 18:15:05,2337.0
2010-07-26 18:15:05,468.0
2010-07-27 18:15:05,445.0
2010-07-28 18:15:05,342.0
2010-07-29 18:15:05,3455.0
2010-07-30 18:15:05,362.0
2010-07-31 18:15:05,295.0
2010-08-01 18:15:05,324.0
2010-08-02 18:15:05,413.0
2010-08-03 18:15:05,623.0
2010-08-04 18:15:05,375.0
2010-08-05 18:15:05,604.0
2010-08-06 18:15:05,368.0
2010-08-07 18:15:05,287.0
2010-08-08 18:15:05,323.0
2010-08-09 18:15:05,423.0
2010-08-10 18:15:05,402.0
2010-08-11 18:15:05,384.0
2010-08-12 18:15:05,407.0
2010-08-13 18:15:05,508.0
2010-08-14 18:15:05,424.0
2010-08-15 18:15:05,423.0
2010-08-16 18:15:05,318.0
2010-08-17 18:15:05,352.0
2010-08-18 18:15:05,377.0
2010-08-19 18:15:05,368.0
2010-08-20 18:15:05,398.0
2010-08-21 18:15:05,348.0
2010-08-22 18:15:05,350.0
2010-08-23 18:15:05,389.0
2010-08-24 18:15:05,337.0
2010-08-25 18:15:05,396.0
2010-08-26 18:15:05,374.0
2010-08-27 18:15:05,291.0
2010-08-28 18:15:05,348.0
2010-08-29 18:15:05,268.0
2010-08-30 18:15:05,288.0
2010-08-31 18:15:05,465.0
2010-09-01 18:15:05,408.0
2010-09-02 18:15:05,308.0
2010-09-03 18:15:05,314.0
2010-09-04 18:15:05,286.0
2010-09-05 18:15:05,303.0
2010-09-06 18:15:05,298.0
2010-09-07 18:15:05,271.0
2010-09-08 18:15:05,292.0
2010-09-09 18:15:05,343.0
2010-09-10 18:15:05,378.0
2010-09-11 18:15:05,296.0
2010-09-12 18:15:05,350.0
2010-09-13 18:15:05,436.0
2010-09-14 18:15:05,437.0
2010-09-15 18:15:05,450.0
2010-09-16 18:15:05,380.0
2010-09-17 18:15:05,379.0
2010-09-18 18:15:05,431.0
2010-09-19 18:15:05,339.0
2010-09-20 18:15:05,422.0
2010-09-21 18:15:05,636.0
2010-09-22 18:15:05,799.0
2010-09-23 18:15:05,698.0
2010-09-24 18:15:05,558.0
2010-09-25 18:15:05,451.0
2010-09-26 18:15:05,454.0
2010-09-27 18:15:05,639.0
2010-09-28 18:15:05,467.0
2010-09-29 18:15:05,998.0
2010-09-30 18:15:05,358.0
2010-10-01 18:15:05,563.0
2010-10-02 18:15:05,501.0
2010-10-03 18:15:05,401.0
2010-10-04 18:15:05,414.0
2010-10-05 18:15:05,353.0
2010-10-06 18:15:05,408.0
2010-10-07 18:15:05,370.0
2010-10-08 18:15:05,343.0
2010-10-09 18:15:05,382.0
2010-10-10 18:15:05,373.0
2010-10-11 18:15:05,348.0
2010-10-12 18:15:05,361.0
2010-10-13 18:15:05,350.0
2010-10-14 18:15:05,376.0
2010-10-15 18:15:05,333.0
2010-10-16 18:15:05,412.0
2010-10-17 18:15:05,485.0
2010-10-18 18:15:05,517.0
2010-10-19 18:15:05,964.0
2010-10-20 18:15:05,693.0
2010-10-21 18:15:05,602.0
2010-10-22 18:15:05,495.0
2010-10-23 18:15:05,623.0
2010-10-24 18:15:05,473.0
2010-10-25 18:15:05,479.0
2010-10-26 18:15:05,486.0
2010-10-27 18:15:05,569.0
2010-10-28 18:15:05,500.0
2010-10-29 18:15:05,466.0
2010-10-30 18:15:05,444.0
2010-10-31 18:15:05,311.0
2010-11-01 18:15:05,364.0
2010-11-02 18:15:05,283.0
2010-11-03 18:15:05,334.0
2010-11-04 18:15:05,339.0
2010-11-05 18:15:05,416.0
2010-11-06 18:15:05,389.0
2010-11-07 18:15:05,445.0
2010-11-08 18:15:05,498.0
2010-11-09 18:15:05,458.0
2010-11-10 18:15:05,372.0
2010-11-11 18:15:05,429.0
2010-11-12 18:15:05,296.0
2010-11-13 18:15:05,333.0
2010-11-14 18:15:05,399.0
2010-11-15 18:15:05,1855.0
2010-11-16 18:15:05,12087.0
2010-11-17 18:15:05,463.0
2010-11-18 18:15:05,434.0
2010-11-19 18:15:05,7731.0
2010-11-20 18:15:05,12322.0
2010-11-21 18:15:05,10378.0
2010-11-22 18:15:05,395.0
2010-11-23 18:15:05,338.0
2010-11-24 18:15:05,2749.0
2010-11-25 18:15:05,5883.0
2010-11-26 18:15:05,1542.0
2010-11-27 18:15:05,490.0
2010-11-28 18:15:05,457.0
2010-11-29 18:15:05,435.0
2010-11-30 18:15:05,455.0
2010-12-01 18:15:05,505.0
2010-12-02 18:15:05,472.0
2010-12-03 18:15:05,411.0
2010-12-04 18:15:05,402.0
2010-12-05 18:15:05,436.0
2010-12-06 18:15:05,447.0
2010-12-07 18:15:05,548.0
2010-12-08 18:15:05,537.0
2010-12-09 18:15:05,516.0
2010-12-10 18:15:05,382.0
2010-12-11 18:15:05,504.0
2010-12-12 18:15:05,564.0
2010-12-13 18:15:05,723.0
2010-12-14 18:15:05,683.0
2010-12-15 18:15:05,610.0
2010-12-16 18:15:05,523.0
2010-12-17 18:15:05,503.0
2010-12-18 18:15:05,466.0
2010-12-19 18:15:05,547.0
2010-12-20 18:15:05,934.0
2010-12-21 18:15:05,616.0
2010-12-22 18:15:05,634.0
2010-12-23 18:15:05,552.0
2010-12-24 18:15:05,578.0
2010-12-25 18:15:05,555.0
2010-12-26 18:15:05,650.0
2010-12-27 18:15:05,507.0
2010-12-28 18:15:05,584.0
2010-12-29 18:15:05,641.0
2010-12-30 18:15:05,542.0
2010-12-31 18:15:05,579.0
2011-01-01 18:15:05,594.0
2011-01-02 18:15:05,593.0
2011-01-03 18:15:05,853.0
2011-01-04 18:15:05,1242.0
2011-01-05 18:15:05,1192.0
2011-01-06 18:15:05,850.0
2011-01-07 18:15:05,880.0
2011-01-08 18:15:05,1392.0
2011-01-09 18:15:05,1193.0
2011-01-10 18:15:05,1358.0
2011-01-11 18:15:05,1262.0
2011-01-12 18:15:05,1233.0
2011-01-13 18:15:05,1271.0
2011-01-14 18:15:05,1285.0
2011-01-15 18:15:05,932.0
2011-01-16 18:15:05,1027.0
2011-01-17 18:15:05,816.0
2011-01-18 18:15:05,870.0
2011-01-19 18:15:05,967.0
2011-01-20 18:15:05,847.0
2011-01-21 18:15:05,1047.0
2011-01-22 18:15:05,1431.0
2011-01-23 18:15:05,1073.0
2011-01-24 18:15:05,1334.0
2011-01-25 18:15:05,965.0
2011-01-26 18:15:05,985.0
2011-01-27 18:15:05,900.0
2011-01-28 18:15:05,1036.0
2011-01-29 18:15:05,1290.0
2011-01-30 18:15:05,2203.0
2011-01-31 18:15:05,1815.0
2011-02-01 18:15:05,985.0
2011-02-02 18:15:05,1004.0
2011-02-03 18:15:05,777.0
2011-02-04 18:15:05,918.0
2011-02-05 18:15:05,887.0
2011-02-06 18:15:05,857.0
2011-02-07 18:15:05,911.0
2011-02-08 18:15:05,842.0
2011-02-09 18:15:05,1033.0
2011-02-10 18:15:05,1866.0
2011-02-11 18:15:05,2433.0
2011-02-12 18:15:05,1903.0
2011-02-13 18:15:05,1841.0
2011-02-14 18:15:05,1978.0
2011-02-15 18:15:05,2267.0
2011-02-16 18:15:05,2062.0
2011-02-17 18:15:05,2255.0
2011-02-18 18:15:05,2086.0
2011-02-19 18:15:05,1773.0
2011-02-20 18:15:05,1698.0
2011-02-21 18:15:05,1969.0
2011-02-22 18:15:05,2152.0
2011-02-23 18:15:05,2394.0
2011-02-24 18:15:05,1957.0
2011-02-25 18:15:05,2134.0
2011-02-26 18:15:05,1964.0
2011-02-27 18:15:05,2261.0
2011-02-28 18:15:05,1932.0
2011-03-01 18:15:05,1660.0
2011-03-02 18:15:05,2974.0
2011-03-03 18:15:05,3002.0
2011-03-04 18:15:05,2119.0
2011-03-05 18:15:05,1946.0
2011-03-06 18:15:05,1918.0
2011-03-07 18:15:05,2120.0
2011-03-08 18:15:05,2530.0
2011-03-09 18:15:05,1787.0
2011-03-10 18:15:05,1491.0
2011-03-11 18:15:05,2107.0
2011-03-12 18:15:05,2812.0
2011-03-13 18:15:05,2475.0
2011-03-14 18:15:05,2981.0
2011-03-15 18:15:05,2499.0
2011-03-16 18:15:05,3237.0
2011-03-17 18:15:05,3188.0
2011-03-18 18:15:05,2759.0
2011-03-19 18:15:05,3114.0
2011-03-20 18:15:05,2674.0
2011-03-21 18:15:05,7322.0
2011-03-22 18:15:05,2301.0
2011-03-23 18:15:05,4368.0
2011-03-24 18:15:05,2218.0
2011-03-25 18:15:05,2087.0
2011-03-26 18:15:05,2987.0
2011-03-27 18:15:05,2272.0
2011-03-28 18:15:05,3420.0
2011-03-29 18:15:05,2915.0
2011-03-30 18:15:05,1625.0
2011-03-31 18:15:05,2206.0
2011-04-01 18:15:05,1573.0
2011-04-02 18:15:05,1804.0
2011-04-03 18:15:05,1603.0
2011-04-04 18:15:05,2327.0
2011-04-05 18:15:05,2272.0
2011-04-06 18:15:05,1768.0
2011-04-07 18:15:05,1842.0
2011-04-08 18:15:05,1700.0
2011-04-09 18:15:05,1749.0
2011-04-10 18:15:05,1653.0
2011-04-11 18:15:05,1879.0
2011-04-12 18:15:05,2019.0
2011-04-13 18:15:05,2480.0
2011-04-14 18:15:05,2968.0
2011-04-15 18:15:05,2001.0
2011-04-16 18:15:05,1980.0
2011-04-17 18:15:05,2320.0
2011-04-18 18:15:05,2711.0
2011-04-19 18:15:05,3567.0
2011-04-20 18:15:05,3173.0
2011-04-21 18:15:05,1912.0
2011-04-22 18:15:05,2262.0
2011-04-23 18:15:05,2100.0
2011-04-24 18:15:05,2496.0
2011-04-25 18:15:05,2516.0
2011-04-26 18:15:05,2753.0
2011-04-27 18:15:05,4550.0
2011-04-28 18:15:05,3618.0
2011-04-29 18:15:05,3474.0
2011-04-30 18:15:05,4022.0
2011-05-01 18:15:05,4648.0
2011-05-02 18:15:05,2519.0
2011-05-03 18:15:05,3235.0
2011-05-04 18:15:05,2967.0
2011-05-05 18:15:05,3399.0
2011-05-06 18:15:05,3249.0
2011-05-07 18:15:05,3889.0
2011-05-08 18:15:05,2777.0
2011-05-09 18:15:05,3560.0
2011-05-10 18:15:05,3147.0
2011-05-11 18:15:05,3272.0
2011-05-12 18:15:05,2636.0
2011-05-13 18:15:05,4404.0
2011-05-14 18:15:05,4349.0
2011-05-15 18:15:05,3990.0
2011-05-16 18:15:05,4160.0
2011-05-17 18:15:05,4355.0
2011-05-18 18:15:05,4997.0
2011-05-19 18:15:05,5131.0
2011-05-20 18:15:05,4803.0
2011-05-21 18:15:05,4822.0
2011-05-22 18:15:05,5447.0
2011-05-23 18:15:05,5775.0
2011-05-24 18:15:05,5562.0
2011-05-25 18:15:05,6172.0
2011-05-26 18:15:05,6818.0
2011-05-27 18:15:05,5491.0
2011-05-28 18:15:05,5054.0
2011-05-29 18:15:05,4725.0
2011-05-30 18:15:05,4835.0
2011-05-31 18:15:05,6203.0
2011-06-01 18:15:05,6069.0
2011-06-02 18:15:05,7157.0
2011-06-03 18:15:05,8374.0
2011-06-04 18:15:05,8773.0
2011-06-05 18:15:05,8161.0
2011-06-06 18:15:05,9808.0
2011-06-07 18:15:05,8704.0
2011-06-08 18:15:05,11394.0
2011-06-09 18:15:05,12167.0
2011-06-10 18:15:05,11233.0
2011-06-11 18:15:05,11162.0
2011-06-12 18:15:05,11668.0
2011-06-13 18:15:05,12238.0
2011-06-14 18:15:05,12602.0
2011-06-15 18:15:05,14172.0
2011-06-16 18:15:05,11777.0
2011-06-17 18:15:05,11548.0
2011-06-18 18:15:05,12025.0
2011-06-19 18:15:05,11478.0
2011-06-20 18:15:05,11278.0
2011-06-21 18:15:05,9152.0
2011-06-22 18:15:05,11810.0
2011-06-23 18:15:05,10512.0
2011-06-24 18:15:05,11134.0
2011-06-25 18:15:05,9517.0
2011-06-26 18:15:05,10298.0
2011-06-27 18:15:05,11438.0
2011-06-28 18:15:05,10892.0
2011-06-29 18:15:05,10158.0
2011-06-30 18:15:05,9885.0
2011-07-01 18:15:05,9450.0
2011-07-02 18:15:05,9454.0
2011-07-03 18:15:05,7973.0
2011-07-04 18:15:05,9495.0
2011-07-05 18:15:05,8481.0
2011-07-06 18:15:05,11053.0
2011-07-07 18:15:05,9392.0
2011-07-08 18:15:05,8211.0
2011-07-09 18:15:05,8397.0
2011-07-10 18:15:05,8057.0
2011-07-11 18:15:05,9867.0
2011-07-12 18:15:05,8795.0
2011-07-13 18:15:05,9575.0
2011-07-14 18:15:05,8419.0
2011-07-15 18:15:05,8630.0
2011-07-16 18:15:05,7821.0
2011-07-17 18:15:05,9110.0
2011-07-18 18:15:05,8185.0
2011-07-19 18:15:05,9863.0
2011-07-20 18:15:05,8545.0
2011-07-21 18:15:05,8608.0
2011-07-22 18:15:05,8437.0
2011-07-23 18:15:05,8034.0
2011-07-24 18:15:05,7866.0
2011-07-25 18:15:05,9555.0
2011-07-26 18:15:05,8401.0
2011-07-27 18:15:05,8329.0
2011-07-28 18:15:05,7818.0
2011-07-29 18:15:05,7460.0
2011-07-30 18:15:05,6854.0
2011-07-31 18:15:05,7429.0
2011-08-01 18:15:05,8032.0
2011-08-02 18:15:05,8813.0
2011-08-03 18:15:05,8054.0
2011-08-04 18:15:05,8251.0
2011-08-05 18:15:05,7308.0
2011-08-06 18:15:05,7080.0
2011-08-07 18:15:05,6725.0
2011-08-08 18:15:05,7110.0
2011-08-09 18:15:05,8638.0
2011-08-10 18:15:05,8382.0
2011-08-11 18:15:05,8116.0
2011-08-12 18:15:05,7064.0
2011-08-13 18:15:05,7386.0
2011-08-14 18:15:05,7621.0
2011-08-15 18:15:05,8347.0
2011-08-16 18:15:05,9259.0
2011-08-17 18:15:05,8128.0
2011-08-18 18:15:05,7457.0
2011-08-19 18:15:05,7787.0
2011-08-20 18:15:05,7125.0
2011-08-21 18:15:05,7355.0
2011-08-22 18:15:05,7924.0
2011-08-23 18:15:05,7425.0
2011-08-24 18:15:05,7333.0
2011-08-25 18:15:05,7082.0
2011-08-26 18:15:05,7479.0
2011-08-27 18:15:05,6988.0
2011-08-28 18:15:05,5453.0
2011-08-29 18:15:05,7807.0
2011-08-30 18:15:05,7846.0
2011-08-31 18:15:05,7280.0
2011-09-01 18:15:05,7222.0
2011-09-02 18:15:05,6917.0
2011-09-03 18:15:05,6325.0
2011-09-04 18:15:05,6612.0
2011-09-05 18:15:05,7281.0
2011-09-06 18:15:05,7705.0
2011-09-07 18:15:05,7178.0
2011-09-08 18:15:05,6481.0
2011-09-09 18:15:05,7266.0
2011-09-10 18:15:05,6453.0
2011-09-11 18:15:05,6301.0
2011-09-12 18:15:05,6422.0
2011-09-13 18:15:05,6564.0
2011-09-14 18:15:05,6515.0
2011-09-15 18:15:05,6040.0
2011-09-16 18:15:05,6042.0
2011-09-17 18:15:05,6181.0
2011-09-18 18:15:05,5775.0
2011-09-19 18:15:05,6272.0
2011-09-20 18:15:05,7420.0
2011-09-21 18:15:05,8078.0
2011-09-22 18:15:05,6808.0
2011-09-23 18:15:05,5820.0
2011-09-24 18:15:05,6231.0
2011-09-25 18:15:05,5671.0
2011-09-26 18:15:05,5917.0
2011-09-27 18:15:05,6055.0
2011-09-28 18:15:05,5795.0
2011-09-29 18:15:05,5709.0
2011-09-30 18:15:05,5762.0
2011-10-01 18:15:05,5584.0
2011-10-02 18:15:05,5145.0
2011-10-03 18:15:05,6273.0
2011-10-04 18:15:05,5316.0
2011-10-05 18:15:05,6218.0
2011-10-06 18:15:05,6004.0
2011-10-07 18:15:05,5509.0
2011-10-08 18:15:05,5604.0
2011-10-09 18:15:05,5623.0
2011-10-10 18:15:05,5530.0
2011-10-11 18:15:05,5846.0
2011-10-12 18:15:05,6498.0
2011-10-13 18:15:05,4739.0
2011-10-14 18:15:05,5676.0
2011-10-15 18:15:05,6080.0
2011-10-16 18:15:05,4878.0
2011-10-17 18:15:05,5593.0
2011-10-18 18:15:05,5562.0
2011-10-19 18:15:05,4810.0
2011-10-20 18:15:05,4708.0
2011-10-21 18:15:05,5357.0
2011-10-22 18:15:05,4820.0
2011-10-23 18:15:05,5451.0
2011-10-24 18:15:05,5919.0
2011-10-25 18:15:05,5282.0
2011-10-26 18:15:05,5307.0
2011-10-27 18:15:05,4739.0
2011-10-28 18:15:05,5111.0
2011-10-29 18:15:05,5826.0
2011-10-30 18:15:05,4888.0
2011-10-31 18:15:05,4956.0
2011-11-01 18:15:05,5885.0
2011-11-02 18:15:05,5750.0
2011-11-03 18:15:05,5746.0
2011-11-04 18:15:05,6662.0
2011-11-05 18:15:05,6575.0
2011-11-06 18:15:05,5021.0
2011-11-07 18:15:05,5329.0
2011-11-08 18:15:05,5748.0
2011-11-09 18:15:05,6627.0
2011-11-10 18:15:05,6364.0
2011-11-11 18:15:05,5439.0
2011-11-12 18:15:05,5346.0
2011-11-13 18:15:05,5088.0
2011-11-14 18:15:05,5620.0
2011-11-15 18:15:05,6442.0
2011-11-16 18:15:05,5855.0
2011-11-17 18:15:05,5596.0
2011-11-18 18:15:05,4818.0
2011-11-19 18:15:05,4909.0
2011-11-20 18:15:05,4796.0
2011-11-21 18:15:05,5044.0
2011-11-22 18:15:05,5371.0
2011-11-23 18:15:05,5620.0
2011-11-24 18:15:05,5020.0
2011-11-25 18:15:05,5374.0
2011-11-26 18:15:05,5004.0
2011-11-27 18:15:05,4794.0
2011-11-28 18:15:05,5925.0
2011-11-29 18:15:05,6529.0
2011-11-30 18:15:05,6332.0
2011-12-01 18:15:05,6735.0
2011-12-02 18:15:05,6316.0
2011-12-03 18:15:05,5533.0
2011-12-04 18:15:05,5290.0
2011-12-05 18:15:05,6347.0
2011-12-06 18:15:05,7021.0
2011-12-07 18:15:05,7119.0
2011-12-08 18:15:05,5787.0
2011-12-09 18:15:05,5686.0
2011-12-10 18:15:05,5794.0
2011-12-11 18:15:05,5240.0
2011-12-12 18:15:05,4924.0
2011-12-13 18:15:05,5515.0
2011-12-14 18:15:05,5125.0
2011-12-15 18:15:05,5476.0
2011-12-16 18:15:05,5319.0
2011-12-17 18:15:05,4819.0
2011-12-18 18:15:05,4615.0
2011-12-19 18:15:05,5200.0
2011-12-20 18:15:05,6684.0
2011-12-21 18:15:05,5667.0
2011-12-22 18:15:05,5818.0
2011-12-23 18:15:05,5740.0
2011-12-24 18:15:05,4676.0
2011-12-25 18:15:05,5307.0
2011-12-26 18:15:05,5381.0
2011-12-27 18:15:05,5571.0
2011-12-28 18:15:05,4969.0
2011-12-29 18:15:05,5023.0
2011-12-30 18:15:05,5024.0
2011-12-31 18:15:05,5357.0
2012-01-01 18:15:05,4523.0
2012-01-02 18:15:05,5809.0
2012-01-03 18:15:05,5544.0
2012-01-04 18:15:05,5636.0
2012-01-05 18:15:05,6917.0
2012-01-06 18:15:05,6361.0
2012-01-07 18:15:05,6211.0
2012-01-08 18:15:05,6290.0
2012-01-09 18:15:05,5999.0
2012-01-10 18:15:05,6589.0
2012-01-11 18:15:05,7168.0
2012-01-12 18:15:05,6943.0
2012-01-13 18:15:05,6824.0
2012-01-14 18:15:05,6734.0
2012-01-15 18:15:05,6675.0
2012-01-16 18:15:05,6685.0
2012-01-17 18:15:05,6545.0
2012-01-18 18:15:05,7215.0
2012-01-19 18:15:05,6464.0
2012-01-20 18:15:05,6718.0
2012-01-21 18:15:05,6771.0
2012-01-22 18:15:05,5259.0
2012-01-23 18:15:05,5984.0
2012-01-24 18:15:05,6817.0
2012-01-25 18:15:05,8017.0
2012-01-26 18:15:05,6736.0
2012-01-27 18:15:05,6544.0
2012-01-28 18:15:05,6095.0
2012-01-29 18:15:05,6464.0
2012-01-30 18:15:05,6019.0
2012-01-31 18:15:05,6469.0
2012-02-01 18:15:05,6900.0
2012-02-02 18:15:05,6955.0
2012-02-03 18:15:05,6943.0
2012-02-04 18:15:05,7597.0
2012-02-05 18:15:05,6616.0
2012-02-06 18:15:05,6500.0
2012-02-07 18:15:05,6799.0
2012-02-08 18:15:05,6619.0
2012-02-09 18:15:05,7259.0
2012-02-10 18:15:05,8642.0
2012-02-11 18:15:05,7624.0
2012-02-12 18:15:05,7405.0
2012-02-13 18:15:05,7514.0
2012-02-14 18:15:05,9710.0
2012-02-15 18:15:05,9511.0
2012-02-16 18:15:05,9286.0
2012-02-17 18:15:05,7128.0
2012-02-18 18:15:05,6676.0
2012-02-19 18:15:05,5932.0
2012-02-20 18:15:05,6118.0
2012-02-21 18:15:05,6348.0
2012-02-22 18:15:05,7124.0
2012-02-23 18:15:05,7881.0
2012-02-24 18:15:05,7203.0
2012-02-25 18:15:05,6588.0
2012-02-26 18:15:05,5851.0
2012-02-27 18:15:05,6475.0
2012-02-28 18:15:05,6627.0
2012-02-29 18:15:05,6825.0
2012-03-01 18:15:05,6713.0
2012-03-02 18:15:05,7696.0
2012-03-03 18:15:05,5701.0
2012-03-04 18:15:05,6017.0
2012-03-05 18:15:05,6729.0
2012-03-06 18:15:05,6713.0
2012-03-07 18:15:05,6574.0
2012-03-08 18:15:05,6635.0
2012-03-09 18:15:05,6478.0
2012-03-10 18:15:05,6054.0
2012-03-11 18:15:05,5174.0
2012-03-12 18:15:05,5728.0
2012-03-13 18:15:05,6805.0
2012-03-14 18:15:05,7096.0
2012-03-15 18:15:05,6577.0
2012-03-16 18:15:05,6706.0
2012-03-17 18:15:05,7473.0
2012-03-18 18:15:05,5745.0
2012-03-19 18:15:05,6679.0
2012-03-20 18:15:05,6604.0
2012-03-21 18:15:05,6980.0
2012-03-22 18:15:05,6756.0
2012-03-23 18:15:05,6293.0
2012-03-24 18:15:05,6461.0
2012-03-25 18:15:05,6249.0
2012-03-26 18:15:05,6469.0
2012-03-27 18:15:05,6346.0
2012-03-28 18:15:05,7134.0
2012-03-29 18:15:05,7526.0
2012-03-30 18:15:05,7174.0
2012-03-31 18:15:05,6286.0
2012-04-01 18:15:05,5619.0
2012-04-02 18:15:05,6086.0
2012-04-03 18:15:05,7539.0
2012-04-04 18:15:05,7479.0
2012-04-05 18:15:05,6977.0
2012-04-06 18:15:05,7000.0
2012-04-07 18:15:05,6152.0
2012-04-08 18:15:05,6061.0
2012-04-09 18:15:05,6045.0
2012-04-10 18:15:05,8435.0
2012-04-11 18:15:05,7485.0
2012-04-12 18:15:05,8513.0
2012-04-13 18:15:05,7549.0
2012-04-14 18:15:05,7935.0
2012-04-15 18:15:05,7313.0
2012-04-16 18:15:05,7846.0
2012-04-17 18:15:05,8354.0
2012-04-18 18:15:05,8145.0
2012-04-19 18:15:05,8023.0
2012-04-20 18:15:05,8016.0
2012-04-21 18:15:05,7770.0
2012-04-22 18:15:05,6768.0
2012-04-23 18:15:05,6845.0
2012-04-24 18:15:05,7395.0
2012-04-25 18:15:05,7746.0
2012-04-26 18:15:05,10043.0
2012-04-27 18:15:05,7066.0
2012-04-28 18:15:05,7173.0
2012-04-29 18:15:05,8050.0
2012-04-30 18:15:05,9064.0
2012-05-01 18:15:05,10070.0
2012-05-02 18:15:05,9373.0
2012-05-03 18:15:05,12283.0
2012-05-04 18:15:05,14376.0
2012-05-05 18:15:05,13590.0
2012-05-06 18:15:05,12416.0
2012-05-07 18:15:05,16283.0
2012-05-08 18:15:05,17176.0
2012-05-09 18:15:05,18865.0
2012-05-10 18:15:05,12723.0
2012-05-11 18:15:05,14196.0
2012-05-12 18:15:05,22055.0
2012-05-13 18:15:05,14084.0
2012-05-14 18:15:05,28010.0
2012-05-15 18:15:05,20817.0
2012-05-16 18:15:05,19677.0
2012-05-17 18:15:05,14892.0
2012-05-18 18:15:05,21758.0
2012-05-19 18:15:05,38132.0
2012-05-20 18:15:05,33328.0
2012-05-21 18:15:05,29133.0
2012-05-22 18:15:05,25323.0
2012-05-23 18:15:05,26784.0
2012-05-24 18:15:05,26020.0
2012-05-25 18:15:05,29007.0
2012-05-26 18:15:05,23982.0
2012-05-27 18:15:05,22251.0
2012-05-28 18:15:05,32526.0
2012-05-29 18:15:05,31160.0
2012-05-30 18:15:05,25743.0
2012-05-31 18:15:05,20951.0
2012-06-01 18:15:05,24713.0
2012-06-02 18:15:05,18570.0
2012-06-03 18:15:05,26654.0
2012-06-04 18:15:05,44984.0
2012-06-05 18:15:05,45318.0
2012-06-06 18:15:05,18275.0
2012-06-07 18:15:05,30567.0
2012-06-08 18:15:05,26974.0
2012-06-09 18:15:05,31523.0
2012-06-10 18:15:05,39328.0
2012-06-11 18:15:05,35275.0
2012-06-12 18:15:05,20796.0
2012-06-13 18:15:05,52040.0
2012-06-14 18:15:05,56997.0
2012-06-15 18:15:05,57407.0
2012-06-16 18:15:05,49313.0
2012-06-17 18:15:05,40290.0
2012-06-18 18:15:05,39028.0
2012-06-19 18:15:05,38108.0
2012-06-20 18:15:05,33475.0
2012-06-21 18:15:05,26501.0
2012-06-22 18:15:05,25550.0
2012-06-23 18:15:05,21659.0
2012-06-24 18:15:05,21880.0
2012-06-25 18:15:05,25985.0
2012-06-26 18:15:05,32547.0
2012-06-27 18:15:05,30636.0
2012-06-28 18:15:05,27315.0
2012-06-29 18:15:05,22339.0
2012-06-30 18:15:05,23608.0
2012-07-01 18:15:05,18834.0
2012-07-02 18:15:05,25272.0
2012-07-03 18:15:05,22946.0
2012-07-04 18:15:05,21992.0
2012-07-05 18:15:05,22045.0
2012-07-06 18:15:05,21962.0
2012-07-07 18:15:05,26129.0
2012-07-08 18:15:05,21697.0
2012-07-09 18:15:05,25293.0
2012-07-10 18:15:05,33442.0
2012-07-11 18:15:05,30165.0
2012-07-12 18:15:05,26493.0
2012-07-13 18:15:05,23441.0
2012-07-14 18:15:05,25417.0
2012-07-15 18:15:05,25886.0
2012-07-16 18:15:05,30561.0
2012-07-17 18:15:05,34693.0
2012-07-18 18:15:05,30733.0
2012-07-19 18:15:05,31077.0
2012-07-20 18:15:05,35383.0
2012-07-21 18:15:05,37598.0
2012-07-22 18:15:05,29975.0
2012-07-23 18:15:05,35901.0
2012-07-24 18:15:05,29945.0
2012-07-25 18:15:05,29127.0
2012-07-26 18:15:05,30652.0
2012-07-27 18:15:05,26430.0
2012-07-28 18:15:05,33187.0
2012-07-29 18:15:05,32788.0
2012-07-30 18:15:05,38204.0
2012-07-31 18:15:05,36163.0
2012-08-01 18:15:05,34163.0
2012-08-02 18:15:05,32475.0
2012-08-03 18:15:05,29356.0
2012-08-04 18:15:05,28166.0
2012-08-05 18:15:05,32003.0
2012-08-06 18:15:05,35960.0
2012-08-07 18:15:05,28636.0
2012-08-08 18:15:05,38855.0
2012-08-09 18:15:05,33117.0
2012-08-10 18:15:05,27362.0
2012-08-11 18:15:05,29979.0
2012-08-12 18:15:05,33751.0
2012-08-13 18:15:05,49678.0
2012-08-14 18:15:05,37605.0
2012-08-15 18:15:05,49070.0
2012-08-16 18:15:05,49165.0
2012-08-17 18:15:05,40897.0
2012-08-18 18:15:05,38770.0
2012-08-19 18:15:05,35022.0
2012-08-20 18:15:05,36248.0
2012-08-21 18:15:05,40494.0
2012-08-22 18:15:05,40634.0
2012-08-23 18:15:05,31765.0
2012-08-24 18:15:05,30969.0
2012-08-25 18:15:05,35491.0
2012-08-26 18:15:05,30525.0
2012-08-27 18:15:05,31308.0
2012-08-28 18:15:05,30838.0
2012-08-29 18:15:05,33804.0
2012-08-30 18:15:05,31360.0
2012-08-31 18:15:05,41495.0
2012-09-01 18:15:05,41940.0
2012-09-02 18:15:05,31268.0
2012-09-03 18:15:05,41066.0
2012-09-04 18:15:05,36940.0
2012-09-05 18:15:05,41414.0
2012-09-06 18:15:05,44218.0
2012-09-07 18:15:05,32477.0
2012-09-08 18:15:05,34359.0
2012-09-09 18:15:05,30076.0
2012-09-10 18:15:05,32055.0
2012-09-11 18:15:05,37813.0
2012-09-12 18:15:05,30406.0
2012-09-13 18:15:05,27899.0
2012-09-14 18:15:05,35146.0
2012-09-15 18:15:05,30340.0
2012-09-16 18:15:05,27351.0
2012-09-17 18:15:05,25423.0
2012-09-18 18:15:05,31313.0
2012-09-19 18:15:05,32119.0
2012-09-20 18:15:05,33825.0
2012-09-21 18:15:05,29957.0
2012-09-22 18:15:05,23847.0
2012-09-23 18:15:05,24195.0
2012-09-24 18:15:05,31279.0
2012-09-25 18:15:05,23775.0
2012-09-26 18:15:05,31886.0
2012-09-27 18:15:05,30194.0
2012-09-28 18:15:05,29898.0
2012-09-29 18:15:05,26409.0
2012-09-30 18:15:05,21143.0
2012-10-01 18:15:05,23803.0
2012-10-02 18:15:05,28543.0
2012-10-03 18:15:05,32185.0
2012-10-04 18:15:05,29518.0
2012-10-05 18:15:05,34409.0
2012-10-06 18:15:05,35662.0
2012-10-07 18:15:05,31676.0
2012-10-08 18:15:05,38366.0
2012-10-09 18:15:05,35903.0
2012-10-10 18:15:05,32255.0
2012-10-11 18:15:05,30081.0
2012-10-12 18:15:05,24200.0
2012-10-13 18:15:05,37278.0
2012-10-14 18:15:05,26981.0
2012-10-15 18:15:05,29690.0
2012-10-16 18:15:05,33464.0
2012-10-17 18:15:05,32774.0
2012-10-18 18:15:05,28432.0
2012-10-19 18:15:05,28470.0
2012-10-20 18:15:05,27673.0
2012-10-21 18:15:05,39774.0
2012-10-22 18:15:05,35647.0
2012-10-23 18:15:05,40115.0
2012-10-24 18:15:05,33568.0
2012-10-25 18:15:05,28126.0
2012-10-26 18:15:05,22540.0
2012-10-27 18:15:05,17488.0
2012-10-28 18:15:05,17381.0
2012-10-29 18:15:05,19144.0
2012-10-30 18:15:05,29930.0
2012-10-31 18:15:05,28602.0
2012-11-01 18:15:05,25458.0
2012-11-02 18:15:05,27498.0
2012-11-03 18:15:05,25264.0
2012-11-04 18:15:05,22692.0
2012-11-05 18:15:05,32202.0
2012-11-06 18:15:05,28059.0
2012-11-07 18:15:05,37442.0
2012-11-08 18:15:05,34985.0
2012-11-09 18:15:05,26851.0
2012-11-10 18:15:05,26595.0
2012-11-11 18:15:05,23728.0
2012-11-12 18:15:05,24652.0
2012-11-13 18:15:05,24841.0
2012-11-14 18:15:05,29221.0
2012-11-15 18:15:05,37743.0
2012-11-16 18:15:05,37286.0
2012-11-17 18:15:05,34273.0
2012-11-18 18:15:05,33144.0
2012-11-19 18:15:05,35160.0
2012-11-20 18:15:05,37561.0
2012-11-21 18:15:05,41245.0
2012-11-22 18:15:05,32931.0
2012-11-23 18:15:05,31482.0
2012-11-24 18:15:05,29169.0
2012-11-25 18:15:05,34821.0
2012-11-26 18:15:05,34810.0
2012-11-27 18:15:05,29528.0
2012-11-28 18:15:05,36521.0
2012-11-29 18:15:05,39050.0
2012-11-30 18:15:05,28363.0
2012-12-01 18:15:05,37722.0
2012-12-02 18:15:05,20555.0
2012-12-03 18:15:05,22407.0
2012-12-04 18:15:05,28050.0
2012-12-05 18:15:05,33176.0
2012-12-06 18:15:05,37201.0
2012-12-07 18:15:05,32887.0
2012-12-08 18:15:05,31857.0
2012-12-09 18:15:05,32838.0
2012-12-10 18:15:05,38474.0
2012-12-11 18:15:05,36341.0
2012-12-12 18:15:05,35322.0
2012-12-13 18:15:05,40260.0
2012-12-14 18:15:05,41397.0
2012-12-15 18:15:05,33526.0
2012-12-16 18:15:05,33989.0
2012-12-17 18:15:05,40828.0
2012-12-18 18:15:05,46590.0
2012-12-19 18:15:05,49016.0
2012-12-20 18:15:05,36133.0
2012-12-21 18:15:05,40658.0
2012-12-22 18:15:05,52012.0
2012-12-23 18:15:05,39228.0
2012-12-24 18:15:05,37099.0
2012-12-25 18:15:05,27560.0
2012-12-26 18:15:05,35740.0
2012-12-27 18:15:05,43119.0
2012-12-28 18:15:05,47514.0
2012-12-29 18:15:05,39248.0
2012-12-30 18:15:05,43751.0
2012-12-31 18:15:05,34228.0
2013-01-01 18:15:05,28620.0
2013-01-02 18:15:05,38986.0
2013-01-03 18:15:05,41413.0
2013-01-04 18:15:05,49926.0
2013-01-05 18:15:05,38931.0
2013-01-06 18:15:05,34519.0
2013-01-07 18:15:05,40860.0
2013-01-08 18:15:05,35390.0
2013-01-09 18:15:05,43335.0
2013-01-10 18:15:05,51393.0
2013-01-11 18:15:05,54662.0
2013-01-12 18:15:05,46836.0
2013-01-13 18:15:05,46837.0
2013-01-14 18:15:05,43799.0
2013-01-15 18:15:05,45653.0
2013-01-16 18:15:05,52197.0
2013-01-17 18:15:05,48021.0
2013-01-18 18:15:05,50896.0
2013-01-19 18:15:05,56455.0
2013-01-20 18:15:05,41636.0
2013-01-21 18:15:05,41357.0
2013-01-22 18:15:05,40199.0
2013-01-23 18:15:05,48267.0
2013-01-24 18:15:05,46607.0
2013-01-25 18:15:05,46045.0
2013-01-26 18:15:05,53420.0
2013-01-27 18:15:05,53451.0
2013-01-28 18:15:05,52321.0
2013-01-29 18:15:05,53617.0
2013-01-30 18:15:05,45810.0
2013-01-31 18:15:05,46104.0
2013-02-01 18:15:05,56756.0
2013-02-02 18:15:05,58834.0
2013-02-03 18:15:05,56212.0
2013-02-04 18:15:05,57480.0
2013-02-05 18:15:05,53445.0
2013-02-06 18:15:05,44783.0
2013-02-07 18:15:05,58215.0
2013-02-08 18:15:05,65928.0
2013-02-09 18:15:05,50847.0
2013-02-10 18:15:05,57363.0
2013-02-11 18:15:05,58835.0
2013-02-12 18:15:05,58851.0
2013-02-13 18:15:05,57398.0
2013-02-14 18:15:05,53849.0
2013-02-15 18:15:05,57505.0
2013-02-16 18:15:05,51218.0
2013-02-17 18:15:05,50400.0
2013-02-18 18:15:05,46318.0
2013-02-19 18:15:05,55598.0
2013-02-20 18:15:05,57613.0
2013-02-21 18:15:05,58996.0
2013-02-22 18:15:05,58920.0
2013-02-23 18:15:05,59386.0
2013-02-24 18:15:05,57795.0
2013-02-25 18:15:05,65164.0
2013-02-26 18:15:05,62005.0
2013-02-27 18:15:05,62952.0
2013-02-28 18:15:05,60993.0
2013-03-01 18:15:05,65797.0
2013-03-02 18:15:05,60659.0
2013-03-03 18:15:05,49631.0
2013-03-04 18:15:05,64257.0
2013-03-05 18:15:05,56039.0
2013-03-06 18:15:05,66437.0
2013-03-07 18:15:05,62423.0
2013-03-08 18:15:05,64814.0
2013-03-09 18:15:05,47671.0
2013-03-10 18:15:05,71330.0
2013-03-11 18:15:05,67610.0
2013-03-12 18:15:05,44410.0
2013-03-13 18:15:05,56177.0
2013-03-14 18:15:05,58832.0
2013-03-15 18:15:05,60064.0
2013-03-16 18:15:05,43349.0
2013-03-17 18:15:05,34164.0
2013-03-18 18:15:05,39391.0
2013-03-19 18:15:05,48705.0
2013-03-20 18:15:05,42579.0
2013-03-21 18:15:05,53840.0
2013-03-22 18:15:05,60129.0
2013-03-23 18:15:05,58002.0
2013-03-24 18:15:05,49834.0
2013-03-25 18:15:05,51011.0
2013-03-26 18:15:05,47247.0
2013-03-27 18:15:05,51993.0
2013-03-28 18:15:05,57170.0
2013-03-29 18:15:05,66205.0
2013-03-30 18:15:05,59787.0
2013-03-31 18:15:05,44586.0
2013-04-01 18:15:05,52469.0
2013-04-02 18:15:05,60268.0
2013-04-03 18:15:05,65172.0
2013-04-04 18:15:05,69048.0
2013-04-05 18:15:05,56063.0
2013-04-06 18:15:05,57200.0
2013-04-07 18:15:05,58820.0
2013-04-08 18:15:05,63470.0
2013-04-09 18:15:05,61429.0
2013-04-10 18:15:05,68820.0
2013-04-11 18:15:05,67725.0
2013-04-12 18:15:05,60395.0
2013-04-13 18:15:05,55361.0
2013-04-14 18:15:05,53417.0
2013-04-15 18:15:05,55211.0
2013-04-16 18:15:05,65797.0
2013-04-17 18:15:05,56164.0
2013-04-18 18:15:05,52605.0
2013-04-19 18:15:05,57863.0
2013-04-20 18:15:05,48016.0
2013-04-21 18:15:05,45154.0
2013-04-22 18:15:05,46737.0
2013-04-23 18:15:05,57304.0
2013-04-24 18:15:05,67982.0
2013-04-25 18:15:05,61214.0
2013-04-26 18:15:05,56533.0
2013-04-27 18:15:05,48325.0
2013-04-28 18:15:05,40986.0
2013-04-29 18:15:05,50009.0
2013-04-30 18:15:05,48795.0
2013-05-01 18:15:05,50437.0
2013-05-02 18:15:05,57278.0
2013-05-03 18:15:05,55859.0
2013-05-04 18:15:05,48349.0
2013-05-05 18:15:05,49419.0
2013-05-06 18:15:05,51244.0
2013-05-07 18:15:05,59215.0
2013-05-08 18:15:05,47359.0
2013-05-09 18:15:05,66370.0
2013-05-10 18:15:05,67937.0
2013-05-11 18:15:05,70410.0
2013-05-12 18:15:05,69320.0
2013-05-13 18:15:05,62190.0
2013-05-14 18:15:05,63287.0
2013-05-15 18:15:05,66411.0
2013-05-16 18:15:05,60543.0
2013-05-17 18:15:05,60896.0
2013-05-18 18:15:05,51982.0
2013-05-19 18:15:05,47090.0
2013-05-20 18:15:05,50093.0
2013-05-21 18:15:05,54664.0
2013-05-22 18:15:05,53981.0
2013-05-23 18:15:05,54824.0
2013-05-24 18:15:05,55106.0
2013-05-25 18:15:05,55836.0
2013-05-26 18:15:05,39879.0
2013-05-27 18:15:05,52377.0
2013-05-28 18:15:05,55138.0
2013-05-29 18:15:05,54919.0
2013-05-30 18:15:05,57170.0
2013-05-31 18:15:05,57616.0
2013-06-01 18:15:05,52390.0
2013-06-02 18:15:05,51011.0
2013-06-03 18:15:05,52048.0
2013-06-04 18:15:05,60118.0
2013-06-05 18:15:05,54947.0
2013-06-06 18:15:05,55918.0
2013-06-07 18:15:05,54331.0
2013-06-08 18:15:05,47973.0
2013-06-09 18:15:05,46237.0
2013-06-10 18:15:05,42406.0
2013-06-11 18:15:05,51208.0
2013-06-12 18:15:05,46417.0
2013-06-13 18:15:05,43302.0
2013-06-14 18:15:05,48124.0
2013-06-15 18:15:05,41531.0
2013-06-16 18:15:05,40076.0
2013-06-17 18:15:05,43399.0
2013-06-18 18:15:05,47025.0
2013-06-19 18:15:05,46903.0
2013-06-20 18:15:05,49440.0
2013-06-21 18:15:05,52994.0
2013-06-22 18:15:05,42571.0
2013-06-23 18:15:05,40634.0
2013-06-24 18:15:05,40963.0
2013-06-25 18:15:05,45588.0
2013-06-26 18:15:05,45576.0
2013-06-27 18:15:05,46797.0
2013-06-28 18:15:05,48324.0
2013-06-29 18:15:05,38973.0
2013-06-30 18:15:05,32994.0
2013-07-01 18:15:05,34053.0
2013-07-02 18:15:05,43264.0
2013-07-03 18:15:05,35351.0
2013-07-04 18:15:05,34560.0
2013-07-05 18:15:05,36291.0
2013-07-06 18:15:05,36979.0
2013-07-07 18:15:05,28865.0
2013-07-08 18:15:05,36912.0
2013-07-09 18:15:05,41777.0
2013-07-10 18:15:05,39340.0
2013-07-11 18:15:05,41040.0
2013-07-12 18:15:05,50045.0
2013-07-13 18:15:05,40313.0
2013-07-14 18:15:05,34150.0
2013-07-15 18:15:05,36738.0
2013-07-16 18:15:05,38784.0
2013-07-17 18:15:05,39565.0
2013-07-18 18:15:05,41257.0
2013-07-19 18:15:05,38020.0
2013-07-20 18:15:05,33626.0
2013-07-21 18:15:05,36884.0
2013-07-22 18:15:05,37257.0
2013-07-23 18:15:05,39644.0
2013-07-24 18:15:05,39963.0
2013-07-25 18:15:05,42304.0
2013-07-26 18:15:05,41428.0
2013-07-27 18:15:05,35987.0
2013-07-28 18:15:05,33111.0
2013-07-29 18:15:05,44260.0
2013-07-30 18:15:05,39998.0
2013-07-31 18:15:05,51919.0
2013-08-01 18:15:05,45823.0
2013-08-02 18:15:05,53174.0
2013-08-03 18:15:05,49065.0
2013-08-04 18:15:05,44605.0
2013-08-05 18:15:05,47903.0
2013-08-06 18:15:05,52260.0
2013-08-07 18:15:05,57225.0
2013-08-08 18:15:05,57036.0
2013-08-09 18:15:05,53241.0
2013-08-10 18:15:05,52040.0
2013-08-11 18:15:05,41059.0
2013-08-12 18:15:05,45811.0
2013-08-13 18:15:05,53484.0
2013-08-14 18:15:05,50484.0
2013-08-15 18:15:05,59029.0
2013-08-16 18:15:05,68301.0
2013-08-17 18:15:05,59253.0
2013-08-18 18:15:05,53134.0
2013-08-19 18:15:05,69938.0
2013-08-20 18:15:05,66539.0
2013-08-21 18:15:05,63416.0
2013-08-22 18:15:05,62772.0
2013-08-23 18:15:05,59969.0
2013-08-24 18:15:05,51085.0
2013-08-25 18:15:05,45094.0
2013-08-26 18:15:05,53528.0
2013-08-27 18:15:05,61016.0
2013-08-28 18:15:05,63645.0
2013-08-29 18:15:05,61525.0
2013-08-30 18:15:05,60716.0
2013-08-31 18:15:05,52533.0
2013-09-01 18:15:05,45578.0
2013-09-02 18:15:05,50456.0
2013-09-03 18:15:05,50503.0
2013-09-04 18:15:05,51136.0
2013-09-05 18:15:05,60222.0
2013-09-06 18:15:05,63412.0
2013-09-07 18:15:05,54231.0
2013-09-08 18:15:05,46470.0
2013-09-09 18:15:05,54966.0
2013-09-10 18:15:05,53551.0
2013-09-11 18:15:05,49512.0
2013-09-12 18:15:05,50982.0
2013-09-13 18:15:05,48362.0
2013-09-14 18:15:05,47147.0
2013-09-15 18:15:05,46764.0
2013-09-16 18:15:05,50391.0
2013-09-17 18:15:05,66291.0
2013-09-18 18:15:05,64383.0
2013-09-19 18:15:05,59004.0
2013-09-20 18:15:05,58990.0
2013-09-21 18:15:05,53286.0
2013-09-22 18:15:05,52686.0
2013-09-23 18:15:05,60286.0
2013-09-24 18:15:05,63563.0
2013-09-25 18:15:05,58150.0
2013-09-26 18:15:05,54262.0
2013-09-27 18:15:05,50429.0
2013-09-28 18:15:05,44660.0
2013-09-29 18:15:05,41741.0
2013-09-30 18:15:05,42073.0
2013-10-01 18:15:05,55320.0
2013-10-02 18:15:05,60542.0
2013-10-03 18:15:05,61708.0
2013-10-04 18:15:05,54796.0
2013-10-05 18:15:05,47895.0
2013-10-06 18:15:05,44751.0
2013-10-07 18:15:05,43235.0
2013-10-08 18:15:05,42865.0
2013-10-09 18:15:05,46991.0
2013-10-10 18:15:05,57769.0
2013-10-11 18:15:05,54449.0
2013-10-12 18:15:05,49674.0
2013-10-13 18:15:05,51248.0
2013-10-14 18:15:05,55763.0
2013-10-15 18:15:05,57320.0
2013-10-16 18:15:05,51947.0
2013-10-17 18:15:05,45193.0
2013-10-18 18:15:05,60446.0
2013-10-19 18:15:05,54639.0
2013-10-20 18:15:05,49864.0
2013-10-21 18:15:05,58142.0
2013-10-22 18:15:05,64906.0
2013-10-23 18:15:05,54572.0
2013-10-24 18:15:05,63265.0
2013-10-25 18:15:05,59853.0
2013-10-26 18:15:05,49353.0
2013-10-27 18:15:05,44388.0
2013-10-28 18:15:05,48635.0
2013-10-29 18:15:05,51237.0
2013-10-30 18:15:05,47911.0
2013-10-31 18:15:05,56476.0
2013-11-01 18:15:05,48306.0
2013-11-02 18:15:05,41179.0
2013-11-03 18:15:05,35815.0
2013-11-04 18:15:05,42094.0
2013-11-05 18:15:05,51134.0
2013-11-06 18:15:05,55035.0
2013-11-07 18:15:05,58631.0
2013-11-08 18:15:05,59961.0
2013-11-09 18:15:05,57804.0
2013-11-10 18:15:05,57169.0
2013-11-11 18:15:05,54558.0
2013-11-12 18:15:05,58510.0
2013-11-13 18:15:05,63151.0
2013-11-14 18:15:05,70175.0
2013-11-15 18:15:05,62100.0
2013-11-16 18:15:05,51595.0
2013-11-17 18:15:05,48041.0
2013-11-18 18:15:05,73198.0
2013-11-19 18:15:05,93322.0
2013-11-20 18:15:05,77962.0
2013-11-21 18:15:05,71024.0
2013-11-22 18:15:05,76646.0
2013-11-23 18:15:05,75165.0
2013-11-24 18:15:05,60018.0
2013-11-25 18:15:05,71937.0
2013-11-26 18:15:05,80055.0
2013-11-27 18:15:05,91169.0
2013-11-28 18:15:05,102010.0
2013-11-29 18:15:05,90409.0
2013-11-30 18:15:05,80868.0
2013-12-01 18:15:05,67175.0
2013-12-02 18:15:05,74324.0
2013-12-03 18:15:05,78202.0
2013-12-04 18:15:05,79738.0
2013-12-05 18:15:05,84995.0
2013-12-06 18:15:05,71277.0
2013-12-07 18:15:05,75125.0
2013-12-08 18:15:05,49174.0
2013-12-09 18:15:05,57289.0
2013-12-10 18:15:05,67874.0
2013-12-11 18:15:05,68381.0
2013-12-12 18:15:05,59677.0
2013-12-13 18:15:05,59827.0
2013-12-14 18:15:05,55858.0
2013-12-15 18:15:05,51885.0
2013-12-16 18:15:05,63090.0
2013-12-17 18:15:05,71588.0
2013-12-18 18:15:05,81656.0
2013-12-19 18:15:05,68814.0
2013-12-20 18:15:05,69475.0
2013-12-21 18:15:05,59140.0
2013-12-22 18:15:05,51543.0
2013-12-23 18:15:05,52033.0
2013-12-24 18:15:05,56872.0
2013-12-25 18:15:05,57077.0
2013-12-26 18:15:05,48575.0
2013-12-27 18:15:05,55170.0
2013-12-28 18:15:05,47777.0
2013-12-29 18:15:05,49031.0
2013-12-30 18:15:05,56501.0
2013-12-31 18:15:05,52382.0
2014-01-01 18:15:05,41476.0
2014-01-02 18:15:05,48424.0
2014-01-03 18:15:05,63821.0
2014-01-04 18:15:05,53978.0
2014-01-05 18:15:05,55761.0
2014-01-06 18:15:05,67597.0
2014-01-07 18:15:05,62126.0
2014-01-08 18:15:05,62884.0
2014-01-09 18:15:05,58365.0
2014-01-10 18:15:05,56746.0
2014-01-11 18:15:05,56464.0
2014-01-12 18:15:05,49308.0
2014-01-13 18:15:05,54756.0
2014-01-14 18:15:05,55579.0
2014-01-15 18:15:05,60392.0
2014-01-16 18:15:05,57592.0
2014-01-17 18:15:05,58397.0
2014-01-18 18:15:05,53290.0
2014-01-19 18:15:05,49224.0
2014-01-20 18:15:05,58819.0
2014-01-21 18:15:05,71521.0
2014-01-22 18:15:05,66358.0
2014-01-23 18:15:05,63527.0
2014-01-24 18:15:05,67893.0
2014-01-25 18:15:05,55371.0
2014-01-26 18:15:05,51630.0
2014-01-27 18:15:05,60746.0
2014-01-28 18:15:05,65687.0
2014-01-29 18:15:05,61786.0
2014-01-30 18:15:05,60919.0
2014-01-31 18:15:05,61999.0
2014-02-01 18:15:05,56840.0
2014-02-02 18:15:05,50400.0
2014-02-03 18:15:05,58901.0
2014-02-04 18:15:05,65812.0
2014-02-05 18:15:05,67952.0
2014-02-06 18:15:05,69721.0
2014-02-07 18:15:05,71870.0
2014-02-08 18:15:05,64069.0
2014-02-09 18:15:05,59284.0
2014-02-10 18:15:05,67622.0
2014-02-11 18:15:05,62872.0
2014-02-12 18:15:05,62805.0
2014-02-13 18:15:05,66888.0
2014-02-14 18:15:05,76660.0
2014-02-15 18:15:05,64107.0
2014-02-16 18:15:05,56785.0
2014-02-17 18:15:05,57119.0
2014-02-18 18:15:05,68333.0
2014-02-19 18:15:05,66351.0
2014-02-20 18:15:05,71666.0
2014-02-21 18:15:05,73513.0
2014-02-22 18:15:05,59691.0
2014-02-23 18:15:05,58632.0
2014-02-24 18:15:05,68496.0
2014-02-25 18:15:05,84004.0
2014-02-26 18:15:05,71527.0
2014-02-27 18:15:05,71447.0
2014-02-28 18:15:05,71658.0
2014-03-01 18:15:05,63344.0
2014-03-02 18:15:05,59067.0
2014-03-03 18:15:05,72585.0
2014-03-04 18:15:05,85916.0
2014-03-05 18:15:05,74178.0
2014-03-06 18:15:05,71619.0
2014-03-07 18:15:05,69559.0
2014-03-08 18:15:05,71019.0
2014-03-09 18:15:05,61289.0
2014-03-10 18:15:05,66786.0
2014-03-11 18:15:05,76086.0
2014-03-12 18:15:05,76019.0
2014-03-13 18:15:05,75356.0
2014-03-14 18:15:05,68735.0
2014-03-15 18:15:05,65898.0
2014-03-16 18:15:05,58730.0
2014-03-17 18:15:05,64937.0
2014-03-18 18:15:05,57881.0
2014-03-19 18:15:05,67419.0
2014-03-20 18:15:05,72117.0
2014-03-21 18:15:05,73981.0
2014-03-22 18:15:05,69139.0
2014-03-23 18:15:05,56822.0
2014-03-24 18:15:05,67382.0
2014-03-25 18:15:05,72484.0
2014-03-26 18:15:05,69897.0
2014-03-27 18:15:05,70940.0
2014-03-28 18:15:05,69155.0
2014-03-29 18:15:05,54949.0
2014-03-30 18:15:05,55333.0
2014-03-31 18:15:05,63096.0
2014-04-01 18:15:05,64692.0
2014-04-02 18:15:05,66756.0
2014-04-03 18:15:05,67292.0
2014-04-04 18:15:05,65578.0
2014-04-05 18:15:05,59610.0
2014-04-06 18:15:05,47456.0
2014-04-07 18:15:05,62222.0
2014-04-08 18:15:05,70101.0
2014-04-09 18:15:05,64278.0
2014-04-10 18:15:05,69074.0
2014-04-11 18:15:05,66874.0
2014-04-12 18:15:05,51907.0
2014-04-13 18:15:05,49420.0
2014-04-14 18:15:05,64331.0
2014-04-15 18:15:05,74882.0
2014-04-16 18:15:05,68402.0
2014-04-17 18:15:05,67212.0
2014-04-18 18:15:05,56600.0
2014-04-19 18:15:05,56685.0
2014-04-20 18:15:05,49394.0
2014-04-21 18:15:05,57961.0
2014-04-22 18:15:05,73292.0
2014-04-23 18:15:05,72147.0
2014-04-24 18:15:05,67659.0
2014-04-25 18:15:05,78038.0
2014-04-26 18:15:05,58437.0
2014-04-27 18:15:05,50392.0
2014-04-28 18:15:05,62886.0
2014-04-29 18:15:05,64207.0
2014-04-30 18:15:05,63947.0
2014-05-01 18:15:05,60910.0
2014-05-02 18:15:05,60401.0
2014-05-03 18:15:05,56112.0
2014-05-04 18:15:05,51251.0
2014-05-05 18:15:05,63433.0
2014-05-06 18:15:05,76736.0
2014-05-07 18:15:05,70424.0
2014-05-08 18:15:05,68393.0
2014-05-09 18:15:05,67693.0
2014-05-10 18:15:05,59795.0
2014-05-11 18:15:05,51666.0
2014-05-12 18:15:05,70064.0
2014-05-13 18:15:05,70672.0
2014-05-14 18:15:05,70031.0
2014-05-15 18:15:05,72761.0
2014-05-16 18:15:05,68893.0
2014-05-17 18:15:05,55577.0
2014-05-18 18:15:05,50661.0
2014-05-19 18:15:05,60368.0
2014-05-20 18:15:05,69552.0
2014-05-21 18:15:05,71120.0
2014-05-22 18:15:05,71026.0
2014-05-23 18:15:05,74593.0
2014-05-24 18:15:05,58146.0
2014-05-25 18:15:05,53928.0
2014-05-26 18:15:05,65795.0
2014-05-27 18:15:05,67040.0
2014-05-28 18:15:05,72377.0
2014-05-29 18:15:05,65930.0
2014-05-30 18:15:05,66935.0
2014-05-31 18:15:05,55166.0
2014-06-01 18:15:05,52976.0
2014-06-02 18:15:05,61179.0
2014-06-03 18:15:05,69911.0
2014-06-04 18:15:05,66435.0
2014-06-05 18:15:05,66695.0
2014-06-06 18:15:05,64859.0
2014-06-07 18:15:05,53216.0
2014-06-08 18:15:05,47730.0
2014-06-09 18:15:05,56017.0
2014-06-10 18:15:05,65460.0
2014-06-11 18:15:05,61611.0
2014-06-12 18:15:05,61583.0
2014-06-13 18:15:05,65091.0
2014-06-14 18:15:05,58961.0
2014-06-15 18:15:05,53782.0
2014-06-16 18:15:05,65347.0
2014-06-17 18:15:05,67270.0
2014-06-18 18:15:05,66992.0
2014-06-19 18:15:05,62320.0
2014-06-20 18:15:05,59884.0
2014-06-21 18:15:05,51831.0
2014-06-22 18:15:05,50429.0
2014-06-23 18:15:05,56648.0
2014-06-24 18:15:05,64766.0
2014-06-25 18:15:05,63760.0
2014-06-26 18:15:05,62354.0
2014-06-27 18:15:05,62721.0
2014-06-28 18:15:05,56883.0
2014-06-29 18:15:05,52251.0
2014-06-30 18:15:05,62009.0
2014-07-01 18:15:05,71054.0
2014-07-02 18:15:05,67724.0
2014-07-03 18:15:05,63272.0
2014-07-04 18:15:05,61901.0
2014-07-05 18:15:05,48515.0
2014-07-06 18:15:05,53366.0
2014-07-07 18:15:05,59986.0
2014-07-08 18:15:05,70042.0
2014-07-09 18:15:05,70745.0
2014-07-10 18:15:05,64146.0
2014-07-11 18:15:05,59949.0
2014-07-12 18:15:05,54181.0
2014-07-13 18:15:05,53123.0
2014-07-14 18:15:05,59877.0
2014-07-15 18:15:05,69471.0
2014-07-16 18:15:05,67767.0
2014-07-17 18:15:05,68638.0
2014-07-18 18:15:05,62427.0
2014-07-19 18:15:05,58490.0
2014-07-20 18:15:05,54742.0
2014-07-21 18:15:05,61580.0
2014-07-22 18:15:05,66921.0
2014-07-23 18:15:05,68901.0
2014-07-24 18:15:05,64815.0
2014-07-25 18:15:05,63135.0
2014-07-26 18:15:05,57528.0
2014-07-27 18:15:05,53055.0
2014-07-28 18:15:05,59561.0
2014-07-29 18:15:05,64697.0
2014-07-30 18:15:05,64442.0
2014-07-31 18:15:05,67721.0
2014-08-01 18:15:05,69283.0
2014-08-02 18:15:05,59888.0
2014-08-03 18:15:05,52550.0
2014-08-04 18:15:05,63052.0
2014-08-05 18:15:05,72928.0
2014-08-06 18:15:05,78820.0
2014-08-07 18:15:05,70732.0
2014-08-08 18:15:05,69125.0
2014-08-09 18:15:05,62960.0
2014-08-10 18:15:05,58486.0
2014-08-11 18:15:05,70184.0
2014-08-12 18:15:05,78844.0
2014-08-13 18:15:05,75011.0
2014-08-14 18:15:05,81193.0
2014-08-15 18:15:05,69698.0
2014-08-16 18:15:05,75339.0
2014-08-17 18:15:05,59319.0
2014-08-18 18:15:05,67980.0
2014-08-19 18:15:05,75458.0
2014-08-20 18:15:05,73098.0
2014-08-21 18:15:05,75470.0
2014-08-22 18:15:05,68234.0
2014-08-23 18:15:05,60189.0
2014-08-24 18:15:05,55023.0
2014-08-25 18:15:05,66411.0
2014-08-26 18:15:05,73919.0
2014-08-27 18:15:05,74318.0
2014-08-28 18:15:05,69208.0
2014-08-29 18:15:05,67664.0
2014-08-30 18:15:05,63834.0
2014-08-31 18:15:05,59751.0
2014-09-01 18:15:05,66205.0
2014-09-02 18:15:05,71539.0
2014-09-03 18:15:05,72036.0
2014-09-04 18:15:05,70940.0
2014-09-05 18:15:05,67048.0
2014-09-06 18:15:05,67529.0
2014-09-07 18:15:05,59519.0
2014-09-08 18:15:05,71754.0
2014-09-09 18:15:05,79868.0
2014-09-10 18:15:05,76417.0
2014-09-11 18:15:05,67673.0
2014-09-12 18:15:05,66303.0
2014-09-13 18:15:05,62609.0
2014-09-14 18:15:05,66033.0
2014-09-15 18:15:05,74142.0
2014-09-16 18:15:05,89326.0
2014-09-17 18:15:05,79784.0
2014-09-18 18:15:05,79754.0
2014-09-19 18:15:05,71627.0
2014-09-20 18:15:05,62315.0
2014-09-21 18:15:05,63151.0
2014-09-22 18:15:05,68526.0
2014-09-23 18:15:05,71140.0
2014-09-24 18:15:05,81104.0
2014-09-25 18:15:05,77564.0
2014-09-26 18:15:05,73278.0
2014-09-27 18:15:05,66942.0
2014-09-28 18:15:05,62200.0
2014-09-29 18:15:05,73283.0
2014-09-30 18:15:05,78590.0
2014-10-01 18:15:05,78197.0
2014-10-02 18:15:05,74630.0
2014-10-03 18:15:05,72698.0
2014-10-04 18:15:05,70430.0
2014-10-05 18:15:05,66673.0
2014-10-06 18:15:05,75126.0
2014-10-07 18:15:05,78745.0
2014-10-08 18:15:05,80324.0
2014-10-09 18:15:05,78944.0
2014-10-10 18:15:05,84811.0
2014-10-11 18:15:05,65724.0
2014-10-12 18:15:05,63946.0
2014-10-13 18:15:05,75304.0
2014-10-14 18:15:05,81491.0
2014-10-15 18:15:05,77131.0
2014-10-16 18:15:05,74010.0
2014-10-17 18:15:05,71826.0
2014-10-18 18:15:05,69474.0
2014-10-19 18:15:05,62664.0
2014-10-20 18:15:05,78443.0
2014-10-21 18:15:05,81421.0
2014-10-22 18:15:05,79546.0
2014-10-23 18:15:05,79173.0
2014-10-24 18:15:05,81643.0
2014-10-25 18:15:05,73440.0
2014-10-26 18:15:05,70537.0
2014-10-27 18:15:05,80135.0
2014-10-28 18:15:05,88600.0
2014-10-29 18:15:05,90268.0
2014-10-30 18:15:05,93338.0
2014-10-31 18:15:05,88062.0
2014-11-01 18:15:05,74548.0
2014-11-02 18:15:05,75827.0
2014-11-03 18:15:05,84522.0
2014-11-04 18:15:05,90386.0
2014-11-05 18:15:05,89249.0
2014-11-06 18:15:05,90341.0
2014-11-07 18:15:05,89542.0
2014-11-08 18:15:05,75950.0
2014-11-09 18:15:05,72217.0
2014-11-10 18:15:05,84819.0
2014-11-11 18:15:05,87338.0
2014-11-12 18:15:05,87769.0
2014-11-13 18:15:05,100117.0
2014-11-14 18:15:05,88631.0
2014-11-15 18:15:05,74831.0
2014-11-16 18:15:05,73338.0
2014-11-17 18:15:05,85201.0
2014-11-18 18:15:05,87524.0
2014-11-19 18:15:05,87321.0
2014-11-20 18:15:05,85497.0
2014-11-21 18:15:05,86577.0
2014-11-22 18:15:05,77832.0
2014-11-23 18:15:05,75041.0
2014-11-24 18:15:05,83797.0
2014-11-25 18:15:05,82813.0
2014-11-26 18:15:05,90019.0
2014-11-27 18:15:05,82979.0
2014-11-28 18:15:05,85987.0
2014-11-29 18:15:05,81452.0
2014-11-30 18:15:05,80934.0
2014-12-01 18:15:05,95220.0
2014-12-02 18:15:05,100786.0
2014-12-03 18:15:05,97296.0
2014-12-04 18:15:05,100829.0
2014-12-05 18:15:05,92900.0
2014-12-06 18:15:05,83633.0
2014-12-07 18:15:05,77357.0
2014-12-08 18:15:05,84498.0
2014-12-09 18:15:05,89587.0
2014-12-10 18:15:05,90695.0
2014-12-11 18:15:05,85829.0
2014-12-12 18:15:05,80103.0
2014-12-13 18:15:05,79512.0
2014-12-14 18:15:05,73926.0
2014-12-15 18:15:05,95727.0
2014-12-16 18:15:05,98790.0
2014-12-17 18:15:05,93704.0
2014-12-18 18:15:05,103161.0
2014-12-19 18:15:05,92052.0
2014-12-20 18:15:05,91493.0
2014-12-21 18:15:05,80829.0
2014-12-22 18:15:05,89437.0
2014-12-23 18:15:05,99770.0
2014-12-24 18:15:05,89515.0
2014-12-25 18:15:05,70684.0
2014-12-26 18:15:05,71700.0
2014-12-27 18:15:05,78776.0
2014-12-28 18:15:05,74773.0
2014-12-29 18:15:05,79812.0
2014-12-30 18:15:05,85247.0
2014-12-31 18:15:05,83768.0
2015-01-01 18:15:05,58963.0
2015-01-02 18:15:05,72234.0
2015-01-03 18:15:05,82832.0
2015-01-04 18:15:05,85570.0
2015-01-05 18:15:05,93753.0
2015-01-06 18:15:05,87160.0
2015-01-07 18:15:05,92912.0
2015-01-08 18:15:05,99126.0
2015-01-09 18:15:05,105211.0
2015-01-10 18:15:05,105895.0
2015-01-11 18:15:05,93957.0
2015-01-12 18:15:05,98185.0
2015-01-13 18:15:05,99090.0
2015-01-14 18:15:05,104481.0
2015-01-15 18:15:05,115787.0
2015-01-16 18:15:05,112530.0
2015-01-17 18:15:05,89839.0
2015-01-18 18:15:05,87047.0
2015-01-19 18:15:05,94096.0
2015-01-20 18:15:05,98890.0
2015-01-21 18:15:05,100251.0
2015-01-22 18:15:05,94979.0
2015-01-23 18:15:05,87217.0
2015-01-24 18:15:05,89630.0
2015-01-25 18:15:05,82358.0
2015-01-26 18:15:05,105423.0
2015-01-27 18:15:05,99035.0
2015-01-28 18:15:05,89287.0
2015-01-29 18:15:05,88519.0
2015-01-30 18:15:05,86360.0
2015-01-31 18:15:05,83762.0
2015-02-01 18:15:05,79193.0
2015-02-02 18:15:05,83230.0
2015-02-03 18:15:05,93499.0
2015-02-04 18:15:05,89353.0
2015-02-05 18:15:05,90028.0
2015-02-06 18:15:05,83440.0
2015-02-07 18:15:05,86207.0
2015-02-08 18:15:05,82716.0
2015-02-09 18:15:05,95860.0
2015-02-10 18:15:05,103551.0
2015-02-11 18:15:05,98701.0
2015-02-12 18:15:05,93868.0
2015-02-13 18:15:05,107390.0
2015-02-14 18:15:05,107004.0
2015-02-15 18:15:05,85355.0
2015-02-16 18:15:05,103339.0
2015-02-17 18:15:05,98899.0
2015-02-18 18:15:05,104555.0
2015-02-19 18:15:05,96005.0
2015-02-20 18:15:05,96709.0
2015-02-21 18:15:05,92541.0
2015-02-22 18:15:05,86028.0
2015-02-23 18:15:05,96936.0
2015-02-24 18:15:05,104463.0
2015-02-25 18:15:05,104785.0
2015-02-26 18:15:05,101348.0
2015-02-27 18:15:05,103395.0
2015-02-28 18:15:05,90259.0
2015-03-01 18:15:05,86274.0
2015-03-02 18:15:05,102935.0
2015-03-03 18:15:05,109142.0
2015-03-04 18:15:05,104846.0
2015-03-05 18:15:05,96611.0
2015-03-06 18:15:05,96367.0
2015-03-07 18:15:05,94270.0
2015-03-08 18:15:05,86526.0
2015-03-09 18:15:05,96449.0
2015-03-10 18:15:05,112347.0
2015-03-11 18:15:05,102856.0
2015-03-12 18:15:05,97654.0
2015-03-13 18:15:05,96745.0
2015-03-14 18:15:05,88828.0
2015-03-15 18:15:05,84477.0
2015-03-16 18:15:05,97794.0
2015-03-17 18:15:05,104238.0
2015-03-18 18:15:05,102985.0
2015-03-19 18:15:05,102414.0
2015-03-20 18:15:05,103109.0
2015-03-21 18:15:05,100458.0
2015-03-22 18:15:05,84331.0
2015-03-23 18:15:05,106330.0
2015-03-24 18:15:05,96397.0
2015-03-25 18:15:05,93930.0
2015-03-26 18:15:05,98391.0
2015-03-27 18:15:05,106302.0
2015-03-28 18:15:05,90053.0
2015-03-29 18:15:05,87456.0
2015-03-30 18:15:05,102105.0
2015-03-31 18:15:05,105294.0
2015-04-01 18:15:05,126590.0
2015-04-02 18:15:05,115686.0
2015-04-03 18:15:05,103760.0
2015-04-04 18:15:05,94152.0
2015-04-05 18:15:05,94048.0
2015-04-06 18:15:05,100949.0
2015-04-07 18:15:05,111786.0
2015-04-08 18:15:05,108047.0
2015-04-09 18:15:05,117822.0
2015-04-10 18:15:05,114091.0
2015-04-11 18:15:05,103454.0
2015-04-12 18:15:05,88884.0
2015-04-13 18:15:05,105282.0
2015-04-14 18:15:05,113372.0
2015-04-15 18:15:05,105461.0
2015-04-16 18:15:05,104063.0
2015-04-17 18:15:05,102089.0
2015-04-18 18:15:05,100484.0
2015-04-19 18:15:05,86313.0
2015-04-20 18:15:05,115128.0
2015-04-21 18:15:05,114061.0
2015-04-22 18:15:05,113657.0
2015-04-23 18:15:05,107241.0
2015-04-24 18:15:05,110568.0
2015-04-25 18:15:05,100790.0
2015-04-26 18:15:05,93761.0
2015-04-27 18:15:05,109382.0
2015-04-28 18:15:05,112434.0
2015-04-29 18:15:05,116989.0
2015-04-30 18:15:05,114070.0
2015-05-01 18:15:05,105236.0
2015-05-02 18:15:05,96416.0
2015-05-03 18:15:05,86037.0
2015-05-04 18:15:05,94120.0
2015-05-05 18:15:05,114171.0
2015-05-06 18:15:05,113496.0
2015-05-07 18:15:05,113420.0
2015-05-08 18:15:05,108365.0
2015-05-09 18:15:05,98717.0
2015-05-10 18:15:05,90054.0
2015-05-11 18:15:05,102966.0
2015-05-12 18:15:05,114424.0
2015-05-13 18:15:05,108615.0
2015-05-14 18:15:05,101228.0
2015-05-15 18:15:05,107882.0
2015-05-16 18:15:05,93025.0
2015-05-17 18:15:05,85578.0
2015-05-18 18:15:05,97915.0
2015-05-19 18:15:05,106503.0
2015-05-20 18:15:05,107683.0
2015-05-21 18:15:05,99962.0
2015-05-22 18:15:05,100591.0
2015-05-23 18:15:05,92674.0
2015-05-24 18:15:05,87996.0
2015-05-25 18:15:05,105519.0
2015-05-26 18:15:05,106971.0
2015-05-27 18:15:05,108558.0
2015-05-28 18:15:05,109786.0
2015-05-29 18:15:05,123148.0
2015-05-30 18:15:05,132907.0
2015-05-31 18:15:05,96037.0
2015-06-01 18:15:05,116959.0
2015-06-02 18:15:05,133489.0
2015-06-03 18:15:05,125399.0
2015-06-04 18:15:05,123893.0
2015-06-05 18:15:05,109700.0
2015-06-06 18:15:05,102005.0
2015-06-07 18:15:05,88440.0
2015-06-08 18:15:05,94037.0
2015-06-09 18:15:05,115633.0
2015-06-10 18:15:05,133064.0
2015-06-11 18:15:05,125147.0
2015-06-12 18:15:05,125022.0
2015-06-13 18:15:05,112813.0
2015-06-14 18:15:05,100512.0
2015-06-15 18:15:05,122279.0
2015-06-16 18:15:05,124094.0
2015-06-17 18:15:05,133747.0
2015-06-18 18:15:05,122001.0
2015-06-19 18:15:05,125430.0
2015-06-20 18:15:05,114779.0
2015-06-21 18:15:05,91203.0
2015-06-22 18:15:05,111788.0
2015-06-23 18:15:05,128795.0
2015-06-24 18:15:05,114471.0
2015-06-25 18:15:05,113329.0
2015-06-26 18:15:05,115640.0
2015-06-27 18:15:05,108876.0
2015-06-28 18:15:05,97690.0
2015-06-29 18:15:05,117119.0
2015-06-30 18:15:05,149003.0
2015-07-01 18:15:05,150917.0
2015-07-02 18:15:05,135567.0
2015-07-03 18:15:05,138811.0
2015-07-04 18:15:05,114310.0
2015-07-05 18:15:05,101714.0
2015-07-06 18:15:05,151741.0
2015-07-07 18:15:05,201921.0
2015-07-08 18:15:05,200420.0
2015-07-09 18:15:05,187202.0
2015-07-10 18:15:05,214487.0
2015-07-11 18:15:05,171652.0
2015-07-12 18:15:05,204729.0
2015-07-13 18:15:05,176542.0
2015-07-14 18:15:05,119707.0
2015-07-15 18:15:05,122340.0
2015-07-16 18:15:05,113812.0
2015-07-17 18:15:05,118048.0
2015-07-18 18:15:05,120617.0
2015-07-19 18:15:05,134643.0
2015-07-20 18:15:05,112440.0
2015-07-21 18:15:05,123367.0
2015-07-22 18:15:05,147520.0
2015-07-23 18:15:05,111582.0
2015-07-24 18:15:05,109852.0
2015-07-25 18:15:05,106038.0
2015-07-26 18:15:05,89650.0
2015-07-27 18:15:05,111331.0
2015-07-28 18:15:05,117412.0
2015-07-29 18:15:05,136195.0
2015-07-30 18:15:05,133697.0
2015-07-31 18:15:05,133640.0
2015-08-01 18:15:05,163175.0
2015-08-02 18:15:05,98976.0
2015-08-03 18:15:05,118560.0
2015-08-04 18:15:05,132719.0
2015-08-05 18:15:05,130246.0
2015-08-06 18:15:05,132494.0
2015-08-07 18:15:05,124658.0
2015-08-08 18:15:05,104420.0
2015-08-09 18:15:05,88425.0
2015-08-10 18:15:05,110686.0
2015-08-11 18:15:05,116923.0
2015-08-12 18:15:05,115754.0
2015-08-13 18:15:05,118336.0
2015-08-14 18:15:05,107950.0
2015-08-15 18:15:05,106119.0
2015-08-16 18:15:05,86583.0
2015-08-17 18:15:05,108249.0
2015-08-18 18:15:05,120131.0
2015-08-19 18:15:05,122864.0
2015-08-20 18:15:05,116834.0
2015-08-21 18:15:05,116311.0
2015-08-22 18:15:05,107795.0
2015-08-23 18:15:05,93783.0
2015-08-24 18:15:05,117026.0
2015-08-25 18:15:05,125060.0
2015-08-26 18:15:05,125549.0
2015-08-27 18:15:05,116334.0
2015-08-28 18:15:05,121692.0
2015-08-29 18:15:05,113722.0
2015-08-30 18:15:05,92338.0
2015-08-31 18:15:05,117985.0
2015-09-01 18:15:05,140970.0
2015-09-02 18:15:05,137743.0
2015-09-03 18:15:05,137446.0
2015-09-04 18:15:05,95408.0
2015-09-05 18:15:05,137427.0
2015-09-06 18:15:05,106101.0
2015-09-07 18:15:05,119041.0
2015-09-08 18:15:05,126751.0
2015-09-09 18:15:05,128619.0
2015-09-10 18:15:05,122783.0
2015-09-11 18:15:05,165288.0
2015-09-12 18:15:05,153538.0
2015-09-13 18:15:05,139320.0
2015-09-14 18:15:05,163531.0
2015-09-15 18:15:05,165993.0
2015-09-16 18:15:05,169059.0
2015-09-17 18:15:05,241346.0
2015-09-18 18:15:05,188330.0
2015-09-19 18:15:05,117999.0
2015-09-20 18:15:05,105933.0
2015-09-21 18:15:05,124667.0
2015-09-22 18:15:05,136822.0
2015-09-23 18:15:05,134964.0
2015-09-24 18:15:05,124822.0
2015-09-25 18:15:05,130740.0
2015-09-26 18:15:05,119594.0
2015-09-27 18:15:05,107256.0
2015-09-28 18:15:05,130885.0
2015-09-29 18:15:05,139440.0
2015-09-30 18:15:05,141351.0
2015-10-01 18:15:05,135885.0
2015-10-02 18:15:05,135941.0
2015-10-03 18:15:05,132880.0
2015-10-04 18:15:05,100858.0
2015-10-05 18:15:05,117528.0
2015-10-06 18:15:05,142346.0
2015-10-07 18:15:05,139516.0
2015-10-08 18:15:05,139590.0
2015-10-09 18:15:05,119490.0
2015-10-10 18:15:05,128618.0
2015-10-11 18:15:05,105878.0
2015-10-12 18:15:05,126927.0
2015-10-13 18:15:05,133757.0
2015-10-14 18:15:05,136259.0
2015-10-15 18:15:05,157228.0
2015-10-16 18:15:05,143885.0
2015-10-17 18:15:05,139308.0
2015-10-18 18:15:05,120858.0
2015-10-19 18:15:05,136583.0
2015-10-20 18:15:05,138080.0
2015-10-21 18:15:05,161031.0
2015-10-22 18:15:05,149891.0
2015-10-23 18:15:05,146222.0
2015-10-24 18:15:05,140827.0
2015-10-25 18:15:05,128209.0
2015-10-26 18:15:05,126041.0
2015-10-27 18:15:05,141609.0
2015-10-28 18:15:05,154774.0
2015-10-29 18:15:05,165622.0
2015-10-30 18:15:05,164938.0
2015-10-31 18:15:05,155292.0
2015-11-01 18:15:05,156648.0
2015-11-02 18:15:05,159656.0
2015-11-03 18:15:05,178027.0
2015-11-04 18:15:05,211121.0
2015-11-05 18:15:05,189326.0
2015-11-06 18:15:05,165214.0
2015-11-07 18:15:05,161595.0
2015-11-08 18:15:05,134785.0
2015-11-09 18:15:05,152795.0
2015-11-10 18:15:05,154030.0
2015-11-11 18:15:05,171159.0
2015-11-12 18:15:05,154219.0
2015-11-13 18:15:05,156988.0
2015-11-14 18:15:05,156065.0
2015-11-15 18:15:05,138467.0
2015-11-16 18:15:05,150942.0
2015-11-17 18:15:05,158254.0
2015-11-18 18:15:05,168587.0
2015-11-19 18:15:05,154561.0
2015-11-20 18:15:05,155128.0
2015-11-21 18:15:05,158852.0
2015-11-22 18:15:05,126564.0
2015-11-23 18:15:05,142698.0
2015-11-24 18:15:05,150056.0
2015-11-25 18:15:05,152463.0
2015-11-26 18:15:05,164730.0
2015-11-27 18:15:05,156739.0
2015-11-28 18:15:05,171602.0
2015-11-29 18:15:05,130758.0
2015-11-30 18:15:05,172183.0
2015-12-01 18:15:05,184404.0
2015-12-02 18:15:05,177277.0
2015-12-03 18:15:05,170317.0
2015-12-04 18:15:05,160944.0
2015-12-05 18:15:05,200213.0
2015-12-06 18:15:05,179777.0
2015-12-07 18:15:05,185788.0
2015-12-08 18:15:05,192097.0
2015-12-09 18:15:05,222503.0
2015-12-10 18:15:05,211452.0
2015-12-11 18:15:05,211198.0
2015-12-12 18:15:05,211456.0
2015-12-13 18:15:05,186151.0
2015-12-14 18:15:05,221499.0
2015-12-15 18:15:05,227706.0
2015-12-16 18:15:05,222531.0
2015-12-17 18:15:05,219600.0
2015-12-18 18:15:05,214387.0
2015-12-19 18:15:05,216944.0
2015-12-20 18:15:05,191441.0
2015-12-21 18:15:05,222112.0
2015-12-22 18:15:05,223130.0
2015-12-23 18:15:05,221289.0
2015-12-24 18:15:05,227189.0
2015-12-25 18:15:05,184124.0
2015-12-26 18:15:05,170904.0
2015-12-27 18:15:05,156554.0
2015-12-28 18:15:05,166837.0
2015-12-29 18:15:05,187040.0
2015-12-30 18:15:05,181836.0
2015-12-31 18:15:05,164132.0
2016-01-01 18:15:05,123623.0
2016-01-02 18:15:05,142904.0
2016-01-03 18:15:05,141064.0
2016-01-04 18:15:05,170176.0
2016-01-05 18:15:05,187012.0
2016-01-06 18:15:05,177478.0
2016-01-07 18:15:05,177873.0
2016-01-08 18:15:05,190001.0
2016-01-09 18:15:05,178374.0
2016-01-10 18:15:05,164687.0
2016-01-11 18:15:05,179771.0
2016-01-12 18:15:05,196656.0
2016-01-13 18:15:05,191628.0
2016-01-14 18:15:05,183390.0
2016-01-15 18:15:05,185105.0
2016-01-16 18:15:05,190301.0
2016-01-17 18:15:05,192731.0
2016-01-18 18:15:05,213934.0
2016-01-19 18:15:05,205735.0
2016-01-20 18:15:05,196033.0
2016-01-21 18:15:05,210240.0
2016-01-22 18:15:05,226106.0
2016-01-23 18:15:05,200913.0
2016-01-24 18:15:05,193572.0
2016-01-25 18:15:05,210592.0
2016-01-26 18:15:05,236175.0
2016-01-27 18:15:05,226385.0
2016-01-28 18:15:05,231454.0
2016-01-29 18:15:05,222622.0
2016-01-30 18:15:05,209984.0
2016-01-31 18:15:05,168625.0
2016-02-01 18:15:05,221764.0
2016-02-02 18:15:05,231998.0
2016-02-03 18:15:05,200087.0
2016-02-04 18:15:05,201065.0
2016-02-05 18:15:05,215910.0
2016-02-06 18:15:05,232752.0
2016-02-07 18:15:05,212134.0
2016-02-08 18:15:05,220559.0
2016-02-09 18:15:05,230799.0
2016-02-10 18:15:05,233941.0
2016-02-11 18:15:05,227463.0
2016-02-12 18:15:05,202906.0
2016-02-13 18:15:05,190560.0
2016-02-14 18:15:05,188927.0
2016-02-15 18:15:05,207397.0
2016-02-16 18:15:05,218780.0
2016-02-17 18:15:05,227403.0
2016-02-18 18:15:05,212765.0
2016-02-19 18:15:05,215552.0
2016-02-20 18:15:05,225259.0
2016-02-21 18:15:05,209276.0
2016-02-22 18:15:05,224964.0
2016-02-23 18:15:05,246578.0
2016-02-24 18:15:05,225112.0
2016-02-25 18:15:05,218699.0
2016-02-26 18:15:05,209880.0
2016-02-27 18:15:05,182423.0
2016-02-28 18:15:05,224697.0
2016-02-29 18:15:05,265695.0
2016-03-01 18:15:05,260619.0
2016-03-02 18:15:05,276448.0
2016-03-03 18:15:05,221257.0
2016-03-04 18:15:05,212104.0
2016-03-05 18:15:05,238117.0
2016-03-06 18:15:05,171486.0
2016-03-07 18:15:05,183530.0
2016-03-08 18:15:05,193929.0
2016-03-09 18:15:05,187623.0
2016-03-10 18:15:05,192611.0
2016-03-11 18:15:05,193874.0
2016-03-12 18:15:05,175428.0
2016-03-13 18:15:05,141116.0
2016-03-14 18:15:05,187401.0
2016-03-15 18:15:05,197677.0
2016-03-16 18:15:05,215973.0
2016-03-17 18:15:05,206973.0
2016-03-18 18:15:05,203578.0
2016-03-19 18:15:05,188863.0
2016-03-20 18:15:05,175963.0
2016-03-21 18:15:05,189228.0
2016-03-22 18:15:05,210488.0
2016-03-23 18:15:05,187877.0
2016-03-24 18:15:05,194985.0
2016-03-25 18:15:05,173609.0
2016-03-26 18:15:05,162398.0
2016-03-27 18:15:05,161486.0
2016-03-28 18:15:05,181300.0
2016-03-29 18:15:05,191841.0
2016-03-30 18:15:05,207906.0
2016-03-31 18:15:05,208976.0
2016-04-01 18:15:05,203811.0
2016-04-02 18:15:05,196651.0
2016-04-03 18:15:05,176722.0
2016-04-04 18:15:05,200979.0
2016-04-05 18:15:05,216684.0
2016-04-06 18:15:05,218585.0
2016-04-07 18:15:05,219915.0
2016-04-08 18:15:05,215441.0
2016-04-09 18:15:05,207555.0
2016-04-10 18:15:05,181662.0
2016-04-11 18:15:05,217378.0
2016-04-12 18:15:05,240200.0
2016-04-13 18:15:05,222711.0
2016-04-14 18:15:05,230281.0
2016-04-15 18:15:05,216850.0
2016-04-16 18:15:05,192621.0
2016-04-17 18:15:05,191478.0
2016-04-18 18:15:05,203165.0
2016-04-19 18:15:05,227795.0
2016-04-20 18:15:05,222194.0
2016-04-21 18:15:05,213800.0
2016-04-22 18:15:05,213507.0
2016-04-23 18:15:05,190118.0
2016-04-24 18:15:05,181171.0
2016-04-25 18:15:05,208387.0
2016-04-26 18:15:05,245757.0
2016-04-27 18:15:05,239439.0
2016-04-28 18:15:05,251379.0
2016-04-29 18:15:05,258690.0
2016-04-30 18:15:05,228751.0
2016-05-01 18:15:05,191715.0
2016-05-02 18:15:05,214077.0
