Date,NumTransactionsExcludingPopular
03/01/2009 18:15:05,1.0
04/01/2009 18:15:05,0.0
05/01/2009 18:15:05,0.0
06/01/2009 18:15:05,0.0
07/01/2009 18:15:05,0.0
08/01/2009 18:15:05,0.0
09/01/2009 18:15:05,14.0
10/01/2009 18:15:05,31.0
11/01/2009 18:15:05,106.0
12/01/2009 18:15:05,95.0
13/01/2009 18:15:05,116.0
14/01/2009 18:15:05,126.0
15/01/2009 18:15:05,136.0
16/01/2009 18:15:05,117.0
17/01/2009 18:15:05,109.0
18/01/2009 18:15:05,101.0
19/01/2009 18:15:05,120.0
20/01/2009 18:15:05,118.0
21/01/2009 18:15:05,115.0
22/01/2009 18:15:05,76.0
23/01/2009 18:15:05,68.0
24/01/2009 18:15:05,201.0
25/01/2009 18:15:05,195.0
26/01/2009 18:15:05,116.0
27/01/2009 18:15:05,105.0
28/01/2009 18:15:05,103.0
29/01/2009 18:15:05,122.0
30/01/2009 18:15:05,122.0
31/01/2009 18:15:05,129.0
01/02/2009 18:15:05,118.0
02/02/2009 18:15:05,127.0
03/02/2009 18:15:05,150.0
04/02/2009 18:15:05,126.0
05/02/2009 18:15:05,121.0
06/02/2009 18:15:05,129.0
07/02/2009 18:15:05,130.0
08/02/2009 18:15:05,135.0
09/02/2009 18:15:05,129.0
10/02/2009 18:15:05,127.0
11/02/2009 18:15:05,132.0
12/02/2009 18:15:05,119.0
13/02/2009 18:15:05,124.0
14/02/2009 18:15:05,141.0
15/02/2009 18:15:05,125.0
16/02/2009 18:15:05,123.0
17/02/2009 18:15:05,119.0
18/02/2009 18:15:05,124.0
19/02/2009 18:15:05,117.0
20/02/2009 18:15:05,129.0
21/02/2009 18:15:05,110.0
22/02/2009 18:15:05,125.0
23/02/2009 18:15:05,107.0
24/02/2009 18:15:05,111.0
25/02/2009 18:15:05,107.0
26/02/2009 18:15:05,96.0
27/02/2009 18:15:05,123.0
28/02/2009 18:15:05,103.0
01/03/2009 18:15:05,107.0
02/03/2009 18:15:05,104.0
03/03/2009 18:15:05,108.0
04/03/2009 18:15:05,106.0
05/03/2009 18:15:05,108.0
06/03/2009 18:15:05,119.0
07/03/2009 18:15:05,111.0
08/03/2009 18:15:05,115.0
09/03/2009 18:15:05,113.0
10/03/2009 18:15:05,105.0
11/03/2009 18:15:05,108.0
12/03/2009 18:15:05,119.0
13/03/2009 18:15:05,115.0
14/03/2009 18:15:05,116.0
15/03/2009 18:15:05,111.0
16/03/2009 18:15:05,131.0
17/03/2009 18:15:05,115.0
18/03/2009 18:15:05,110.0
19/03/2009 18:15:05,124.0
20/03/2009 18:15:05,119.0
21/03/2009 18:15:05,77.0
22/03/2009 18:15:05,97.0
23/03/2009 18:15:05,132.0
24/03/2009 18:15:05,105.0
25/03/2009 18:15:05,116.0
26/03/2009 18:15:05,114.0
27/03/2009 18:15:05,110.0
28/03/2009 18:15:05,122.0
29/03/2009 18:15:05,112.0
30/03/2009 18:15:05,125.0
31/03/2009 18:15:05,114.0
01/04/2009 18:15:05,107.0
02/04/2009 18:15:05,120.0
03/04/2009 18:15:05,113.0
04/04/2009 18:15:05,113.0
05/04/2009 18:15:05,129.0
06/04/2009 18:15:05,117.0
07/04/2009 18:15:05,99.0
08/04/2009 18:15:05,104.0
09/04/2009 18:15:05,99.0
10/04/2009 18:15:05,103.0
11/04/2009 18:15:05,123.0
12/04/2009 18:15:05,115.0
13/04/2009 18:15:05,118.0
14/04/2009 18:15:05,127.0
15/04/2009 18:15:05,112.0
16/04/2009 18:15:05,123.0
17/04/2009 18:15:05,115.0
18/04/2009 18:15:05,125.0
19/04/2009 18:15:05,121.0
20/04/2009 18:15:05,118.0
21/04/2009 18:15:05,125.0
22/04/2009 18:15:05,121.0
23/04/2009 18:15:05,80.0
24/04/2009 18:15:05,113.0
25/04/2009 18:15:05,122.0
26/04/2009 18:15:05,111.0
27/04/2009 18:15:05,105.0
28/04/2009 18:15:05,117.0
29/04/2009 18:15:05,123.0
30/04/2009 18:15:05,133.0
01/05/2009 18:15:05,123.0
02/05/2009 18:15:05,124.0
03/05/2009 18:15:05,115.0
04/05/2009 18:15:05,125.0
05/05/2009 18:15:05,133.0
06/05/2009 18:15:05,138.0
07/05/2009 18:15:05,121.0
08/05/2009 18:15:05,122.0
09/05/2009 18:15:05,91.0
10/05/2009 18:15:05,62.0
11/05/2009 18:15:05,120.0
12/05/2009 18:15:05,127.0
13/05/2009 18:15:05,117.0
14/05/2009 18:15:05,137.0
15/05/2009 18:15:05,145.0
16/05/2009 18:15:05,115.0
17/05/2009 18:15:05,125.0
18/05/2009 18:15:05,124.0
19/05/2009 18:15:05,100.0
20/05/2009 18:15:05,104.0
21/05/2009 18:15:05,89.0
22/05/2009 18:15:05,83.0
23/05/2009 18:15:05,7.0
24/05/2009 18:15:05,96.0
25/05/2009 18:15:05,112.0
26/05/2009 18:15:05,113.0
27/05/2009 18:15:05,125.0
28/05/2009 18:15:05,103.0
29/05/2009 18:15:05,108.0
30/05/2009 18:15:05,103.0
31/05/2009 18:15:05,118.0
01/06/2009 18:15:05,74.0
02/06/2009 18:15:05,89.0
03/06/2009 18:15:05,98.0
04/06/2009 18:15:05,39.0
05/06/2009 18:15:05,57.0
06/06/2009 18:15:05,24.0
07/06/2009 18:15:05,4.0
08/06/2009 18:15:05,72.0
09/06/2009 18:15:05,94.0
10/06/2009 18:15:05,83.0
11/06/2009 18:15:05,93.0
12/06/2009 18:15:05,91.0
13/06/2009 18:15:05,74.0
14/06/2009 18:15:05,70.0
15/06/2009 18:15:05,82.0
16/06/2009 18:15:05,73.0
17/06/2009 18:15:05,77.0
18/06/2009 18:15:05,81.0
19/06/2009 18:15:05,87.0
20/06/2009 18:15:05,84.0
21/06/2009 18:15:05,75.0
22/06/2009 18:15:05,81.0
23/06/2009 18:15:05,76.0
24/06/2009 18:15:05,87.0
25/06/2009 18:15:05,74.0
26/06/2009 18:15:05,90.0
27/06/2009 18:15:05,85.0
28/06/2009 18:15:05,52.0
29/06/2009 18:15:05,76.0
30/06/2009 18:15:05,89.0
01/07/2009 18:15:05,84.0
02/07/2009 18:15:05,72.0
03/07/2009 18:15:05,84.0
04/07/2009 18:15:05,89.0
05/07/2009 18:15:05,80.0
06/07/2009 18:15:05,91.0
07/07/2009 18:15:05,63.0
08/07/2009 18:15:05,79.0
09/07/2009 18:15:05,81.0
10/07/2009 18:15:05,82.0
11/07/2009 18:15:05,84.0
12/07/2009 18:15:05,76.0
13/07/2009 18:15:05,76.0
14/07/2009 18:15:05,72.0
15/07/2009 18:15:05,46.0
16/07/2009 18:15:05,69.0
17/07/2009 18:15:05,65.0
18/07/2009 18:15:05,3.0
19/07/2009 18:15:05,52.0
20/07/2009 18:15:05,75.0
21/07/2009 18:15:05,75.0
22/07/2009 18:15:05,69.0
23/07/2009 18:15:05,66.0
24/07/2009 18:15:05,75.0
25/07/2009 18:15:05,53.0
26/07/2009 18:15:05,13.0
27/07/2009 18:15:05,64.0
28/07/2009 18:15:05,44.0
29/07/2009 18:15:05,32.0
30/07/2009 18:15:05,16.0
31/07/2009 18:15:05,12.0
01/08/2009 18:15:05,23.0
02/08/2009 18:15:05,30.0
03/08/2009 18:15:05,15.0
04/08/2009 18:15:05,58.0
05/08/2009 18:15:05,91.0
06/08/2009 18:15:05,96.0
07/08/2009 18:15:05,74.0
08/08/2009 18:15:05,83.0
09/08/2009 18:15:05,98.0
10/08/2009 18:15:05,82.0
11/08/2009 18:15:05,67.0
12/08/2009 18:15:05,68.0
13/08/2009 18:15:05,81.0
14/08/2009 18:15:05,65.0
15/08/2009 18:15:05,34.0
16/08/2009 18:15:05,25.0
17/08/2009 18:15:05,17.0
18/08/2009 18:15:05,9.0
19/08/2009 18:15:05,15.0
20/08/2009 18:15:05,24.0
21/08/2009 18:15:05,16.0
22/08/2009 18:15:05,8.0
23/08/2009 18:15:05,12.0
24/08/2009 18:15:05,8.0
25/08/2009 18:15:05,55.0
26/08/2009 18:15:05,42.0
27/08/2009 18:15:05,33.0
28/08/2009 18:15:05,64.0
29/08/2009 18:15:05,83.0
30/08/2009 18:15:05,91.0
31/08/2009 18:15:05,95.0
01/09/2009 18:15:05,79.0
02/09/2009 18:15:05,68.0
03/09/2009 18:15:05,61.0
04/09/2009 18:15:05,63.0
05/09/2009 18:15:05,71.0
06/09/2009 18:15:05,72.0
07/09/2009 18:15:05,79.0
08/09/2009 18:15:05,66.0
09/09/2009 18:15:05,58.0
10/09/2009 18:15:05,61.0
11/09/2009 18:15:05,68.0
12/09/2009 18:15:05,71.0
13/09/2009 18:15:05,70.0
14/09/2009 18:15:05,81.0
15/09/2009 18:15:05,56.0
16/09/2009 18:15:05,59.0
17/09/2009 18:15:05,84.0
18/09/2009 18:15:05,81.0
19/09/2009 18:15:05,71.0
20/09/2009 18:15:05,79.0
21/09/2009 18:15:05,74.0
22/09/2009 18:15:05,35.0
23/09/2009 18:15:05,28.0
24/09/2009 18:15:05,82.0
25/09/2009 18:15:05,102.0
26/09/2009 18:15:05,94.0
27/09/2009 18:15:05,90.0
28/09/2009 18:15:05,88.0
29/09/2009 18:15:05,85.0
30/09/2009 18:15:05,87.0
01/10/2009 18:15:05,85.0
02/10/2009 18:15:05,76.0
03/10/2009 18:15:05,58.0
04/10/2009 18:15:05,61.0
05/10/2009 18:15:05,58.0
06/10/2009 18:15:05,43.0
07/10/2009 18:15:05,51.0
08/10/2009 18:15:05,70.0
09/10/2009 18:15:05,78.0
10/10/2009 18:15:05,77.0
11/10/2009 18:15:05,79.0
12/10/2009 18:15:05,63.0
13/10/2009 18:15:05,51.0
14/10/2009 18:15:05,56.0
15/10/2009 18:15:05,85.0
16/10/2009 18:15:05,66.0
17/10/2009 18:15:05,55.0
18/10/2009 18:15:05,65.0
19/10/2009 18:15:05,99.0
20/10/2009 18:15:05,111.0
21/10/2009 18:15:05,84.0
22/10/2009 18:15:05,88.0
23/10/2009 18:15:05,87.0
24/10/2009 18:15:05,75.0
25/10/2009 18:15:05,74.0
26/10/2009 18:15:05,65.0
27/10/2009 18:15:05,67.0
28/10/2009 18:15:05,64.0
29/10/2009 18:15:05,51.0
30/10/2009 18:15:05,62.0
31/10/2009 18:15:05,45.0
01/11/2009 18:15:05,30.0
02/11/2009 18:15:05,33.0
03/11/2009 18:15:05,57.0
04/11/2009 18:15:05,62.0
05/11/2009 18:15:05,65.0
06/11/2009 18:15:05,49.0
07/11/2009 18:15:05,76.0
08/11/2009 18:15:05,70.0
09/11/2009 18:15:05,65.0
10/11/2009 18:15:05,71.0
11/11/2009 18:15:05,78.0
12/11/2009 18:15:05,70.0
13/11/2009 18:15:05,73.0
14/11/2009 18:15:05,83.0
15/11/2009 18:15:05,96.0
16/11/2009 18:15:05,100.0
17/11/2009 18:15:05,91.0
18/11/2009 18:15:05,79.0
19/11/2009 18:15:05,73.0
20/11/2009 18:15:05,84.0
21/11/2009 18:15:05,77.0
22/11/2009 18:15:05,100.0
23/11/2009 18:15:05,96.0
24/11/2009 18:15:05,102.0
25/11/2009 18:15:05,85.0
26/11/2009 18:15:05,78.0
27/11/2009 18:15:05,75.0
28/11/2009 18:15:05,78.0
29/11/2009 18:15:05,58.0
30/11/2009 18:15:05,74.0
01/12/2009 18:15:05,66.0
02/12/2009 18:15:05,99.0
03/12/2009 18:15:05,85.0
04/12/2009 18:15:05,49.0
05/12/2009 18:15:05,52.0
06/12/2009 18:15:05,108.0
07/12/2009 18:15:05,94.0
08/12/2009 18:15:05,121.0
09/12/2009 18:15:05,104.0
10/12/2009 18:15:05,106.0
11/12/2009 18:15:05,125.0
12/12/2009 18:15:05,103.0
13/12/2009 18:15:05,104.0
14/12/2009 18:15:05,113.0
15/12/2009 18:15:05,117.0
16/12/2009 18:15:05,121.0
17/12/2009 18:15:05,163.0
18/12/2009 18:15:05,201.0
19/12/2009 18:15:05,225.0
20/12/2009 18:15:05,175.0
21/12/2009 18:15:05,188.0
22/12/2009 18:15:05,152.0
23/12/2009 18:15:05,169.0
24/12/2009 18:15:05,144.0
25/12/2009 18:15:05,158.0
26/12/2009 18:15:05,159.0
27/12/2009 18:15:05,170.0
28/12/2009 18:15:05,138.0
29/12/2009 18:15:05,164.0
30/12/2009 18:15:05,156.0
31/12/2009 18:15:05,150.0
01/01/2010 18:15:05,119.0
02/01/2010 18:15:05,132.0
03/01/2010 18:15:05,163.0
04/01/2010 18:15:05,192.0
05/01/2010 18:15:05,208.0
06/01/2010 18:15:05,158.0
07/01/2010 18:15:05,159.0
08/01/2010 18:15:05,150.0
09/01/2010 18:15:05,148.0
10/01/2010 18:15:05,191.0
11/01/2010 18:15:05,154.0
12/01/2010 18:15:05,168.0
13/01/2010 18:15:05,160.0
14/01/2010 18:15:05,159.0
15/01/2010 18:15:05,137.0
16/01/2010 18:15:05,135.0
17/01/2010 18:15:05,124.0
18/01/2010 18:15:05,130.0
19/01/2010 18:15:05,120.0
20/01/2010 18:15:05,140.0
21/01/2010 18:15:05,187.0
22/01/2010 18:15:05,152.0
23/01/2010 18:15:05,152.0
24/01/2010 18:15:05,148.0
25/01/2010 18:15:05,207.0
26/01/2010 18:15:05,208.0
27/01/2010 18:15:05,178.0
28/01/2010 18:15:05,176.0
29/01/2010 18:15:05,195.0
30/01/2010 18:15:05,183.0
31/01/2010 18:15:05,210.0
01/02/2010 18:15:05,189.0
02/02/2010 18:15:05,142.0
03/02/2010 18:15:05,246.0
04/02/2010 18:15:05,235.0
05/02/2010 18:15:05,250.0
06/02/2010 18:15:05,204.0
07/02/2010 18:15:05,210.0
08/02/2010 18:15:05,221.0
09/02/2010 18:15:05,211.0
10/02/2010 18:15:05,166.0
11/02/2010 18:15:05,181.0
12/02/2010 18:15:05,193.0
13/02/2010 18:15:05,227.0
14/02/2010 18:15:05,215.0
15/02/2010 18:15:05,194.0
16/02/2010 18:15:05,182.0
17/02/2010 18:15:05,244.0
18/02/2010 18:15:05,235.0
19/02/2010 18:15:05,183.0
20/02/2010 18:15:05,224.0
21/02/2010 18:15:05,218.0
22/02/2010 18:15:05,261.0
23/02/2010 18:15:05,252.0
24/02/2010 18:15:05,196.0
25/02/2010 18:15:05,150.0
26/02/2010 18:15:05,176.0
27/02/2010 18:15:05,176.0
28/02/2010 18:15:05,165.0
01/03/2010 18:15:05,187.0
02/03/2010 18:15:05,204.0
03/03/2010 18:15:05,151.0
04/03/2010 18:15:05,187.0
05/03/2010 18:15:05,178.0
06/03/2010 18:15:05,188.0
07/03/2010 18:15:05,178.0
08/03/2010 18:15:05,141.0
09/03/2010 18:15:05,149.0
10/03/2010 18:15:05,152.0
11/03/2010 18:15:05,154.0
12/03/2010 18:15:05,119.0
13/03/2010 18:15:05,160.0
14/03/2010 18:15:05,127.0
15/03/2010 18:15:05,128.0
16/03/2010 18:15:05,138.0
17/03/2010 18:15:05,127.0
18/03/2010 18:15:05,161.0
19/03/2010 18:15:05,144.0
20/03/2010 18:15:05,203.0
21/03/2010 18:15:05,191.0
22/03/2010 18:15:05,186.0
23/03/2010 18:15:05,215.0
24/03/2010 18:15:05,187.0
25/03/2010 18:15:05,197.0
26/03/2010 18:15:05,213.0
27/03/2010 18:15:05,182.0
28/03/2010 18:15:05,198.0
29/03/2010 18:15:05,205.0
30/03/2010 18:15:05,217.0
31/03/2010 18:15:05,213.0
01/04/2010 18:15:05,198.0
02/04/2010 18:15:05,155.0
03/04/2010 18:15:05,171.0
04/04/2010 18:15:05,175.0
05/04/2010 18:15:05,179.0
06/04/2010 18:15:05,175.0
07/04/2010 18:15:05,207.0
08/04/2010 18:15:05,208.0
09/04/2010 18:15:05,189.0
10/04/2010 18:15:05,294.0
11/04/2010 18:15:05,271.0
12/04/2010 18:15:05,270.0
13/04/2010 18:15:05,190.0
14/04/2010 18:15:05,230.0
15/04/2010 18:15:05,287.0
16/04/2010 18:15:05,234.0
17/04/2010 18:15:05,242.0
18/04/2010 18:15:05,1337.0
19/04/2010 18:15:05,2296.0
20/04/2010 18:15:05,242.0
21/04/2010 18:15:05,251.0
22/04/2010 18:15:05,210.0
23/04/2010 18:15:05,198.0
24/04/2010 18:15:05,191.0
25/04/2010 18:15:05,210.0
26/04/2010 18:15:05,220.0
27/04/2010 18:15:05,225.0
28/04/2010 18:15:05,219.0
29/04/2010 18:15:05,197.0
30/04/2010 18:15:05,181.0
01/05/2010 18:15:05,187.0
02/05/2010 18:15:05,197.0
03/05/2010 18:15:05,186.0
04/05/2010 18:15:05,151.0
05/05/2010 18:15:05,191.0
06/05/2010 18:15:05,173.0
07/05/2010 18:15:05,166.0
08/05/2010 18:15:05,170.0
09/05/2010 18:15:05,193.0
10/05/2010 18:15:05,161.0
11/05/2010 18:15:05,138.0
12/05/2010 18:15:05,147.0
13/05/2010 18:15:05,164.0
14/05/2010 18:15:05,148.0
15/05/2010 18:15:05,138.0
16/05/2010 18:15:05,118.0
17/05/2010 18:15:05,173.0
18/05/2010 18:15:05,217.0
19/05/2010 18:15:05,212.0
20/05/2010 18:15:05,221.0
21/05/2010 18:15:05,230.0
22/05/2010 18:15:05,227.0
23/05/2010 18:15:05,300.0
24/05/2010 18:15:05,262.0
25/05/2010 18:15:05,267.0
26/05/2010 18:15:05,259.0
27/05/2010 18:15:05,278.0
28/05/2010 18:15:05,265.0
29/05/2010 18:15:05,262.0
30/05/2010 18:15:05,200.0
31/05/2010 18:15:05,207.0
01/06/2010 18:15:05,178.0
02/06/2010 18:15:05,182.0
03/06/2010 18:15:05,219.0
04/06/2010 18:15:05,200.0
05/06/2010 18:15:05,188.0
06/06/2010 18:15:05,201.0
07/06/2010 18:15:05,211.0
08/06/2010 18:15:05,222.0
09/06/2010 18:15:05,199.0
10/06/2010 18:15:05,224.0
11/06/2010 18:15:05,248.0
12/06/2010 18:15:05,226.0
13/06/2010 18:15:05,221.0
14/06/2010 18:15:05,246.0
15/06/2010 18:15:05,288.0
16/06/2010 18:15:05,196.0
17/06/2010 18:15:05,208.0
18/06/2010 18:15:05,184.0
19/06/2010 18:15:05,218.0
20/06/2010 18:15:05,216.0
21/06/2010 18:15:05,242.0
22/06/2010 18:15:05,235.0
23/06/2010 18:15:05,242.0
24/06/2010 18:15:05,247.0
25/06/2010 18:15:05,227.0
26/06/2010 18:15:05,205.0
27/06/2010 18:15:05,215.0
28/06/2010 18:15:05,236.0
29/06/2010 18:15:05,253.0
30/06/2010 18:15:05,283.0
01/07/2010 18:15:05,273.0
02/07/2010 18:15:05,239.0
03/07/2010 18:15:05,283.0
04/07/2010 18:15:05,245.0
05/07/2010 18:15:05,243.0
06/07/2010 18:15:05,224.0
07/07/2010 18:15:05,209.0
08/07/2010 18:15:05,240.0
09/07/2010 18:15:05,258.0
10/07/2010 18:15:05,238.0
11/07/2010 18:15:05,242.0
12/07/2010 18:15:05,1830.0
13/07/2010 18:15:05,1739.0
14/07/2010 18:15:05,5659.0
15/07/2010 18:15:05,1793.0
16/07/2010 18:15:05,1393.0
17/07/2010 18:15:05,462.0
18/07/2010 18:15:05,427.0
19/07/2010 18:15:05,487.0
20/07/2010 18:15:05,627.0
21/07/2010 18:15:05,465.0
22/07/2010 18:15:05,428.0
23/07/2010 18:15:05,392.0
24/07/2010 18:15:05,374.0
25/07/2010 18:15:05,2337.0
26/07/2010 18:15:05,468.0
27/07/2010 18:15:05,445.0
28/07/2010 18:15:05,342.0
29/07/2010 18:15:05,3455.0
30/07/2010 18:15:05,362.0
31/07/2010 18:15:05,295.0
01/08/2010 18:15:05,324.0
02/08/2010 18:15:05,413.0
03/08/2010 18:15:05,623.0
04/08/2010 18:15:05,375.0
05/08/2010 18:15:05,604.0
06/08/2010 18:15:05,368.0
07/08/2010 18:15:05,287.0
08/08/2010 18:15:05,323.0
09/08/2010 18:15:05,423.0
10/08/2010 18:15:05,402.0
11/08/2010 18:15:05,384.0
12/08/2010 18:15:05,407.0
13/08/2010 18:15:05,508.0
14/08/2010 18:15:05,424.0
15/08/2010 18:15:05,423.0
16/08/2010 18:15:05,318.0
17/08/2010 18:15:05,352.0
18/08/2010 18:15:05,377.0
19/08/2010 18:15:05,368.0
20/08/2010 18:15:05,398.0
21/08/2010 18:15:05,348.0
22/08/2010 18:15:05,350.0
23/08/2010 18:15:05,389.0
24/08/2010 18:15:05,337.0
25/08/2010 18:15:05,396.0
26/08/2010 18:15:05,374.0
27/08/2010 18:15:05,291.0
28/08/2010 18:15:05,348.0
29/08/2010 18:15:05,268.0
30/08/2010 18:15:05,288.0
31/08/2010 18:15:05,465.0
01/09/2010 18:15:05,408.0
02/09/2010 18:15:05,308.0
03/09/2010 18:15:05,314.0
04/09/2010 18:15:05,286.0
05/09/2010 18:15:05,303.0
06/09/2010 18:15:05,298.0
07/09/2010 18:15:05,271.0
08/09/2010 18:15:05,292.0
09/09/2010 18:15:05,343.0
10/09/2010 18:15:05,378.0
11/09/2010 18:15:05,296.0
12/09/2010 18:15:05,350.0
13/09/2010 18:15:05,436.0
14/09/2010 18:15:05,437.0
15/09/2010 18:15:05,450.0
16/09/2010 18:15:05,380.0
17/09/2010 18:15:05,379.0
18/09/2010 18:15:05,431.0
19/09/2010 18:15:05,339.0
20/09/2010 18:15:05,422.0
21/09/2010 18:15:05,636.0
22/09/2010 18:15:05,799.0
23/09/2010 18:15:05,698.0
24/09/2010 18:15:05,558.0
25/09/2010 18:15:05,451.0
26/09/2010 18:15:05,454.0
27/09/2010 18:15:05,639.0
28/09/2010 18:15:05,467.0
29/09/2010 18:15:05,998.0
30/09/2010 18:15:05,358.0
01/10/2010 18:15:05,563.0
02/10/2010 18:15:05,501.0
03/10/2010 18:15:05,401.0
04/10/2010 18:15:05,414.0
05/10/2010 18:15:05,353.0
06/10/2010 18:15:05,408.0
07/10/2010 18:15:05,370.0
08/10/2010 18:15:05,343.0
09/10/2010 18:15:05,382.0
10/10/2010 18:15:05,373.0
11/10/2010 18:15:05,348.0
12/10/2010 18:15:05,361.0
13/10/2010 18:15:05,350.0
14/10/2010 18:15:05,376.0
15/10/2010 18:15:05,333.0
16/10/2010 18:15:05,412.0
17/10/2010 18:15:05,485.0
18/10/2010 18:15:05,517.0
19/10/2010 18:15:05,964.0
20/10/2010 18:15:05,693.0
21/10/2010 18:15:05,602.0
22/10/2010 18:15:05,495.0
23/10/2010 18:15:05,623.0
24/10/2010 18:15:05,473.0
25/10/2010 18:15:05,479.0
26/10/2010 18:15:05,486.0
27/10/2010 18:15:05,569.0
28/10/2010 18:15:05,500.0
29/10/2010 18:15:05,466.0
30/10/2010 18:15:05,444.0
31/10/2010 18:15:05,311.0
01/11/2010 18:15:05,364.0
02/11/2010 18:15:05,283.0
03/11/2010 18:15:05,334.0
04/11/2010 18:15:05,339.0
05/11/2010 18:15:05,416.0
06/11/2010 18:15:05,389.0
07/11/2010 18:15:05,445.0
08/11/2010 18:15:05,498.0
09/11/2010 18:15:05,458.0
10/11/2010 18:15:05,372.0
11/11/2010 18:15:05,429.0
12/11/2010 18:15:05,296.0
13/11/2010 18:15:05,333.0
14/11/2010 18:15:05,399.0
15/11/2010 18:15:05,1855.0
16/11/2010 18:15:05,12087.0
17/11/2010 18:15:05,463.0
18/11/2010 18:15:05,434.0
19/11/2010 18:15:05,7731.0
20/11/2010 18:15:05,12322.0
21/11/2010 18:15:05,10378.0
22/11/2010 18:15:05,395.0
23/11/2010 18:15:05,338.0
24/11/2010 18:15:05,2749.0
25/11/2010 18:15:05,5883.0
26/11/2010 18:15:05,1542.0
27/11/2010 18:15:05,490.0
28/11/2010 18:15:05,457.0
29/11/2010 18:15:05,435.0
30/11/2010 18:15:05,455.0
01/12/2010 18:15:05,505.0
02/12/2010 18:15:05,472.0
03/12/2010 18:15:05,411.0
04/12/2010 18:15:05,402.0
05/12/2010 18:15:05,436.0
06/12/2010 18:15:05,447.0
07/12/2010 18:15:05,548.0
08/12/2010 18:15:05,537.0
09/12/2010 18:15:05,516.0
10/12/2010 18:15:05,382.0
11/12/2010 18:15:05,504.0
12/12/2010 18:15:05,564.0
13/12/2010 18:15:05,723.0
14/12/2010 18:15:05,683.0
15/12/2010 18:15:05,610.0
16/12/2010 18:15:05,523.0
17/12/2010 18:15:05,503.0
18/12/2010 18:15:05,466.0
19/12/2010 18:15:05,547.0
20/12/2010 18:15:05,934.0
21/12/2010 18:15:05,616.0
22/12/2010 18:15:05,634.0
23/12/2010 18:15:05,552.0
24/12/2010 18:15:05,578.0
25/12/2010 18:15:05,555.0
26/12/2010 18:15:05,650.0
27/12/2010 18:15:05,507.0
28/12/2010 18:15:05,584.0
29/12/2010 18:15:05,641.0
30/12/2010 18:15:05,542.0
31/12/2010 18:15:05,579.0
01/01/2011 18:15:05,594.0
02/01/2011 18:15:05,593.0
03/01/2011 18:15:05,853.0
04/01/2011 18:15:05,1242.0
05/01/2011 18:15:05,1192.0
06/01/2011 18:15:05,850.0
07/01/2011 18:15:05,880.0
08/01/2011 18:15:05,1392.0
09/01/2011 18:15:05,1193.0
10/01/2011 18:15:05,1358.0
11/01/2011 18:15:05,1262.0
12/01/2011 18:15:05,1233.0
13/01/2011 18:15:05,1271.0
14/01/2011 18:15:05,1285.0
15/01/2011 18:15:05,932.0
16/01/2011 18:15:05,1027.0
17/01/2011 18:15:05,816.0
18/01/2011 18:15:05,870.0
19/01/2011 18:15:05,967.0
20/01/2011 18:15:05,847.0
21/01/2011 18:15:05,1047.0
22/01/2011 18:15:05,1431.0
23/01/2011 18:15:05,1073.0
24/01/2011 18:15:05,1334.0
25/01/2011 18:15:05,965.0
26/01/2011 18:15:05,985.0
27/01/2011 18:15:05,900.0
28/01/2011 18:15:05,1036.0
29/01/2011 18:15:05,1290.0
30/01/2011 18:15:05,2203.0
31/01/2011 18:15:05,1815.0
01/02/2011 18:15:05,985.0
02/02/2011 18:15:05,1004.0
03/02/2011 18:15:05,777.0
04/02/2011 18:15:05,918.0
05/02/2011 18:15:05,887.0
06/02/2011 18:15:05,857.0
07/02/2011 18:15:05,911.0
08/02/2011 18:15:05,842.0
09/02/2011 18:15:05,1033.0
10/02/2011 18:15:05,1866.0
11/02/2011 18:15:05,2433.0
12/02/2011 18:15:05,1903.0
13/02/2011 18:15:05,1841.0
14/02/2011 18:15:05,1978.0
15/02/2011 18:15:05,2267.0
16/02/2011 18:15:05,2062.0
17/02/2011 18:15:05,2255.0
18/02/2011 18:15:05,2086.0
19/02/2011 18:15:05,1773.0
20/02/2011 18:15:05,1698.0
21/02/2011 18:15:05,1969.0
22/02/2011 18:15:05,2152.0
23/02/2011 18:15:05,2394.0
24/02/2011 18:15:05,1957.0
25/02/2011 18:15:05,2134.0
26/02/2011 18:15:05,1964.0
27/02/2011 18:15:05,2261.0
28/02/2011 18:15:05,1932.0
01/03/2011 18:15:05,1660.0
02/03/2011 18:15:05,2974.0
03/03/2011 18:15:05,3002.0
04/03/2011 18:15:05,2119.0
05/03/2011 18:15:05,1946.0
06/03/2011 18:15:05,1918.0
07/03/2011 18:15:05,2120.0
08/03/2011 18:15:05,2530.0
09/03/2011 18:15:05,1787.0
10/03/2011 18:15:05,1491.0
11/03/2011 18:15:05,2107.0
12/03/2011 18:15:05,2812.0
13/03/2011 18:15:05,2475.0
14/03/2011 18:15:05,2981.0
15/03/2011 18:15:05,2499.0
16/03/2011 18:15:05,3237.0
17/03/2011 18:15:05,3188.0
18/03/2011 18:15:05,2759.0
19/03/2011 18:15:05,3114.0
20/03/2011 18:15:05,2674.0
21/03/2011 18:15:05,7322.0
22/03/2011 18:15:05,2301.0
23/03/2011 18:15:05,4368.0
24/03/2011 18:15:05,2218.0
25/03/2011 18:15:05,2087.0
26/03/2011 18:15:05,2987.0
27/03/2011 18:15:05,2272.0
28/03/2011 18:15:05,3420.0
29/03/2011 18:15:05,2915.0
30/03/2011 18:15:05,1625.0
31/03/2011 18:15:05,2206.0
01/04/2011 18:15:05,1573.0
02/04/2011 18:15:05,1804.0
03/04/2011 18:15:05,1603.0
04/04/2011 18:15:05,2327.0
05/04/2011 18:15:05,2272.0
06/04/2011 18:15:05,1768.0
07/04/2011 18:15:05,1842.0
08/04/2011 18:15:05,1700.0
09/04/2011 18:15:05,1749.0
10/04/2011 18:15:05,1653.0
11/04/2011 18:15:05,1879.0
12/04/2011 18:15:05,2019.0
13/04/2011 18:15:05,2480.0
14/04/2011 18:15:05,2968.0
15/04/2011 18:15:05,2001.0
16/04/2011 18:15:05,1980.0
17/04/2011 18:15:05,2320.0
18/04/2011 18:15:05,2711.0
19/04/2011 18:15:05,3567.0
20/04/2011 18:15:05,3173.0
21/04/2011 18:15:05,1912.0
22/04/2011 18:15:05,2262.0
23/04/2011 18:15:05,2100.0
24/04/2011 18:15:05,2496.0
25/04/2011 18:15:05,2516.0
26/04/2011 18:15:05,2753.0
27/04/2011 18:15:05,4550.0
28/04/2011 18:15:05,3618.0
29/04/2011 18:15:05,3474.0
30/04/2011 18:15:05,4022.0
01/05/2011 18:15:05,4648.0
02/05/2011 18:15:05,2519.0
03/05/2011 18:15:05,3235.0
04/05/2011 18:15:05,2967.0
05/05/2011 18:15:05,3399.0
06/05/2011 18:15:05,3249.0
07/05/2011 18:15:05,3889.0
08/05/2011 18:15:05,2777.0
09/05/2011 18:15:05,3560.0
10/05/2011 18:15:05,3147.0
11/05/2011 18:15:05,3272.0
12/05/2011 18:15:05,2636.0
13/05/2011 18:15:05,4404.0
14/05/2011 18:15:05,4349.0
15/05/2011 18:15:05,3990.0
16/05/2011 18:15:05,4160.0
17/05/2011 18:15:05,4355.0
18/05/2011 18:15:05,4997.0
19/05/2011 18:15:05,5131.0
20/05/2011 18:15:05,4803.0
21/05/2011 18:15:05,4822.0
22/05/2011 18:15:05,5447.0
23/05/2011 18:15:05,5775.0
24/05/2011 18:15:05,5562.0
25/05/2011 18:15:05,6172.0
26/05/2011 18:15:05,6818.0
27/05/2011 18:15:05,5491.0
28/05/2011 18:15:05,5054.0
29/05/2011 18:15:05,4725.0
30/05/2011 18:15:05,4835.0
31/05/2011 18:15:05,6203.0
01/06/2011 18:15:05,6069.0
02/06/2011 18:15:05,7157.0
03/06/2011 18:15:05,8374.0
04/06/2011 18:15:05,8773.0
05/06/2011 18:15:05,8161.0
06/06/2011 18:15:05,9808.0
07/06/2011 18:15:05,8704.0
08/06/2011 18:15:05,11394.0
09/06/2011 18:15:05,12167.0
10/06/2011 18:15:05,11233.0
11/06/2011 18:15:05,11162.0
12/06/2011 18:15:05,11668.0
13/06/2011 18:15:05,12238.0
14/06/2011 18:15:05,12602.0
15/06/2011 18:15:05,14172.0
16/06/2011 18:15:05,11777.0
17/06/2011 18:15:05,11548.0
18/06/2011 18:15:05,12025.0
19/06/2011 18:15:05,11478.0
20/06/2011 18:15:05,11278.0
21/06/2011 18:15:05,9152.0
22/06/2011 18:15:05,11810.0
23/06/2011 18:15:05,10512.0
24/06/2011 18:15:05,11134.0
25/06/2011 18:15:05,9517.0
26/06/2011 18:15:05,10298.0
27/06/2011 18:15:05,11438.0
28/06/2011 18:15:05,10892.0
29/06/2011 18:15:05,10158.0
30/06/2011 18:15:05,9885.0
01/07/2011 18:15:05,9450.0
02/07/2011 18:15:05,9454.0
03/07/2011 18:15:05,7973.0
04/07/2011 18:15:05,9495.0
05/07/2011 18:15:05,8481.0
06/07/2011 18:15:05,11053.0
07/07/2011 18:15:05,9392.0
08/07/2011 18:15:05,8211.0
09/07/2011 18:15:05,8397.0
10/07/2011 18:15:05,8057.0
11/07/2011 18:15:05,9867.0
12/07/2011 18:15:05,8795.0
13/07/2011 18:15:05,9575.0
14/07/2011 18:15:05,8419.0
15/07/2011 18:15:05,8630.0
16/07/2011 18:15:05,7821.0
17/07/2011 18:15:05,9110.0
18/07/2011 18:15:05,8185.0
19/07/2011 18:15:05,9863.0
20/07/2011 18:15:05,8545.0
21/07/2011 18:15:05,8608.0
22/07/2011 18:15:05,8437.0
23/07/2011 18:15:05,8034.0
24/07/2011 18:15:05,7866.0
25/07/2011 18:15:05,9555.0
26/07/2011 18:15:05,8401.0
27/07/2011 18:15:05,8329.0
28/07/2011 18:15:05,7818.0
29/07/2011 18:15:05,7460.0
30/07/2011 18:15:05,6854.0
31/07/2011 18:15:05,7429.0
01/08/2011 18:15:05,8032.0
02/08/2011 18:15:05,8813.0
03/08/2011 18:15:05,8054.0
04/08/2011 18:15:05,8251.0
05/08/2011 18:15:05,7308.0
06/08/2011 18:15:05,7080.0
07/08/2011 18:15:05,6725.0
08/08/2011 18:15:05,7110.0
09/08/2011 18:15:05,8638.0
10/08/2011 18:15:05,8382.0
11/08/2011 18:15:05,8116.0
12/08/2011 18:15:05,7064.0
13/08/2011 18:15:05,7386.0
14/08/2011 18:15:05,7621.0
15/08/2011 18:15:05,8347.0
16/08/2011 18:15:05,9259.0
17/08/2011 18:15:05,8128.0
18/08/2011 18:15:05,7457.0
19/08/2011 18:15:05,7787.0
20/08/2011 18:15:05,7125.0
21/08/2011 18:15:05,7355.0
22/08/2011 18:15:05,7924.0
23/08/2011 18:15:05,7425.0
24/08/2011 18:15:05,7333.0
25/08/2011 18:15:05,7082.0
26/08/2011 18:15:05,7479.0
27/08/2011 18:15:05,6988.0
28/08/2011 18:15:05,5453.0
29/08/2011 18:15:05,7807.0
30/08/2011 18:15:05,7846.0
31/08/2011 18:15:05,7280.0
01/09/2011 18:15:05,7222.0
02/09/2011 18:15:05,6917.0
03/09/2011 18:15:05,6325.0
04/09/2011 18:15:05,6612.0
05/09/2011 18:15:05,7281.0
06/09/2011 18:15:05,7705.0
07/09/2011 18:15:05,7178.0
08/09/2011 18:15:05,6481.0
09/09/2011 18:15:05,7266.0
10/09/2011 18:15:05,6453.0
11/09/2011 18:15:05,6301.0
12/09/2011 18:15:05,6422.0
13/09/2011 18:15:05,6564.0
14/09/2011 18:15:05,6515.0
15/09/2011 18:15:05,6040.0
16/09/2011 18:15:05,6042.0
17/09/2011 18:15:05,6181.0
18/09/2011 18:15:05,5775.0
19/09/2011 18:15:05,6272.0
20/09/2011 18:15:05,7420.0
21/09/2011 18:15:05,8078.0
22/09/2011 18:15:05,6808.0
23/09/2011 18:15:05,5820.0
24/09/2011 18:15:05,6231.0
25/09/2011 18:15:05,5671.0
26/09/2011 18:15:05,5917.0
27/09/2011 18:15:05,6055.0
28/09/2011 18:15:05,5795.0
29/09/2011 18:15:05,5709.0
30/09/2011 18:15:05,5762.0
01/10/2011 18:15:05,5584.0
02/10/2011 18:15:05,5145.0
03/10/2011 18:15:05,6273.0
04/10/2011 18:15:05,5316.0
05/10/2011 18:15:05,6218.0
06/10/2011 18:15:05,6004.0
07/10/2011 18:15:05,5509.0
08/10/2011 18:15:05,5604.0
09/10/2011 18:15:05,5623.0
10/10/2011 18:15:05,5530.0
11/10/2011 18:15:05,5846.0
12/10/2011 18:15:05,6498.0
13/10/2011 18:15:05,4739.0
14/10/2011 18:15:05,5676.0
15/10/2011 18:15:05,6080.0
16/10/2011 18:15:05,4878.0
17/10/2011 18:15:05,5593.0
18/10/2011 18:15:05,5562.0
19/10/2011 18:15:05,4810.0
20/10/2011 18:15:05,4708.0
21/10/2011 18:15:05,5357.0
22/10/2011 18:15:05,4820.0
23/10/2011 18:15:05,5451.0
24/10/2011 18:15:05,5919.0
25/10/2011 18:15:05,5282.0
26/10/2011 18:15:05,5307.0
27/10/2011 18:15:05,4739.0
28/10/2011 18:15:05,5111.0
29/10/2011 18:15:05,5826.0
30/10/2011 18:15:05,4888.0
31/10/2011 18:15:05,4956.0
01/11/2011 18:15:05,5885.0
02/11/2011 18:15:05,5750.0
03/11/2011 18:15:05,5746.0
04/11/2011 18:15:05,6662.0
05/11/2011 18:15:05,6575.0
06/11/2011 18:15:05,5021.0
07/11/2011 18:15:05,5329.0
08/11/2011 18:15:05,5748.0
09/11/2011 18:15:05,6627.0
10/11/2011 18:15:05,6364.0
11/11/2011 18:15:05,5439.0
12/11/2011 18:15:05,5346.0
13/11/2011 18:15:05,5088.0
14/11/2011 18:15:05,5620.0
15/11/2011 18:15:05,6442.0
16/11/2011 18:15:05,5855.0
17/11/2011 18:15:05,5596.0
18/11/2011 18:15:05,4818.0
19/11/2011 18:15:05,3927.0
20/11/2011 18:15:05,3404.0
21/11/2011 18:15:05,3607.0
22/11/2011 18:15:05,3999.0
23/11/2011 18:15:05,4161.0
24/11/2011 18:15:05,3737.0
25/11/2011 18:15:05,3973.0
26/11/2011 18:15:05,3724.0
27/11/2011 18:15:05,3508.0
28/11/2011 18:15:05,4567.0
29/11/2011 18:15:05,5331.0
30/11/2011 18:15:05,4830.0
01/12/2011 18:15:05,5198.0
02/12/2011 18:15:05,4961.0
03/12/2011 18:15:05,4169.0
04/12/2011 18:15:05,3899.0
05/12/2011 18:15:05,4689.0
06/12/2011 18:15:05,5580.0
07/12/2011 18:15:05,5695.0
08/12/2011 18:15:05,4203.0
09/12/2011 18:15:05,4090.0
10/12/2011 18:15:05,4234.0
11/12/2011 18:15:05,3694.0
12/12/2011 18:15:05,3475.0
13/12/2011 18:15:05,3910.0
14/12/2011 18:15:05,3602.0
15/12/2011 18:15:05,3972.0
16/12/2011 18:15:05,3874.0
17/12/2011 18:15:05,3386.0
18/12/2011 18:15:05,3297.0
19/12/2011 18:15:05,3845.0
20/12/2011 18:15:05,5116.0
21/12/2011 18:15:05,4158.0
22/12/2011 18:15:05,4263.0
23/12/2011 18:15:05,4255.0
24/12/2011 18:15:05,3302.0
25/12/2011 18:15:05,3773.0
26/12/2011 18:15:05,3868.0
27/12/2011 18:15:05,4149.0
28/12/2011 18:15:05,3564.0
29/12/2011 18:15:05,3703.0
30/12/2011 18:15:05,3544.0
31/12/2011 18:15:05,3779.0
01/01/2012 18:15:05,3052.0
02/01/2012 18:15:05,4239.0
03/01/2012 18:15:05,3966.0
04/01/2012 18:15:05,4012.0
05/01/2012 18:15:05,5125.0
06/01/2012 18:15:05,5175.0
07/01/2012 18:15:05,4186.0
08/01/2012 18:15:05,4472.0
09/01/2012 18:15:05,4323.0
10/01/2012 18:15:05,4859.0
11/01/2012 18:15:05,5299.0
12/01/2012 18:15:05,5002.0
13/01/2012 18:15:05,5197.0
14/01/2012 18:15:05,4846.0
15/01/2012 18:15:05,4941.0
16/01/2012 18:15:05,4816.0
17/01/2012 18:15:05,4725.0
18/01/2012 18:15:05,5311.0
19/01/2012 18:15:05,4664.0
20/01/2012 18:15:05,4863.0
21/01/2012 18:15:05,4714.0
22/01/2012 18:15:05,3496.0
23/01/2012 18:15:05,4095.0
24/01/2012 18:15:05,5103.0
25/01/2012 18:15:05,6243.0
26/01/2012 18:15:05,4843.0
27/01/2012 18:15:05,4931.0
28/01/2012 18:15:05,4323.0
29/01/2012 18:15:05,4611.0
30/01/2012 18:15:05,4139.0
31/01/2012 18:15:05,4637.0
01/02/2012 18:15:05,5071.0
02/02/2012 18:15:05,5113.0
03/02/2012 18:15:05,5156.0
04/02/2012 18:15:05,5774.0
05/02/2012 18:15:05,5084.0
06/02/2012 18:15:05,4576.0
07/02/2012 18:15:05,5090.0
08/02/2012 18:15:05,5078.0
09/02/2012 18:15:05,5536.0
10/02/2012 18:15:05,6905.0
11/02/2012 18:15:05,6032.0
12/02/2012 18:15:05,5663.0
13/02/2012 18:15:05,5857.0
14/02/2012 18:15:05,8100.0
15/02/2012 18:15:05,7802.0
16/02/2012 18:15:05,7743.0
17/02/2012 18:15:05,5566.0
18/02/2012 18:15:05,5024.0
19/02/2012 18:15:05,4286.0
20/02/2012 18:15:05,4510.0
21/02/2012 18:15:05,4767.0
22/02/2012 18:15:05,5474.0
23/02/2012 18:15:05,6051.0
24/02/2012 18:15:05,5558.0
25/02/2012 18:15:05,4910.0
26/02/2012 18:15:05,4227.0
27/02/2012 18:15:05,4684.0
28/02/2012 18:15:05,5029.0
29/02/2012 18:15:05,5096.0
01/03/2012 18:15:05,5123.0
02/03/2012 18:15:05,6031.0
03/03/2012 18:15:05,4378.0
04/03/2012 18:15:05,4531.0
05/03/2012 18:15:05,5305.0
06/03/2012 18:15:05,4916.0
07/03/2012 18:15:05,4828.0
08/03/2012 18:15:05,4983.0
09/03/2012 18:15:05,4806.0
10/03/2012 18:15:05,4443.0
11/03/2012 18:15:05,3726.0
12/03/2012 18:15:05,4053.0
13/03/2012 18:15:05,5183.0
14/03/2012 18:15:05,5482.0
15/03/2012 18:15:05,5130.0
16/03/2012 18:15:05,5036.0
17/03/2012 18:15:05,5670.0
18/03/2012 18:15:05,4248.0
19/03/2012 18:15:05,5057.0
20/03/2012 18:15:05,4964.0
21/03/2012 18:15:05,5376.0
22/03/2012 18:15:05,5184.0
23/03/2012 18:15:05,4796.0
24/03/2012 18:15:05,4929.0
25/03/2012 18:15:05,4515.0
26/03/2012 18:15:05,4874.0
27/03/2012 18:15:05,4990.0
28/03/2012 18:15:05,5550.0
29/03/2012 18:15:05,6073.0
30/03/2012 18:15:05,5688.0
31/03/2012 18:15:05,4799.0
01/04/2012 18:15:05,4221.0
02/04/2012 18:15:05,4676.0
03/04/2012 18:15:05,5962.0
04/04/2012 18:15:05,5980.0
05/04/2012 18:15:05,5552.0
06/04/2012 18:15:05,5402.0
07/04/2012 18:15:05,4755.0
08/04/2012 18:15:05,4577.0
09/04/2012 18:15:05,4610.0
10/04/2012 18:15:05,6883.0
11/04/2012 18:15:05,6055.0
12/04/2012 18:15:05,6776.0
13/04/2012 18:15:05,6243.0
14/04/2012 18:15:05,6457.0
15/04/2012 18:15:05,5919.0
16/04/2012 18:15:05,6426.0
17/04/2012 18:15:05,6827.0
18/04/2012 18:15:05,6626.0
19/04/2012 18:15:05,6306.0
20/04/2012 18:15:05,6559.0
21/04/2012 18:15:05,6260.0
22/04/2012 18:15:05,5218.0
23/04/2012 18:15:05,5268.0
24/04/2012 18:15:05,5874.0
25/04/2012 18:15:05,5710.0
26/04/2012 18:15:05,5807.0
27/04/2012 18:15:05,5582.0
28/04/2012 18:15:05,5206.0
29/04/2012 18:15:05,5285.0
30/04/2012 18:15:05,5775.0
01/05/2012 18:15:05,6009.0
02/05/2012 18:15:05,5960.0
03/05/2012 18:15:05,6624.0
04/05/2012 18:15:05,7340.0
05/05/2012 18:15:05,5582.0
06/05/2012 18:15:05,5374.0
07/05/2012 18:15:05,6812.0
08/05/2012 18:15:05,6998.0
09/05/2012 18:15:05,6874.0
10/05/2012 18:15:05,6232.0
11/05/2012 18:15:05,6418.0
12/05/2012 18:15:05,5599.0
13/05/2012 18:15:05,5044.0
14/05/2012 18:15:05,7296.0
15/05/2012 18:15:05,6782.0
16/05/2012 18:15:05,6147.0
17/05/2012 18:15:05,5647.0
18/05/2012 18:15:05,6235.0
19/05/2012 18:15:05,5229.0
20/05/2012 18:15:05,5209.0
21/05/2012 18:15:05,5527.0
22/05/2012 18:15:05,6701.0
23/05/2012 18:15:05,6460.0
24/05/2012 18:15:05,5904.0
25/05/2012 18:15:05,6180.0
26/05/2012 18:15:05,5509.0
27/05/2012 18:15:05,4970.0
28/05/2012 18:15:05,5358.0
29/05/2012 18:15:05,7487.0
30/05/2012 18:15:05,6679.0
31/05/2012 18:15:05,7082.0
01/06/2012 18:15:05,6637.0
02/06/2012 18:15:05,5625.0
03/06/2012 18:15:05,5991.0
04/06/2012 18:15:05,6048.0
05/06/2012 18:15:05,7516.0
06/06/2012 18:15:05,6916.0
07/06/2012 18:15:05,7171.0
08/06/2012 18:15:05,7227.0
09/06/2012 18:15:05,6554.0
10/06/2012 18:15:05,6338.0
11/06/2012 18:15:05,6356.0
12/06/2012 18:15:05,7020.0
13/06/2012 18:15:05,7098.0
14/06/2012 18:15:05,7606.0
15/06/2012 18:15:05,8641.0
16/06/2012 18:15:05,9429.0
17/06/2012 18:15:05,10008.0
18/06/2012 18:15:05,9884.0
19/06/2012 18:15:05,8462.0
20/06/2012 18:15:05,8463.0
21/06/2012 18:15:05,8018.0
22/06/2012 18:15:05,8403.0
23/06/2012 18:15:05,8191.0
24/06/2012 18:15:05,7179.0
25/06/2012 18:15:05,9685.0
26/06/2012 18:15:05,13495.0
27/06/2012 18:15:05,14690.0
28/06/2012 18:15:05,12121.0
29/06/2012 18:15:05,12605.0
30/06/2012 18:15:05,13953.0
01/07/2012 18:15:05,11476.0
02/07/2012 18:15:05,15888.0
03/07/2012 18:15:05,12608.0
04/07/2012 18:15:05,11814.0
05/07/2012 18:15:05,9812.0
06/07/2012 18:15:05,9044.0
07/07/2012 18:15:05,14531.0
08/07/2012 18:15:05,9436.0
09/07/2012 18:15:05,11769.0
10/07/2012 18:15:05,14253.0
11/07/2012 18:15:05,12621.0
12/07/2012 18:15:05,14729.0
13/07/2012 18:15:05,12350.0
14/07/2012 18:15:05,12889.0
15/07/2012 18:15:05,11599.0
16/07/2012 18:15:05,12849.0
17/07/2012 18:15:05,15490.0
18/07/2012 18:15:05,12195.0
19/07/2012 18:15:05,11908.0
20/07/2012 18:15:05,14058.0
21/07/2012 18:15:05,15535.0
22/07/2012 18:15:05,14143.0
23/07/2012 18:15:05,16667.0
24/07/2012 18:15:05,13623.0
25/07/2012 18:15:05,12535.0
26/07/2012 18:15:05,11699.0
27/07/2012 18:15:05,11425.0
28/07/2012 18:15:05,13889.0
29/07/2012 18:15:05,11567.0
30/07/2012 18:15:05,12850.0
31/07/2012 18:15:05,17125.0
01/08/2012 18:15:05,19278.0
02/08/2012 18:15:05,15951.0
03/08/2012 18:15:05,14362.0
04/08/2012 18:15:05,14934.0
05/08/2012 18:15:05,14297.0
06/08/2012 18:15:05,16076.0
07/08/2012 18:15:05,15315.0
08/08/2012 18:15:05,15584.0
09/08/2012 18:15:05,17203.0
10/08/2012 18:15:05,13747.0
11/08/2012 18:15:05,14506.0
12/08/2012 18:15:05,13552.0
13/08/2012 18:15:05,17446.0
14/08/2012 18:15:05,15631.0
15/08/2012 18:15:05,14665.0
16/08/2012 18:15:05,24045.0
17/08/2012 18:15:05,24396.0
18/08/2012 18:15:05,21679.0
19/08/2012 18:15:05,15126.0
20/08/2012 18:15:05,16526.0
21/08/2012 18:15:05,20195.0
22/08/2012 18:15:05,18217.0
23/08/2012 18:15:05,18003.0
24/08/2012 18:15:05,16869.0
25/08/2012 18:15:05,16349.0
26/08/2012 18:15:05,13231.0
27/08/2012 18:15:05,13916.0
28/08/2012 18:15:05,13018.0
29/08/2012 18:15:05,14755.0
30/08/2012 18:15:05,11990.0
31/08/2012 18:15:05,17651.0
01/09/2012 18:15:05,17919.0
02/09/2012 18:15:05,12876.0
03/09/2012 18:15:05,11042.0
04/09/2012 18:15:05,13895.0
05/09/2012 18:15:05,18105.0
06/09/2012 18:15:05,18987.0
07/09/2012 18:15:05,14184.0
08/09/2012 18:15:05,14589.0
09/09/2012 18:15:05,16682.0
10/09/2012 18:15:05,13071.0
11/09/2012 18:15:05,17028.0
12/09/2012 18:15:05,14146.0
13/09/2012 18:15:05,11905.0
14/09/2012 18:15:05,13751.0
15/09/2012 18:15:05,12227.0
16/09/2012 18:15:05,12149.0
17/09/2012 18:15:05,10967.0
18/09/2012 18:15:05,15454.0
19/09/2012 18:15:05,14795.0
20/09/2012 18:15:05,19585.0
21/09/2012 18:15:05,11290.0
22/09/2012 18:15:05,9799.0
23/09/2012 18:15:05,9671.0
24/09/2012 18:15:05,10979.0
25/09/2012 18:15:05,14273.0
26/09/2012 18:15:05,17172.0
27/09/2012 18:15:05,14752.0
28/09/2012 18:15:05,15794.0
29/09/2012 18:15:05,15930.0
30/09/2012 18:15:05,10929.0
01/10/2012 18:15:05,11524.0
02/10/2012 18:15:05,16185.0
03/10/2012 18:15:05,17520.0
04/10/2012 18:15:05,13985.0
05/10/2012 18:15:05,13434.0
06/10/2012 18:15:05,12842.0
07/10/2012 18:15:05,10787.0
08/10/2012 18:15:05,12409.0
09/10/2012 18:15:05,13691.0
10/10/2012 18:15:05,13797.0
11/10/2012 18:15:05,13414.0
12/10/2012 18:15:05,12965.0
13/10/2012 18:15:05,12101.0
14/10/2012 18:15:05,11302.0
15/10/2012 18:15:05,12844.0
16/10/2012 18:15:05,11214.0
17/10/2012 18:15:05,14024.0
18/10/2012 18:15:05,15835.0
19/10/2012 18:15:05,15934.0
20/10/2012 18:15:05,13230.0
21/10/2012 18:15:05,10212.0
22/10/2012 18:15:05,11321.0
23/10/2012 18:15:05,11068.0
24/10/2012 18:15:05,13163.0
25/10/2012 18:15:05,13525.0
26/10/2012 18:15:05,14132.0
27/10/2012 18:15:05,10196.0
28/10/2012 18:15:05,9694.0
29/10/2012 18:15:05,9161.0
30/10/2012 18:15:05,10291.0
31/10/2012 18:15:05,11056.0
01/11/2012 18:15:05,10842.0
02/11/2012 18:15:05,10731.0
03/11/2012 18:15:05,10952.0
04/11/2012 18:15:05,9755.0
05/11/2012 18:15:05,10585.0
06/11/2012 18:15:05,10983.0
07/11/2012 18:15:05,12076.0
08/11/2012 18:15:05,12054.0
09/11/2012 18:15:05,11892.0
10/11/2012 18:15:05,9649.0
11/11/2012 18:15:05,8038.0
12/11/2012 18:15:05,9925.0
13/11/2012 18:15:05,8793.0
14/11/2012 18:15:05,10839.0
15/11/2012 18:15:05,14067.0
16/11/2012 18:15:05,14493.0
17/11/2012 18:15:05,13070.0
18/11/2012 18:15:05,12069.0
19/11/2012 18:15:05,13291.0
20/11/2012 18:15:05,15204.0
21/11/2012 18:15:05,13398.0
22/11/2012 18:15:05,16262.0
23/11/2012 18:15:05,12915.0
24/11/2012 18:15:05,13245.0
25/11/2012 18:15:05,11687.0
26/11/2012 18:15:05,12105.0
27/11/2012 18:15:05,14655.0
28/11/2012 18:15:05,13339.0
29/11/2012 18:15:05,13420.0
30/11/2012 18:15:05,12121.0
01/12/2012 18:15:05,11156.0
02/12/2012 18:15:05,9133.0
03/12/2012 18:15:05,10120.0
04/12/2012 18:15:05,12593.0
05/12/2012 18:15:05,15540.0
06/12/2012 18:15:05,13587.0
07/12/2012 18:15:05,13173.0
08/12/2012 18:15:05,12347.0
09/12/2012 18:15:05,10771.0
10/12/2012 18:15:05,11427.0
11/12/2012 18:15:05,13765.0
12/12/2012 18:15:05,15571.0
13/12/2012 18:15:05,16338.0
14/12/2012 18:15:05,15409.0
15/12/2012 18:15:05,12963.0
16/12/2012 18:15:05,12799.0
17/12/2012 18:15:05,14162.0
18/12/2012 18:15:05,17697.0
19/12/2012 18:15:05,15423.0
20/12/2012 18:15:05,13466.0
21/12/2012 18:15:05,14440.0
22/12/2012 18:15:05,17745.0
23/12/2012 18:15:05,13381.0
24/12/2012 18:15:05,12446.0
25/12/2012 18:15:05,10601.0
26/12/2012 18:15:05,10482.0
27/12/2012 18:15:05,11889.0
28/12/2012 18:15:05,13908.0
29/12/2012 18:15:05,13470.0
30/12/2012 18:15:05,16611.0
31/12/2012 18:15:05,12793.0
01/01/2013 18:15:05,13424.0
02/01/2013 18:15:05,16176.0
03/01/2013 18:15:05,16404.0
04/01/2013 18:15:05,17256.0
05/01/2013 18:15:05,17789.0
06/01/2013 18:15:05,14625.0
07/01/2013 18:15:05,18091.0
08/01/2013 18:15:05,17259.0
09/01/2013 18:15:05,18753.0
10/01/2013 18:15:05,18846.0
11/01/2013 18:15:05,21326.0
12/01/2013 18:15:05,16729.0
13/01/2013 18:15:05,17120.0
14/01/2013 18:15:05,11472.0
15/01/2013 18:15:05,18811.0
16/01/2013 18:15:05,20222.0
17/01/2013 18:15:05,18114.0
18/01/2013 18:15:05,19684.0
19/01/2013 18:15:05,17522.0
20/01/2013 18:15:05,15397.0
21/01/2013 18:15:05,15108.0
22/01/2013 18:15:05,17719.0
23/01/2013 18:15:05,15664.0
24/01/2013 18:15:05,18028.0
25/01/2013 18:15:05,17666.0
26/01/2013 18:15:05,18247.0
27/01/2013 18:15:05,15128.0
28/01/2013 18:15:05,15506.0
29/01/2013 18:15:05,16885.0
30/01/2013 18:15:05,15686.0
31/01/2013 18:15:05,16186.0
01/02/2013 18:15:05,18874.0
02/02/2013 18:15:05,17383.0
03/02/2013 18:15:05,16161.0
04/02/2013 18:15:05,17821.0
05/02/2013 18:15:05,23359.0
06/02/2013 18:15:05,19299.0
07/02/2013 18:15:05,20178.0
08/02/2013 18:15:05,20369.0
09/02/2013 18:15:05,18174.0
10/02/2013 18:15:05,19316.0
11/02/2013 18:15:05,17988.0
12/02/2013 18:15:05,18081.0
13/02/2013 18:15:05,16313.0
14/02/2013 18:15:05,16942.0
15/02/2013 18:15:05,17649.0
16/02/2013 18:15:05,15330.0
17/02/2013 18:15:05,14033.0
18/02/2013 18:15:05,16973.0
19/02/2013 18:15:05,17047.0
20/02/2013 18:15:05,18258.0
21/02/2013 18:15:05,17339.0
22/02/2013 18:15:05,18252.0
23/02/2013 18:15:05,17279.0
24/02/2013 18:15:05,16568.0
25/02/2013 18:15:05,18098.0
26/02/2013 18:15:05,19601.0
27/02/2013 18:15:05,18868.0
28/02/2013 18:15:05,19200.0
01/03/2013 18:15:05,21567.0
02/03/2013 18:15:05,17227.0
03/03/2013 18:15:05,12300.0
04/03/2013 18:15:05,15604.0
05/03/2013 18:15:05,19608.0
06/03/2013 18:15:05,22628.0
07/03/2013 18:15:05,21927.0
08/03/2013 18:15:05,20934.0
09/03/2013 18:15:05,17139.0
10/03/2013 18:15:05,21266.0
11/03/2013 18:15:05,16740.0
12/03/2013 18:15:05,16281.0
13/03/2013 18:15:05,21149.0
14/03/2013 18:15:05,20098.0
15/03/2013 18:15:05,21347.0
16/03/2013 18:15:05,18570.0
17/03/2013 18:15:05,17059.0
18/03/2013 18:15:05,19061.0
19/03/2013 18:15:05,24469.0
20/03/2013 18:15:05,22659.0
21/03/2013 18:15:05,23501.0
22/03/2013 18:15:05,26754.0
23/03/2013 18:15:05,22002.0
24/03/2013 18:15:05,24811.0
25/03/2013 18:15:05,25336.0
26/03/2013 18:15:05,24343.0
27/03/2013 18:15:05,27647.0
28/03/2013 18:15:05,33459.0
29/03/2013 18:15:05,30749.0
30/03/2013 18:15:05,27579.0
31/03/2013 18:15:05,19367.0
01/04/2013 18:15:05,22408.0
02/04/2013 18:15:05,31282.0
03/04/2013 18:15:05,35162.0
04/04/2013 18:15:05,37870.0
05/04/2013 18:15:05,35319.0
06/04/2013 18:15:05,28056.0
07/04/2013 18:15:05,25164.0
08/04/2013 18:15:05,33728.0
09/04/2013 18:15:05,41823.0
10/04/2013 18:15:05,51455.0
11/04/2013 18:15:05,49131.0
12/04/2013 18:15:05,38328.0
13/04/2013 18:15:05,30827.0
14/04/2013 18:15:05,23968.0
15/04/2013 18:15:05,26933.0
16/04/2013 18:15:05,33725.0
17/04/2013 18:15:05,33619.0
18/04/2013 18:15:05,28920.0
19/04/2013 18:15:05,35933.0
20/04/2013 18:15:05,26957.0
21/04/2013 18:15:05,24533.0
22/04/2013 18:15:05,27512.0
23/04/2013 18:15:05,31495.0
24/04/2013 18:15:05,33712.0
25/04/2013 18:15:05,31457.0
26/04/2013 18:15:05,28632.0
27/04/2013 18:15:05,24689.0
28/04/2013 18:15:05,22796.0
29/04/2013 18:15:05,27314.0
30/04/2013 18:15:05,25564.0
01/05/2013 18:15:05,24530.0
02/05/2013 18:15:05,27688.0
03/05/2013 18:15:05,26506.0
04/05/2013 18:15:05,18242.0
05/05/2013 18:15:05,21113.0
06/05/2013 18:15:05,24879.0
07/05/2013 18:15:05,27551.0
08/05/2013 18:15:05,25395.0
09/05/2013 18:15:05,25416.0
10/05/2013 18:15:05,25530.0
11/05/2013 18:15:05,21238.0
12/05/2013 18:15:05,19684.0
13/05/2013 18:15:05,23179.0
14/05/2013 18:15:05,26812.0
15/05/2013 18:15:05,28149.0
16/05/2013 18:15:05,26773.0
17/05/2013 18:15:05,26882.0
18/05/2013 18:15:05,22985.0
19/05/2013 18:15:05,19778.0
20/05/2013 18:15:05,22790.0
21/05/2013 18:15:05,25688.0
22/05/2013 18:15:05,26186.0
23/05/2013 18:15:05,27539.0
24/05/2013 18:15:05,28073.0
25/05/2013 18:15:05,23552.0
26/05/2013 18:15:05,21292.0
27/05/2013 18:15:05,23700.0
28/05/2013 18:15:05,23738.0
29/05/2013 18:15:05,28087.0
30/05/2013 18:15:05,26318.0
31/05/2013 18:15:05,26691.0
01/06/2013 18:15:05,24158.0
02/06/2013 18:15:05,22684.0
03/06/2013 18:15:05,24959.0
04/06/2013 18:15:05,27841.0
05/06/2013 18:15:05,25027.0
06/06/2013 18:15:05,26401.0
07/06/2013 18:15:05,26978.0
08/06/2013 18:15:05,23662.0
09/06/2013 18:15:05,20904.0
10/06/2013 18:15:05,20896.0
11/06/2013 18:15:05,23454.0
12/06/2013 18:15:05,21852.0
13/06/2013 18:15:05,22741.0
14/06/2013 18:15:05,26342.0
15/06/2013 18:15:05,21840.0
16/06/2013 18:15:05,17372.0
17/06/2013 18:15:05,20835.0
18/06/2013 18:15:05,23077.0
19/06/2013 18:15:05,25385.0
20/06/2013 18:15:05,26140.0
21/06/2013 18:15:05,26165.0
22/06/2013 18:15:05,21857.0
23/06/2013 18:15:05,18203.0
24/06/2013 18:15:05,21748.0
25/06/2013 18:15:05,24782.0
26/06/2013 18:15:05,26087.0
27/06/2013 18:15:05,24892.0
28/06/2013 18:15:05,26147.0
29/06/2013 18:15:05,23586.0
30/06/2013 18:15:05,19434.0
01/07/2013 18:15:05,24137.0
02/07/2013 18:15:05,29925.0
03/07/2013 18:15:05,25803.0
04/07/2013 18:15:05,26097.0
05/07/2013 18:15:05,22418.0
06/07/2013 18:15:05,22481.0
07/07/2013 18:15:05,17764.0
08/07/2013 18:15:05,23029.0
09/07/2013 18:15:05,26041.0
10/07/2013 18:15:05,26244.0
11/07/2013 18:15:05,29490.0
12/07/2013 18:15:05,33625.0
13/07/2013 18:15:05,25977.0
14/07/2013 18:15:05,17989.0
15/07/2013 18:15:05,21699.0
16/07/2013 18:15:05,25421.0
17/07/2013 18:15:05,26069.0
18/07/2013 18:15:05,26312.0
19/07/2013 18:15:05,24401.0
20/07/2013 18:15:05,20029.0
21/07/2013 18:15:05,21524.0
22/07/2013 18:15:05,22602.0
23/07/2013 18:15:05,26085.0
24/07/2013 18:15:05,26735.0
25/07/2013 18:15:05,26580.0
26/07/2013 18:15:05,27299.0
27/07/2013 18:15:05,21881.0
28/07/2013 18:15:05,18416.0
29/07/2013 18:15:05,26191.0
30/07/2013 18:15:05,27480.0
31/07/2013 18:15:05,33198.0
01/08/2013 18:15:05,31084.0
02/08/2013 18:15:05,33698.0
03/08/2013 18:15:05,25934.0
04/08/2013 18:15:05,20226.0
05/08/2013 18:15:05,25770.0
06/08/2013 18:15:05,27939.0
07/08/2013 18:15:05,28170.0
08/08/2013 18:15:05,28609.0
09/08/2013 18:15:05,25338.0
10/08/2013 18:15:05,23776.0
11/08/2013 18:15:05,19500.0
12/08/2013 18:15:05,27001.0
13/08/2013 18:15:05,33947.0
14/08/2013 18:15:05,31876.0
15/08/2013 18:15:05,32388.0
16/08/2013 18:15:05,32176.0
17/08/2013 18:15:05,28976.0
18/08/2013 18:15:05,25899.0
19/08/2013 18:15:05,29673.0
20/08/2013 18:15:05,35589.0
21/08/2013 18:15:05,37681.0
22/08/2013 18:15:05,37527.0
23/08/2013 18:15:05,34078.0
24/08/2013 18:15:05,27218.0
25/08/2013 18:15:05,24835.0
26/08/2013 18:15:05,31010.0
27/08/2013 18:15:05,36873.0
28/08/2013 18:15:05,36209.0
29/08/2013 18:15:05,32714.0
30/08/2013 18:15:05,35621.0
31/08/2013 18:15:05,33954.0
01/09/2013 18:15:05,27222.0
02/09/2013 18:15:05,28807.0
03/09/2013 18:15:05,32641.0
04/09/2013 18:15:05,34303.0
05/09/2013 18:15:05,37741.0
06/09/2013 18:15:05,35505.0
07/09/2013 18:15:05,34405.0
08/09/2013 18:15:05,26077.0
09/09/2013 18:15:05,33571.0
10/09/2013 18:15:05,34709.0
11/09/2013 18:15:05,35535.0
12/09/2013 18:15:05,38697.0
13/09/2013 18:15:05,34662.0
14/09/2013 18:15:05,28979.0
15/09/2013 18:15:05,28348.0
16/09/2013 18:15:05,33155.0
17/09/2013 18:15:05,42021.0
18/09/2013 18:15:05,43705.0
19/09/2013 18:15:05,41152.0
20/09/2013 18:15:05,40460.0
21/09/2013 18:15:05,36353.0
22/09/2013 18:15:05,33215.0
23/09/2013 18:15:05,38353.0
24/09/2013 18:15:05,41262.0
25/09/2013 18:15:05,40337.0
26/09/2013 18:15:05,38352.0
27/09/2013 18:15:05,36560.0
28/09/2013 18:15:05,31425.0
29/09/2013 18:15:05,28026.0
30/09/2013 18:15:05,32223.0
01/10/2013 18:15:05,39079.0
02/10/2013 18:15:05,42584.0
03/10/2013 18:15:05,41357.0
04/10/2013 18:15:05,35360.0
05/10/2013 18:15:05,31381.0
06/10/2013 18:15:05,26177.0
07/10/2013 18:15:05,30100.0
08/10/2013 18:15:05,34291.0
09/10/2013 18:15:05,38692.0
10/10/2013 18:15:05,36547.0
11/10/2013 18:15:05,37937.0
12/10/2013 18:15:05,33344.0
13/10/2013 18:15:05,31479.0
14/10/2013 18:15:05,36518.0
15/10/2013 18:15:05,37753.0
16/10/2013 18:15:05,39527.0
17/10/2013 18:15:05,35519.0
18/10/2013 18:15:05,42341.0
19/10/2013 18:15:05,40260.0
20/10/2013 18:15:05,33432.0
21/10/2013 18:15:05,40197.0
22/10/2013 18:15:05,47416.0
23/10/2013 18:15:05,42721.0
24/10/2013 18:15:05,46979.0
25/10/2013 18:15:05,43703.0
26/10/2013 18:15:05,34869.0
27/10/2013 18:15:05,30090.0
28/10/2013 18:15:05,34629.0
29/10/2013 18:15:05,38140.0
30/10/2013 18:15:05,38560.0
31/10/2013 18:15:05,38478.0
01/11/2013 18:15:05,35575.0
02/11/2013 18:15:05,35652.0
03/11/2013 18:15:05,30351.0
04/11/2013 18:15:05,38141.0
05/11/2013 18:15:05,45732.0
06/11/2013 18:15:05,48151.0
07/11/2013 18:15:05,53470.0
08/11/2013 18:15:05,53584.0
09/11/2013 18:15:05,53728.0
10/11/2013 18:15:05,44438.0
11/11/2013 18:15:05,44441.0
12/11/2013 18:15:05,48485.0
13/11/2013 18:15:05,51452.0
14/11/2013 18:15:05,56284.0
15/11/2013 18:15:05,50247.0
16/11/2013 18:15:05,44994.0
17/11/2013 18:15:05,40401.0
18/11/2013 18:15:05,62847.0
19/11/2013 18:15:05,85571.0
20/11/2013 18:15:05,68797.0
21/11/2013 18:15:05,63432.0
22/11/2013 18:15:05,67820.0
23/11/2013 18:15:05,65874.0
24/11/2013 18:15:05,49377.0
25/11/2013 18:15:05,60652.0
26/11/2013 18:15:05,70916.0
27/11/2013 18:15:05,85164.0
28/11/2013 18:15:05,93911.0
29/11/2013 18:15:05,83714.0
30/11/2013 18:15:05,73917.0
01/12/2013 18:15:05,61331.0
02/12/2013 18:15:05,69250.0
03/12/2013 18:15:05,71611.0
04/12/2013 18:15:05,72687.0
05/12/2013 18:15:05,78591.0
06/12/2013 18:15:05,66006.0
07/12/2013 18:15:05,68497.0
08/12/2013 18:15:05,44771.0
09/12/2013 18:15:05,54531.0
10/12/2013 18:15:05,60322.0
11/12/2013 18:15:05,60671.0
12/12/2013 18:15:05,52110.0
13/12/2013 18:15:05,53311.0
14/12/2013 18:15:05,50023.0
15/12/2013 18:15:05,47577.0
16/12/2013 18:15:05,55917.0
17/12/2013 18:15:05,65237.0
18/12/2013 18:15:05,72219.0
19/12/2013 18:15:05,61379.0
20/12/2013 18:15:05,59721.0
21/12/2013 18:15:05,49099.0
22/12/2013 18:15:05,42186.0
23/12/2013 18:15:05,44607.0
24/12/2013 18:15:05,48392.0
25/12/2013 18:15:05,48430.0
26/12/2013 18:15:05,41892.0
27/12/2013 18:15:05,47287.0
28/12/2013 18:15:05,40315.0
29/12/2013 18:15:05,39438.0
30/12/2013 18:15:05,47795.0
31/12/2013 18:15:05,46174.0
01/01/2014 18:15:05,33625.0
02/01/2014 18:15:05,42112.0
03/01/2014 18:15:05,56617.0
04/01/2014 18:15:05,46386.0
05/01/2014 18:15:05,48192.0
06/01/2014 18:15:05,60826.0
07/01/2014 18:15:05,55344.0
08/01/2014 18:15:05,55054.0
09/01/2014 18:15:05,50774.0
10/01/2014 18:15:05,49153.0
11/01/2014 18:15:05,48970.0
12/01/2014 18:15:05,42175.0
13/01/2014 18:15:05,47711.0
14/01/2014 18:15:05,49932.0
15/01/2014 18:15:05,51934.0
16/01/2014 18:15:05,49623.0
17/01/2014 18:15:05,49365.0
18/01/2014 18:15:05,44588.0
19/01/2014 18:15:05,41985.0
20/01/2014 18:15:05,51466.0
21/01/2014 18:15:05,60309.0
22/01/2014 18:15:05,58564.0
23/01/2014 18:15:05,55005.0
24/01/2014 18:15:05,59895.0
25/01/2014 18:15:05,47710.0
26/01/2014 18:15:05,46710.0
27/01/2014 18:15:05,54329.0
28/01/2014 18:15:05,61216.0
29/01/2014 18:15:05,56810.0
30/01/2014 18:15:05,55026.0
31/01/2014 18:15:05,56192.0
01/02/2014 18:15:05,50171.0
02/02/2014 18:15:05,44915.0
03/02/2014 18:15:05,51992.0
04/02/2014 18:15:05,59321.0
05/02/2014 18:15:05,62067.0
06/02/2014 18:15:05,63678.0
07/02/2014 18:15:05,65766.0
08/02/2014 18:15:05,57867.0
09/02/2014 18:15:05,52019.0
10/02/2014 18:15:05,61132.0
11/02/2014 18:15:05,57955.0
12/02/2014 18:15:05,56760.0
13/02/2014 18:15:05,59093.0
14/02/2014 18:15:05,67449.0
15/02/2014 18:15:05,55413.0
16/02/2014 18:15:05,48370.0
17/02/2014 18:15:05,50026.0
18/02/2014 18:15:05,56375.0
19/02/2014 18:15:05,59290.0
20/02/2014 18:15:05,63613.0
21/02/2014 18:15:05,67627.0
22/02/2014 18:15:05,53496.0
23/02/2014 18:15:05,52230.0
24/02/2014 18:15:05,62090.0
25/02/2014 18:15:05,77494.0
26/02/2014 18:15:05,66512.0
27/02/2014 18:15:05,65279.0
28/02/2014 18:15:05,64477.0
01/03/2014 18:15:05,58109.0
02/03/2014 18:15:05,51306.0
03/03/2014 18:15:05,65711.0
04/03/2014 18:15:05,80405.0
05/03/2014 18:15:05,66518.0
06/03/2014 18:15:05,64869.0
07/03/2014 18:15:05,63687.0
08/03/2014 18:15:05,64748.0
09/03/2014 18:15:05,56901.0
10/03/2014 18:15:05,62205.0
11/03/2014 18:15:05,69747.0
12/03/2014 18:15:05,70451.0
13/03/2014 18:15:05,70141.0
14/03/2014 18:15:05,64302.0
15/03/2014 18:15:05,61481.0
16/03/2014 18:15:05,53512.0
17/03/2014 18:15:05,60315.0
18/03/2014 18:15:05,54012.0
19/03/2014 18:15:05,58408.0
20/03/2014 18:15:05,65858.0
21/03/2014 18:15:05,64789.0
22/03/2014 18:15:05,59005.0
23/03/2014 18:15:05,49799.0
24/03/2014 18:15:05,57982.0
25/03/2014 18:15:05,62131.0
26/03/2014 18:15:05,61430.0
27/03/2014 18:15:05,63326.0
28/03/2014 18:15:05,62230.0
29/03/2014 18:15:05,48911.0
30/03/2014 18:15:05,48087.0
31/03/2014 18:15:05,55077.0
01/04/2014 18:15:05,58640.0
02/04/2014 18:15:05,60114.0
03/04/2014 18:15:05,61093.0
04/04/2014 18:15:05,57563.0
05/04/2014 18:15:05,52538.0
06/04/2014 18:15:05,41548.0
07/04/2014 18:15:05,51594.0
08/04/2014 18:15:05,59906.0
09/04/2014 18:15:05,55882.0
10/04/2014 18:15:05,60009.0
11/04/2014 18:15:05,59225.0
12/04/2014 18:15:05,46197.0
13/04/2014 18:15:05,41146.0
14/04/2014 18:15:05,55962.0
15/04/2014 18:15:05,65835.0
16/04/2014 18:15:05,63308.0
17/04/2014 18:15:05,60301.0
18/04/2014 18:15:05,50198.0
19/04/2014 18:15:05,50045.0
20/04/2014 18:15:05,43670.0
21/04/2014 18:15:05,53398.0
22/04/2014 18:15:05,67222.0
23/04/2014 18:15:05,67166.0
24/04/2014 18:15:05,62271.0
25/04/2014 18:15:05,71984.0
26/04/2014 18:15:05,53383.0
27/04/2014 18:15:05,45405.0
28/04/2014 18:15:05,56288.0
29/04/2014 18:15:05,58686.0
30/04/2014 18:15:05,57558.0
01/05/2014 18:15:05,56146.0
02/05/2014 18:15:05,53800.0
03/05/2014 18:15:05,48488.0
04/05/2014 18:15:05,45157.0
05/05/2014 18:15:05,55470.0
06/05/2014 18:15:05,67980.0
07/05/2014 18:15:05,64083.0
08/05/2014 18:15:05,61626.0
09/05/2014 18:15:05,61323.0
10/05/2014 18:15:05,55633.0
11/05/2014 18:15:05,48439.0
12/05/2014 18:15:05,63435.0
13/05/2014 18:15:05,63900.0
14/05/2014 18:15:05,63119.0
15/05/2014 18:15:05,68081.0
16/05/2014 18:15:05,62685.0
17/05/2014 18:15:05,50924.0
18/05/2014 18:15:05,45521.0
19/05/2014 18:15:05,55903.0
20/05/2014 18:15:05,64563.0
21/05/2014 18:15:05,65595.0
22/05/2014 18:15:05,62786.0
23/05/2014 18:15:05,66578.0
24/05/2014 18:15:05,52616.0
25/05/2014 18:15:05,50254.0
26/05/2014 18:15:05,58215.0
27/05/2014 18:15:05,60714.0
28/05/2014 18:15:05,66749.0
29/05/2014 18:15:05,58932.0
30/05/2014 18:15:05,61119.0
31/05/2014 18:15:05,50349.0
01/06/2014 18:15:05,48238.0
02/06/2014 18:15:05,56625.0
03/06/2014 18:15:05,64508.0
04/06/2014 18:15:05,62282.0
05/06/2014 18:15:05,61399.0
06/06/2014 18:15:05,59197.0
07/06/2014 18:15:05,49794.0
08/06/2014 18:15:05,43445.0
09/06/2014 18:15:05,52697.0
10/06/2014 18:15:05,59436.0
11/06/2014 18:15:05,58166.0
12/06/2014 18:15:05,58229.0
13/06/2014 18:15:05,61667.0
14/06/2014 18:15:05,51974.0
15/06/2014 18:15:05,44881.0
16/06/2014 18:15:05,55333.0
17/06/2014 18:15:05,61902.0
18/06/2014 18:15:05,62754.0
19/06/2014 18:15:05,56372.0
20/06/2014 18:15:05,55889.0
21/06/2014 18:15:05,49007.0
22/06/2014 18:15:05,45909.0
23/06/2014 18:15:05,53514.0
24/06/2014 18:15:05,59866.0
25/06/2014 18:15:05,57849.0
26/06/2014 18:15:05,57187.0
27/06/2014 18:15:05,56295.0
28/06/2014 18:15:05,52183.0
29/06/2014 18:15:05,44675.0
30/06/2014 18:15:05,57408.0
01/07/2014 18:15:05,64855.0
02/07/2014 18:15:05,62842.0
03/07/2014 18:15:05,59392.0
04/07/2014 18:15:05,57102.0
05/07/2014 18:15:05,43684.0
06/07/2014 18:15:05,47739.0
07/07/2014 18:15:05,56650.0
08/07/2014 18:15:05,65142.0
09/07/2014 18:15:05,64396.0
10/07/2014 18:15:05,58507.0
11/07/2014 18:15:05,57127.0
12/07/2014 18:15:05,51347.0
13/07/2014 18:15:05,48085.0
14/07/2014 18:15:05,53369.0
15/07/2014 18:15:05,61612.0
16/07/2014 18:15:05,60139.0
17/07/2014 18:15:05,61928.0
18/07/2014 18:15:05,57314.0
19/07/2014 18:15:05,52995.0
20/07/2014 18:15:05,50857.0
21/07/2014 18:15:05,57612.0
22/07/2014 18:15:05,62921.0
23/07/2014 18:15:05,65037.0
24/07/2014 18:15:05,60982.0
25/07/2014 18:15:05,59317.0
26/07/2014 18:15:05,51209.0
27/07/2014 18:15:05,49062.0
28/07/2014 18:15:05,56163.0
29/07/2014 18:15:05,60770.0
30/07/2014 18:15:05,59532.0
31/07/2014 18:15:05,62647.0
01/08/2014 18:15:05,61823.0
02/08/2014 18:15:05,55899.0
03/08/2014 18:15:05,49287.0
04/08/2014 18:15:05,59112.0
05/08/2014 18:15:05,67774.0
06/08/2014 18:15:05,71825.0
07/08/2014 18:15:05,65231.0
08/08/2014 18:15:05,62814.0
09/08/2014 18:15:05,58049.0
10/08/2014 18:15:05,53617.0
11/08/2014 18:15:05,65330.0
12/08/2014 18:15:05,72854.0
13/08/2014 18:15:05,69312.0
14/08/2014 18:15:05,75480.0
15/08/2014 18:15:05,63678.0
16/08/2014 18:15:05,70469.0
17/08/2014 18:15:05,54894.0
18/08/2014 18:15:05,63950.0
19/08/2014 18:15:05,70875.0
20/08/2014 18:15:05,69785.0
21/08/2014 18:15:05,71266.0
22/08/2014 18:15:05,66732.0
23/08/2014 18:15:05,57973.0
24/08/2014 18:15:05,52680.0
25/08/2014 18:15:05,63222.0
26/08/2014 18:15:05,71269.0
27/08/2014 18:15:05,69521.0
28/08/2014 18:15:05,66527.0
29/08/2014 18:15:05,65314.0
30/08/2014 18:15:05,61887.0
31/08/2014 18:15:05,56915.0
01/09/2014 18:15:05,61965.0
02/09/2014 18:15:05,66497.0
03/09/2014 18:15:05,66433.0
04/09/2014 18:15:05,67680.0
05/09/2014 18:15:05,63656.0
06/09/2014 18:15:05,62897.0
07/09/2014 18:15:05,55736.0
08/09/2014 18:15:05,67638.0
09/09/2014 18:15:05,76384.0
10/09/2014 18:15:05,72396.0
11/09/2014 18:15:05,65134.0
12/09/2014 18:15:05,64582.0
13/09/2014 18:15:05,60353.0
14/09/2014 18:15:05,58907.0
15/09/2014 18:15:05,68187.0
16/09/2014 18:15:05,82881.0
17/09/2014 18:15:05,75113.0
18/09/2014 18:15:05,76196.0
19/09/2014 18:15:05,69166.0
20/09/2014 18:15:05,60173.0
21/09/2014 18:15:05,58629.0
22/09/2014 18:15:05,65891.0
23/09/2014 18:15:05,68439.0
24/09/2014 18:15:05,75798.0
25/09/2014 18:15:05,74180.0
26/09/2014 18:15:05,69279.0
27/09/2014 18:15:05,61574.0
28/09/2014 18:15:05,56893.0
29/09/2014 18:15:05,68262.0
30/09/2014 18:15:05,75290.0
01/10/2014 18:15:05,74675.0
02/10/2014 18:15:05,69812.0
03/10/2014 18:15:05,67817.0
04/10/2014 18:15:05,65139.0
05/10/2014 18:15:05,62133.0
06/10/2014 18:15:05,70344.0
07/10/2014 18:15:05,74334.0
08/10/2014 18:15:05,73207.0
09/10/2014 18:15:05,73307.0
10/10/2014 18:15:05,73889.0
11/10/2014 18:15:05,61934.0
12/10/2014 18:15:05,59581.0
13/10/2014 18:15:05,70036.0
14/10/2014 18:15:05,75953.0
15/10/2014 18:15:05,73184.0
16/10/2014 18:15:05,70193.0
17/10/2014 18:15:05,69098.0
18/10/2014 18:15:05,64669.0
19/10/2014 18:15:05,58026.0
20/10/2014 18:15:05,71465.0
21/10/2014 18:15:05,76716.0
22/10/2014 18:15:05,74600.0
23/10/2014 18:15:05,71289.0
24/10/2014 18:15:05,74677.0
25/10/2014 18:15:05,66299.0
26/10/2014 18:15:05,66113.0
27/10/2014 18:15:05,74641.0
28/10/2014 18:15:05,80037.0
29/10/2014 18:15:05,79347.0
30/10/2014 18:15:05,80386.0
31/10/2014 18:15:05,79609.0
01/11/2014 18:15:05,67184.0
02/11/2014 18:15:05,64662.0
03/11/2014 18:15:05,73300.0
04/11/2014 18:15:05,80673.0
05/11/2014 18:15:05,79327.0
06/11/2014 18:15:05,80971.0
07/11/2014 18:15:05,78705.0
08/11/2014 18:15:05,67080.0
09/11/2014 18:15:05,63268.0
10/11/2014 18:15:05,75820.0
11/11/2014 18:15:05,79449.0
12/11/2014 18:15:05,82662.0
13/11/2014 18:15:05,95109.0
14/11/2014 18:15:05,80812.0
15/11/2014 18:15:05,69581.0
16/11/2014 18:15:05,67707.0
17/11/2014 18:15:05,78525.0
18/11/2014 18:15:05,79411.0
19/11/2014 18:15:05,81149.0
20/11/2014 18:15:05,79495.0
21/11/2014 18:15:05,76668.0
22/11/2014 18:15:05,71779.0
23/11/2014 18:15:05,67599.0
24/11/2014 18:15:05,73842.0
25/11/2014 18:15:05,78211.0
26/11/2014 18:15:05,84534.0
27/11/2014 18:15:05,77335.0
28/11/2014 18:15:05,80741.0
29/11/2014 18:15:05,76097.0
30/11/2014 18:15:05,72338.0
01/12/2014 18:15:05,86252.0
02/12/2014 18:15:05,94405.0
03/12/2014 18:15:05,92810.0
04/12/2014 18:15:05,88683.0
05/12/2014 18:15:05,86128.0
06/12/2014 18:15:05,75452.0
07/12/2014 18:15:05,72640.0
08/12/2014 18:15:05,80024.0
09/12/2014 18:15:05,86078.0
10/12/2014 18:15:05,87315.0
11/12/2014 18:15:05,82901.0
12/12/2014 18:15:05,76365.0
13/12/2014 18:15:05,75799.0
14/12/2014 18:15:05,68435.0
15/12/2014 18:15:05,88535.0
16/12/2014 18:15:05,90848.0
17/12/2014 18:15:05,88560.0
18/12/2014 18:15:05,95565.0
19/12/2014 18:15:05,86754.0
20/12/2014 18:15:05,84341.0
21/12/2014 18:15:05,75527.0
22/12/2014 18:15:05,85763.0
23/12/2014 18:15:05,93782.0
24/12/2014 18:15:05,84662.0
25/12/2014 18:15:05,65198.0
26/12/2014 18:15:05,67031.0
27/12/2014 18:15:05,74575.0
28/12/2014 18:15:05,68015.0
29/12/2014 18:15:05,72823.0
30/12/2014 18:15:05,80010.0
31/12/2014 18:15:05,74288.0
01/01/2015 18:15:05,53529.0
02/01/2015 18:15:05,66773.0
03/01/2015 18:15:05,75473.0
04/01/2015 18:15:05,79818.0
05/01/2015 18:15:05,83904.0
06/01/2015 18:15:05,79804.0
07/01/2015 18:15:05,86052.0
08/01/2015 18:15:05,89016.0
09/01/2015 18:15:05,93280.0
10/01/2015 18:15:05,96782.0
11/01/2015 18:15:05,84038.0
12/01/2015 18:15:05,89969.0
13/01/2015 18:15:05,94090.0
14/01/2015 18:15:05,97287.0
15/01/2015 18:15:05,105562.0
16/01/2015 18:15:05,104844.0
17/01/2015 18:15:05,83315.0
18/01/2015 18:15:05,79371.0
19/01/2015 18:15:05,82018.0
20/01/2015 18:15:05,87331.0
21/01/2015 18:15:05,90542.0
22/01/2015 18:15:05,87136.0
23/01/2015 18:15:05,81067.0
24/01/2015 18:15:05,78100.0
25/01/2015 18:15:05,72746.0
26/01/2015 18:15:05,95324.0
27/01/2015 18:15:05,91044.0
28/01/2015 18:15:05,85017.0
29/01/2015 18:15:05,87193.0
30/01/2015 18:15:05,85068.0
31/01/2015 18:15:05,82179.0
01/02/2015 18:15:05,77506.0
02/02/2015 18:15:05,81679.0
03/02/2015 18:15:05,92194.0
04/02/2015 18:15:05,89353.0
05/02/2015 18:15:05,89051.0
06/02/2015 18:15:05,81964.0
07/02/2015 18:15:05,78776.0
08/02/2015 18:15:05,73463.0
09/02/2015 18:15:05,85756.0
10/02/2015 18:15:05,87201.0
11/02/2015 18:15:05,87389.0
12/02/2015 18:15:05,86100.0
13/02/2015 18:15:05,95533.0
14/02/2015 18:15:05,90182.0
15/02/2015 18:15:05,80391.0
16/02/2015 18:15:05,87415.0
17/02/2015 18:15:05,91708.0
18/02/2015 18:15:05,95051.0
19/02/2015 18:15:05,87029.0
20/02/2015 18:15:05,87583.0
21/02/2015 18:15:05,86038.0
22/02/2015 18:15:05,77520.0
23/02/2015 18:15:05,88993.0
24/02/2015 18:15:05,97226.0
25/02/2015 18:15:05,97116.0
26/02/2015 18:15:05,89371.0
27/02/2015 18:15:05,93947.0
28/02/2015 18:15:05,79240.0
01/03/2015 18:15:05,77863.0
02/03/2015 18:15:05,92924.0
03/03/2015 18:15:05,99109.0
04/03/2015 18:15:05,96428.0
05/03/2015 18:15:05,87646.0
06/03/2015 18:15:05,90351.0
07/03/2015 18:15:05,85542.0
08/03/2015 18:15:05,75981.0
09/03/2015 18:15:05,86735.0
10/03/2015 18:15:05,101305.0
11/03/2015 18:15:05,95980.0
12/03/2015 18:15:05,92444.0
13/03/2015 18:15:05,87615.0
14/03/2015 18:15:05,80884.0
15/03/2015 18:15:05,73041.0
16/03/2015 18:15:05,85728.0
17/03/2015 18:15:05,93255.0
18/03/2015 18:15:05,89818.0
19/03/2015 18:15:05,89798.0
20/03/2015 18:15:05,93346.0
21/03/2015 18:15:05,83857.0
22/03/2015 18:15:05,76544.0
23/03/2015 18:15:05,92109.0
24/03/2015 18:15:05,88390.0
25/03/2015 18:15:05,88646.0
26/03/2015 18:15:05,89463.0
27/03/2015 18:15:05,94188.0
28/03/2015 18:15:05,83161.0
29/03/2015 18:15:05,78466.0
30/03/2015 18:15:05,92978.0
31/03/2015 18:15:05,98965.0
01/04/2015 18:15:05,115358.0
02/04/2015 18:15:05,104713.0
03/04/2015 18:15:05,94497.0
04/04/2015 18:15:05,84096.0
05/04/2015 18:15:05,81030.0
06/04/2015 18:15:05,88792.0
07/04/2015 18:15:05,102214.0
08/04/2015 18:15:05,101474.0
09/04/2015 18:15:05,103426.0
10/04/2015 18:15:05,105399.0
11/04/2015 18:15:05,96631.0
12/04/2015 18:15:05,88884.0
13/04/2015 18:15:05,96153.0
14/04/2015 18:15:05,101712.0
15/04/2015 18:15:05,95743.0
16/04/2015 18:15:05,95847.0
17/04/2015 18:15:05,93893.0
18/04/2015 18:15:05,89058.0
19/04/2015 18:15:05,77576.0
20/04/2015 18:15:05,104049.0
21/04/2015 18:15:05,114061.0
22/04/2015 18:15:05,106012.0
23/04/2015 18:15:05,101207.0
24/04/2015 18:15:05,102383.0
25/04/2015 18:15:05,94093.0
26/04/2015 18:15:05,86025.0
27/04/2015 18:15:05,101588.0
28/04/2015 18:15:05,106587.0
29/04/2015 18:15:05,106124.0
30/04/2015 18:15:05,108264.0
01/05/2015 18:15:05,97071.0
02/05/2015 18:15:05,86271.0
03/05/2015 18:15:05,79473.0
04/05/2015 18:15:05,88545.0
05/05/2015 18:15:05,107830.0
06/05/2015 18:15:05,107858.0
07/05/2015 18:15:05,107329.0
08/05/2015 18:15:05,101732.0
09/05/2015 18:15:05,92434.0
10/05/2015 18:15:05,83644.0
11/05/2015 18:15:05,96515.0
12/05/2015 18:15:05,109297.0
13/05/2015 18:15:05,101967.0
14/05/2015 18:15:05,93903.0
15/05/2015 18:15:05,99964.0
16/05/2015 18:15:05,85085.0
17/05/2015 18:15:05,77481.0
18/05/2015 18:15:05,90495.0
19/05/2015 18:15:05,99347.0
20/05/2015 18:15:05,101313.0
21/05/2015 18:15:05,95717.0
22/05/2015 18:15:05,94416.0
23/05/2015 18:15:05,83932.0
24/05/2015 18:15:05,81001.0
25/05/2015 18:15:05,96824.0
26/05/2015 18:15:05,100829.0
27/05/2015 18:15:05,102986.0
28/05/2015 18:15:05,104001.0
29/05/2015 18:15:05,112775.0
30/05/2015 18:15:05,125827.0
31/05/2015 18:15:05,90007.0
01/06/2015 18:15:05,109364.0
02/06/2015 18:15:05,126303.0
03/06/2015 18:15:05,114926.0
04/06/2015 18:15:05,117311.0
05/06/2015 18:15:05,103094.0
06/06/2015 18:15:05,93425.0
07/06/2015 18:15:05,84280.0
08/06/2015 18:15:05,91751.0
09/06/2015 18:15:05,111830.0
10/06/2015 18:15:05,123557.0
11/06/2015 18:15:05,116693.0
12/06/2015 18:15:05,113864.0
13/06/2015 18:15:05,104241.0
14/06/2015 18:15:05,94046.0
15/06/2015 18:15:05,112459.0
16/06/2015 18:15:05,117904.0
17/06/2015 18:15:05,125228.0
18/06/2015 18:15:05,113931.0
19/06/2015 18:15:05,115154.0
20/06/2015 18:15:05,100133.0
21/06/2015 18:15:05,85165.0
22/06/2015 18:15:05,105432.0
23/06/2015 18:15:05,121894.0
24/06/2015 18:15:05,110435.0
25/06/2015 18:15:05,107281.0
26/06/2015 18:15:05,111419.0
27/06/2015 18:15:05,100268.0
28/06/2015 18:15:05,89826.0
29/06/2015 18:15:05,110573.0
30/06/2015 18:15:05,144779.0
01/07/2015 18:15:05,143673.0
02/07/2015 18:15:05,130719.0
03/07/2015 18:15:05,127989.0
04/07/2015 18:15:05,104771.0
05/07/2015 18:15:05,96444.0
06/07/2015 18:15:05,143911.0
07/07/2015 18:15:05,195298.0
08/07/2015 18:15:05,197841.0
09/07/2015 18:15:05,179359.0
10/07/2015 18:15:05,213672.0
11/07/2015 18:15:05,171529.0
12/07/2015 18:15:05,204511.0
13/07/2015 18:15:05,176542.0
14/07/2015 18:15:05,119332.0
15/07/2015 18:15:05,116425.0
16/07/2015 18:15:05,111183.0
17/07/2015 18:15:05,110715.0
18/07/2015 18:15:05,105710.0
19/07/2015 18:15:05,129223.0
20/07/2015 18:15:05,105702.0
21/07/2015 18:15:05,117682.0
22/07/2015 18:15:05,143934.0
23/07/2015 18:15:05,107076.0
24/07/2015 18:15:05,106528.0
25/07/2015 18:15:05,99402.0
26/07/2015 18:15:05,85399.0
27/07/2015 18:15:05,108188.0
28/07/2015 18:15:05,113425.0
29/07/2015 18:15:05,132097.0
30/07/2015 18:15:05,128885.0
31/07/2015 18:15:05,124065.0
01/08/2015 18:15:05,156306.0
02/08/2015 18:15:05,93462.0
03/08/2015 18:15:05,114769.0
04/08/2015 18:15:05,129710.0
05/08/2015 18:15:05,127347.0
06/08/2015 18:15:05,129396.0
07/08/2015 18:15:05,119389.0
08/08/2015 18:15:05,99688.0
09/08/2015 18:15:05,82199.0
10/08/2015 18:15:05,103390.0
11/08/2015 18:15:05,110280.0
12/08/2015 18:15:05,109091.0
13/08/2015 18:15:05,111008.0
14/08/2015 18:15:05,104109.0
15/08/2015 18:15:05,101858.0
16/08/2015 18:15:05,84478.0
17/08/2015 18:15:05,105299.0
18/08/2015 18:15:05,116238.0
19/08/2015 18:15:05,119064.0
20/08/2015 18:15:05,113433.0
21/08/2015 18:15:05,113062.0
22/08/2015 18:15:05,104099.0
23/08/2015 18:15:05,88760.0
24/08/2015 18:15:05,111842.0
25/08/2015 18:15:05,117845.0
26/08/2015 18:15:05,120364.0
27/08/2015 18:15:05,111998.0
28/08/2015 18:15:05,114654.0
29/08/2015 18:15:05,106197.0
30/08/2015 18:15:05,88602.0
31/08/2015 18:15:05,109165.0
01/09/2015 18:15:05,130024.0
02/09/2015 18:15:05,132339.0
03/09/2015 18:15:05,134325.0
04/09/2015 18:15:05,90818.0
05/09/2015 18:15:05,127176.0
06/09/2015 18:15:05,101418.0
07/09/2015 18:15:05,108880.0
08/09/2015 18:15:05,123535.0
09/09/2015 18:15:05,125800.0
10/09/2015 18:15:05,120592.0
11/09/2015 18:15:05,161565.0
12/09/2015 18:15:05,150249.0
13/09/2015 18:15:05,133887.0
14/09/2015 18:15:05,159347.0
15/09/2015 18:15:05,161192.0
16/09/2015 18:15:05,165564.0
17/09/2015 18:15:05,238266.0
18/09/2015 18:15:05,180020.0
19/09/2015 18:15:05,114515.0
20/09/2015 18:15:05,101659.0
21/09/2015 18:15:05,119372.0
22/09/2015 18:15:05,132321.0
23/09/2015 18:15:05,128069.0
24/09/2015 18:15:05,119219.0
25/09/2015 18:15:05,126908.0
26/09/2015 18:15:05,115045.0
27/09/2015 18:15:05,101501.0
28/09/2015 18:15:05,126552.0
29/09/2015 18:15:05,135138.0
30/09/2015 18:15:05,136404.0
01/10/2015 18:15:05,132272.0
02/10/2015 18:15:05,132606.0
03/10/2015 18:15:05,129718.0
04/10/2015 18:15:05,98648.0
05/10/2015 18:15:05,115131.0
06/10/2015 18:15:05,140787.0
07/10/2015 18:15:05,136497.0
08/10/2015 18:15:05,136722.0
09/10/2015 18:15:05,117816.0
10/10/2015 18:15:05,127194.0
11/10/2015 18:15:05,104281.0
12/10/2015 18:15:05,124371.0
13/10/2015 18:15:05,130340.0
14/10/2015 18:15:05,133248.0
15/10/2015 18:15:05,152540.0
16/10/2015 18:15:05,139120.0
17/10/2015 18:15:05,137027.0
18/10/2015 18:15:05,116380.0
19/10/2015 18:15:05,134440.0
20/10/2015 18:15:05,135153.0
21/10/2015 18:15:05,154119.0
22/10/2015 18:15:05,146034.0
23/10/2015 18:15:05,138481.0
24/10/2015 18:15:05,137519.0
25/10/2015 18:15:05,122953.0
26/10/2015 18:15:05,122497.0
27/10/2015 18:15:05,140035.0
28/10/2015 18:15:05,152309.0
29/10/2015 18:15:05,162879.0
30/10/2015 18:15:05,162589.0
31/10/2015 18:15:05,153148.0
01/11/2015 18:15:05,151460.0
02/11/2015 18:15:05,154645.0
03/11/2015 18:15:05,175214.0
04/11/2015 18:15:05,206942.0
05/11/2015 18:15:05,187209.0
06/11/2015 18:15:05,162759.0
07/11/2015 18:15:05,158223.0
08/11/2015 18:15:05,130392.0
09/11/2015 18:15:05,149909.0
10/11/2015 18:15:05,151205.0
11/11/2015 18:15:05,166407.0
12/11/2015 18:15:05,151858.0
13/11/2015 18:15:05,153761.0
14/11/2015 18:15:05,152490.0
15/11/2015 18:15:05,135870.0
16/11/2015 18:15:05,147945.0
17/11/2015 18:15:05,156496.0
18/11/2015 18:15:05,166056.0
19/11/2015 18:15:05,153203.0
20/11/2015 18:15:05,152649.0
21/11/2015 18:15:05,155181.0
22/11/2015 18:15:05,122866.0
23/11/2015 18:15:05,139554.0
24/11/2015 18:15:05,147186.0
25/11/2015 18:15:05,149233.0
26/11/2015 18:15:05,162573.0
27/11/2015 18:15:05,155381.0
28/11/2015 18:15:05,167772.0
29/11/2015 18:15:05,128467.0
30/11/2015 18:15:05,169951.0
01/12/2015 18:15:05,182458.0
02/12/2015 18:15:05,175833.0
03/12/2015 18:15:05,168169.0
04/12/2015 18:15:05,160017.0
05/12/2015 18:15:05,198627.0
06/12/2015 18:15:05,176751.0
07/12/2015 18:15:05,184241.0
08/12/2015 18:15:05,189911.0
09/12/2015 18:15:05,220194.0
10/12/2015 18:15:05,210092.0
11/12/2015 18:15:05,209083.0
12/12/2015 18:15:05,208621.0
13/12/2015 18:15:05,183264.0
14/12/2015 18:15:05,215962.0
15/12/2015 18:15:05,221166.0
16/12/2015 18:15:05,216574.0
17/12/2015 18:15:05,213882.0
18/12/2015 18:15:05,210012.0
19/12/2015 18:15:05,212043.0
20/12/2015 18:15:05,187359.0
21/12/2015 18:15:05,216719.0
22/12/2015 18:15:05,212631.0
23/12/2015 18:15:05,208259.0
24/12/2015 18:15:05,208294.0
25/12/2015 18:15:05,167557.0
26/12/2015 18:15:05,155481.0
27/12/2015 18:15:05,147338.0
28/12/2015 18:15:05,158084.0
29/12/2015 18:15:05,181479.0
30/12/2015 18:15:05,177368.0
31/12/2015 18:15:05,159215.0
01/01/2016 18:15:05,118543.0
02/01/2016 18:15:05,138136.0
03/01/2016 18:15:05,136272.0
04/01/2016 18:15:05,165476.0
05/01/2016 18:15:05,183870.0
06/01/2016 18:15:05,174238.0
07/01/2016 18:15:05,175175.0
08/01/2016 18:15:05,186956.0
09/01/2016 18:15:05,175150.0
10/01/2016 18:15:05,160954.0
11/01/2016 18:15:05,173501.0
12/01/2016 18:15:05,192859.0
13/01/2016 18:15:05,187904.0
14/01/2016 18:15:05,178801.0
15/01/2016 18:15:05,181095.0
16/01/2016 18:15:05,187774.0
17/01/2016 18:15:05,188183.0
18/01/2016 18:15:05,209219.0
19/01/2016 18:15:05,199344.0
20/01/2016 18:15:05,190881.0
21/01/2016 18:15:05,204315.0
22/01/2016 18:15:05,221077.0
23/01/2016 18:15:05,197648.0
24/01/2016 18:15:05,190634.0
25/01/2016 18:15:05,206515.0
26/01/2016 18:15:05,229053.0
27/01/2016 18:15:05,220900.0
28/01/2016 18:15:05,225456.0
29/01/2016 18:15:05,213749.0
30/01/2016 18:15:05,200127.0
31/01/2016 18:15:05,160035.0
01/02/2016 18:15:05,209322.0
02/02/2016 18:15:05,222371.0
03/02/2016 18:15:05,195252.0
04/02/2016 18:15:05,193967.0
05/02/2016 18:15:05,205366.0
06/02/2016 18:15:05,221523.0
07/02/2016 18:15:05,201390.0
08/02/2016 18:15:05,211844.0
09/02/2016 18:15:05,222310.0
10/02/2016 18:15:05,225892.0
11/02/2016 18:15:05,227463.0
12/02/2016 18:15:05,202906.0
13/02/2016 18:15:05,190560.0
14/02/2016 18:15:05,179497.0
15/02/2016 18:15:05,195212.0
16/02/2016 18:15:05,207335.0
17/02/2016 18:15:05,216842.0
18/02/2016 18:15:05,201293.0
19/02/2016 18:15:05,203632.0
20/02/2016 18:15:05,212896.0
21/02/2016 18:15:05,195461.0
22/02/2016 18:15:05,210446.0
23/02/2016 18:15:05,226977.0
24/02/2016 18:15:05,208244.0
25/02/2016 18:15:05,206844.0
26/02/2016 18:15:05,200108.0
27/02/2016 18:15:05,176145.0
28/02/2016 18:15:05,207856.0
29/02/2016 18:15:05,245731.0
01/03/2016 18:15:05,245671.0
02/03/2016 18:15:05,262461.0
03/03/2016 18:15:05,212413.0
04/03/2016 18:15:05,205061.0
05/03/2016 18:15:05,232294.0
06/03/2016 18:15:05,166280.0
07/03/2016 18:15:05,174456.0
08/03/2016 18:15:05,185419.0
09/03/2016 18:15:05,180232.0
10/03/2016 18:15:05,186345.0
11/03/2016 18:15:05,185911.0
12/03/2016 18:15:05,167127.0
13/03/2016 18:15:05,136679.0
14/03/2016 18:15:05,177649.0
15/03/2016 18:15:05,190346.0
16/03/2016 18:15:05,209667.0
17/03/2016 18:15:05,201122.0
18/03/2016 18:15:05,196834.0
19/03/2016 18:15:05,182265.0
20/03/2016 18:15:05,168925.0
21/03/2016 18:15:05,181205.0
22/03/2016 18:15:05,202698.0
23/03/2016 18:15:05,181335.0
24/03/2016 18:15:05,187491.0
25/03/2016 18:15:05,168544.0
26/03/2016 18:15:05,157794.0
27/03/2016 18:15:05,153812.0
28/03/2016 18:15:05,174245.0
29/03/2016 18:15:05,188514.0
30/03/2016 18:15:05,203900.0
31/03/2016 18:15:05,202812.0
01/04/2016 18:15:05,196985.0
02/04/2016 18:15:05,191586.0
03/04/2016 18:15:05,171613.0
04/04/2016 18:15:05,197721.0
05/04/2016 18:15:05,214365.0
06/04/2016 18:15:05,213637.0
07/04/2016 18:15:05,212321.0
08/04/2016 18:15:05,210883.0
09/04/2016 18:15:05,200063.0
10/04/2016 18:15:05,178283.0
11/04/2016 18:15:05,213730.0
12/04/2016 18:15:05,236805.0
13/04/2016 18:15:05,218654.0
14/04/2016 18:15:05,228737.0
15/04/2016 18:15:05,214008.0
16/04/2016 18:15:05,187475.0
17/04/2016 18:15:05,184854.0
18/04/2016 18:15:05,199317.0
19/04/2016 18:15:05,224669.0
20/04/2016 18:15:05,220464.0
21/04/2016 18:15:05,211893.0
22/04/2016 18:15:05,211114.0
23/04/2016 18:15:05,186460.0
24/04/2016 18:15:05,177961.0
25/04/2016 18:15:05,204724.0
26/04/2016 18:15:05,240153.0
27/04/2016 18:15:05,235926.0
28/04/2016 18:15:05,245659.0
29/04/2016 18:15:05,251845.0
30/04/2016 18:15:05,225357.0
01/05/2016 18:15:05,189132.0
02/05/2016 18:15:05,211475.0
03/05/2016 16:36:36,234773.0