,NumUniqueAdresses
2009-01-03 18:15:05,1.0
2009-01-04 18:15:05,0.0
2009-01-05 18:15:05,0.0
2009-01-06 18:15:05,0.0
2009-01-07 18:15:05,0.0
2009-01-08 18:15:05,0.0
2009-01-09 18:15:05,14.0
2009-01-10 18:15:05,31.0
2009-01-11 18:15:05,106.0
2009-01-12 18:15:05,96.0
2009-01-13 18:15:05,117.0
2009-01-14 18:15:05,126.0
2009-01-15 18:15:05,136.0
2009-01-16 18:15:05,117.0
2009-01-17 18:15:05,109.0
2009-01-18 18:15:05,101.0
2009-01-19 18:15:05,120.0
2009-01-20 18:15:05,118.0
2009-01-21 18:15:05,115.0
2009-01-22 18:15:05,76.0
2009-01-23 18:15:05,68.0
2009-01-24 18:15:05,201.0
2009-01-25 18:15:05,195.0
2009-01-26 18:15:05,116.0
2009-01-27 18:15:05,105.0
2009-01-28 18:15:05,103.0
2009-01-29 18:15:05,122.0
2009-01-30 18:15:05,122.0
2009-01-31 18:15:05,129.0
2009-02-01 18:15:05,118.0
2009-02-02 18:15:05,127.0
2009-02-03 18:15:05,145.0
2009-02-04 18:15:05,129.0
2009-02-05 18:15:05,121.0
2009-02-06 18:15:05,129.0
2009-02-07 18:15:05,131.0
2009-02-08 18:15:05,135.0
2009-02-09 18:15:05,129.0
2009-02-10 18:15:05,127.0
2009-02-11 18:15:05,132.0
2009-02-12 18:15:05,119.0
2009-02-13 18:15:05,124.0
2009-02-14 18:15:05,141.0
2009-02-15 18:15:05,125.0
2009-02-16 18:15:05,123.0
2009-02-17 18:15:05,119.0
2009-02-18 18:15:05,124.0
2009-02-19 18:15:05,117.0
2009-02-20 18:15:05,129.0
2009-02-21 18:15:05,110.0
2009-02-22 18:15:05,125.0
2009-02-23 18:15:05,107.0
2009-02-24 18:15:05,111.0
2009-02-25 18:15:05,107.0
2009-02-26 18:15:05,96.0
2009-02-27 18:15:05,123.0
2009-02-28 18:15:05,103.0
2009-03-01 18:15:05,107.0
2009-03-02 18:15:05,104.0
2009-03-03 18:15:05,107.0
2009-03-04 18:15:05,106.0
2009-03-05 18:15:05,108.0
2009-03-06 18:15:05,119.0
2009-03-07 18:15:05,111.0
2009-03-08 18:15:05,115.0
2009-03-09 18:15:05,113.0
2009-03-10 18:15:05,105.0
2009-03-11 18:15:05,108.0
2009-03-12 18:15:05,119.0
2009-03-13 18:15:05,115.0
2009-03-14 18:15:05,116.0
2009-03-15 18:15:05,111.0
2009-03-16 18:15:05,131.0
2009-03-17 18:15:05,115.0
2009-03-18 18:15:05,110.0
2009-03-19 18:15:05,123.0
2009-03-20 18:15:05,119.0
2009-03-21 18:15:05,77.0
2009-03-22 18:15:05,96.0
2009-03-23 18:15:05,132.0
2009-03-24 18:15:05,105.0
2009-03-25 18:15:05,116.0
2009-03-26 18:15:05,114.0
2009-03-27 18:15:05,110.0
2009-03-28 18:15:05,120.0
2009-03-29 18:15:05,112.0
2009-03-30 18:15:05,125.0
2009-03-31 18:15:05,114.0
2009-04-01 18:15:05,107.0
2009-04-02 18:15:05,120.0
2009-04-03 18:15:05,113.0
2009-04-04 18:15:05,113.0
2009-04-05 18:15:05,129.0
2009-04-06 18:15:05,116.0
2009-04-07 18:15:05,99.0
2009-04-08 18:15:05,104.0
2009-04-09 18:15:05,99.0
2009-04-10 18:15:05,103.0
2009-04-11 18:15:05,123.0
2009-04-12 18:15:05,115.0
2009-04-13 18:15:05,119.0
2009-04-14 18:15:05,127.0
2009-04-15 18:15:05,112.0
2009-04-16 18:15:05,123.0
2009-04-17 18:15:05,115.0
2009-04-18 18:15:05,125.0
2009-04-19 18:15:05,121.0
2009-04-20 18:15:05,118.0
2009-04-21 18:15:05,126.0
2009-04-22 18:15:05,121.0
2009-04-23 18:15:05,80.0
2009-04-24 18:15:05,113.0
2009-04-25 18:15:05,122.0
2009-04-26 18:15:05,110.0
2009-04-27 18:15:05,105.0
2009-04-28 18:15:05,117.0
2009-04-29 18:15:05,123.0
2009-04-30 18:15:05,133.0
2009-05-01 18:15:05,123.0
2009-05-02 18:15:05,125.0
2009-05-03 18:15:05,116.0
2009-05-04 18:15:05,126.0
2009-05-05 18:15:05,133.0
2009-05-06 18:15:05,138.0
2009-05-07 18:15:05,121.0
2009-05-08 18:15:05,122.0
2009-05-09 18:15:05,91.0
2009-05-10 18:15:05,62.0
2009-05-11 18:15:05,121.0
2009-05-12 18:15:05,127.0
2009-05-13 18:15:05,118.0
2009-05-14 18:15:05,138.0
2009-05-15 18:15:05,146.0
2009-05-16 18:15:05,115.0
2009-05-17 18:15:05,125.0
2009-05-18 18:15:05,124.0
2009-05-19 18:15:05,100.0
2009-05-20 18:15:05,104.0
2009-05-21 18:15:05,89.0
2009-05-22 18:15:05,83.0
2009-05-23 18:15:05,7.0
2009-05-24 18:15:05,96.0
2009-05-25 18:15:05,112.0
2009-05-26 18:15:05,113.0
2009-05-27 18:15:05,125.0
2009-05-28 18:15:05,103.0
2009-05-29 18:15:05,108.0
2009-05-30 18:15:05,103.0
2009-05-31 18:15:05,118.0
2009-06-01 18:15:05,75.0
2009-06-02 18:15:05,89.0
2009-06-03 18:15:05,98.0
2009-06-04 18:15:05,39.0
2009-06-05 18:15:05,57.0
2009-06-06 18:15:05,24.0
2009-06-07 18:15:05,4.0
2009-06-08 18:15:05,72.0
2009-06-09 18:15:05,94.0
2009-06-10 18:15:05,83.0
2009-06-11 18:15:05,93.0
2009-06-12 18:15:05,91.0
2009-06-13 18:15:05,74.0
2009-06-14 18:15:05,70.0
2009-06-15 18:15:05,82.0
2009-06-16 18:15:05,73.0
2009-06-17 18:15:05,77.0
2009-06-18 18:15:05,81.0
2009-06-19 18:15:05,87.0
2009-06-20 18:15:05,84.0
2009-06-21 18:15:05,75.0
2009-06-22 18:15:05,81.0
2009-06-23 18:15:05,76.0
2009-06-24 18:15:05,88.0
2009-06-25 18:15:05,74.0
2009-06-26 18:15:05,90.0
2009-06-27 18:15:05,85.0
2009-06-28 18:15:05,53.0
2009-06-29 18:15:05,76.0
2009-06-30 18:15:05,89.0
2009-07-01 18:15:05,84.0
2009-07-02 18:15:05,72.0
2009-07-03 18:15:05,85.0
2009-07-04 18:15:05,89.0
2009-07-05 18:15:05,80.0
2009-07-06 18:15:05,91.0
2009-07-07 18:15:05,63.0
2009-07-08 18:15:05,79.0
2009-07-09 18:15:05,81.0
2009-07-10 18:15:05,82.0
2009-07-11 18:15:05,84.0
2009-07-12 18:15:05,76.0
2009-07-13 18:15:05,76.0
2009-07-14 18:15:05,72.0
2009-07-15 18:15:05,46.0
2009-07-16 18:15:05,69.0
2009-07-17 18:15:05,65.0
2009-07-18 18:15:05,3.0
2009-07-19 18:15:05,52.0
2009-07-20 18:15:05,75.0
2009-07-21 18:15:05,76.0
2009-07-22 18:15:05,69.0
2009-07-23 18:15:05,66.0
2009-07-24 18:15:05,75.0
2009-07-25 18:15:05,53.0
2009-07-26 18:15:05,13.0
2009-07-27 18:15:05,64.0
2009-07-28 18:15:05,44.0
2009-07-29 18:15:05,32.0
2009-07-30 18:15:05,17.0
2009-07-31 18:15:05,12.0
2009-08-01 18:15:05,23.0
2009-08-02 18:15:05,30.0
2009-08-03 18:15:05,15.0
2009-08-04 18:15:05,58.0
2009-08-05 18:15:05,91.0
2009-08-06 18:15:05,96.0
2009-08-07 18:15:05,74.0
2009-08-08 18:15:05,84.0
2009-08-09 18:15:05,98.0
2009-08-10 18:15:05,82.0
2009-08-11 18:15:05,67.0
2009-08-12 18:15:05,68.0
2009-08-13 18:15:05,81.0
2009-08-14 18:15:05,65.0
2009-08-15 18:15:05,34.0
2009-08-16 18:15:05,25.0
2009-08-17 18:15:05,17.0
2009-08-18 18:15:05,9.0
2009-08-19 18:15:05,15.0
2009-08-20 18:15:05,24.0
2009-08-21 18:15:05,16.0
2009-08-22 18:15:05,8.0
2009-08-23 18:15:05,12.0
2009-08-24 18:15:05,8.0
2009-08-25 18:15:05,55.0
2009-08-26 18:15:05,42.0
2009-08-27 18:15:05,34.0
2009-08-28 18:15:05,64.0
2009-08-29 18:15:05,83.0
2009-08-30 18:15:05,91.0
2009-08-31 18:15:05,95.0
2009-09-01 18:15:05,79.0
2009-09-02 18:15:05,68.0
2009-09-03 18:15:05,61.0
2009-09-04 18:15:05,63.0
2009-09-05 18:15:05,71.0
2009-09-06 18:15:05,72.0
2009-09-07 18:15:05,79.0
2009-09-08 18:15:05,66.0
2009-09-09 18:15:05,58.0
2009-09-10 18:15:05,61.0
2009-09-11 18:15:05,68.0
2009-09-12 18:15:05,71.0
2009-09-13 18:15:05,70.0
2009-09-14 18:15:05,81.0
2009-09-15 18:15:05,56.0
2009-09-16 18:15:05,59.0
2009-09-17 18:15:05,85.0
2009-09-18 18:15:05,81.0
2009-09-19 18:15:05,71.0
2009-09-20 18:15:05,79.0
2009-09-21 18:15:05,74.0
2009-09-22 18:15:05,35.0
2009-09-23 18:15:05,28.0
2009-09-24 18:15:05,82.0
2009-09-25 18:15:05,102.0
2009-09-26 18:15:05,94.0
2009-09-27 18:15:05,90.0
2009-09-28 18:15:05,88.0
2009-09-29 18:15:05,85.0
2009-09-30 18:15:05,87.0
2009-10-01 18:15:05,85.0
2009-10-02 18:15:05,76.0
2009-10-03 18:15:05,58.0
2009-10-04 18:15:05,61.0
2009-10-05 18:15:05,58.0
2009-10-06 18:15:05,42.0
2009-10-07 18:15:05,51.0
2009-10-08 18:15:05,70.0
2009-10-09 18:15:05,78.0
2009-10-10 18:15:05,77.0
2009-10-11 18:15:05,79.0
2009-10-12 18:15:05,63.0
2009-10-13 18:15:05,51.0
2009-10-14 18:15:05,56.0
2009-10-15 18:15:05,85.0
2009-10-16 18:15:05,66.0
2009-10-17 18:15:05,55.0
2009-10-18 18:15:05,65.0
2009-10-19 18:15:05,99.0
2009-10-20 18:15:05,111.0
2009-10-21 18:15:05,85.0
2009-10-22 18:15:05,88.0
2009-10-23 18:15:05,87.0
2009-10-24 18:15:05,75.0
2009-10-25 18:15:05,74.0
2009-10-26 18:15:05,65.0
2009-10-27 18:15:05,67.0
2009-10-28 18:15:05,64.0
2009-10-29 18:15:05,51.0
2009-10-30 18:15:05,62.0
2009-10-31 18:15:05,45.0
2009-11-01 18:15:05,30.0
2009-11-02 18:15:05,33.0
2009-11-03 18:15:05,57.0
2009-11-04 18:15:05,62.0
2009-11-05 18:15:05,65.0
2009-11-06 18:15:05,49.0
2009-11-07 18:15:05,76.0
2009-11-08 18:15:05,70.0
2009-11-09 18:15:05,65.0
2009-11-10 18:15:05,71.0
2009-11-11 18:15:05,71.0
2009-11-12 18:15:05,70.0
2009-11-13 18:15:05,73.0
2009-11-14 18:15:05,83.0
2009-11-15 18:15:05,96.0
2009-11-16 18:15:05,100.0
2009-11-17 18:15:05,91.0
2009-11-18 18:15:05,79.0
2009-11-19 18:15:05,73.0
2009-11-20 18:15:05,84.0
2009-11-21 18:15:05,77.0
2009-11-22 18:15:05,100.0
2009-11-23 18:15:05,96.0
2009-11-24 18:15:05,102.0
2009-11-25 18:15:05,85.0
2009-11-26 18:15:05,78.0
2009-11-27 18:15:05,75.0
2009-11-28 18:15:05,78.0
2009-11-29 18:15:05,58.0
2009-11-30 18:15:05,74.0
2009-12-01 18:15:05,66.0
2009-12-02 18:15:05,100.0
2009-12-03 18:15:05,85.0
2009-12-04 18:15:05,49.0
2009-12-05 18:15:05,52.0
2009-12-06 18:15:05,109.0
2009-12-07 18:15:05,94.0
2009-12-08 18:15:05,120.0
2009-12-09 18:15:05,104.0
2009-12-10 18:15:05,108.0
2009-12-11 18:15:05,125.0
2009-12-12 18:15:05,102.0
2009-12-13 18:15:05,104.0
2009-12-14 18:15:05,114.0
2009-12-15 18:15:05,117.0
2009-12-16 18:15:05,122.0
2009-12-17 18:15:05,164.0
2009-12-18 18:15:05,202.0
2009-12-19 18:15:05,225.0
2009-12-20 18:15:05,175.0
2009-12-21 18:15:05,188.0
2009-12-22 18:15:05,152.0
2009-12-23 18:15:05,169.0
2009-12-24 18:15:05,144.0
2009-12-25 18:15:05,159.0
2009-12-26 18:15:05,159.0
2009-12-27 18:15:05,170.0
2009-12-28 18:15:05,138.0
2009-12-29 18:15:05,164.0
2009-12-30 18:15:05,156.0
2009-12-31 18:15:05,150.0
2010-01-01 18:15:05,119.0
2010-01-02 18:15:05,132.0
2010-01-03 18:15:05,163.0
2010-01-04 18:15:05,193.0
2010-01-05 18:15:05,208.0
2010-01-06 18:15:05,158.0
2010-01-07 18:15:05,159.0
2010-01-08 18:15:05,150.0
2010-01-09 18:15:05,148.0
2010-01-10 18:15:05,191.0
2010-01-11 18:15:05,154.0
2010-01-12 18:15:05,169.0
2010-01-13 18:15:05,162.0
2010-01-14 18:15:05,160.0
2010-01-15 18:15:05,137.0
2010-01-16 18:15:05,135.0
2010-01-17 18:15:05,124.0
2010-01-18 18:15:05,130.0
2010-01-19 18:15:05,121.0
2010-01-20 18:15:05,140.0
2010-01-21 18:15:05,186.0
2010-01-22 18:15:05,151.0
2010-01-23 18:15:05,153.0
2010-01-24 18:15:05,148.0
2010-01-25 18:15:05,207.0
2010-01-26 18:15:05,208.0
2010-01-27 18:15:05,178.0
2010-01-28 18:15:05,174.0
2010-01-29 18:15:05,195.0
2010-01-30 18:15:05,181.0
2010-01-31 18:15:05,210.0
2010-02-01 18:15:05,188.0
2010-02-02 18:15:05,142.0
2010-02-03 18:15:05,244.0
2010-02-04 18:15:05,236.0
2010-02-05 18:15:05,250.0
2010-02-06 18:15:05,193.0
2010-02-07 18:15:05,212.0
2010-02-08 18:15:05,221.0
2010-02-09 18:15:05,211.0
2010-02-10 18:15:05,165.0
2010-02-11 18:15:05,180.0
2010-02-12 18:15:05,194.0
2010-02-13 18:15:05,226.0
2010-02-14 18:15:05,214.0
2010-02-15 18:15:05,194.0
2010-02-16 18:15:05,185.0
2010-02-17 18:15:05,241.0
2010-02-18 18:15:05,234.0
2010-02-19 18:15:05,185.0
2010-02-20 18:15:05,224.0
2010-02-21 18:15:05,218.0
2010-02-22 18:15:05,262.0
2010-02-23 18:15:05,252.0
2010-02-24 18:15:05,195.0
2010-02-25 18:15:05,150.0
2010-02-26 18:15:05,176.0
2010-02-27 18:15:05,176.0
2010-02-28 18:15:05,165.0
2010-03-01 18:15:05,187.0
2010-03-02 18:15:05,203.0
2010-03-03 18:15:05,150.0
2010-03-04 18:15:05,187.0
2010-03-05 18:15:05,178.0
2010-03-06 18:15:05,187.0
2010-03-07 18:15:05,177.0
2010-03-08 18:15:05,143.0
2010-03-09 18:15:05,149.0
2010-03-10 18:15:05,153.0
2010-03-11 18:15:05,155.0
2010-03-12 18:15:05,119.0
2010-03-13 18:15:05,160.0
2010-03-14 18:15:05,127.0
2010-03-15 18:15:05,131.0
2010-03-16 18:15:05,138.0
2010-03-17 18:15:05,127.0
2010-03-18 18:15:05,163.0
2010-03-19 18:15:05,140.0
2010-03-20 18:15:05,204.0
2010-03-21 18:15:05,191.0
2010-03-22 18:15:05,184.0
2010-03-23 18:15:05,212.0
2010-03-24 18:15:05,183.0
2010-03-25 18:15:05,196.0
2010-03-26 18:15:05,204.0
2010-03-27 18:15:05,183.0
2010-03-28 18:15:05,197.0
2010-03-29 18:15:05,199.0
2010-03-30 18:15:05,214.0
2010-03-31 18:15:05,209.0
2010-04-01 18:15:05,195.0
2010-04-02 18:15:05,152.0
2010-04-03 18:15:05,173.0
2010-04-04 18:15:05,172.0
2010-04-05 18:15:05,176.0
2010-04-06 18:15:05,175.0
2010-04-07 18:15:05,203.0
2010-04-08 18:15:05,209.0
2010-04-09 18:15:05,190.0
2010-04-10 18:15:05,302.0
2010-04-11 18:15:05,269.0
2010-04-12 18:15:05,259.0
2010-04-13 18:15:05,182.0
2010-04-14 18:15:05,233.0
2010-04-15 18:15:05,277.0
2010-04-16 18:15:05,231.0
2010-04-17 18:15:05,236.0
2010-04-18 18:15:05,1346.0
2010-04-19 18:15:05,2286.0
2010-04-20 18:15:05,234.0
2010-04-21 18:15:05,241.0
2010-04-22 18:15:05,207.0
2010-04-23 18:15:05,192.0
2010-04-24 18:15:05,184.0
2010-04-25 18:15:05,196.0
2010-04-26 18:15:05,211.0
2010-04-27 18:15:05,216.0
2010-04-28 18:15:05,212.0
2010-04-29 18:15:05,188.0
2010-04-30 18:15:05,179.0
2010-05-01 18:15:05,181.0
2010-05-02 18:15:05,190.0
2010-05-03 18:15:05,178.0
2010-05-04 18:15:05,148.0
2010-05-05 18:15:05,171.0
2010-05-06 18:15:05,166.0
2010-05-07 18:15:05,153.0
2010-05-08 18:15:05,163.0
2010-05-09 18:15:05,186.0
2010-05-10 18:15:05,154.0
2010-05-11 18:15:05,134.0
2010-05-12 18:15:05,133.0
2010-05-13 18:15:05,152.0
2010-05-14 18:15:05,146.0
2010-05-15 18:15:05,131.0
2010-05-16 18:15:05,110.0
2010-05-17 18:15:05,158.0
2010-05-18 18:15:05,204.0
2010-05-19 18:15:05,208.0
2010-05-20 18:15:05,213.0
2010-05-21 18:15:05,217.0
2010-05-22 18:15:05,217.0
2010-05-23 18:15:05,299.0
2010-05-24 18:15:05,250.0
2010-05-25 18:15:05,258.0
2010-05-26 18:15:05,255.0
2010-05-27 18:15:05,253.0
2010-05-28 18:15:05,258.0
2010-05-29 18:15:05,258.0
2010-05-30 18:15:05,197.0
2010-05-31 18:15:05,205.0
2010-06-01 18:15:05,165.0
2010-06-02 18:15:05,178.0
2010-06-03 18:15:05,218.0
2010-06-04 18:15:05,190.0
2010-06-05 18:15:05,177.0
2010-06-06 18:15:05,192.0
2010-06-07 18:15:05,201.0
2010-06-08 18:15:05,219.0
2010-06-09 18:15:05,205.0
2010-06-10 18:15:05,218.0
2010-06-11 18:15:05,252.0
2010-06-12 18:15:05,218.0
2010-06-13 18:15:05,216.0
2010-06-14 18:15:05,244.0
2010-06-15 18:15:05,298.0
2010-06-16 18:15:05,196.0
2010-06-17 18:15:05,210.0
2010-06-18 18:15:05,187.0
2010-06-19 18:15:05,214.0
2010-06-20 18:15:05,219.0
2010-06-21 18:15:05,254.0
2010-06-22 18:15:05,250.0
2010-06-23 18:15:05,256.0
2010-06-24 18:15:05,251.0
2010-06-25 18:15:05,227.0
2010-06-26 18:15:05,198.0
2010-06-27 18:15:05,197.0
2010-06-28 18:15:05,217.0
2010-06-29 18:15:05,235.0
2010-06-30 18:15:05,274.0
2010-07-01 18:15:05,257.0
2010-07-02 18:15:05,223.0
2010-07-03 18:15:05,256.0
2010-07-04 18:15:05,223.0
2010-07-05 18:15:05,215.0
2010-07-06 18:15:05,209.0
2010-07-07 18:15:05,215.0
2010-07-08 18:15:05,236.0
2010-07-09 18:15:05,262.0
2010-07-10 18:15:05,237.0
2010-07-11 18:15:05,240.0
2010-07-12 18:15:05,2822.0
2010-07-13 18:15:05,2122.0
2010-07-14 18:15:05,6109.0
2010-07-15 18:15:05,2015.0
2010-07-16 18:15:05,1683.0
2010-07-17 18:15:05,548.0
2010-07-18 18:15:05,549.0
2010-07-19 18:15:05,606.0
2010-07-20 18:15:05,757.0
2010-07-21 18:15:05,536.0
2010-07-22 18:15:05,498.0
2010-07-23 18:15:05,464.0
2010-07-24 18:15:05,450.0
2010-07-25 18:15:05,2173.0
2010-07-26 18:15:05,522.0
2010-07-27 18:15:05,551.0
2010-07-28 18:15:05,413.0
2010-07-29 18:15:05,393.0
2010-07-30 18:15:05,420.0
2010-07-31 18:15:05,348.0
2010-08-01 18:15:05,373.0
2010-08-02 18:15:05,456.0
2010-08-03 18:15:05,668.0
2010-08-04 18:15:05,421.0
2010-08-05 18:15:05,787.0
2010-08-06 18:15:05,418.0
2010-08-07 18:15:05,334.0
2010-08-08 18:15:05,365.0
2010-08-09 18:15:05,461.0
2010-08-10 18:15:05,467.0
2010-08-11 18:15:05,425.0
2010-08-12 18:15:05,462.0
2010-08-13 18:15:05,600.0
2010-08-14 18:15:05,450.0
2010-08-15 18:15:05,402.0
2010-08-16 18:15:05,387.0
2010-08-17 18:15:05,393.0
2010-08-18 18:15:05,449.0
2010-08-19 18:15:05,395.0
2010-08-20 18:15:05,433.0
2010-08-21 18:15:05,396.0
2010-08-22 18:15:05,358.0
2010-08-23 18:15:05,431.0
2010-08-24 18:15:05,393.0
2010-08-25 18:15:05,414.0
2010-08-26 18:15:05,391.0
2010-08-27 18:15:05,316.0
2010-08-28 18:15:05,393.0
2010-08-29 18:15:05,300.0
2010-08-30 18:15:05,335.0
2010-08-31 18:15:05,462.0
2010-09-01 18:15:05,459.0
2010-09-02 18:15:05,340.0
2010-09-03 18:15:05,363.0
2010-09-04 18:15:05,313.0
2010-09-05 18:15:05,351.0
2010-09-06 18:15:05,326.0
2010-09-07 18:15:05,284.0
2010-09-08 18:15:05,332.0
2010-09-09 18:15:05,383.0
2010-09-10 18:15:05,410.0
2010-09-11 18:15:05,328.0
2010-09-12 18:15:05,392.0
2010-09-13 18:15:05,489.0
2010-09-14 18:15:05,492.0
2010-09-15 18:15:05,491.0
2010-09-16 18:15:05,385.0
2010-09-17 18:15:05,382.0
2010-09-18 18:15:05,445.0
2010-09-19 18:15:05,379.0
2010-09-20 18:15:05,469.0
2010-09-21 18:15:05,743.0
2010-09-22 18:15:05,999.0
2010-09-23 18:15:05,801.0
2010-09-24 18:15:05,631.0
2010-09-25 18:15:05,499.0
2010-09-26 18:15:05,493.0
2010-09-27 18:15:05,753.0
2010-09-28 18:15:05,453.0
2010-09-29 18:15:05,1000.0
2010-09-30 18:15:05,427.0
2010-10-01 18:15:05,664.0
2010-10-02 18:15:05,609.0
2010-10-03 18:15:05,501.0
2010-10-04 18:15:05,525.0
2010-10-05 18:15:05,471.0
2010-10-06 18:15:05,493.0
2010-10-07 18:15:05,443.0
2010-10-08 18:15:05,421.0
2010-10-09 18:15:05,468.0
2010-10-10 18:15:05,460.0
2010-10-11 18:15:05,443.0
2010-10-12 18:15:05,439.0
2010-10-13 18:15:05,446.0
2010-10-14 18:15:05,459.0
2010-10-15 18:15:05,407.0
2010-10-16 18:15:05,493.0
2010-10-17 18:15:05,579.0
2010-10-18 18:15:05,623.0
2010-10-19 18:15:05,1240.0
2010-10-20 18:15:05,914.0
2010-10-21 18:15:05,745.0
2010-10-22 18:15:05,645.0
2010-10-23 18:15:05,776.0
2010-10-24 18:15:05,592.0
2010-10-25 18:15:05,601.0
2010-10-26 18:15:05,620.0
2010-10-27 18:15:05,778.0
2010-10-28 18:15:05,677.0
2010-10-29 18:15:05,537.0
2010-10-30 18:15:05,495.0
2010-10-31 18:15:05,345.0
2010-11-01 18:15:05,416.0
2010-11-02 18:15:05,321.0
2010-11-03 18:15:05,388.0
2010-11-04 18:15:05,378.0
2010-11-05 18:15:05,458.0
2010-11-06 18:15:05,453.0
2010-11-07 18:15:05,487.0
2010-11-08 18:15:05,544.0
2010-11-09 18:15:05,509.0
2010-11-10 18:15:05,416.0
2010-11-11 18:15:05,477.0
2010-11-12 18:15:05,333.0
2010-11-13 18:15:05,358.0
2010-11-14 18:15:05,442.0
2010-11-15 18:15:05,1882.0
2010-11-16 18:15:05,5349.0
2010-11-17 18:15:05,540.0
2010-11-18 18:15:05,486.0
2010-11-19 18:15:05,404.0
2010-11-20 18:15:05,610.0
2010-11-21 18:15:05,520.0
2010-11-22 18:15:05,499.0
2010-11-23 18:15:05,408.0
2010-11-24 18:15:05,610.0
2010-11-25 18:15:05,641.0
2010-11-26 18:15:05,889.0
2010-11-27 18:15:05,630.0
2010-11-28 18:15:05,553.0
2010-11-29 18:15:05,514.0
2010-11-30 18:15:05,565.0
2010-12-01 18:15:05,700.0
2010-12-02 18:15:05,586.0
2010-12-03 18:15:05,510.0
2010-12-04 18:15:05,515.0
2010-12-05 18:15:05,546.0
2010-12-06 18:15:05,540.0
2010-12-07 18:15:05,709.0
2010-12-08 18:15:05,686.0
2010-12-09 18:15:05,639.0
2010-12-10 18:15:05,514.0
2010-12-11 18:15:05,773.0
2010-12-12 18:15:05,832.0
2010-12-13 18:15:05,1116.0
2010-12-14 18:15:05,978.0
2010-12-15 18:15:05,841.0
2010-12-16 18:15:05,700.0
2010-12-17 18:15:05,654.0
2010-12-18 18:15:05,603.0
2010-12-19 18:15:05,775.0
2010-12-20 18:15:05,1100.0
2010-12-21 18:15:05,828.0
2010-12-22 18:15:05,875.0
2010-12-23 18:15:05,860.0
2010-12-24 18:15:05,788.0
2010-12-25 18:15:05,793.0
2010-12-26 18:15:05,946.0
2010-12-27 18:15:05,678.0
2010-12-28 18:15:05,772.0
2010-12-29 18:15:05,848.0
2010-12-30 18:15:05,730.0
2010-12-31 18:15:05,768.0
2011-01-01 18:15:05,775.0
2011-01-02 18:15:05,779.0
2011-01-03 18:15:05,956.0
2011-01-04 18:15:05,943.0
2011-01-05 18:15:05,1064.0
2011-01-06 18:15:05,950.0
2011-01-07 18:15:05,887.0
2011-01-08 18:15:05,1267.0
2011-01-09 18:15:05,1110.0
2011-01-10 18:15:05,1209.0
2011-01-11 18:15:05,1185.0
2011-01-12 18:15:05,1084.0
2011-01-13 18:15:05,1150.0
2011-01-14 18:15:05,1134.0
2011-01-15 18:15:05,1094.0
2011-01-16 18:15:05,1250.0
2011-01-17 18:15:05,1080.0
2011-01-18 18:15:05,1200.0
2011-01-19 18:15:05,1281.0
2011-01-20 18:15:05,1125.0
2011-01-21 18:15:05,1354.0
2011-01-22 18:15:05,1742.0
2011-01-23 18:15:05,1397.0
2011-01-24 18:15:05,1682.0
2011-01-25 18:15:05,1282.0
2011-01-26 18:15:05,1192.0
2011-01-27 18:15:05,1184.0
2011-01-28 18:15:05,1329.0
2011-01-29 18:15:05,1642.0
2011-01-30 18:15:05,2494.0
2011-01-31 18:15:05,2162.0
2011-02-01 18:15:05,1311.0
2011-02-02 18:15:05,1283.0
2011-02-03 18:15:05,975.0
2011-02-04 18:15:05,1134.0
2011-02-05 18:15:05,1094.0
2011-02-06 18:15:05,1060.0
2011-02-07 18:15:05,1094.0
2011-02-08 18:15:05,1053.0
2011-02-09 18:15:05,1387.0
2011-02-10 18:15:05,2797.0
2011-02-11 18:15:05,3757.0
2011-02-12 18:15:05,2918.0
2011-02-13 18:15:05,2608.0
2011-02-14 18:15:05,2838.0
2011-02-15 18:15:05,3046.0
2011-02-16 18:15:05,2466.0
2011-02-17 18:15:05,3096.0
2011-02-18 18:15:05,3034.0
2011-02-19 18:15:05,2542.0
2011-02-20 18:15:05,2492.0
2011-02-21 18:15:05,2857.0
2011-02-22 18:15:05,3143.0
2011-02-23 18:15:05,3480.0
2011-02-24 18:15:05,2847.0
2011-02-25 18:15:05,3067.0
2011-02-26 18:15:05,2901.0
2011-02-27 18:15:05,3198.0
2011-02-28 18:15:05,2706.0
2011-03-01 18:15:05,2494.0
2011-03-02 18:15:05,4755.0
2011-03-03 18:15:05,4099.0
2011-03-04 18:15:05,2996.0
2011-03-05 18:15:05,2839.0
2011-03-06 18:15:05,2750.0
2011-03-07 18:15:05,2990.0
2011-03-08 18:15:05,3547.0
2011-03-09 18:15:05,2833.0
2011-03-10 18:15:05,2388.0
2011-03-11 18:15:05,2834.0
2011-03-12 18:15:05,2600.0
2011-03-13 18:15:05,2494.0
2011-03-14 18:15:05,2388.0
2011-03-15 18:15:05,2660.0
2011-03-16 18:15:05,2581.0
2011-03-17 18:15:05,2663.0
2011-03-18 18:15:05,2802.0
2011-03-19 18:15:05,2697.0
2011-03-20 18:15:05,2378.0
2011-03-21 18:15:05,5496.0
2011-03-22 18:15:05,3504.0
2011-03-23 18:15:05,5598.0
2011-03-24 18:15:05,3802.0
2011-03-25 18:15:05,3624.0
2011-03-26 18:15:05,3808.0
2011-03-27 18:15:05,3565.0
2011-03-28 18:15:05,5102.0
2011-03-29 18:15:05,4182.0
2011-03-30 18:15:05,2870.0
2011-03-31 18:15:05,3692.0
2011-04-01 18:15:05,2785.0
2011-04-02 18:15:05,2915.0
2011-04-03 18:15:05,2708.0
2011-04-04 18:15:05,3887.0
2011-04-05 18:15:05,3741.0
2011-04-06 18:15:05,3149.0
2011-04-07 18:15:05,3057.0
2011-04-08 18:15:05,2897.0
2011-04-09 18:15:05,3078.0
2011-04-10 18:15:05,2843.0
2011-04-11 18:15:05,3040.0
2011-04-12 18:15:05,3398.0
2011-04-13 18:15:05,3759.0
2011-04-14 18:15:05,5390.0
2011-04-15 18:15:05,3050.0
2011-04-16 18:15:05,3115.0
2011-04-17 18:15:05,3531.0
2011-04-18 18:15:05,3997.0
2011-04-19 18:15:05,5118.0
2011-04-20 18:15:05,4676.0
2011-04-21 18:15:05,3310.0
2011-04-22 18:15:05,3723.0
2011-04-23 18:15:05,3399.0
2011-04-24 18:15:05,4082.0
2011-04-25 18:15:05,4110.0
2011-04-26 18:15:05,4431.0
2011-04-27 18:15:05,6329.0
2011-04-28 18:15:05,5619.0
2011-04-29 18:15:05,5505.0
2011-04-30 18:15:05,6324.0
2011-05-01 18:15:05,7135.0
2011-05-02 18:15:05,4268.0
2011-05-03 18:15:05,5240.0
2011-05-04 18:15:05,5204.0
2011-05-05 18:15:05,5773.0
2011-05-06 18:15:05,5690.0
2011-05-07 18:15:05,6110.0
2011-05-08 18:15:05,4744.0
2011-05-09 18:15:05,6323.0
2011-05-10 18:15:05,5425.0
2011-05-11 18:15:05,5921.0
2011-05-12 18:15:05,4914.0
2011-05-13 18:15:05,7624.0
2011-05-14 18:15:05,7463.0
2011-05-15 18:15:05,7124.0
2011-05-16 18:15:05,9243.0
2011-05-17 18:15:05,9093.0
2011-05-18 18:15:05,9918.0
2011-05-19 18:15:05,11265.0
2011-05-20 18:15:05,9419.0
2011-05-21 18:15:05,9193.0
2011-05-22 18:15:05,9823.0
2011-05-23 18:15:05,10157.0
2011-05-24 18:15:05,10691.0
2011-05-25 18:15:05,12928.0
2011-05-26 18:15:05,12180.0
2011-05-27 18:15:05,9863.0
2011-05-28 18:15:05,9834.0
2011-05-29 18:15:05,9270.0
2011-05-30 18:15:05,10010.0
2011-05-31 18:15:05,12252.0
2011-06-01 18:15:05,11219.0
2011-06-02 18:15:05,12768.0
2011-06-03 18:15:05,14800.0
2011-06-04 18:15:05,16750.0
2011-06-05 18:15:05,14944.0
2011-06-06 18:15:05,17688.0
2011-06-07 18:15:05,15812.0
2011-06-08 18:15:05,20730.0
2011-06-09 18:15:05,22272.0
2011-06-10 18:15:05,21061.0
2011-06-11 18:15:05,20896.0
2011-06-12 18:15:05,21909.0
2011-06-13 18:15:05,22918.0
2011-06-14 18:15:05,23877.0
2011-06-15 18:15:05,26175.0
2011-06-16 18:15:05,22537.0
2011-06-17 18:15:05,22736.0
2011-06-18 18:15:05,23543.0
2011-06-19 18:15:05,23804.0
2011-06-20 18:15:05,23113.0
2011-06-21 18:15:05,19981.0
2011-06-22 18:15:05,24881.0
2011-06-23 18:15:05,22014.0
2011-06-24 18:15:05,22763.0
2011-06-25 18:15:05,19107.0
2011-06-26 18:15:05,20531.0
2011-06-27 18:15:05,24689.0
2011-06-28 18:15:05,22877.0
2011-06-29 18:15:05,21640.0
2011-06-30 18:15:05,20088.0
2011-07-01 18:15:05,25731.0
2011-07-02 18:15:05,31999.0
2011-07-03 18:15:05,19140.0
2011-07-04 18:15:05,20364.0
2011-07-05 18:15:05,17861.0
2011-07-06 18:15:05,23786.0
2011-07-07 18:15:05,20579.0
2011-07-08 18:15:05,19803.0
2011-07-09 18:15:05,20921.0
2011-07-10 18:15:05,25941.0
2011-07-11 18:15:05,20304.0
2011-07-12 18:15:05,20971.0
2011-07-13 18:15:05,24854.0
2011-07-14 18:15:05,25498.0
2011-07-15 18:15:05,21025.0
2011-07-16 18:15:05,21029.0
2011-07-17 18:15:05,22354.0
2011-07-18 18:15:05,19515.0
2011-07-19 18:15:05,23514.0
2011-07-20 18:15:05,21109.0
2011-07-21 18:15:05,22713.0
2011-07-22 18:15:05,21044.0
2011-07-23 18:15:05,19698.0
2011-07-24 18:15:05,20708.0
2011-07-25 18:15:05,22766.0
2011-07-26 18:15:05,21078.0
2011-07-27 18:15:05,20882.0
2011-07-28 18:15:05,22225.0
2011-07-29 18:15:05,20440.0
2011-07-30 18:15:05,18672.0
2011-07-31 18:15:05,20480.0
2011-08-01 18:15:05,21414.0
2011-08-02 18:15:05,19473.0
2011-08-03 18:15:05,15703.0
2011-08-04 18:15:05,15681.0
2011-08-05 18:15:05,18013.0
2011-08-06 18:15:05,18171.0
2011-08-07 18:15:05,17200.0
2011-08-08 18:15:05,18130.0
2011-08-09 18:15:05,20864.0
2011-08-10 18:15:05,16769.0
2011-08-11 18:15:05,16032.0
2011-08-12 18:15:05,14031.0
2011-08-13 18:15:05,15861.0
2011-08-14 18:15:05,19243.0
2011-08-15 18:15:05,16500.0
2011-08-16 18:15:05,16666.0
2011-08-17 18:15:05,16997.0
2011-08-18 18:15:05,18383.0
2011-08-19 18:15:05,20161.0
2011-08-20 18:15:05,19019.0
2011-08-21 18:15:05,18708.0
2011-08-22 18:15:05,21602.0
2011-08-23 18:15:05,21892.0
2011-08-24 18:15:05,17886.0
2011-08-25 18:15:05,18626.0
2011-08-26 18:15:05,19914.0
2011-08-27 18:15:05,16681.0
2011-08-28 18:15:05,16239.0
2011-08-29 18:15:05,17103.0
2011-08-30 18:15:05,14933.0
2011-08-31 18:15:05,14550.0
2011-09-01 18:15:05,13820.0
2011-09-02 18:15:05,13891.0
2011-09-03 18:15:05,12731.0
2011-09-04 18:15:05,14161.0
2011-09-05 18:15:05,15971.0
2011-09-06 18:15:05,15194.0
2011-09-07 18:15:05,14446.0
2011-09-08 18:15:05,13362.0
2011-09-09 18:15:05,13930.0
2011-09-10 18:15:05,13186.0
2011-09-11 18:15:05,12955.0
2011-09-12 18:15:05,12932.0
2011-09-13 18:15:05,13053.0
2011-09-14 18:15:05,13152.0
2011-09-15 18:15:05,11956.0
2011-09-16 18:15:05,12058.0
2011-09-17 18:15:05,12148.0
2011-09-18 18:15:05,11736.0
2011-09-19 18:15:05,12541.0
2011-09-20 18:15:05,18459.0
2011-09-21 18:15:05,13872.0
2011-09-22 18:15:05,14757.0
2011-09-23 18:15:05,17019.0
2011-09-24 18:15:05,17662.0
2011-09-25 18:15:05,17523.0
2011-09-26 18:15:05,17160.0
2011-09-27 18:15:05,16854.0
2011-09-28 18:15:05,11610.0
2011-09-29 18:15:05,10806.0
2011-09-30 18:15:05,11409.0
2011-10-01 18:15:05,10969.0
2011-10-02 18:15:05,10163.0
2011-10-03 18:15:05,11545.0
2011-10-04 18:15:05,10079.0
2011-10-05 18:15:05,12453.0
2011-10-06 18:15:05,11909.0
2011-10-07 18:15:05,11289.0
2011-10-08 18:15:05,10939.0
2011-10-09 18:15:05,10976.0
2011-10-10 18:15:05,10553.0
2011-10-11 18:15:05,11523.0
2011-10-12 18:15:05,12312.0
2011-10-13 18:15:05,9294.0
2011-10-14 18:15:05,10647.0
2011-10-15 18:15:05,11551.0
2011-10-16 18:15:05,9706.0
2011-10-17 18:15:05,11136.0
2011-10-18 18:15:05,10981.0
2011-10-19 18:15:05,9684.0
2011-10-20 18:15:05,8801.0
2011-10-21 18:15:05,10518.0
2011-10-22 18:15:05,9425.0
2011-10-23 18:15:05,10417.0
2011-10-24 18:15:05,11390.0
2011-10-25 18:15:05,10830.0
2011-10-26 18:15:05,10204.0
2011-10-27 18:15:05,9527.0
2011-10-28 18:15:05,9752.0
2011-10-29 18:15:05,11058.0
2011-10-30 18:15:05,9259.0
2011-10-31 18:15:05,9725.0
2011-11-01 18:15:05,10403.0
2011-11-02 18:15:05,10673.0
2011-11-03 18:15:05,10207.0
2011-11-04 18:15:05,11518.0
2011-11-05 18:15:05,12548.0
2011-11-06 18:15:05,9641.0
2011-11-07 18:15:05,10269.0
2011-11-08 18:15:05,10896.0
2011-11-09 18:15:05,12174.0
2011-11-10 18:15:05,11557.0
2011-11-11 18:15:05,10074.0
2011-11-12 18:15:05,10156.0
2011-11-13 18:15:05,9589.0
2011-11-14 18:15:05,10726.0
2011-11-15 18:15:05,11798.0
2011-11-16 18:15:05,10639.0
2011-11-17 18:15:05,10600.0
2011-11-18 18:15:05,9438.0
2011-11-19 18:15:05,8745.0
2011-11-20 18:15:05,8068.0
2011-11-21 18:15:05,8487.0
2011-11-22 18:15:05,8795.0
2011-11-23 18:15:05,8805.0
2011-11-24 18:15:05,8310.0
2011-11-25 18:15:05,9336.0
2011-11-26 18:15:05,8122.0
2011-11-27 18:15:05,8141.0
2011-11-28 18:15:05,9939.0
2011-11-29 18:15:05,11164.0
2011-11-30 18:15:05,10512.0
2011-12-01 18:15:05,11715.0
2011-12-02 18:15:05,10589.0
2011-12-03 18:15:05,9426.0
2011-12-04 18:15:05,9094.0
2011-12-05 18:15:05,10411.0
2011-12-06 18:15:05,11341.0
2011-12-07 18:15:05,10988.0
2011-12-08 18:15:05,9481.0
2011-12-09 18:15:05,9524.0
2011-12-10 18:15:05,9793.0
2011-12-11 18:15:05,8549.0
2011-12-12 18:15:05,8547.0
2011-12-13 18:15:05,9008.0
2011-12-14 18:15:05,9943.0
2011-12-15 18:15:05,8700.0
2011-12-16 18:15:05,8365.0
2011-12-17 18:15:05,7780.0
2011-12-18 18:15:05,7873.0
2011-12-19 18:15:05,8828.0
2011-12-20 18:15:05,10966.0
2011-12-21 18:15:05,9328.0
2011-12-22 18:15:05,9669.0
2011-12-23 18:15:05,9685.0
2011-12-24 18:15:05,7849.0
2011-12-25 18:15:05,8775.0
2011-12-26 18:15:05,9053.0
2011-12-27 18:15:05,9312.0
2011-12-28 18:15:05,8289.0
2011-12-29 18:15:05,8731.0
2011-12-30 18:15:05,8353.0
2011-12-31 18:15:05,8668.0
2012-01-01 18:15:05,7701.0
2012-01-02 18:15:05,9669.0
2012-01-03 18:15:05,9207.0
2012-01-04 18:15:05,9255.0
2012-01-05 18:15:05,11542.0
2012-01-06 18:15:05,11043.0
2012-01-07 18:15:05,9902.0
2012-01-08 18:15:05,10516.0
2012-01-09 18:15:05,10229.0
2012-01-10 18:15:05,11080.0
2012-01-11 18:15:05,12031.0
2012-01-12 18:15:05,11184.0
2012-01-13 18:15:05,11096.0
2012-01-14 18:15:05,10567.0
2012-01-15 18:15:05,11200.0
2012-01-16 18:15:05,11207.0
2012-01-17 18:15:05,11033.0
2012-01-18 18:15:05,11962.0
2012-01-19 18:15:05,10970.0
2012-01-20 18:15:05,11045.0
2012-01-21 18:15:05,10759.0
2012-01-22 18:15:05,8918.0
2012-01-23 18:15:05,10161.0
2012-01-24 18:15:05,11338.0
2012-01-25 18:15:05,12942.0
2012-01-26 18:15:05,11098.0
2012-01-27 18:15:05,10852.0
2012-01-28 18:15:05,10498.0
2012-01-29 18:15:05,10772.0
2012-01-30 18:15:05,10175.0
2012-01-31 18:15:05,11376.0
2012-02-01 18:15:05,11855.0
2012-02-02 18:15:05,12071.0
2012-02-03 18:15:05,12407.0
2012-02-04 18:15:05,12959.0
2012-02-05 18:15:05,11232.0
2012-02-06 18:15:05,10914.0
2012-02-07 18:15:05,10983.0
2012-02-08 18:15:05,11209.0
2012-02-09 18:15:05,11806.0
2012-02-10 18:15:05,12310.0
2012-02-11 18:15:05,12079.0
2012-02-12 18:15:05,11301.0
2012-02-13 18:15:05,12245.0
2012-02-14 18:15:05,14695.0
2012-02-15 18:15:05,14215.0
2012-02-16 18:15:05,14299.0
2012-02-17 18:15:05,11991.0
2012-02-18 18:15:05,11605.0
2012-02-19 18:15:05,10536.0
2012-02-20 18:15:05,10712.0
2012-02-21 18:15:05,11125.0
2012-02-22 18:15:05,12333.0
2012-02-23 18:15:05,13080.0
2012-02-24 18:15:05,12673.0
2012-02-25 18:15:05,11532.0
2012-02-26 18:15:05,10278.0
2012-02-27 18:15:05,11131.0
2012-02-28 18:15:05,11726.0
2012-02-29 18:15:05,12087.0
2012-03-01 18:15:05,12079.0
2012-03-02 18:15:05,13152.0
2012-03-03 18:15:05,10220.0
2012-03-04 18:15:05,11319.0
2012-03-05 18:15:05,12425.0
2012-03-06 18:15:05,11913.0
2012-03-07 18:15:05,11591.0
2012-03-08 18:15:05,12250.0
2012-03-09 18:15:05,11826.0
2012-03-10 18:15:05,10915.0
2012-03-11 18:15:05,9925.0
2012-03-12 18:15:05,10385.0
2012-03-13 18:15:05,12352.0
2012-03-14 18:15:05,12273.0
2012-03-15 18:15:05,12046.0
2012-03-16 18:15:05,11928.0
2012-03-17 18:15:05,13116.0
2012-03-18 18:15:05,10606.0
2012-03-19 18:15:05,11743.0
2012-03-20 18:15:05,11698.0
2012-03-21 18:15:05,12291.0
2012-03-22 18:15:05,12360.0
2012-03-23 18:15:05,10829.0
2012-03-24 18:15:05,11385.0
2012-03-25 18:15:05,10821.0
2012-03-26 18:15:05,11226.0
2012-03-27 18:15:05,11432.0
2012-03-28 18:15:05,12371.0
2012-03-29 18:15:05,12719.0
2012-03-30 18:15:05,12480.0
2012-03-31 18:15:05,11040.0
2012-04-01 18:15:05,9586.0
2012-04-02 18:15:05,10766.0
2012-04-03 18:15:05,13073.0
2012-04-04 18:15:05,12774.0
2012-04-05 18:15:05,11946.0
2012-04-06 18:15:05,12300.0
2012-04-07 18:15:05,11003.0
2012-04-08 18:15:05,10863.0
2012-04-09 18:15:05,10799.0
2012-04-10 18:15:05,13688.0
2012-04-11 18:15:05,13265.0
2012-04-12 18:15:05,14415.0
2012-04-13 18:15:05,12853.0
2012-04-14 18:15:05,13306.0
2012-04-15 18:15:05,12285.0
2012-04-16 18:15:05,13624.0
2012-04-17 18:15:05,14357.0
2012-04-18 18:15:05,13860.0
2012-04-19 18:15:05,13885.0
2012-04-20 18:15:05,13626.0
2012-04-21 18:15:05,14018.0
2012-04-22 18:15:05,11561.0
2012-04-23 18:15:05,12471.0
2012-04-24 18:15:05,12541.0
2012-04-25 18:15:05,13879.0
2012-04-26 18:15:05,14567.0
2012-04-27 18:15:05,12887.0
2012-04-28 18:15:05,12306.0
2012-04-29 18:15:05,12863.0
2012-04-30 18:15:05,14525.0
2012-05-01 18:15:05,15610.0
2012-05-02 18:15:05,14824.0
2012-05-03 18:15:05,17151.0
2012-05-04 18:15:05,17877.0
2012-05-05 18:15:05,16679.0
2012-05-06 18:15:05,15598.0
2012-05-07 18:15:05,19235.0
2012-05-08 18:15:05,19674.0
2012-05-09 18:15:05,20332.0
2012-05-10 18:15:05,17330.0
2012-05-11 18:15:05,17977.0
2012-05-12 18:15:05,21047.0
2012-05-13 18:15:05,16837.0
2012-05-14 18:15:05,26853.0
2012-05-15 18:15:05,22051.0
2012-05-16 18:15:05,20909.0
2012-05-17 18:15:05,17048.0
2012-05-18 18:15:05,20911.0
2012-05-19 18:15:05,28460.0
2012-05-20 18:15:05,25560.0
2012-05-21 18:15:05,23727.0
2012-05-22 18:15:05,22830.0
2012-05-23 18:15:05,23849.0
2012-05-24 18:15:05,22814.0
2012-05-25 18:15:05,24436.0
2012-05-26 18:15:05,21295.0
2012-05-27 18:15:05,19795.0
2012-05-28 18:15:05,24424.0
2012-05-29 18:15:05,26445.0
2012-05-30 18:15:05,23184.0
2012-05-31 18:15:05,21952.0
2012-06-01 18:15:05,23238.0
2012-06-02 18:15:05,18762.0
2012-06-03 18:15:05,22565.0
2012-06-04 18:15:05,32189.0
2012-06-05 18:15:05,34449.0
2012-06-06 18:15:05,20500.0
2012-06-07 18:15:05,26044.0
2012-06-08 18:15:05,23625.0
2012-06-09 18:15:05,24654.0
2012-06-10 18:15:05,26535.0
2012-06-11 18:15:05,27456.0
2012-06-12 18:15:05,18916.0
2012-06-13 18:15:05,35054.0
2012-06-14 18:15:05,37395.0
2012-06-15 18:15:05,39031.0
2012-06-16 18:15:05,34580.0
2012-06-17 18:15:05,30521.0
2012-06-18 18:15:05,31363.0
2012-06-19 18:15:05,30103.0
2012-06-20 18:15:05,25912.0
2012-06-21 18:15:05,22814.0
2012-06-22 18:15:05,23645.0
2012-06-23 18:15:05,22670.0
2012-06-24 18:15:05,21800.0
2012-06-25 18:15:05,25287.0
2012-06-26 18:15:05,30371.0
2012-06-27 18:15:05,29665.0
2012-06-28 18:15:05,27355.0
2012-06-29 18:15:05,25246.0
2012-06-30 18:15:05,27258.0
2012-07-01 18:15:05,23260.0
2012-07-02 18:15:05,30158.0
2012-07-03 18:15:05,26804.0
2012-07-04 18:15:05,24790.0
2012-07-05 18:15:05,22083.0
2012-07-06 18:15:05,22262.0
2012-07-07 18:15:05,26033.0
2012-07-08 18:15:05,22403.0
2012-07-09 18:15:05,24678.0
2012-07-10 18:15:05,30219.0
2012-07-11 18:15:05,27370.0
2012-07-12 18:15:05,27972.0
2012-07-13 18:15:05,24266.0
2012-07-14 18:15:05,24426.0
2012-07-15 18:15:05,24339.0
2012-07-16 18:15:05,28370.0
2012-07-17 18:15:05,33380.0
2012-07-18 18:15:05,27537.0
2012-07-19 18:15:05,28008.0
2012-07-20 18:15:05,28822.0
2012-07-21 18:15:05,31248.0
2012-07-22 18:15:05,28132.0
2012-07-23 18:15:05,35299.0
2012-07-24 18:15:05,29817.0
2012-07-25 18:15:05,26521.0
2012-07-26 18:15:05,25872.0
2012-07-27 18:15:05,25871.0
2012-07-28 18:15:05,31154.0
2012-07-29 18:15:05,26862.0
2012-07-30 18:15:05,30168.0
2012-07-31 18:15:05,37314.0
2012-08-01 18:15:05,38959.0
2012-08-02 18:15:05,32741.0
2012-08-03 18:15:05,29197.0
2012-08-04 18:15:05,28179.0
2012-08-05 18:15:05,28698.0
2012-08-06 18:15:05,33954.0
2012-08-07 18:15:05,32197.0
2012-08-08 18:15:05,35918.0
2012-08-09 18:15:05,34940.0
2012-08-10 18:15:05,29288.0
2012-08-11 18:15:05,27985.0
2012-08-12 18:15:05,30165.0
2012-08-13 18:15:05,41509.0
2012-08-14 18:15:05,34362.0
2012-08-15 18:15:05,36444.0
2012-08-16 18:15:05,47362.0
2012-08-17 18:15:05,45775.0
2012-08-18 18:15:05,41427.0
2012-08-19 18:15:05,32820.0
2012-08-20 18:15:05,34086.0
2012-08-21 18:15:05,40498.0
2012-08-22 18:15:05,39189.0
2012-08-23 18:15:05,34809.0
2012-08-24 18:15:05,34511.0
2012-08-25 18:15:05,33067.0
2012-08-26 18:15:05,28168.0
2012-08-27 18:15:05,30516.0
2012-08-28 18:15:05,32138.0
2012-08-29 18:15:05,32378.0
2012-08-30 18:15:05,26377.0
2012-08-31 18:15:05,37505.0
2012-09-01 18:15:05,39715.0
2012-09-02 18:15:05,28708.0
2012-09-03 18:15:05,29237.0
2012-09-04 18:15:05,31358.0
2012-09-05 18:15:05,33850.0
2012-09-06 18:15:05,38202.0
2012-09-07 18:15:05,31911.0
2012-09-08 18:15:05,30088.0
2012-09-09 18:15:05,33631.0
2012-09-10 18:15:05,28826.0
2012-09-11 18:15:05,36043.0
2012-09-12 18:15:05,29944.0
2012-09-13 18:15:05,27663.0
2012-09-14 18:15:05,30426.0
2012-09-15 18:15:05,26871.0
2012-09-16 18:15:05,24913.0
2012-09-17 18:15:05,26956.0
2012-09-18 18:15:05,31239.0
2012-09-19 18:15:05,32351.0
2012-09-20 18:15:05,41220.0
2012-09-21 18:15:05,29455.0
2012-09-22 18:15:05,22976.0
2012-09-23 18:15:05,22048.0
2012-09-24 18:15:05,26499.0
2012-09-25 18:15:05,31768.0
2012-09-26 18:15:05,37569.0
2012-09-27 18:15:05,32067.0
2012-09-28 18:15:05,35047.0
2012-09-29 18:15:05,29803.0
2012-09-30 18:15:05,25781.0
2012-10-01 18:15:05,29541.0
2012-10-02 18:15:05,35169.0
2012-10-03 18:15:05,35365.0
2012-10-04 18:15:05,35434.0
2012-10-05 18:15:05,34539.0
2012-10-06 18:15:05,34398.0
2012-10-07 18:15:05,30653.0
2012-10-08 18:15:05,37625.0
2012-10-09 18:15:05,37794.0
2012-10-10 18:15:05,37830.0
2012-10-11 18:15:05,32004.0
2012-10-12 18:15:05,32832.0
2012-10-13 18:15:05,33228.0
2012-10-14 18:15:05,30494.0
2012-10-15 18:15:05,32370.0
2012-10-16 18:15:05,31951.0
2012-10-17 18:15:05,33554.0
2012-10-18 18:15:05,34489.0
2012-10-19 18:15:05,32236.0
2012-10-20 18:15:05,31187.0
2012-10-21 18:15:05,31535.0
2012-10-22 18:15:05,29410.0
2012-10-23 18:15:05,33577.0
2012-10-24 18:15:05,33269.0
2012-10-25 18:15:05,27911.0
2012-10-26 18:15:05,29737.0
2012-10-27 18:15:05,22726.0
2012-10-28 18:15:05,21318.0
2012-10-29 18:15:05,21429.0
2012-10-30 18:15:05,26964.0
2012-10-31 18:15:05,26412.0
2012-11-01 18:15:05,23811.0
2012-11-02 18:15:05,26334.0
2012-11-03 18:15:05,26548.0
2012-11-04 18:15:05,22368.0
2012-11-05 18:15:05,27968.0
2012-11-06 18:15:05,28560.0
2012-11-07 18:15:05,34011.0
2012-11-08 18:15:05,30564.0
2012-11-09 18:15:05,28883.0
2012-11-10 18:15:05,24961.0
2012-11-11 18:15:05,21483.0
2012-11-12 18:15:05,26835.0
2012-11-13 18:15:05,23713.0
2012-11-14 18:15:05,27765.0
2012-11-15 18:15:05,34437.0
2012-11-16 18:15:05,33886.0
2012-11-17 18:15:05,45125.0
2012-11-18 18:15:05,32677.0
2012-11-19 18:15:05,34545.0
2012-11-20 18:15:05,34632.0
2012-11-21 18:15:05,34618.0
2012-11-22 18:15:05,32823.0
2012-11-23 18:15:05,26731.0
2012-11-24 18:15:05,27215.0
2012-11-25 18:15:05,27411.0
2012-11-26 18:15:05,28774.0
2012-11-27 18:15:05,31418.0
2012-11-28 18:15:05,33542.0
2012-11-29 18:15:05,32816.0
2012-11-30 18:15:05,27705.0
2012-12-01 18:15:05,29164.0
2012-12-02 18:15:05,21186.0
2012-12-03 18:15:05,23333.0
2012-12-04 18:15:05,26758.0
2012-12-05 18:15:05,32849.0
2012-12-06 18:15:05,29988.0
2012-12-07 18:15:05,29236.0
2012-12-08 18:15:05,29214.0
2012-12-09 18:15:05,29112.0
2012-12-10 18:15:05,26865.0
2012-12-11 18:15:05,28917.0
2012-12-12 18:15:05,30888.0
2012-12-13 18:15:05,33996.0
2012-12-14 18:15:05,33491.0
2012-12-15 18:15:05,27511.0
2012-12-16 18:15:05,28933.0
2012-12-17 18:15:05,32044.0
2012-12-18 18:15:05,38406.0
2012-12-19 18:15:05,36002.0
2012-12-20 18:15:05,30200.0
2012-12-21 18:15:05,32608.0
2012-12-22 18:15:05,43693.0
2012-12-23 18:15:05,32573.0
2012-12-24 18:15:05,29026.0
2012-12-25 18:15:05,25045.0
2012-12-26 18:15:05,24110.0
2012-12-27 18:15:05,27812.0
2012-12-28 18:15:05,31561.0
2012-12-29 18:15:05,30563.0
2012-12-30 18:15:05,35482.0
2012-12-31 18:15:05,29019.0
2013-01-01 18:15:05,26713.0
2013-01-02 18:15:05,33739.0
2013-01-03 18:15:05,38262.0
2013-01-04 18:15:05,37428.0
2013-01-05 18:15:05,41926.0
2013-01-06 18:15:05,33185.0
2013-01-07 18:15:05,39233.0
2013-01-08 18:15:05,36996.0
2013-01-09 18:15:05,40935.0
2013-01-10 18:15:05,43702.0
2013-01-11 18:15:05,48496.0
2013-01-12 18:15:05,37486.0
2013-01-13 18:15:05,40823.0
2013-01-14 18:15:05,32734.0
2013-01-15 18:15:05,46112.0
2013-01-16 18:15:05,45312.0
2013-01-17 18:15:05,42042.0
2013-01-18 18:15:05,44445.0
2013-01-19 18:15:05,38673.0
2013-01-20 18:15:05,34725.0
2013-01-21 18:15:05,32882.0
2013-01-22 18:15:05,37266.0
2013-01-23 18:15:05,36782.0
2013-01-24 18:15:05,39004.0
2013-01-25 18:15:05,39799.0
2013-01-26 18:15:05,40491.0
2013-01-27 18:15:05,40004.0
2013-01-28 18:15:05,42353.0
2013-01-29 18:15:05,41643.0
2013-01-30 18:15:05,36938.0
2013-01-31 18:15:05,34477.0
2013-02-01 18:15:05,47420.0
2013-02-02 18:15:05,45504.0
2013-02-03 18:15:05,41758.0
2013-02-04 18:15:05,41685.0
2013-02-05 18:15:05,48193.0
2013-02-06 18:15:05,42634.0
2013-02-07 18:15:05,44112.0
2013-02-08 18:15:05,46037.0
2013-02-09 18:15:05,39368.0
2013-02-10 18:15:05,45554.0
2013-02-11 18:15:05,41240.0
2013-02-12 18:15:05,41227.0
2013-02-13 18:15:05,40152.0
2013-02-14 18:15:05,39268.0
2013-02-15 18:15:05,39955.0
2013-02-16 18:15:05,37901.0
2013-02-17 18:15:05,36500.0
2013-02-18 18:15:05,36918.0
2013-02-19 18:15:05,39259.0
2013-02-20 18:15:05,39597.0
2013-02-21 18:15:05,42228.0
2013-02-22 18:15:05,43549.0
2013-02-23 18:15:05,41330.0
2013-02-24 18:15:05,41919.0
2013-02-25 18:15:05,43083.0
2013-02-26 18:15:05,45961.0
2013-02-27 18:15:05,44197.0
2013-02-28 18:15:05,43778.0
2013-03-01 18:15:05,51127.0
2013-03-02 18:15:05,40918.0
2013-03-03 18:15:05,34273.0
2013-03-04 18:15:05,40375.0
2013-03-05 18:15:05,45553.0
2013-03-06 18:15:05,52412.0
2013-03-07 18:15:05,51281.0
2013-03-08 18:15:05,48391.0
2013-03-09 18:15:05,41355.0
2013-03-10 18:15:05,45331.0
2013-03-11 18:15:05,42498.0
2013-03-12 18:15:05,39137.0
2013-03-13 18:15:05,54264.0
2013-03-14 18:15:05,47557.0
2013-03-15 18:15:05,51067.0
2013-03-16 18:15:05,42592.0
2013-03-17 18:15:05,41008.0
2013-03-18 18:15:05,42920.0
2013-03-19 18:15:05,52355.0
2013-03-20 18:15:05,49153.0
2013-03-21 18:15:05,51230.0
2013-03-22 18:15:05,58318.0
2013-03-23 18:15:05,50716.0
2013-03-24 18:15:05,57950.0
2013-03-25 18:15:05,51092.0
2013-03-26 18:15:05,56598.0
2013-03-27 18:15:05,56615.0
2013-03-28 18:15:05,65540.0
2013-03-29 18:15:05,69638.0
2013-03-30 18:15:05,60390.0
2013-03-31 18:15:05,49192.0
2013-04-01 18:15:05,55367.0
2013-04-02 18:15:05,70819.0
2013-04-03 18:15:05,85804.0
2013-04-04 18:15:05,86046.0
2013-04-05 18:15:05,82343.0
2013-04-06 18:15:05,68732.0
2013-04-07 18:15:05,74149.0
2013-04-08 18:15:05,93700.0
2013-04-09 18:15:05,85063.0
2013-04-10 18:15:05,102016.0
2013-04-11 18:15:05,100830.0
2013-04-12 18:15:05,87352.0
2013-04-13 18:15:05,72076.0
2013-04-14 18:15:05,57080.0
2013-04-15 18:15:05,80731.0
2013-04-16 18:15:05,79311.0
2013-04-17 18:15:05,84698.0
2013-04-18 18:15:05,72737.0
2013-04-19 18:15:05,87326.0
2013-04-20 18:15:05,61190.0
2013-04-21 18:15:05,59238.0
2013-04-22 18:15:05,77777.0
2013-04-23 18:15:05,72900.0
2013-04-24 18:15:05,85420.0
2013-04-25 18:15:05,73729.0
2013-04-26 18:15:05,74621.0
2013-04-27 18:15:05,62711.0
2013-04-28 18:15:05,107554.0
2013-04-29 18:15:05,73687.0
2013-04-30 18:15:05,60887.0
2013-05-01 18:15:05,61672.0
2013-05-02 18:15:05,67744.0
2013-05-03 18:15:05,70210.0
2013-05-04 18:15:05,56115.0
2013-05-05 18:15:05,55974.0
2013-05-06 18:15:05,64381.0
2013-05-07 18:15:05,89457.0
2013-05-08 18:15:05,95352.0
2013-05-09 18:15:05,70728.0
2013-05-10 18:15:05,72244.0
2013-05-11 18:15:05,67240.0
2013-05-12 18:15:05,61435.0
2013-05-13 18:15:05,65440.0
2013-05-14 18:15:05,68323.0
2013-05-15 18:15:05,70212.0
2013-05-16 18:15:05,67246.0
2013-05-17 18:15:05,64560.0
2013-05-18 18:15:05,55716.0
2013-05-19 18:15:05,51111.0
2013-05-20 18:15:05,56966.0
2013-05-21 18:15:05,63976.0
2013-05-22 18:15:05,65369.0
2013-05-23 18:15:05,65171.0
2013-05-24 18:15:05,67558.0
2013-05-25 18:15:05,60147.0
2013-05-26 18:15:05,52307.0
2013-05-27 18:15:05,59395.0
2013-05-28 18:15:05,56871.0
2013-05-29 18:15:05,66689.0
2013-05-30 18:15:05,63212.0
2013-05-31 18:15:05,62386.0
2013-06-01 18:15:05,59033.0
2013-06-02 18:15:05,50677.0
2013-06-03 18:15:05,58321.0
2013-06-04 18:15:05,63518.0
2013-06-05 18:15:05,67477.0
2013-06-06 18:15:05,60098.0
2013-06-07 18:15:05,60504.0
2013-06-08 18:15:05,51054.0
2013-06-09 18:15:05,45062.0
2013-06-10 18:15:05,48672.0
2013-06-11 18:15:05,57169.0
2013-06-12 18:15:05,52722.0
2013-06-13 18:15:05,53645.0
2013-06-14 18:15:05,60855.0
2013-06-15 18:15:05,52008.0
2013-06-16 18:15:05,37955.0
2013-06-17 18:15:05,45693.0
2013-06-18 18:15:05,48967.0
2013-06-19 18:15:05,55778.0
2013-06-20 18:15:05,54530.0
2013-06-21 18:15:05,58295.0
2013-06-22 18:15:05,49708.0
2013-06-23 18:15:05,41462.0
2013-06-24 18:15:05,48326.0
2013-06-25 18:15:05,50770.0
2013-06-26 18:15:05,54518.0
2013-06-27 18:15:05,51936.0
2013-06-28 18:15:05,53524.0
2013-06-29 18:15:05,55499.0
2013-06-30 18:15:05,41271.0
2013-07-01 18:15:05,49206.0
2013-07-02 18:15:05,56769.0
2013-07-03 18:15:05,53642.0
2013-07-04 18:15:05,53347.0
2013-07-05 18:15:05,47699.0
2013-07-06 18:15:05,46957.0
2013-07-07 18:15:05,37506.0
2013-07-08 18:15:05,47647.0
2013-07-09 18:15:05,54846.0
2013-07-10 18:15:05,55835.0
2013-07-11 18:15:05,56988.0
2013-07-12 18:15:05,69663.0
2013-07-13 18:15:05,57072.0
2013-07-14 18:15:05,38740.0
2013-07-15 18:15:05,46589.0
2013-07-16 18:15:05,53761.0
2013-07-17 18:15:05,54355.0
2013-07-18 18:15:05,54308.0
2013-07-19 18:15:05,48100.0
2013-07-20 18:15:05,44457.0
2013-07-21 18:15:05,43487.0
2013-07-22 18:15:05,46082.0
2013-07-23 18:15:05,54206.0
2013-07-24 18:15:05,54521.0
2013-07-25 18:15:05,51978.0
2013-07-26 18:15:05,55955.0
2013-07-27 18:15:05,42750.0
2013-07-28 18:15:05,37554.0
2013-07-29 18:15:05,54397.0
2013-07-30 18:15:05,55581.0
2013-07-31 18:15:05,69550.0
2013-08-01 18:15:05,82370.0
2013-08-02 18:15:05,84776.0
2013-08-03 18:15:05,53305.0
2013-08-04 18:15:05,46413.0
2013-08-05 18:15:05,57924.0
2013-08-06 18:15:05,61468.0
2013-08-07 18:15:05,64048.0
2013-08-08 18:15:05,61019.0
2013-08-09 18:15:05,57904.0
2013-08-10 18:15:05,52564.0
2013-08-11 18:15:05,43679.0
2013-08-12 18:15:05,70581.0
2013-08-13 18:15:05,75208.0
2013-08-14 18:15:05,60659.0
2013-08-15 18:15:05,66433.0
2013-08-16 18:15:05,69457.0
2013-08-17 18:15:05,58546.0
2013-08-18 18:15:05,42791.0
2013-08-19 18:15:05,65506.0
2013-08-20 18:15:05,69460.0
2013-08-21 18:15:05,70761.0
2013-08-22 18:15:05,70737.0
2013-08-23 18:15:05,68764.0
2013-08-24 18:15:05,54649.0
2013-08-25 18:15:05,48105.0
2013-08-26 18:15:05,57471.0
2013-08-27 18:15:05,71151.0
2013-08-28 18:15:05,72494.0
2013-08-29 18:15:05,67844.0
2013-08-30 18:15:05,72629.0
2013-08-31 18:15:05,82290.0
2013-09-01 18:15:05,49046.0
2013-09-02 18:15:05,52118.0
2013-09-03 18:15:05,54757.0
2013-09-04 18:15:05,58274.0
2013-09-05 18:15:05,63542.0
2013-09-06 18:15:05,57620.0
2013-09-07 18:15:05,56635.0
2013-09-08 18:15:05,43712.0
2013-09-09 18:15:05,53474.0
2013-09-10 18:15:05,55161.0
2013-09-11 18:15:05,58672.0
2013-09-12 18:15:05,65300.0
2013-09-13 18:15:05,59829.0
2013-09-14 18:15:05,48712.0
2013-09-15 18:15:05,42924.0
2013-09-16 18:15:05,52304.0
2013-09-17 18:15:05,61057.0
2013-09-18 18:15:05,65538.0
2013-09-19 18:15:05,66398.0
2013-09-20 18:15:05,65306.0
2013-09-21 18:15:05,58758.0
2013-09-22 18:15:05,53993.0
2013-09-23 18:15:05,62037.0
2013-09-24 18:15:05,65845.0
2013-09-25 18:15:05,66539.0
2013-09-26 18:15:05,63157.0
2013-09-27 18:15:05,66494.0
2013-09-28 18:15:05,60434.0
2013-09-29 18:15:05,54587.0
2013-09-30 18:15:05,61734.0
2013-10-01 18:15:05,69975.0
2013-10-02 18:15:05,77571.0
2013-10-03 18:15:05,72720.0
2013-10-04 18:15:05,64698.0
2013-10-05 18:15:05,55710.0
2013-10-06 18:15:05,48783.0
2013-10-07 18:15:05,58652.0
2013-10-08 18:15:05,60475.0
2013-10-09 18:15:05,69133.0
2013-10-10 18:15:05,65216.0
2013-10-11 18:15:05,67974.0
2013-10-12 18:15:05,58649.0
2013-10-13 18:15:05,57180.0
2013-10-14 18:15:05,74721.0
2013-10-15 18:15:05,70171.0
2013-10-16 18:15:05,74562.0
2013-10-17 18:15:05,68607.0
2013-10-18 18:15:05,69519.0
2013-10-19 18:15:05,75457.0
2013-10-20 18:15:05,64030.0
2013-10-21 18:15:05,73341.0
2013-10-22 18:15:05,89356.0
2013-10-23 18:15:05,87179.0
2013-10-24 18:15:05,88605.0
2013-10-25 18:15:05,82770.0
2013-10-26 18:15:05,67249.0
2013-10-27 18:15:05,54418.0
2013-10-28 18:15:05,63786.0
2013-10-29 18:15:05,70275.0
2013-10-30 18:15:05,77520.0
2013-10-31 18:15:05,77578.0
2013-11-01 18:15:05,72946.0
2013-11-02 18:15:05,69196.0
2013-11-03 18:15:05,63309.0
2013-11-04 18:15:05,77104.0
2013-11-05 18:15:05,93462.0
2013-11-06 18:15:05,101631.0
2013-11-07 18:15:05,104142.0
2013-11-08 18:15:05,107930.0
2013-11-09 18:15:05,108461.0
2013-11-10 18:15:05,97886.0
2013-11-11 18:15:05,86543.0
2013-11-12 18:15:05,95747.0
2013-11-13 18:15:05,100090.0
2013-11-14 18:15:05,113020.0
2013-11-15 18:15:05,97415.0
2013-11-16 18:15:05,97096.0
2013-11-17 18:15:05,86411.0
2013-11-18 18:15:05,130894.0
2013-11-19 18:15:05,170367.0
2013-11-20 18:15:05,141505.0
2013-11-21 18:15:05,124584.0
2013-11-22 18:15:05,140082.0
2013-11-23 18:15:05,134532.0
2013-11-24 18:15:05,103353.0
2013-11-25 18:15:05,117870.0
2013-11-26 18:15:05,145494.0
2013-11-27 18:15:05,164541.0
2013-11-28 18:15:05,180643.0
2013-11-29 18:15:05,160752.0
2013-11-30 18:15:05,150747.0
2013-12-01 18:15:05,125448.0
2013-12-02 18:15:05,144106.0
2013-12-03 18:15:05,149257.0
2013-12-04 18:15:05,150637.0
2013-12-05 18:15:05,164289.0
2013-12-06 18:15:05,140744.0
2013-12-07 18:15:05,143645.0
2013-12-08 18:15:05,95996.0
2013-12-09 18:15:05,127647.0
2013-12-10 18:15:05,128388.0
2013-12-11 18:15:05,129666.0
2013-12-12 18:15:05,113825.0
2013-12-13 18:15:05,120982.0
2013-12-14 18:15:05,113263.0
2013-12-15 18:15:05,103782.0
2013-12-16 18:15:05,137337.0
2013-12-17 18:15:05,139023.0
2013-12-18 18:15:05,153222.0
2013-12-19 18:15:05,134257.0
2013-12-20 18:15:05,125004.0
2013-12-21 18:15:05,110306.0
2013-12-22 18:15:05,98559.0
2013-12-23 18:15:05,105307.0
2013-12-24 18:15:05,135360.0
2013-12-25 18:15:05,120437.0
2013-12-26 18:15:05,97504.0
2013-12-27 18:15:05,115404.0
2013-12-28 18:15:05,95474.0
2013-12-29 18:15:05,93084.0
2013-12-30 18:15:05,130692.0
2013-12-31 18:15:05,108166.0
2014-01-01 18:15:05,83356.0
2014-01-02 18:15:05,103246.0
2014-01-03 18:15:05,125864.0
2014-01-04 18:15:05,103502.0
2014-01-05 18:15:05,106688.0
2014-01-06 18:15:05,152700.0
2014-01-07 18:15:05,121152.0
2014-01-08 18:15:05,129583.0
2014-01-09 18:15:05,114730.0
2014-01-10 18:15:05,112691.0
2014-01-11 18:15:05,110670.0
2014-01-12 18:15:05,98958.0
2014-01-13 18:15:05,110334.0
2014-01-14 18:15:05,133541.0
2014-01-15 18:15:05,115087.0
2014-01-16 18:15:05,110024.0
2014-01-17 18:15:05,113632.0
2014-01-18 18:15:05,95634.0
2014-01-19 18:15:05,94782.0
2014-01-20 18:15:05,144276.0
2014-01-21 18:15:05,136930.0
2014-01-22 18:15:05,131062.0
2014-01-23 18:15:05,127975.0
2014-01-24 18:15:05,127984.0
2014-01-25 18:15:05,108098.0
2014-01-26 18:15:05,107203.0
2014-01-27 18:15:05,145032.0
2014-01-28 18:15:05,135152.0
2014-01-29 18:15:05,124466.0
2014-01-30 18:15:05,129214.0
2014-01-31 18:15:05,132531.0
2014-02-01 18:15:05,123558.0
2014-02-02 18:15:05,112877.0
2014-02-03 18:15:05,152868.0
2014-02-04 18:15:05,140332.0
2014-02-05 18:15:05,139743.0
2014-02-06 18:15:05,142991.0
2014-02-07 18:15:05,143818.0
2014-02-08 18:15:05,131014.0
2014-02-09 18:15:05,112334.0
2014-02-10 18:15:05,155591.0
2014-02-11 18:15:05,121449.0
2014-02-12 18:15:05,121999.0
2014-02-13 18:15:05,130490.0
2014-02-14 18:15:05,148377.0
2014-02-15 18:15:05,127810.0
2014-02-16 18:15:05,110198.0
2014-02-17 18:15:05,114626.0
2014-02-18 18:15:05,163002.0
2014-02-19 18:15:05,142987.0
2014-02-20 18:15:05,159962.0
2014-02-21 18:15:05,165370.0
2014-02-22 18:15:05,132542.0
2014-02-23 18:15:05,142019.0
2014-02-24 18:15:05,167219.0
2014-02-25 18:15:05,208180.0
2014-02-26 18:15:05,166920.0
2014-02-27 18:15:05,164199.0
2014-02-28 18:15:05,145830.0
2014-03-01 18:15:05,151446.0
2014-03-02 18:15:05,139563.0
2014-03-03 18:15:05,187106.0
2014-03-04 18:15:05,201394.0
2014-03-05 18:15:05,180104.0
2014-03-06 18:15:05,171560.0
2014-03-07 18:15:05,154757.0
2014-03-08 18:15:05,154394.0
2014-03-09 18:15:05,155361.0
2014-03-10 18:15:05,164890.0
2014-03-11 18:15:05,152037.0
2014-03-12 18:15:05,165460.0
2014-03-13 18:15:05,165883.0
2014-03-14 18:15:05,139218.0
2014-03-15 18:15:05,128219.0
2014-03-16 18:15:05,121995.0
2014-03-17 18:15:05,140722.0
2014-03-18 18:15:05,140518.0
2014-03-19 18:15:05,130586.0
2014-03-20 18:15:05,141026.0
2014-03-21 18:15:05,155285.0
2014-03-22 18:15:05,137388.0
2014-03-23 18:15:05,131768.0
2014-03-24 18:15:05,155589.0
2014-03-25 18:15:05,145432.0
2014-03-26 18:15:05,146464.0
2014-03-27 18:15:05,158999.0
2014-03-28 18:15:05,163425.0
2014-03-29 18:15:05,126941.0
2014-03-30 18:15:05,150155.0
2014-03-31 18:15:05,137342.0
2014-04-01 18:15:05,157020.0
2014-04-02 18:15:05,152718.0
2014-04-03 18:15:05,137224.0
2014-04-04 18:15:05,144468.0
2014-04-05 18:15:05,135497.0
2014-04-06 18:15:05,163904.0
2014-04-07 18:15:05,134360.0
2014-04-08 18:15:05,148772.0
2014-04-09 18:15:05,144875.0
2014-04-10 18:15:05,165795.0
2014-04-11 18:15:05,146801.0
2014-04-12 18:15:05,124543.0
2014-04-13 18:15:05,150009.0
2014-04-14 18:15:05,146634.0
2014-04-15 18:15:05,166401.0
2014-04-16 18:15:05,142870.0
2014-04-17 18:15:05,141012.0
2014-04-18 18:15:05,123771.0
2014-04-19 18:15:05,127435.0
2014-04-20 18:15:05,149260.0
2014-04-21 18:15:05,124225.0
2014-04-22 18:15:05,150856.0
2014-04-23 18:15:05,134126.0
2014-04-24 18:15:05,129810.0
2014-04-25 18:15:05,157853.0
2014-04-26 18:15:05,131955.0
2014-04-27 18:15:05,147987.0
2014-04-28 18:15:05,133142.0
2014-04-29 18:15:05,145888.0
2014-04-30 18:15:05,137816.0
2014-05-01 18:15:05,134499.0
2014-05-02 18:15:05,128157.0
2014-05-03 18:15:05,103028.0
2014-05-04 18:15:05,138218.0
2014-05-05 18:15:05,113712.0
2014-05-06 18:15:05,144937.0
2014-05-07 18:15:05,137586.0
2014-05-08 18:15:05,140822.0
2014-05-09 18:15:05,140925.0
2014-05-10 18:15:05,119139.0
2014-05-11 18:15:05,143525.0
2014-05-12 18:15:05,130988.0
2014-05-13 18:15:05,125036.0
2014-05-14 18:15:05,131116.0
2014-05-15 18:15:05,151809.0
2014-05-16 18:15:05,127748.0
2014-05-17 18:15:05,115383.0
2014-05-18 18:15:05,151855.0
2014-05-19 18:15:05,127935.0
2014-05-20 18:15:05,153007.0
2014-05-21 18:15:05,145579.0
2014-05-22 18:15:05,129318.0
2014-05-23 18:15:05,155129.0
2014-05-24 18:15:05,113362.0
2014-05-25 18:15:05,159903.0
2014-05-26 18:15:05,136252.0
2014-05-27 18:15:05,145771.0
2014-05-28 18:15:05,161438.0
2014-05-29 18:15:05,143379.0
2014-05-30 18:15:05,137258.0
2014-05-31 18:15:05,123216.0
2014-06-01 18:15:05,164472.0
2014-06-02 18:15:05,140278.0
2014-06-03 18:15:05,162366.0
2014-06-04 18:15:05,154092.0
2014-06-05 18:15:05,148891.0
2014-06-06 18:15:05,150478.0
2014-06-07 18:15:05,127246.0
2014-06-08 18:15:05,153084.0
2014-06-09 18:15:05,128287.0
2014-06-10 18:15:05,150796.0
2014-06-11 18:15:05,141736.0
2014-06-12 18:15:05,140825.0
2014-06-13 18:15:05,151052.0
2014-06-14 18:15:05,136421.0
2014-06-15 18:15:05,156871.0
2014-06-16 18:15:05,144825.0
2014-06-17 18:15:05,157183.0
2014-06-18 18:15:05,153204.0
2014-06-19 18:15:05,127162.0
2014-06-20 18:15:05,142279.0
2014-06-21 18:15:05,131691.0
2014-06-22 18:15:05,166479.0
2014-06-23 18:15:05,125908.0
2014-06-24 18:15:05,149893.0
2014-06-25 18:15:05,150209.0
2014-06-26 18:15:05,141973.0
2014-06-27 18:15:05,143429.0
2014-06-28 18:15:05,123855.0
2014-06-29 18:15:05,159773.0
2014-06-30 18:15:05,136152.0
2014-07-01 18:15:05,163651.0
2014-07-02 18:15:05,152310.0
2014-07-03 18:15:05,142946.0
2014-07-04 18:15:05,128352.0
2014-07-05 18:15:05,107662.0
2014-07-06 18:15:05,163209.0
2014-07-07 18:15:05,136897.0
2014-07-08 18:15:05,192201.0
2014-07-09 18:15:05,160879.0
2014-07-10 18:15:05,149129.0
2014-07-11 18:15:05,145718.0
2014-07-12 18:15:05,145144.0
2014-07-13 18:15:05,165376.0
2014-07-14 18:15:05,133673.0
2014-07-15 18:15:05,151679.0
2014-07-16 18:15:05,151081.0
2014-07-17 18:15:05,146474.0
2014-07-18 18:15:05,141439.0
2014-07-19 18:15:05,132003.0
2014-07-20 18:15:05,176955.0
2014-07-21 18:15:05,135230.0
2014-07-22 18:15:05,134257.0
2014-07-23 18:15:05,155345.0
2014-07-24 18:15:05,150217.0
2014-07-25 18:15:05,151416.0
2014-07-26 18:15:05,130299.0
2014-07-27 18:15:05,163986.0
2014-07-28 18:15:05,135674.0
2014-07-29 18:15:05,147327.0
2014-07-30 18:15:05,151806.0
2014-07-31 18:15:05,152214.0
2014-08-01 18:15:05,146378.0
2014-08-02 18:15:05,133227.0
2014-08-03 18:15:05,155660.0
2014-08-04 18:15:05,122118.0
2014-08-05 18:15:05,166966.0
2014-08-06 18:15:05,175244.0
2014-08-07 18:15:05,153189.0
2014-08-08 18:15:05,151292.0
2014-08-09 18:15:05,130400.0
2014-08-10 18:15:05,176751.0
2014-08-11 18:15:05,161536.0
2014-08-12 18:15:05,172608.0
2014-08-13 18:15:05,173743.0
2014-08-14 18:15:05,168931.0
2014-08-15 18:15:05,155144.0
2014-08-16 18:15:05,161700.0
2014-08-17 18:15:05,180542.0
2014-08-18 18:15:05,146537.0
2014-08-19 18:15:05,172107.0
2014-08-20 18:15:05,163890.0
2014-08-21 18:15:05,176373.0
2014-08-22 18:15:05,156481.0
2014-08-23 18:15:05,135772.0
2014-08-24 18:15:05,183565.0
2014-08-25 18:15:05,148320.0
2014-08-26 18:15:05,163922.0
2014-08-27 18:15:05,160858.0
2014-08-28 18:15:05,166074.0
2014-08-29 18:15:05,145588.0
2014-08-30 18:15:05,145985.0
2014-08-31 18:15:05,172302.0
2014-09-01 18:15:05,162588.0
2014-09-02 18:15:05,153606.0
2014-09-03 18:15:05,148218.0
2014-09-04 18:15:05,152304.0
2014-09-05 18:15:05,155908.0
2014-09-06 18:15:05,143414.0
2014-09-07 18:15:05,214360.0
2014-09-08 18:15:05,151689.0
2014-09-09 18:15:05,173414.0
2014-09-10 18:15:05,164564.0
2014-09-11 18:15:05,147710.0
2014-09-12 18:15:05,148941.0
2014-09-13 18:15:05,136734.0
2014-09-14 18:15:05,203940.0
2014-09-15 18:15:05,161269.0
2014-09-16 18:15:05,186658.0
2014-09-17 18:15:05,164215.0
2014-09-18 18:15:05,168204.0
2014-09-19 18:15:05,149539.0
2014-09-20 18:15:05,142592.0
2014-09-21 18:15:05,172794.0
2014-09-22 18:15:05,175943.0
2014-09-23 18:15:05,166664.0
2014-09-24 18:15:05,171434.0
2014-09-25 18:15:05,167940.0
2014-09-26 18:15:05,149986.0
2014-09-27 18:15:05,145374.0
2014-09-28 18:15:05,213832.0
2014-09-29 18:15:05,152629.0
2014-09-30 18:15:05,184554.0
2014-10-01 18:15:05,184739.0
2014-10-02 18:15:05,161404.0
2014-10-03 18:15:05,150641.0
2014-10-04 18:15:05,137659.0
2014-10-05 18:15:05,207383.0
2014-10-06 18:15:05,151236.0
2014-10-07 18:15:05,178444.0
2014-10-08 18:15:05,165335.0
2014-10-09 18:15:05,156106.0
2014-10-10 18:15:05,164414.0
2014-10-11 18:15:05,152027.0
2014-10-12 18:15:05,206084.0
2014-10-13 18:15:05,181872.0
2014-10-14 18:15:05,174859.0
2014-10-15 18:15:05,175952.0
2014-10-16 18:15:05,163270.0
2014-10-17 18:15:05,157782.0
2014-10-18 18:15:05,156631.0
2014-10-19 18:15:05,211493.0
2014-10-20 18:15:05,155800.0
2014-10-21 18:15:05,175051.0
2014-10-22 18:15:05,171845.0
2014-10-23 18:15:05,163026.0
2014-10-24 18:15:05,165243.0
2014-10-25 18:15:05,189654.0
2014-10-26 18:15:05,183560.0
2014-10-27 18:15:05,181920.0
2014-10-28 18:15:05,177816.0
2014-10-29 18:15:05,175287.0
2014-10-30 18:15:05,175625.0
2014-10-31 18:15:05,174925.0
2014-11-01 18:15:05,146848.0
2014-11-02 18:15:05,236884.0
2014-11-03 18:15:05,157911.0
2014-11-04 18:15:05,184888.0
2014-11-05 18:15:05,171401.0
2014-11-06 18:15:05,173515.0
2014-11-07 18:15:05,163094.0
2014-11-08 18:15:05,144394.0
2014-11-09 18:15:05,223383.0
2014-11-10 18:15:05,176533.0
2014-11-11 18:15:05,168913.0
2014-11-12 18:15:05,179505.0
2014-11-13 18:15:05,197029.0
2014-11-14 18:15:05,200490.0
2014-11-15 18:15:05,156976.0
2014-11-16 18:15:05,220218.0
2014-11-17 18:15:05,171933.0
2014-11-18 18:15:05,176768.0
2014-11-19 18:15:05,175445.0
2014-11-20 18:15:05,177646.0
2014-11-21 18:15:05,174282.0
2014-11-22 18:15:05,166491.0
2014-11-23 18:15:05,224922.0
2014-11-24 18:15:05,163316.0
2014-11-25 18:15:05,169442.0
2014-11-26 18:15:05,180983.0
2014-11-27 18:15:05,178381.0
2014-11-28 18:15:05,175185.0
2014-11-29 18:15:05,166646.0
2014-11-30 18:15:05,245004.0
2014-12-01 18:15:05,174232.0
2014-12-02 18:15:05,205483.0
2014-12-03 18:15:05,199881.0
2014-12-04 18:15:05,186491.0
2014-12-05 18:15:05,194141.0
2014-12-06 18:15:05,173360.0
2014-12-07 18:15:05,232300.0
2014-12-08 18:15:05,183776.0
2014-12-09 18:15:05,191539.0
2014-12-10 18:15:05,190602.0
2014-12-11 18:15:05,187113.0
2014-12-12 18:15:05,177462.0
2014-12-13 18:15:05,174655.0
2014-12-14 18:15:05,231376.0
2014-12-15 18:15:05,215842.0
2014-12-16 18:15:05,204914.0
2014-12-17 18:15:05,203993.0
2014-12-18 18:15:05,225354.0
2014-12-19 18:15:05,160502.0
2014-12-20 18:15:05,240775.0
2014-12-21 18:15:05,204217.0
2014-12-22 18:15:05,195624.0
2014-12-23 18:15:05,210726.0
2014-12-24 18:15:05,174711.0
2014-12-25 18:15:05,147374.0
2014-12-26 18:15:05,145412.0
2014-12-27 18:15:05,188604.0
2014-12-28 18:15:05,236392.0
2014-12-29 18:15:05,159314.0
2014-12-30 18:15:05,181005.0
2014-12-31 18:15:05,157377.0
2015-01-01 18:15:05,116012.0
2015-01-02 18:15:05,168563.0
2015-01-03 18:15:05,207571.0
2015-01-04 18:15:05,206228.0
2015-01-05 18:15:05,193982.0
2015-01-06 18:15:05,179154.0
2015-01-07 18:15:05,180992.0
2015-01-08 18:15:05,186319.0
2015-01-09 18:15:05,201458.0
2015-01-10 18:15:05,251092.0
2015-01-11 18:15:05,209755.0
2015-01-12 18:15:05,185802.0
2015-01-13 18:15:05,199744.0
2015-01-14 18:15:05,228898.0
2015-01-15 18:15:05,212403.0
2015-01-16 18:15:05,219873.0
2015-01-17 18:15:05,254267.0
2015-01-18 18:15:05,223392.0
2015-01-19 18:15:05,197559.0
2015-01-20 18:15:05,194860.0
2015-01-21 18:15:05,197159.0
2015-01-22 18:15:05,188687.0
2015-01-23 18:15:05,179966.0
2015-01-24 18:15:05,172854.0
2015-01-25 18:15:05,256121.0
2015-01-26 18:15:05,236920.0
2015-01-27 18:15:05,204121.0
2015-01-28 18:15:05,165874.0
2015-01-29 18:15:05,171619.0
2015-01-30 18:15:05,167768.0
2015-01-31 18:15:05,239182.0
2015-02-01 18:15:05,208727.0
2015-02-02 18:15:05,185554.0
2015-02-03 18:15:05,207461.0
2015-02-04 18:15:05,198955.0
2015-02-05 18:15:05,181629.0
2015-02-06 18:15:05,186259.0
2015-02-07 18:15:05,180449.0
2015-02-08 18:15:05,251391.0
2015-02-09 18:15:05,197636.0
2015-02-10 18:15:05,189629.0
2015-02-11 18:15:05,189188.0
2015-02-12 18:15:05,202264.0
2015-02-13 18:15:05,256202.0
2015-02-14 18:15:05,243646.0
2015-02-15 18:15:05,295507.0
2015-02-16 18:15:05,223579.0
2015-02-17 18:15:05,226216.0
2015-02-18 18:15:05,223247.0
2015-02-19 18:15:05,181312.0
2015-02-20 18:15:05,194679.0
2015-02-21 18:15:05,248310.0
2015-02-22 18:15:05,223159.0
2015-02-23 18:15:05,215517.0
2015-02-24 18:15:05,196851.0
2015-02-25 18:15:05,194596.0
2015-02-26 18:15:05,189240.0
2015-02-27 18:15:05,199935.0
2015-02-28 18:15:05,238834.0
2015-03-01 18:15:05,229461.0
2015-03-02 18:15:05,213896.0
2015-03-03 18:15:05,216316.0
2015-03-04 18:15:05,211468.0
2015-03-05 18:15:05,195590.0
2015-03-06 18:15:05,199410.0
2015-03-07 18:15:05,222227.0
2015-03-08 18:15:05,213398.0
2015-03-09 18:15:05,201698.0
2015-03-10 18:15:05,210072.0
2015-03-11 18:15:05,208179.0
2015-03-12 18:15:05,193924.0
2015-03-13 18:15:05,198297.0
2015-03-14 18:15:05,219463.0
2015-03-15 18:15:05,222639.0
2015-03-16 18:15:05,206461.0
2015-03-17 18:15:05,199845.0
2015-03-18 18:15:05,191204.0
2015-03-19 18:15:05,190851.0
2015-03-20 18:15:05,198449.0
2015-03-21 18:15:05,218099.0
2015-03-22 18:15:05,214152.0
2015-03-23 18:15:05,221091.0
2015-03-24 18:15:05,185435.0
2015-03-25 18:15:05,182792.0
2015-03-26 18:15:05,188107.0
2015-03-27 18:15:05,202290.0
2015-03-28 18:15:05,208232.0
2015-03-29 18:15:05,228699.0
2015-03-30 18:15:05,202713.0
2015-03-31 18:15:05,203189.0
2015-04-01 18:15:05,241041.0
2015-04-02 18:15:05,214884.0
2015-04-03 18:15:05,195509.0
2015-04-04 18:15:05,228536.0
2015-04-05 18:15:05,222020.0
2015-04-06 18:15:05,189967.0
2015-04-07 18:15:05,220417.0
2015-04-08 18:15:05,214628.0
2015-04-09 18:15:05,203465.0
2015-04-10 18:15:05,215133.0
2015-04-11 18:15:05,243573.0
2015-04-12 18:15:05,193479.0
2015-04-13 18:15:05,232236.0
2015-04-14 18:15:05,219510.0
2015-04-15 18:15:05,190441.0
2015-04-16 18:15:05,196262.0
2015-04-17 18:15:05,191876.0
2015-04-18 18:15:05,225102.0
2015-04-19 18:15:05,168858.0
2015-04-20 18:15:05,253148.0
2015-04-21 18:15:05,205286.0
2015-04-22 18:15:05,222085.0
2015-04-23 18:15:05,212819.0
2015-04-24 18:15:05,205205.0
2015-04-25 18:15:05,242148.0
2015-04-26 18:15:05,226263.0
2015-04-27 18:15:05,203028.0
2015-04-28 18:15:05,218502.0
2015-04-29 18:15:05,207741.0
2015-04-30 18:15:05,215077.0
2015-05-01 18:15:05,197072.0
2015-05-02 18:15:05,238390.0
2015-05-03 18:15:05,212123.0
2015-05-04 18:15:05,190201.0
2015-05-05 18:15:05,219068.0
2015-05-06 18:15:05,219506.0
2015-05-07 18:15:05,227324.0
2015-05-08 18:15:05,261673.0
2015-05-09 18:15:05,199251.0
2015-05-10 18:15:05,213909.0
2015-05-11 18:15:05,215628.0
2015-05-12 18:15:05,233523.0
2015-05-13 18:15:05,211323.0
2015-05-14 18:15:05,201739.0
2015-05-15 18:15:05,209999.0
2015-05-16 18:15:05,236081.0
2015-05-17 18:15:05,216412.0
2015-05-18 18:15:05,197816.0
2015-05-19 18:15:05,207126.0
2015-05-20 18:15:05,221491.0
2015-05-21 18:15:05,203159.0
2015-05-22 18:15:05,207671.0
2015-05-23 18:15:05,194783.0
2015-05-24 18:15:05,246182.0
2015-05-25 18:15:05,206424.0
2015-05-26 18:15:05,222322.0
2015-05-27 18:15:05,221553.0
2015-05-28 18:15:05,220123.0
2015-05-29 18:15:05,237083.0
2015-05-30 18:15:05,269743.0
2015-05-31 18:15:05,238007.0
2015-06-01 18:15:05,252174.0
2015-06-02 18:15:05,257275.0
2015-06-03 18:15:05,239702.0
2015-06-04 18:15:05,240222.0
2015-06-05 18:15:05,232715.0
2015-06-06 18:15:05,244636.0
2015-06-07 18:15:05,225189.0
2015-06-08 18:15:05,188952.0
2015-06-09 18:15:05,208925.0
2015-06-10 18:15:05,267864.0
2015-06-11 18:15:05,258189.0
2015-06-12 18:15:05,247460.0
2015-06-13 18:15:05,246532.0
2015-06-14 18:15:05,223880.0
2015-06-15 18:15:05,277522.0
2015-06-16 18:15:05,241825.0
2015-06-17 18:15:05,256567.0
2015-06-18 18:15:05,233829.0
2015-06-19 18:15:05,247406.0
2015-06-20 18:15:05,246533.0
2015-06-21 18:15:05,224267.0
2015-06-22 18:15:05,204152.0
2015-06-23 18:15:05,271463.0
2015-06-24 18:15:05,218529.0
2015-06-25 18:15:05,199310.0
2015-06-26 18:15:05,240437.0
2015-06-27 18:15:05,258833.0
2015-06-28 18:15:05,230750.0
2015-06-29 18:15:05,224321.0
2015-06-30 18:15:05,261770.0
2015-07-01 18:15:05,250536.0
2015-07-02 18:15:05,254259.0
2015-07-03 18:15:05,270019.0
2015-07-04 18:15:05,250207.0
2015-07-05 18:15:05,241519.0
2015-07-06 18:15:05,276989.0
2015-07-07 18:15:05,295662.0
2015-07-08 18:15:05,273054.0
2015-07-09 18:15:05,263045.0
2015-07-10 18:15:05,273833.0
2015-07-11 18:15:05,278810.0
2015-07-12 18:15:05,271999.0
2015-07-13 18:15:05,232590.0
2015-07-14 18:15:05,229381.0
2015-07-15 18:15:05,234754.0
2015-07-16 18:15:05,228231.0
2015-07-17 18:15:05,214161.0
2015-07-18 18:15:05,219461.0
2015-07-19 18:15:05,242814.0
2015-07-20 18:15:05,216715.0
2015-07-21 18:15:05,240028.0
2015-07-22 18:15:05,270355.0
2015-07-23 18:15:05,207134.0
2015-07-24 18:15:05,217981.0
2015-07-25 18:15:05,201269.0
2015-07-26 18:15:05,244803.0
2015-07-27 18:15:05,229418.0
2015-07-28 18:15:05,240969.0
2015-07-29 18:15:05,255290.0
2015-07-30 18:15:05,247799.0
2015-07-31 18:15:05,232699.0
2015-08-01 18:15:05,275871.0
2015-08-02 18:15:05,248553.0
2015-08-03 18:15:05,226079.0
2015-08-04 18:15:05,265834.0
2015-08-05 18:15:05,250494.0
2015-08-06 18:15:05,247781.0
2015-08-07 18:15:05,242234.0
2015-08-08 18:15:05,233508.0
2015-08-09 18:15:05,218499.0
2015-08-10 18:15:05,220994.0
2015-08-11 18:15:05,227498.0
2015-08-12 18:15:05,232055.0
2015-08-13 18:15:05,226126.0
2015-08-14 18:15:05,220370.0
2015-08-15 18:15:05,245458.0
2015-08-16 18:15:05,228284.0
2015-08-17 18:15:05,230212.0
2015-08-18 18:15:05,244699.0
2015-08-19 18:15:05,247961.0
2015-08-20 18:15:05,222182.0
2015-08-21 18:15:05,235230.0
2015-08-22 18:15:05,259239.0
2015-08-23 18:15:05,247407.0
2015-08-24 18:15:05,237850.0
2015-08-25 18:15:05,245539.0
2015-08-26 18:15:05,243215.0
2015-08-27 18:15:05,232198.0
2015-08-28 18:15:05,243840.0
2015-08-29 18:15:05,250584.0
2015-08-30 18:15:05,229116.0
2015-08-31 18:15:05,238504.0
2015-09-01 18:15:05,272866.0
2015-09-02 18:15:05,230707.0
2015-09-03 18:15:05,249811.0
2015-09-04 18:15:05,209983.0
2015-09-05 18:15:05,284893.0
2015-09-06 18:15:05,253777.0
2015-09-07 18:15:05,238459.0
2015-09-08 18:15:05,280276.0
2015-09-09 18:15:05,265428.0
2015-09-10 18:15:05,235288.0
2015-09-11 18:15:05,252398.0
2015-09-12 18:15:05,258271.0
2015-09-13 18:15:05,279964.0
2015-09-14 18:15:05,234525.0
2015-09-15 18:15:05,263932.0
2015-09-16 18:15:05,261990.0
2015-09-17 18:15:05,250985.0
2015-09-18 18:15:05,273195.0
2015-09-19 18:15:05,230379.0
2015-09-20 18:15:05,264443.0
2015-09-21 18:15:05,285612.0
2015-09-22 18:15:05,327724.0
2015-09-23 18:15:05,250674.0
2015-09-24 18:15:05,239053.0
2015-09-25 18:15:05,255255.0
2015-09-26 18:15:05,249080.0
2015-09-27 18:15:05,251247.0
2015-09-28 18:15:05,246314.0
2015-09-29 18:15:05,267985.0
2015-09-30 18:15:05,272223.0
2015-10-01 18:15:05,247211.0
2015-10-02 18:15:05,254192.0
2015-10-03 18:15:05,234800.0
2015-10-04 18:15:05,261675.0
2015-10-05 18:15:05,226632.0
2015-10-06 18:15:05,249199.0
2015-10-07 18:15:05,239250.0
2015-10-08 18:15:05,265540.0
2015-10-09 18:15:05,211096.0
2015-10-10 18:15:05,278854.0
2015-10-11 18:15:05,234919.0
2015-10-12 18:15:05,232117.0
2015-10-13 18:15:05,235683.0
2015-10-14 18:15:05,228578.0
2015-10-15 18:15:05,307247.0
2015-10-16 18:15:05,275882.0
2015-10-17 18:15:05,313859.0
2015-10-18 18:15:05,274902.0
2015-10-19 18:15:05,266086.0
2015-10-20 18:15:05,290886.0
2015-10-21 18:15:05,309724.0
2015-10-22 18:15:05,289944.0
2015-10-23 18:15:05,281281.0
2015-10-24 18:15:05,323968.0
2015-10-25 18:15:05,278147.0
2015-10-26 18:15:05,277058.0
2015-10-27 18:15:05,282636.0
2015-10-28 18:15:05,274092.0
2015-10-29 18:15:05,297971.0
2015-10-30 18:15:05,298795.0
2015-10-31 18:15:05,318120.0
2015-11-01 18:15:05,305108.0
2015-11-02 18:15:05,298505.0
2015-11-03 18:15:05,360192.0
2015-11-04 18:15:05,392233.0
2015-11-05 18:15:05,374641.0
2015-11-06 18:15:05,354664.0
2015-11-07 18:15:05,317500.0
2015-11-08 18:15:05,333196.0
2015-11-09 18:15:05,310788.0
2015-11-10 18:15:05,295638.0
2015-11-11 18:15:05,340384.0
2015-11-12 18:15:05,301266.0
2015-11-13 18:15:05,299301.0
2015-11-14 18:15:05,348007.0
2015-11-15 18:15:05,301039.0
2015-11-16 18:15:05,310746.0
2015-11-17 18:15:05,321631.0
2015-11-18 18:15:05,328378.0
2015-11-19 18:15:05,297379.0
2015-11-20 18:15:05,298609.0
2015-11-21 18:15:05,334688.0
2015-11-22 18:15:05,265164.0
2015-11-23 18:15:05,324317.0
2015-11-24 18:15:05,307413.0
2015-11-25 18:15:05,307690.0
2015-11-26 18:15:05,319759.0
2015-11-27 18:15:05,284894.0
2015-11-28 18:15:05,349162.0
2015-11-29 18:15:05,269023.0
2015-11-30 18:15:05,384237.0
2015-12-01 18:15:05,365897.0
2015-12-02 18:15:05,339855.0
2015-12-03 18:15:05,317811.0
2015-12-04 18:15:05,274245.0
2015-12-05 18:15:05,426997.0
2015-12-06 18:15:05,374142.0
2015-12-07 18:15:05,340611.0
2015-12-08 18:15:05,374956.0
2015-12-09 18:15:05,414210.0
2015-12-10 18:15:05,403387.0
2015-12-11 18:15:05,387377.0
2015-12-12 18:15:05,457574.0
2015-12-13 18:15:05,381029.0
2015-12-14 18:15:05,423138.0
2015-12-15 18:15:05,392348.0
2015-12-16 18:15:05,411804.0
2015-12-17 18:15:05,395053.0
2015-12-18 18:15:05,383932.0
2015-12-19 18:15:05,427602.0
2015-12-20 18:15:05,363933.0
2015-12-21 18:15:05,451443.0
2015-12-22 18:15:05,391920.0
2015-12-23 18:15:05,409651.0
2015-12-24 18:15:05,410857.0
2015-12-25 18:15:05,329540.0
2015-12-26 18:15:05,347238.0
2015-12-27 18:15:05,341200.0
2015-12-28 18:15:05,314685.0
2015-12-29 18:15:05,343081.0
2015-12-30 18:15:05,342062.0
2015-12-31 18:15:05,310331.0
2016-01-01 18:15:05,232199.0
2016-01-02 18:15:05,334703.0
2016-01-03 18:15:05,295177.0
2016-01-04 18:15:05,363742.0
2016-01-05 18:15:05,365051.0
2016-01-06 18:15:05,338929.0
2016-01-07 18:15:05,326219.0
2016-01-08 18:15:05,366508.0
2016-01-09 18:15:05,371151.0
2016-01-10 18:15:05,363228.0
2016-01-11 18:15:05,365605.0
2016-01-12 18:15:05,372889.0
2016-01-13 18:15:05,341119.0
2016-01-14 18:15:05,354601.0
2016-01-15 18:15:05,344968.0
2016-01-16 18:15:05,393797.0
2016-01-17 18:15:05,447783.0
2016-01-18 18:15:05,395421.0
2016-01-19 18:15:05,382142.0
2016-01-20 18:15:05,387569.0
2016-01-21 18:15:05,406195.0
2016-01-22 18:15:05,413921.0
2016-01-23 18:15:05,435226.0
2016-01-24 18:15:05,383842.0
2016-01-25 18:15:05,404020.0
2016-01-26 18:15:05,462802.0
2016-01-27 18:15:05,414610.0
2016-01-28 18:15:05,445935.0
2016-01-29 18:15:05,424226.0
2016-01-30 18:15:05,428332.0
2016-01-31 18:15:05,384209.0
2016-02-01 18:15:05,437884.0
2016-02-02 18:15:05,451155.0
2016-02-03 18:15:05,388710.0
2016-02-04 18:15:05,399236.0
2016-02-05 18:15:05,393084.0
2016-02-06 18:15:05,441758.0
2016-02-07 18:15:05,452004.0
2016-02-08 18:15:05,396540.0
2016-02-09 18:15:05,429776.0
2016-02-10 18:15:05,396665.0
2016-02-11 18:15:05,429313.0
2016-02-12 18:15:05,392638.0
2016-02-13 18:15:05,407580.0
2016-02-14 18:15:05,390085.0
2016-02-15 18:15:05,424653.0
2016-02-16 18:15:05,424752.0
2016-02-17 18:15:05,436155.0
2016-02-18 18:15:05,416530.0
2016-02-19 18:15:05,411494.0
2016-02-20 18:15:05,440841.0
2016-02-21 18:15:05,399688.0
2016-02-22 18:15:05,469044.0
2016-02-23 18:15:05,464117.0
2016-02-24 18:15:05,411081.0
2016-02-25 18:15:05,412050.0
2016-02-26 18:15:05,404307.0
2016-02-27 18:15:05,378857.0
2016-02-28 18:15:05,412223.0
2016-02-29 18:15:05,470332.0
2016-03-01 18:15:05,451258.0
2016-03-02 18:15:05,483756.0
2016-03-03 18:15:05,410737.0
2016-03-04 18:15:05,419365.0
2016-03-05 18:15:05,422768.0
2016-03-06 18:15:05,312335.0
2016-03-07 18:15:05,372418.0
2016-03-08 18:15:05,363851.0
2016-03-09 18:15:05,330958.0
2016-03-10 18:15:05,374551.0
2016-03-11 18:15:05,352895.0
2016-03-12 18:15:05,328987.0
2016-03-13 18:15:05,310285.0
2016-03-14 18:15:05,393384.0
2016-03-15 18:15:05,367761.0
2016-03-16 18:15:05,369886.0
2016-03-17 18:15:05,394142.0
2016-03-18 18:15:05,364177.0
2016-03-19 18:15:05,350288.0
2016-03-20 18:15:05,352210.0
2016-03-21 18:15:05,375082.0
2016-03-22 18:15:05,399764.0
2016-03-23 18:15:05,322191.0
2016-03-24 18:15:05,381250.0
2016-03-25 18:15:05,326933.0
2016-03-26 18:15:05,323407.0
2016-03-27 18:15:05,310868.0
2016-03-28 18:15:05,349278.0
2016-03-29 18:15:05,341678.0
2016-03-30 18:15:05,402557.0
2016-03-31 18:15:05,337655.0
2016-04-01 18:15:05,332670.0
2016-04-02 18:15:05,394636.0
2016-04-03 18:15:05,334761.0
2016-04-04 18:15:05,404374.0
2016-04-05 18:15:05,395942.0
2016-04-06 18:15:05,390324.0
2016-04-07 18:15:05,372004.0
2016-04-08 18:15:05,370187.0
2016-04-09 18:15:05,375080.0
2016-04-10 18:15:05,320083.0
2016-04-11 18:15:05,414497.0
2016-04-12 18:15:05,413984.0
2016-04-13 18:15:05,355716.0
2016-04-14 18:15:05,415731.0
2016-04-15 18:15:05,367142.0
2016-04-16 18:15:05,357397.0
2016-04-17 18:15:05,351044.0
2016-04-18 18:15:05,398662.0
2016-04-19 18:15:05,389402.0
2016-04-20 18:15:05,398013.0
2016-04-21 18:15:05,374397.0
2016-04-22 18:15:05,388072.0
2016-04-23 18:15:05,362405.0
2016-04-24 18:15:05,362209.0
2016-04-25 18:15:05,403391.0
2016-04-26 18:15:05,414101.0
2016-04-27 18:15:05,410741.0
2016-04-28 18:15:05,375658.0
2016-04-29 18:15:05,406899.0
2016-04-30 18:15:05,392922.0
2016-05-01 18:15:05,358910.0
2016-05-02 18:15:05,387767.0
