Date,NetworkDeficit
2009-01-03 18:15:05,0.0
2009-01-04 18:15:05,0.0
2009-01-05 18:15:05,0.0
2009-01-06 18:15:05,0.0
2009-01-07 18:15:05,0.0
2009-01-08 18:15:05,0.0
2009-01-09 18:15:05,0.0
2009-01-10 18:15:05,0.0
2009-01-11 18:15:05,0.0
2009-01-12 18:15:05,0.0
2009-01-13 18:15:05,0.0
2009-01-14 18:15:05,0.0
2009-01-15 18:15:05,0.0
2009-01-16 18:15:05,0.0
2009-01-17 18:15:05,0.0
2009-01-18 18:15:05,0.0
2009-01-19 18:15:05,0.0
2009-01-20 18:15:05,0.0
2009-01-21 18:15:05,0.0
2009-01-22 18:15:05,0.0
2009-01-23 18:15:05,0.0
2009-01-24 18:15:05,0.0
2009-01-25 18:15:05,0.0
2009-01-26 18:15:05,0.0
2009-01-27 18:15:05,0.0
2009-01-28 18:15:05,0.0
2009-01-29 18:15:05,0.0
2009-01-30 18:15:05,0.0
2009-01-31 18:15:05,0.0
2009-02-01 18:15:05,0.0
2009-02-02 18:15:05,0.0
2009-02-03 18:15:05,0.0
2009-02-04 18:15:05,0.0
2009-02-05 18:15:05,0.0
2009-02-06 18:15:05,0.0
2009-02-07 18:15:05,0.0
2009-02-08 18:15:05,0.0
2009-02-09 18:15:05,0.0
2009-02-10 18:15:05,0.0
2009-02-11 18:15:05,0.0
2009-02-12 18:15:05,0.0
2009-02-13 18:15:05,0.0
2009-02-14 18:15:05,0.0
2009-02-15 18:15:05,0.0
2009-02-16 18:15:05,0.0
2009-02-17 18:15:05,0.0
2009-02-18 18:15:05,0.0
2009-02-19 18:15:05,0.0
2009-02-20 18:15:05,0.0
2009-02-21 18:15:05,0.0
2009-02-22 18:15:05,0.0
2009-02-23 18:15:05,0.0
2009-02-24 18:15:05,0.0
2009-02-25 18:15:05,0.0
2009-02-26 18:15:05,0.0
2009-02-27 18:15:05,0.0
2009-02-28 18:15:05,0.0
2009-03-01 18:15:05,0.0
2009-03-02 18:15:05,0.0
2009-03-03 18:15:05,0.0
2009-03-04 18:15:05,0.0
2009-03-05 18:15:05,0.0
2009-03-06 18:15:05,0.0
2009-03-07 18:15:05,0.0
2009-03-08 18:15:05,0.0
2009-03-09 18:15:05,0.0
2009-03-10 18:15:05,0.0
2009-03-11 18:15:05,0.0
2009-03-12 18:15:05,0.0
2009-03-13 18:15:05,0.0
2009-03-14 18:15:05,0.0
2009-03-15 18:15:05,0.0
2009-03-16 18:15:05,0.0
2009-03-17 18:15:05,0.0
2009-03-18 18:15:05,0.0
2009-03-19 18:15:05,0.0
2009-03-20 18:15:05,0.0
2009-03-21 18:15:05,0.0
2009-03-22 18:15:05,0.0
2009-03-23 18:15:05,0.0
2009-03-24 18:15:05,0.0
2009-03-25 18:15:05,0.0
2009-03-26 18:15:05,0.0
2009-03-27 18:15:05,0.0
2009-03-28 18:15:05,0.0
2009-03-29 18:15:05,0.0
2009-03-30 18:15:05,0.0
2009-03-31 18:15:05,0.0
2009-04-01 18:15:05,0.0
2009-04-02 18:15:05,0.0
2009-04-03 18:15:05,0.0
2009-04-04 18:15:05,0.0
2009-04-05 18:15:05,0.0
2009-04-06 18:15:05,0.0
2009-04-07 18:15:05,0.0
2009-04-08 18:15:05,0.0
2009-04-09 18:15:05,0.0
2009-04-10 18:15:05,0.0
2009-04-11 18:15:05,0.0
2009-04-12 18:15:05,0.0
2009-04-13 18:15:05,0.0
2009-04-14 18:15:05,0.0
2009-04-15 18:15:05,0.0
2009-04-16 18:15:05,0.0
2009-04-17 18:15:05,0.0
2009-04-18 18:15:05,0.0
2009-04-19 18:15:05,0.0
2009-04-20 18:15:05,0.0
2009-04-21 18:15:05,0.0
2009-04-22 18:15:05,0.0
2009-04-23 18:15:05,0.0
2009-04-24 18:15:05,0.0
2009-04-25 18:15:05,0.0
2009-04-26 18:15:05,0.0
2009-04-27 18:15:05,0.0
2009-04-28 18:15:05,0.0
2009-04-29 18:15:05,0.0
2009-04-30 18:15:05,0.0
2009-05-01 18:15:05,0.0
2009-05-02 18:15:05,0.0
2009-05-03 18:15:05,0.0
2009-05-04 18:15:05,0.0
2009-05-05 18:15:05,0.0
2009-05-06 18:15:05,0.0
2009-05-07 18:15:05,0.0
2009-05-08 18:15:05,0.0
2009-05-09 18:15:05,0.0
2009-05-10 18:15:05,0.0
2009-05-11 18:15:05,0.0
2009-05-12 18:15:05,0.0
2009-05-13 18:15:05,0.0
2009-05-14 18:15:05,0.0
2009-05-15 18:15:05,0.0
2009-05-16 18:15:05,0.0
2009-05-17 18:15:05,0.0
2009-05-18 18:15:05,0.0
2009-05-19 18:15:05,0.0
2009-05-20 18:15:05,0.0
2009-05-21 18:15:05,0.0
2009-05-22 18:15:05,0.0
2009-05-23 18:15:05,0.0
2009-05-24 18:15:05,0.0
2009-05-25 18:15:05,0.0
2009-05-26 18:15:05,0.0
2009-05-27 18:15:05,0.0
2009-05-28 18:15:05,0.0
2009-05-29 18:15:05,0.0
2009-05-30 18:15:05,0.0
2009-05-31 18:15:05,0.0
2009-06-01 18:15:05,0.0
2009-06-02 18:15:05,0.0
2009-06-03 18:15:05,0.0
2009-06-04 18:15:05,0.0
2009-06-05 18:15:05,0.0
2009-06-06 18:15:05,0.0
2009-06-07 18:15:05,0.0
2009-06-08 18:15:05,0.0
2009-06-09 18:15:05,0.0
2009-06-10 18:15:05,0.0
2009-06-11 18:15:05,0.0
2009-06-12 18:15:05,0.0
2009-06-13 18:15:05,0.0
2009-06-14 18:15:05,0.0
2009-06-15 18:15:05,0.0
2009-06-16 18:15:05,0.0
2009-06-17 18:15:05,0.0
2009-06-18 18:15:05,0.0
2009-06-19 18:15:05,0.0
2009-06-20 18:15:05,0.0
2009-06-21 18:15:05,0.0
2009-06-22 18:15:05,0.0
2009-06-23 18:15:05,0.0
2009-06-24 18:15:05,0.0
2009-06-25 18:15:05,0.0
2009-06-26 18:15:05,0.0
2009-06-27 18:15:05,0.0
2009-06-28 18:15:05,0.0
2009-06-29 18:15:05,0.0
2009-06-30 18:15:05,0.0
2009-07-01 18:15:05,0.0
2009-07-02 18:15:05,0.0
2009-07-03 18:15:05,0.0
2009-07-04 18:15:05,0.0
2009-07-05 18:15:05,0.0
2009-07-06 18:15:05,0.0
2009-07-07 18:15:05,0.0
2009-07-08 18:15:05,0.0
2009-07-09 18:15:05,0.0
2009-07-10 18:15:05,0.0
2009-07-11 18:15:05,0.0
2009-07-12 18:15:05,0.0
2009-07-13 18:15:05,0.0
2009-07-14 18:15:05,0.0
2009-07-15 18:15:05,0.0
2009-07-16 18:15:05,0.0
2009-07-17 18:15:05,0.0
2009-07-18 18:15:05,0.0
2009-07-19 18:15:05,0.0
2009-07-20 18:15:05,0.0
2009-07-21 18:15:05,0.0
2009-07-22 18:15:05,0.0
2009-07-23 18:15:05,0.0
2009-07-24 18:15:05,0.0
2009-07-25 18:15:05,0.0
2009-07-26 18:15:05,0.0
2009-07-27 18:15:05,0.0
2009-07-28 18:15:05,0.0
2009-07-29 18:15:05,0.0
2009-07-30 18:15:05,0.0
2009-07-31 18:15:05,0.0
2009-08-01 18:15:05,0.0
2009-08-02 18:15:05,0.0
2009-08-03 18:15:05,0.0
2009-08-04 18:15:05,0.0
2009-08-05 18:15:05,0.0
2009-08-06 18:15:05,0.0
2009-08-07 18:15:05,0.0
2009-08-08 18:15:05,0.0
2009-08-09 18:15:05,0.0
2009-08-10 18:15:05,0.0
2009-08-11 18:15:05,0.0
2009-08-12 18:15:05,0.0
2009-08-13 18:15:05,0.0
2009-08-14 18:15:05,0.0
2009-08-15 18:15:05,0.0
2009-08-16 18:15:05,0.0
2009-08-17 18:15:05,0.0
2009-08-18 18:15:05,0.0
2009-08-19 18:15:05,0.0
2009-08-20 18:15:05,0.0
2009-08-21 18:15:05,0.0
2009-08-22 18:15:05,0.0
2009-08-23 18:15:05,0.0
2009-08-24 18:15:05,0.0
2009-08-25 18:15:05,0.0
2009-08-26 18:15:05,0.0
2009-08-27 18:15:05,0.0
2009-08-28 18:15:05,0.0
2009-08-29 18:15:05,0.0
2009-08-30 18:15:05,0.0
2009-08-31 18:15:05,0.0
2009-09-01 18:15:05,0.0
2009-09-02 18:15:05,0.0
2009-09-03 18:15:05,0.0
2009-09-04 18:15:05,0.0
2009-09-05 18:15:05,0.0
2009-09-06 18:15:05,0.0
2009-09-07 18:15:05,0.0
2009-09-08 18:15:05,0.0
2009-09-09 18:15:05,0.0
2009-09-10 18:15:05,0.0
2009-09-11 18:15:05,0.0
2009-09-12 18:15:05,0.0
2009-09-13 18:15:05,0.0
2009-09-14 18:15:05,0.0
2009-09-15 18:15:05,0.0
2009-09-16 18:15:05,0.0
2009-09-17 18:15:05,0.0
2009-09-18 18:15:05,0.0
2009-09-19 18:15:05,0.0
2009-09-20 18:15:05,0.0
2009-09-21 18:15:05,0.0
2009-09-22 18:15:05,0.0
2009-09-23 18:15:05,0.0
2009-09-24 18:15:05,0.0
2009-09-25 18:15:05,0.0
2009-09-26 18:15:05,0.0
2009-09-27 18:15:05,0.0
2009-09-28 18:15:05,0.0
2009-09-29 18:15:05,0.0
2009-09-30 18:15:05,0.0
2009-10-01 18:15:05,0.0
2009-10-02 18:15:05,0.0
2009-10-03 18:15:05,0.0
2009-10-04 18:15:05,0.0
2009-10-05 18:15:05,0.0
2009-10-06 18:15:05,0.0
2009-10-07 18:15:05,0.0
2009-10-08 18:15:05,0.0
2009-10-09 18:15:05,0.0
2009-10-10 18:15:05,0.0
2009-10-11 18:15:05,0.0
2009-10-12 18:15:05,0.0
2009-10-13 18:15:05,0.0
2009-10-14 18:15:05,0.0
2009-10-15 18:15:05,0.0
2009-10-16 18:15:05,0.0
2009-10-17 18:15:05,0.0
2009-10-18 18:15:05,0.0
2009-10-19 18:15:05,0.0
2009-10-20 18:15:05,0.0
2009-10-21 18:15:05,0.0
2009-10-22 18:15:05,0.0
2009-10-23 18:15:05,0.0
2009-10-24 18:15:05,0.0
2009-10-25 18:15:05,0.0
2009-10-26 18:15:05,0.0
2009-10-27 18:15:05,0.0
2009-10-28 18:15:05,0.0
2009-10-29 18:15:05,0.0
2009-10-30 18:15:05,0.0
2009-10-31 18:15:05,0.0
2009-11-01 18:15:05,0.0
2009-11-02 18:15:05,0.0
2009-11-03 18:15:05,0.0
2009-11-04 18:15:05,0.0
2009-11-05 18:15:05,0.0
2009-11-06 18:15:05,0.0
2009-11-07 18:15:05,0.0
2009-11-08 18:15:05,0.0
2009-11-09 18:15:05,0.0
2009-11-10 18:15:05,0.0
2009-11-11 18:15:05,0.0
2009-11-12 18:15:05,0.0
2009-11-13 18:15:05,0.0
2009-11-14 18:15:05,0.0
2009-11-15 18:15:05,0.0
2009-11-16 18:15:05,0.0
2009-11-17 18:15:05,0.0
2009-11-18 18:15:05,0.0
2009-11-19 18:15:05,0.0
2009-11-20 18:15:05,0.0
2009-11-21 18:15:05,0.0
2009-11-22 18:15:05,0.0
2009-11-23 18:15:05,0.0
2009-11-24 18:15:05,0.0
2009-11-25 18:15:05,0.0
2009-11-26 18:15:05,0.0
2009-11-27 18:15:05,0.0
2009-11-28 18:15:05,0.0
2009-11-29 18:15:05,0.0
2009-11-30 18:15:05,0.0
2009-12-01 18:15:05,0.0
2009-12-02 18:15:05,0.0
2009-12-03 18:15:05,0.0
2009-12-04 18:15:05,0.0
2009-12-05 18:15:05,0.0
2009-12-06 18:15:05,0.0
2009-12-07 18:15:05,0.0
2009-12-08 18:15:05,0.0
2009-12-09 18:15:05,0.0
2009-12-10 18:15:05,0.0
2009-12-11 18:15:05,0.0
2009-12-12 18:15:05,0.0
2009-12-13 18:15:05,0.0
2009-12-14 18:15:05,0.0
2009-12-15 18:15:05,0.0
2009-12-16 18:15:05,0.0
2009-12-17 18:15:05,0.0
2009-12-18 18:15:05,0.0
2009-12-19 18:15:05,0.0
2009-12-20 18:15:05,0.0
2009-12-21 18:15:05,0.0
2009-12-22 18:15:05,0.0
2009-12-23 18:15:05,0.0
2009-12-24 18:15:05,0.0
2009-12-25 18:15:05,0.0
2009-12-26 18:15:05,0.0
2009-12-27 18:15:05,0.0
2009-12-28 18:15:05,0.0
2009-12-29 18:15:05,0.0
2009-12-30 18:15:05,0.0
2009-12-31 18:15:05,0.0
2010-01-01 18:15:05,0.0
2010-01-02 18:15:05,0.0
2010-01-03 18:15:05,0.0
2010-01-04 18:15:05,0.0
2010-01-05 18:15:05,0.0
2010-01-06 18:15:05,0.0
2010-01-07 18:15:05,0.0
2010-01-08 18:15:05,0.0
2010-01-09 18:15:05,0.0
2010-01-10 18:15:05,0.0
2010-01-11 18:15:05,0.0
2010-01-12 18:15:05,0.0
2010-01-13 18:15:05,0.0
2010-01-14 18:15:05,0.0
2010-01-15 18:15:05,0.0
2010-01-16 18:15:05,0.0
2010-01-17 18:15:05,0.0
2010-01-18 18:15:05,0.0
2010-01-19 18:15:05,0.0
2010-01-20 18:15:05,0.0
2010-01-21 18:15:05,0.0
2010-01-22 18:15:05,0.0
2010-01-23 18:15:05,0.0
2010-01-24 18:15:05,0.0
2010-01-25 18:15:05,0.0
2010-01-26 18:15:05,0.0
2010-01-27 18:15:05,0.0
2010-01-28 18:15:05,0.0
2010-01-29 18:15:05,0.0
2010-01-30 18:15:05,0.0
2010-01-31 18:15:05,0.0
2010-02-01 18:15:05,0.0
2010-02-02 18:15:05,0.0
2010-02-03 18:15:05,0.0
2010-02-04 18:15:05,0.0
2010-02-05 18:15:05,0.0
2010-02-06 18:15:05,0.0
2010-02-07 18:15:05,0.0
2010-02-08 18:15:05,0.0
2010-02-09 18:15:05,0.0
2010-02-10 18:15:05,0.0
2010-02-11 18:15:05,0.0
2010-02-12 18:15:05,0.0
2010-02-13 18:15:05,0.0
2010-02-14 18:15:05,0.0
2010-02-15 18:15:05,0.0
2010-02-16 18:15:05,0.0
2010-02-17 18:15:05,0.0
2010-02-18 18:15:05,0.0
2010-02-19 18:15:05,0.0
2010-02-20 18:15:05,0.0
2010-02-21 18:15:05,0.0
2010-02-22 18:15:05,0.0
2010-02-23 18:15:05,0.0
2010-02-24 18:15:05,0.0
2010-02-25 18:15:05,0.0
2010-02-26 18:15:05,0.0
2010-02-27 18:15:05,0.0
2010-02-28 18:15:05,0.0
2010-03-01 18:15:05,0.0
2010-03-02 18:15:05,0.0
2010-03-03 18:15:05,0.0
2010-03-04 18:15:05,0.0
2010-03-05 18:15:05,0.0
2010-03-06 18:15:05,0.0
2010-03-07 18:15:05,0.0
2010-03-08 18:15:05,0.0
2010-03-09 18:15:05,0.0
2010-03-10 18:15:05,0.0
2010-03-11 18:15:05,0.0
2010-03-12 18:15:05,0.0
2010-03-13 18:15:05,0.0
2010-03-14 18:15:05,0.0
2010-03-15 18:15:05,0.0
2010-03-16 18:15:05,0.0
2010-03-17 18:15:05,0.0
2010-03-18 18:15:05,0.0
2010-03-19 18:15:05,0.0
2010-03-20 18:15:05,0.0
2010-03-21 18:15:05,0.0
2010-03-22 18:15:05,0.0
2010-03-23 18:15:05,0.0
2010-03-24 18:15:05,0.0
2010-03-25 18:15:05,0.0
2010-03-26 18:15:05,0.0
2010-03-27 18:15:05,0.0
2010-03-28 18:15:05,0.0
2010-03-29 18:15:05,0.0
2010-03-30 18:15:05,0.0
2010-03-31 18:15:05,0.0
2010-04-01 18:15:05,0.0
2010-04-02 18:15:05,0.0
2010-04-03 18:15:05,0.0
2010-04-04 18:15:05,0.0
2010-04-05 18:15:05,0.0
2010-04-06 18:15:05,0.0
2010-04-07 18:15:05,0.0
2010-04-08 18:15:05,0.0
2010-04-09 18:15:05,0.0
2010-04-10 18:15:05,0.0
2010-04-11 18:15:05,0.0
2010-04-12 18:15:05,0.0
2010-04-13 18:15:05,0.0
2010-04-14 18:15:05,0.0
2010-04-15 18:15:05,0.0
2010-04-16 18:15:05,0.0
2010-04-17 18:15:05,0.0
2010-04-18 18:15:05,0.0
2010-04-19 18:15:05,0.0
2010-04-20 18:15:05,0.0
2010-04-21 18:15:05,0.0
2010-04-22 18:15:05,0.0
2010-04-23 18:15:05,0.0
2010-04-24 18:15:05,0.0
2010-04-25 18:15:05,0.0
2010-04-26 18:15:05,0.0
2010-04-27 18:15:05,0.0
2010-04-28 18:15:05,0.0
2010-04-29 18:15:05,0.0
2010-04-30 18:15:05,0.0
2010-05-01 18:15:05,0.0
2010-05-02 18:15:05,0.0
2010-05-03 18:15:05,0.0
2010-05-04 18:15:05,0.0
2010-05-05 18:15:05,0.0
2010-05-06 18:15:05,0.0
2010-05-07 18:15:05,0.0
2010-05-08 18:15:05,0.0
2010-05-09 18:15:05,0.0
2010-05-10 18:15:05,0.0
2010-05-11 18:15:05,0.0
2010-05-12 18:15:05,0.0
2010-05-13 18:15:05,0.0
2010-05-14 18:15:05,0.0
2010-05-15 18:15:05,0.0
2010-05-16 18:15:05,0.0
2010-05-17 18:15:05,0.0
2010-05-18 18:15:05,0.0
2010-05-19 18:15:05,0.0
2010-05-20 18:15:05,0.0
2010-05-21 18:15:05,0.0
2010-05-22 18:15:05,0.0
2010-05-23 18:15:05,0.0
2010-05-24 18:15:05,0.0
2010-05-25 18:15:05,0.0
2010-05-26 18:15:05,0.0
2010-05-27 18:15:05,0.0
2010-05-28 18:15:05,0.0
2010-05-29 18:15:05,0.0
2010-05-30 18:15:05,0.0
2010-05-31 18:15:05,0.0
2010-06-01 18:15:05,0.0
2010-06-02 18:15:05,0.0
2010-06-03 18:15:05,0.0
2010-06-04 18:15:05,0.0
2010-06-05 18:15:05,0.0
2010-06-06 18:15:05,0.0
2010-06-07 18:15:05,0.0
2010-06-08 18:15:05,0.0
2010-06-09 18:15:05,0.0
2010-06-10 18:15:05,0.0
2010-06-11 18:15:05,0.0
2010-06-12 18:15:05,0.0
2010-06-13 18:15:05,0.0
2010-06-14 18:15:05,0.0
2010-06-15 18:15:05,0.0
2010-06-16 18:15:05,0.0
2010-06-17 18:15:05,0.0
2010-06-18 18:15:05,0.0
2010-06-19 18:15:05,0.0
2010-06-20 18:15:05,0.0
2010-06-21 18:15:05,0.0
2010-06-22 18:15:05,0.0
2010-06-23 18:15:05,0.0
2010-06-24 18:15:05,0.0
2010-06-25 18:15:05,0.0
2010-06-26 18:15:05,0.0
2010-06-27 18:15:05,0.0
2010-06-28 18:15:05,0.0
2010-06-29 18:15:05,0.0
2010-06-30 18:15:05,0.0
2010-07-01 18:15:05,0.0
2010-07-02 18:15:05,0.0
2010-07-03 18:15:05,0.0
2010-07-04 18:15:05,0.0
2010-07-05 18:15:05,0.0
2010-07-06 18:15:05,0.0
2010-07-07 18:15:05,0.0
2010-07-08 18:15:05,0.0
2010-07-09 18:15:05,0.0
2010-07-10 18:15:05,0.0
2010-07-11 18:15:05,0.0
2010-07-12 18:15:05,0.0
2010-07-13 18:15:05,0.0
2010-07-14 18:15:05,0.0
2010-07-15 18:15:05,0.0
2010-07-16 18:15:05,0.0
2010-07-17 18:15:05,0.0
2010-07-18 18:15:05,0.0
2010-07-19 18:15:05,0.0
2010-07-20 18:15:05,0.0
2010-07-21 18:15:05,0.0
2010-07-22 18:15:05,0.0
2010-07-23 18:15:05,0.0
2010-07-24 18:15:05,0.0
2010-07-25 18:15:05,0.0
2010-07-26 18:15:05,0.0
2010-07-27 18:15:05,0.0
2010-07-28 18:15:05,0.0
2010-07-29 18:15:05,0.0
2010-07-30 18:15:05,0.0
2010-07-31 18:15:05,0.0
2010-08-01 18:15:05,0.0
2010-08-02 18:15:05,0.0
2010-08-03 18:15:05,0.0
2010-08-04 18:15:05,0.0
2010-08-05 18:15:05,0.0
2010-08-06 18:15:05,0.0
2010-08-07 18:15:05,0.0
2010-08-08 18:15:05,0.0
2010-08-09 18:15:05,0.0
2010-08-10 18:15:05,0.0
2010-08-11 18:15:05,0.0
2010-08-12 18:15:05,0.0
2010-08-13 18:15:05,0.0
2010-08-14 18:15:05,0.0
2010-08-15 18:15:05,0.0
2010-08-16 18:15:05,0.0
2010-08-17 18:15:05,-503.64347699999996
2010-08-18 18:15:05,-491.98456
2010-08-19 18:15:05,-481.6
2010-08-20 18:15:05,-556.9449999999998
2010-08-21 18:15:05,-615.4708
2010-08-22 18:15:05,-660.6800000000002
2010-08-23 18:15:05,-716.1
2010-08-24 18:15:05,-685.61225
2010-08-25 18:15:05,-754.7218000000001
2010-08-26 18:15:05,-691.5896
2010-08-27 18:15:05,-578.5
2010-08-28 18:15:05,-581.7499999675
2010-08-29 18:15:05,-511.91092796111997
2010-08-30 18:15:05,-514.0224000000002
2010-08-31 18:15:05,-568.474505980509
2010-09-01 18:15:05,-571.11156299351
2010-09-02 18:15:05,-474.89499999371
2010-09-03 18:15:05,-507.2
2010-09-04 18:15:05,-548.635
2010-09-05 18:15:05,-509.489371
2010-09-06 18:15:05,-540.7999999936
2010-09-07 18:15:05,-466.9675
2010-09-08 18:15:05,-471.275999987598
2010-09-09 18:15:05,-471.11313600000005
2010-09-10 18:15:05,-530.1854999875981
2010-09-11 18:15:05,-502.2
2010-09-12 18:15:05,-594.73110015
2010-09-13 18:15:05,-508.48199999999997
2010-09-14 18:15:05,-624.974384407958
2010-09-15 18:15:05,-1645.0
2010-09-16 18:15:05,-588.05
2010-09-17 18:15:05,-657.72
2010-09-18 18:15:05,-721.6540380000001
2010-09-19 18:15:05,-657.2895
2010-09-20 18:15:05,-668.87
2010-09-21 18:15:05,-560.2049999936701
2010-09-22 18:15:05,-543.2199999999998
2010-09-23 18:15:05,-667.8
2010-09-24 18:15:05,-772.5630000000001
2010-09-25 18:15:05,-630.24
2010-09-26 18:15:05,-613.44815
2010-09-27 18:15:05,-740.25015588
2010-09-28 18:15:05,-677.2422889000002
2010-09-29 18:15:05,-550.3174443
2010-09-30 18:15:05,-436.536
2010-10-01 18:15:05,-483.55748056
2010-10-02 18:15:05,-337.8940685064661
2010-10-03 18:15:05,-371.46952303681803
2010-10-04 18:15:05,-477.39999993242003
2010-10-05 18:15:05,-387.5115
2010-10-06 18:15:05,-481.07999993100304
2010-10-07 18:15:05,-551.87
2010-10-08 18:15:05,-682.0
2010-10-09 18:15:05,-918.0765
2010-10-10 18:15:05,-1032.0
2010-10-11 18:15:05,-1073.3249998581912
2010-10-12 18:15:05,-792.0
2010-10-13 18:15:05,-802.75
2010-10-14 18:15:05,-1007.96325
2010-10-15 18:15:05,-1100.75
2010-10-16 18:15:05,-1302.55
2010-10-17 18:15:05,-1473.45
2010-10-18 18:15:05,-1344.1479399999996
2010-10-19 18:15:05,-1244.16
2010-10-20 18:15:05,-1205.1
2010-10-21 18:15:05,-1269.84915348965
2010-10-22 18:15:05,-818.55
2010-10-23 18:15:05,-948.3815495
2010-10-24 18:15:05,-1795.5
2010-10-25 18:15:05,-1575.0
2010-10-26 18:15:05,-2299.0
2010-10-27 18:15:05,-2014.0
2010-10-28 18:15:05,-2042.6075
2010-10-29 18:15:05,-2244.25
2010-10-30 18:15:05,-2302.8
2010-10-31 18:15:05,-1810.9
2010-11-01 18:15:05,-1856.5
2010-11-02 18:15:05,-1642.2
2010-11-03 18:15:05,-2763.75
2010-11-04 18:15:05,-2253.8955
2010-11-05 18:15:05,-2626.905
2010-11-06 18:15:05,-2929.0
2010-11-07 18:15:05,-6199.9876
2010-11-08 18:15:05,-4828.1929
2010-11-09 18:15:05,-4041.6
2010-11-10 18:15:05,-2573.655
2010-11-11 18:15:05,-2784.0
2010-11-12 18:15:05,-2146.05
2010-11-13 18:15:05,-3285.0
2010-11-14 18:15:05,-3558.1
2010-11-15 18:15:05,-3124.94
2010-11-16 18:15:05,-2558.299304
2010-11-17 18:15:05,-3500.0000000000005
2010-11-18 18:15:05,-3813.48685
2010-11-19 18:15:05,-2348.9
2010-11-20 18:15:05,-1661.5390299999995
2010-11-21 18:15:05,-1957.1607
2010-11-22 18:15:05,-2255.8308
2010-11-23 18:15:05,-2072.724534
2010-11-24 18:15:05,-2617.5697731000005
2010-11-25 18:15:05,-2150.724
2010-11-26 18:15:05,-2933.24307
2010-11-27 18:15:05,-2602.24800601
2010-11-28 18:15:05,-2362.2601539
2010-11-29 18:15:05,-2957.39163
2010-11-30 18:15:05,-2887.497250000001
2010-12-01 18:15:05,-1991.2455
2010-12-02 18:15:05,-2412.4825
2010-12-03 18:15:05,-2450.874894
2010-12-04 18:15:05,-2834.9524109999998
2010-12-05 18:15:05,-2796.4950867915504
2010-12-06 18:15:05,-2699.98758289575
2010-12-07 18:15:05,-2632.89273492038
2010-12-08 18:15:05,-2860.915184
2010-12-09 18:15:05,-2984.988711561024
2010-12-10 18:15:05,-1529.9877597776401
2010-12-11 18:15:05,-1956.4824260845498
2010-12-12 18:15:05,-1983.5614831277999
2010-12-13 18:15:05,-1728.770402716214
2010-12-14 18:15:05,-1874.4921894967001
2010-12-15 18:15:05,-2208.84213286464
2010-12-16 18:15:05,-2286.844245464321
2010-12-17 18:15:05,-2205.73627542315
2010-12-18 18:15:05,-1967.0453582647199
2010-12-19 18:15:05,-2299.051966010583
2010-12-20 18:15:05,-2186.22832074625
2010-12-21 18:15:05,-2650.5020135547634
2010-12-22 18:15:05,-2109.2526260511604
2010-12-23 18:15:05,-1787.485
2010-12-24 18:15:05,-1874.97792668
2010-12-25 18:15:05,-2024.98814237
2010-12-26 18:15:05,-1984.47375007
2010-12-27 18:15:05,-2133.22128757065
2010-12-28 18:15:05,-2365.9746422507997
2010-12-29 18:15:05,-2588.56312252748
2010-12-30 18:15:05,-2399.9522844763856
2010-12-31 18:15:05,-2459.984794840351
2011-01-01 18:15:05,-2669.961454364305
2011-01-02 18:15:05,-2699.9366130921635
2011-01-03 18:15:05,-2459.774685469773
2011-01-04 18:15:05,-2129.259044555038
2011-01-05 18:15:05,-2242.4675425951323
2011-01-06 18:15:05,-2197.62381483879
2011-01-07 18:15:05,-2318.3763249113604
2011-01-08 18:15:05,-3099.81434204
2011-01-09 18:15:05,-2454.7403379267184
2011-01-10 18:15:05,-2747.1240600969895
2011-01-11 18:15:05,-2664.89013
2011-01-12 18:15:05,-2922.4152548254997
2011-01-13 18:15:05,-3746.2176
2011-01-14 18:15:05,-3914.9752775085
2011-01-15 18:15:05,-3439.9560489040005
2011-01-16 18:15:05,-3459.968659968
2011-01-17 18:15:05,-3459.938894288
2011-01-18 18:15:05,-3016.947424395167
2011-01-19 18:15:05,-3009.8634924024964
2011-01-20 18:15:05,-3086.953192748775
2011-01-21 18:15:05,-3915.9909862656
2011-01-22 18:15:05,-3524.982784067139
2011-01-23 18:15:05,-3776.4209371768325
2011-01-24 18:15:05,-3986.86308677883
2011-01-25 18:15:05,-3314.9405
2011-01-26 18:15:05,-4143.6951498442495
2011-01-27 18:15:05,-3338.995474
2011-01-28 18:15:05,-3667.4415
2011-01-29 18:15:05,-3344.8608675883197
2011-01-30 18:15:05,-3935.8938778176002
2011-01-31 18:15:05,-3748.305
2011-02-01 18:15:05,-8501.852966514
2011-02-02 18:15:05,-6804.5666722800015
2011-02-03 18:15:05,-5587.411357695
2011-02-04 18:15:05,-8359.924438492
2011-02-05 18:15:05,-8387.60699665014
2011-02-06 18:15:05,-8049.8804
2011-02-07 18:15:05,-9330.079738778024
2011-02-08 18:15:05,-7739.711558325
2011-02-09 18:15:05,-8555.207534843199
2011-02-10 18:15:05,-10394.116651512
2011-02-11 18:15:05,-9611.562583935343
2011-02-12 18:15:05,-10353.361325606336
2011-02-13 18:15:05,-11015.6544
2011-02-14 18:15:05,-10041.6996
2011-02-15 18:15:05,-11500.0886
2011-02-16 18:15:05,-12129.459822515733
2011-02-17 18:15:05,-12601.625246515732
2011-02-18 18:15:05,-11341.5689126
2011-02-19 18:15:05,-8975.4798
2011-02-20 18:15:05,-8975.850518719999
2011-02-21 18:15:05,-8179.8402000000015
2011-02-22 18:15:05,-9216.52419519
2011-02-23 18:15:05,-11542.1168441095
2011-02-24 18:15:05,-10163.780205785473
2011-02-25 18:15:05,-11099.73902848
2011-02-26 18:15:05,-12405.813477347907
2011-02-27 18:15:05,-13007.2896
2011-02-28 18:15:05,-7925.5683025280505
2011-03-01 18:15:05,-6304.2874828431
2011-03-02 18:15:05,-8025.5758743
2011-03-03 18:15:05,-8594.992178
2011-03-04 18:15:05,-9343.726434880002
2011-03-05 18:15:05,-12174.322428506508
2011-03-06 18:15:05,-12286.335733562395
2011-03-07 18:15:05,-10675.56948406704
2011-03-08 18:15:05,-8750.299316274431
2011-03-09 18:15:05,-6978.525195803593
2011-03-10 18:15:05,-5174.342715427199
2011-03-11 18:15:05,-6290.883442557616
2011-03-12 18:15:05,-6298.577464795254
2011-03-13 18:15:05,-5470.226312919676
2011-03-14 18:15:05,-5263.03654542
2011-03-15 18:15:05,-4362.912265531999
2011-03-16 18:15:05,-6495.3891
2011-03-17 18:15:05,-5762.681766204
2011-03-18 18:15:05,-5868.21716554941
2011-03-19 18:15:05,-4489.681178609199
2011-03-20 18:15:05,-4936.443707827
2011-03-21 18:15:05,-6103.903235817514
2011-03-22 18:15:05,-5028.7575496862
2011-03-23 18:15:05,-6275.901333798
2011-03-24 18:15:05,-6831.340566903001
2011-03-25 18:15:05,-7203.358969790899
2011-03-26 18:15:05,-6375.9240095
2011-03-27 18:15:05,-6847.60517494734
2011-03-28 18:15:05,-6984.4549775000005
2011-03-29 18:15:05,-6156.96792
2011-03-30 18:15:05,-6197.87493449205
2011-03-31 18:15:05,-8086.565923199999
2011-04-01 18:15:05,-6997.257592999998
2011-04-02 18:15:05,-7528.983240896059
2011-04-03 18:15:05,-6675.810550004004
2011-04-04 18:15:05,-7105.34147428
2011-04-05 18:15:05,-7167.144203
2011-04-06 18:15:05,-5193.327574454922
2011-04-07 18:15:05,-6215.936237460001
2011-04-08 18:15:05,-6229.1637201
2011-04-09 18:15:05,-6099.211431999999
2011-04-10 18:15:05,-6370.85085914
2011-04-11 18:15:05,-6010.013063908149
2011-04-12 18:15:05,-7485.945125367541
2011-04-13 18:15:05,-10046.32861425
2011-04-14 18:15:05,-7646.408286
2011-04-15 18:15:05,-7355.087884117233
2011-04-16 18:15:05,-9139.0781750928
2011-04-17 18:15:05,-9654.3923875
2011-04-18 18:15:05,-9356.537978732398
2011-04-19 18:15:05,-8382.5012742653
2011-04-20 18:15:05,-8616.069556569288
2011-04-21 18:15:05,-9878.31464482655
2011-04-22 18:15:05,-11515.947546578402
2011-04-23 18:15:05,-13158.2743453
2011-04-24 18:15:05,-15390.642106593
2011-04-25 18:15:05,-15976.007574670082
2011-04-26 18:15:05,-16684.9350421153
2011-04-27 18:15:05,-18507.550040635502
2011-04-28 18:15:05,-21050.558333177
2011-04-29 18:15:05,-27251.059810959
2011-04-30 18:15:05,-38347.43059131159
2011-05-01 18:15:05,-40034.9165444612
2011-05-02 18:15:05,-31082.2614333858
2011-05-03 18:15:05,-36105.0101819224
2011-05-04 18:15:05,-33273.4510996818
2011-05-05 18:15:05,-39872.902641915
2011-05-06 18:15:05,-35783.86147525767
2011-05-07 18:15:05,-40489.8220439
2011-05-08 18:15:05,-40146.774615246
2011-05-09 18:15:05,-48969.593682900224
2011-05-10 18:15:05,-51961.41952523599
2011-05-11 18:15:05,-56649.13170118896
2011-05-12 18:15:05,-48756.459439273494
2011-05-13 18:15:05,-84826.822582515
2011-05-14 18:15:05,-110236.426968775
2011-05-15 18:15:05,-97346.47412867851
2011-05-16 18:15:05,-95067.290963275
2011-05-17 18:15:05,-108945.59922577496
2011-05-18 18:15:05,-111285.62502964336
2011-05-19 18:15:05,-66290.3922741614
2011-05-20 18:15:05,-79399.584759629
2011-05-21 18:15:05,-70202.82403103344
2011-05-22 18:15:05,-83807.0754446706
2011-05-23 18:15:05,-103040.03546318099
2011-05-24 18:15:05,-106062.51030156
2011-05-25 18:15:05,-109485.2861541803
2011-05-26 18:15:05,-148158.004172625
2011-05-27 18:15:05,-88161.4190091308
2011-05-28 18:15:05,-67581.10557241201
2011-05-29 18:15:05,-73395.40300743168
2011-05-30 18:15:05,-68706.37845288
2011-05-31 18:15:05,-71049.40618641193
2011-06-01 18:15:05,-83376.84821589949
2011-06-02 18:15:05,-100149.8819124307
2011-06-03 18:15:05,-144764.07976602
2011-06-04 18:15:05,-187476.38729363531
2011-06-05 18:15:05,-197132.3550359237
2011-06-06 18:15:05,-239866.19517993
2011-06-07 18:15:05,-160513.1930154502
2011-06-08 18:15:05,-290724.1615080873
2011-06-09 18:15:05,-332375.39612865
2011-06-10 18:15:05,-394175.1195816
2011-06-11 18:15:05,-346898.3748774
2011-06-12 18:15:05,-296352.6232655499
2011-06-13 18:15:05,-299129.036257415
2011-06-14 18:15:05,-235434.9640419635
2011-06-15 18:15:05,-281151.216227
2011-06-16 18:15:05,-199964.81576188878
2011-06-17 18:15:05,-173911.63442709565
2011-06-18 18:15:05,-173199.254707996
2011-06-19 18:15:05,-206193.1342317505
2011-06-20 18:15:05,-200894.58188611406
2011-06-21 18:15:05,-178742.16765662
2011-06-22 18:15:05,-202905.75664410103
2011-06-23 18:15:05,-190143.24412224
2011-06-24 18:15:05,-200748.14401222952
2011-06-25 18:15:05,-132492.891181904
2011-06-26 18:15:05,-135307.0976086729
2011-06-27 18:15:05,-143486.9836236
2011-06-28 18:15:05,-133659.3091685304
2011-06-29 18:15:05,-152754.216020793
2011-06-30 18:15:05,-158054.451012675
2011-07-01 18:15:05,-152711.71766588
2011-07-02 18:15:05,-143996.6315416127
2011-07-03 18:15:05,-125396.59701704301
2011-07-04 18:15:05,-129728.09272109349
2011-07-05 18:15:05,-112993.42433099999
2011-07-06 18:15:05,-128390.911412445
2011-07-07 18:15:05,-110259.799849225
2011-07-08 18:15:05,-114770.79172584302
2011-07-09 18:15:05,-118297.4077359
2011-07-10 18:15:05,-112695.34556777279
2011-07-11 18:15:05,-113029.93602737955
2011-07-12 18:15:05,-105228.85492800343
2011-07-13 18:15:05,-129251.15792004699
2011-07-14 18:15:05,-108368.01828706199
2011-07-15 18:15:05,-114915.758849749
2011-07-16 18:15:05,-111905.493211584
2011-07-17 18:15:05,-117788.13630070881
2011-07-18 18:15:05,-104586.15686060775
2011-07-19 18:15:05,-120288.825350064
2011-07-20 18:15:05,-100224.4702418388
2011-07-21 18:15:05,-107895.9986455651
2011-07-22 18:15:05,-99498.9523946114
2011-07-23 18:15:05,-100783.3914605088
2011-07-24 18:15:05,-122913.48948674224
2011-07-25 18:15:05,-115513.68089282063
2011-07-26 18:15:05,-121555.95351163199
2011-07-27 18:15:05,-127040.3059954032
2011-07-28 18:15:05,-116795.60203234
2011-07-29 18:15:05,-110998.14099966
2011-07-30 18:15:05,-104788.83982241401
2011-07-31 18:15:05,-125067.85375832867
2011-08-01 18:15:05,-118462.37629754412
2011-08-02 18:15:05,-98751.441694145
2011-08-03 18:15:05,-104046.872555085
2011-08-04 18:15:05,-76293.52007760435
2011-08-05 18:15:05,-79621.191502314
2011-08-06 18:15:05,-68118.1625058
2011-08-07 18:15:05,-62985.333353698006
2011-08-08 18:15:05,-57269.22283004512
2011-08-09 18:15:05,-80330.92708377
2011-08-10 18:15:05,-88709.088281703
2011-08-11 18:15:05,-70753.17962842116
2011-08-12 18:15:05,-67719.68078617459
2011-08-13 18:15:05,-64251.68038542
2011-08-14 18:15:05,-69016.0929518588
2011-08-15 18:15:05,-84903.3600910247
2011-08-16 18:15:05,-76706.003369406
2011-08-17 18:15:05,-72794.612827534
2011-08-18 18:15:05,-92121.643090635
2011-08-19 18:15:05,-79629.9501825211
2011-08-20 18:15:05,-85463.48527392693
2011-08-21 18:15:05,-83962.9434787469
2011-08-22 18:15:05,-101125.64155888492
2011-08-23 18:15:05,-97602.3023629191
2011-08-24 18:15:05,-74561.411205966
2011-08-25 18:15:05,-70104.32912229939
2011-08-26 18:15:05,-79257.617103673
2011-08-27 18:15:05,-59624.258405422195
2011-08-28 18:15:05,-53995.7195919588
2011-08-29 18:15:05,-59206.122461598825
2011-08-30 18:15:05,-70866.0229668532
2011-08-31 18:15:05,-67859.09806707
2011-09-01 18:15:05,-53605.18781174268
2011-09-02 18:15:05,-68796.38392074642
2011-09-03 18:15:05,-61815.044626567826
2011-09-04 18:15:05,-54063.98015650753
2011-09-05 18:15:05,-65135.21286674218
2011-09-06 18:15:05,-57379.4109659975
2011-09-07 18:15:05,-55792.24088684408
2011-09-08 18:15:05,-45683.09167020152
2011-09-09 18:15:05,-48528.650185344406
2011-09-10 18:15:05,-44357.18405015745
2011-09-11 18:15:05,-51025.084840997995
2011-09-12 18:15:05,-45988.349295869455
2011-09-13 18:15:05,-42470.332146
2011-09-14 18:15:05,-45500.90121543263
2011-09-15 18:15:05,-42083.8833113431
2011-09-16 18:15:05,-32907.2476288592
2011-09-17 18:15:05,-30857.801459963404
2011-09-18 18:15:05,-41725.19765255
2011-09-19 18:15:05,-34126.348859064
2011-09-20 18:15:05,-47184.360468951156
2011-09-21 18:15:05,-46487.547710449384
2011-09-22 18:15:05,-43698.974427328845
2011-09-23 18:15:05,-38211.846662866985
2011-09-24 18:15:05,-35051.4099565984
2011-09-25 18:15:05,-39032.20570557
2011-09-26 18:15:05,-37383.76952417655
2011-09-27 18:15:05,-34863.80671881592
2011-09-28 18:15:05,-33154.01982831936
2011-09-29 18:15:05,-32203.16608762197
2011-09-30 18:15:05,-32884.390819133
2011-10-01 18:15:05,-36021.09338261
2011-10-02 18:15:05,-33781.178278843196
2011-10-03 18:15:05,-32943.05139809263
2011-10-04 18:15:05,-32677.8904547485
2011-10-05 18:15:05,-34403.541672669
2011-10-06 18:15:05,-32751.653179278397
2011-10-07 18:15:05,-31012.443820911492
2011-10-08 18:15:05,-29613.251232687304
2011-10-09 18:15:05,-26978.835876360063
2011-10-10 18:15:05,-25116.73843532269
2011-10-11 18:15:05,-21922.135050053126
2011-10-12 18:15:05,-25007.37232701792
2011-10-13 18:15:05,-20226.6536802765
2011-10-14 18:15:05,-27347.471592102065
2011-10-15 18:15:05,-28538.409920116497
2011-10-16 18:15:05,-23979.57366532399
2011-10-17 18:15:05,-21226.97569705685
2011-10-18 18:15:05,-18405.84431517
2011-10-19 18:15:05,-17480.850572090214
2011-10-20 18:15:05,-12449.106801150801
2011-10-21 18:15:05,-18760.538948150628
2011-10-22 18:15:05,-15501.208244676001
2011-10-23 18:15:05,-17629.88995068
2011-10-24 18:15:05,-19669.619119904
2011-10-25 18:15:05,-19750.8302231616
2011-10-26 18:15:05,-15664.43341529824
2011-10-27 18:15:05,-17529.240038782704
2011-10-28 18:15:05,-16590.24434003055
2011-10-29 18:15:05,-22758.64013132705
2011-10-30 18:15:05,-17691.31387384605
2011-10-31 18:15:05,-23199.10882448236
2011-11-01 18:15:05,-24437.89300658
2011-11-02 18:15:05,-25960.871200512796
2011-11-03 18:15:05,-20939.147613678848
2011-11-04 18:15:05,-23003.24382296814
2011-11-05 18:15:05,-24063.992925022798
2011-11-06 18:15:05,-22561.806122174
2011-11-07 18:15:05,-19828.852824784823
2011-11-08 18:15:05,-21655.5283767435
2011-11-09 18:15:05,-26301.49994255112
2011-11-10 18:15:05,-21739.70635197
2011-11-11 18:15:05,-18293.87360271
2011-11-12 18:15:05,-20984.4522603707
2011-11-13 18:15:05,-22769.831603216317
2011-11-14 18:15:05,-20595.6180019503
2011-11-15 18:15:05,-23259.8829507593
2011-11-16 18:15:05,-17280.697363358002
2011-11-17 18:15:05,-18844.552727941784
2011-11-18 18:15:05,-15646.375600110638
2011-11-19 18:15:05,-14827.973397166998
2011-11-20 18:15:05,-15983.5267054302
2011-11-21 18:15:05,-15451.7737116231
2011-11-22 18:15:05,-15854.5683555055
2011-11-23 18:15:05,-15580.8683239958
2011-11-24 18:15:05,-13767.4092055644
2011-11-25 18:15:05,-16630.310150041598
2011-11-26 18:15:05,-16064.31649125375
2011-11-27 18:15:05,-14223.226248745059
2011-11-28 18:15:05,-15734.010240333484
2011-11-29 18:15:05,-20704.71014167633
2011-11-30 18:15:05,-21590.938316345426
2011-12-01 18:15:05,-29031.449759081002
2011-12-02 18:15:05,-24619.791066021357
2011-12-03 18:15:05,-23462.112528349546
2011-12-04 18:15:05,-20471.008572885
2011-12-05 18:15:05,-23429.405609485802
2011-12-06 18:15:05,-24236.826918877003
2011-12-07 18:15:05,-22640.376079181093
2011-12-08 18:15:05,-23859.812424523
2011-12-09 18:15:05,-22935.450116769272
2011-12-10 18:15:05,-23854.810233428798
2011-12-11 18:15:05,-24197.426382318798
2011-12-12 18:15:05,-21373.78054077537
2011-12-13 18:15:05,-21269.235790935
2011-12-14 18:15:05,-23582.4514311099
2011-12-15 18:15:05,-19611.983812361308
2011-12-16 18:15:05,-20016.83968124
2011-12-17 18:15:05,-23570.1830624108
2011-12-18 18:15:05,-23874.84398728
2011-12-19 18:15:05,-27924.350014818712
2011-12-20 18:15:05,-30348.733479255
2011-12-21 18:15:05,-31836.090731045402
2011-12-22 18:15:05,-27528.141833422207
2011-12-23 18:15:05,-30007.751842330497
2011-12-24 18:15:05,-26060.49634986804
2011-12-25 18:15:05,-38178.16444007188
2011-12-26 18:15:05,-37073.587350379916
2011-12-27 18:15:05,-32265.7640583614
2011-12-28 18:15:05,-31402.626056670328
2011-12-29 18:15:05,-30292.526512325
2011-12-30 18:15:05,-27504.860521859
2011-12-31 18:15:05,-40191.66615519675
2012-01-01 18:15:05,-38723.242431068
2012-01-02 18:15:05,-41770.602494241386
2012-01-03 18:15:05,-42818.4075567376
2012-01-04 18:15:05,-43088.79012162292
2012-01-05 18:15:05,-46997.13403356498
2012-01-06 18:15:05,-61321.9486042566
2012-01-07 18:15:05,-63456.8727055747
2012-01-08 18:15:05,-57935.204499816
2012-01-09 18:15:05,-57915.622945872004
2012-01-10 18:15:05,-50265.0257413954
2012-01-11 18:15:05,-54211.834359026114
2012-01-12 18:15:05,-57782.42335546764
2012-01-13 18:15:05,-42453.80165568536
2012-01-14 18:15:05,-53920.7670486825
2012-01-15 18:15:05,-51679.06351891427
2012-01-16 18:15:05,-56571.618842543205
2012-01-17 18:15:05,-54980.3224580924
2012-01-18 18:15:05,-49267.101532290995
2012-01-19 18:15:05,-42794.293337775
2012-01-20 18:15:05,-45114.157839858795
2012-01-21 18:15:05,-58587.6183723885
2012-01-22 18:15:05,-41514.4339915887
2012-01-23 18:15:05,-55161.0248418992
2012-01-24 18:15:05,-43919.30301298085
2012-01-25 18:15:05,-49939.0087647435
2012-01-26 18:15:05,-40255.64987945
2012-01-27 18:15:05,-39416.52385690833
2012-01-28 18:15:05,-44512.41356212147
2012-01-29 18:15:05,-45669.406743647996
2012-01-30 18:15:05,-46451.954530576
2012-01-31 18:15:05,-44478.1326272495
2012-02-01 18:15:05,-38013.25521315308
2012-02-02 18:15:05,-50464.741785672
2012-02-03 18:15:05,-49140.07745003872
2012-02-04 18:15:05,-49146.85241238
2012-02-05 18:15:05,-40518.43020473063
2012-02-06 18:15:05,-42820.0497309096
2012-02-07 18:15:05,-40795.019116910276
2012-02-08 18:15:05,-38580.26143372622
2012-02-09 18:15:05,-41725.450021644
2012-02-10 18:15:05,-43507.53743934289
2012-02-11 18:15:05,-41375.52557976
2012-02-12 18:15:05,-46779.651952488
2012-02-13 18:15:05,-42014.4669646416
2012-02-14 18:15:05,-38041.021124736
2012-02-15 18:15:05,-34573.496890086404
2012-02-16 18:15:05,-30486.176909793223
2012-02-17 18:15:05,-33849.991061897716
2012-02-18 18:15:05,-39329.516024221564
2012-02-19 18:15:05,-34006.030424738274
2012-02-20 18:15:05,-32978.248448964
2012-02-21 18:15:05,-28370.21557863254
2012-02-22 18:15:05,-35623.881230684
2012-02-23 18:15:05,-41347.767349059715
2012-02-24 18:15:05,-37661.37375977878
2012-02-25 18:15:05,-42312.8726906964
2012-02-26 18:15:05,-37992.484079796086
2012-02-27 18:15:05,-40265.603007702004
2012-02-28 18:15:05,-37472.6236392
2012-02-29 18:15:05,-45554.545818999
2012-03-01 18:15:05,-38843.76025863543
2012-03-02 18:15:05,-33153.84571495895
2012-03-03 18:15:05,-28426.125072049555
2012-03-04 18:15:05,-31830.613458798
2012-03-05 18:15:05,-33240.9279536208
2012-03-06 18:15:05,-37345.8966974905
2012-03-07 18:15:05,-37746.2791628637
2012-03-08 18:15:05,-38978.570840199995
2012-03-09 18:15:05,-41066.516600362054
2012-03-10 18:15:05,-42706.038149717795
2012-03-11 18:15:05,-33168.1389166841
2012-03-12 18:15:05,-41887.364852074614
2012-03-13 18:15:05,-41061.5582627971
2012-03-14 18:15:05,-37533.7610003109
2012-03-15 18:15:05,-35129.8128765225
2012-03-16 18:15:05,-38566.987044228
2012-03-17 18:15:05,-46415.424272047785
2012-03-18 18:15:05,-41947.63439856636
2012-03-19 18:15:05,-41925.70365363601
2012-03-20 18:15:05,-36830.6563657566
2012-03-21 18:15:05,-39426.5513634284
2012-03-22 18:15:05,-38047.826455412796
2012-03-23 18:15:05,-31376.3759836317
2012-03-24 18:15:05,-40819.836854830915
2012-03-25 18:15:05,-39037.575416583284
2012-03-26 18:15:05,-35973.844021643396
2012-03-27 18:15:05,-35057.278873958996
2012-03-28 18:15:05,-38502.3910509564
2012-03-29 18:15:05,-33760.584646650634
2012-03-30 18:15:05,-36205.4642546709
2012-03-31 18:15:05,-40319.431753788
2012-04-01 18:15:05,-36946.09768080987
2012-04-02 18:15:05,-32236.9629125848
2012-04-03 18:15:05,-32040.8203222281
2012-04-04 18:15:05,-35018.8550133583
2012-04-05 18:15:05,-29391.201180274267
2012-04-06 18:15:05,-30479.477061681602
2012-04-07 18:15:05,-32848.5988297962
2012-04-08 18:15:05,-35021.728922400005
2012-04-09 18:15:05,-36221.600795328
2012-04-10 18:15:05,-35012.013379651
2012-04-11 18:15:05,-34960.80795839207
2012-04-12 18:15:05,-34327.3376799048
2012-04-13 18:15:05,-31129.364775655966
2012-04-14 18:15:05,-33419.9154709164
2012-04-15 18:15:05,-29135.667364519664
2012-04-16 18:15:05,-33093.7371833166
2012-04-17 18:15:05,-35618.89549025112
2012-04-18 18:15:05,-31556.6051288476
2012-04-19 18:15:05,-40451.1315438102
2012-04-20 18:15:05,-40036.1037626077
2012-04-21 18:15:05,-40243.67442532
2012-04-22 18:15:05,-39671.342099834575
2012-04-23 18:15:05,-38590.43710765268
2012-04-24 18:15:05,-31951.713343836
2012-04-25 18:15:05,-35576.7643420752
2012-04-26 18:15:05,-39816.9461397092
2012-04-27 18:15:05,-32328.58615176708
2012-04-28 18:15:05,-39889.99197268553
2012-04-29 18:15:05,-41623.63055694605
2012-04-30 18:15:05,-42225.18141645
2012-05-01 18:15:05,-44717.54311815
2012-05-02 18:15:05,-39842.91916514688
2012-05-03 18:15:05,-42983.152716119046
2012-05-04 18:15:05,-39858.272289419
2012-05-05 18:15:05,-40114.99414344091
2012-05-06 18:15:05,-43808.16566527508
2012-05-07 18:15:05,-43505.79487984641
2012-05-08 18:15:05,-47364.802327974
2012-05-09 18:15:05,-41711.693914700685
2012-05-10 18:15:05,-36849.23084764125
2012-05-11 18:15:05,-30895.71716802169
2012-05-12 18:15:05,-34185.52138735
2012-05-13 18:15:05,-32941.794126357905
2012-05-14 18:15:05,-35864.998372309834
2012-05-15 18:15:05,-33239.7436936877
2012-05-16 18:15:05,-28432.70902805352
2012-05-17 18:15:05,-30241.641056402786
2012-05-18 18:15:05,-36855.1684639377
2012-05-19 18:15:05,-37371.97208352224
2012-05-20 18:15:05,-36451.5051100435
2012-05-21 18:15:05,-33880.8094519827
2012-05-22 18:15:05,-29877.852480256002
2012-05-23 18:15:05,-31134.9545388408
2012-05-24 18:15:05,-35210.95419132899
2012-05-25 18:15:05,-29771.607494622505
2012-05-26 18:15:05,-34668.86334887249
2012-05-27 18:15:05,-42134.868371086915
2012-05-28 18:15:05,-35499.6661068216
2012-05-29 18:15:05,-34982.611681846916
2012-05-30 18:15:05,-30947.762034902982
2012-05-31 18:15:05,-37816.4015492235
2012-06-01 18:15:05,-39705.8602710427
2012-06-02 18:15:05,-41123.607181894266
2012-06-03 18:15:05,-41511.72020617712
2012-06-04 18:15:05,-39704.22018732434
2012-06-05 18:15:05,-37235.08896481
2012-06-06 18:15:05,-46148.817126607304
2012-06-07 18:15:05,-34719.378363244345
2012-06-08 18:15:05,-41788.8099542752
2012-06-09 18:15:05,-47466.496449255734
2012-06-10 18:15:05,-47632.8154186268
2012-06-11 18:15:05,-42585.31485482197
2012-06-12 18:15:05,-39828.198104397
2012-06-13 18:15:05,-48066.349280607996
2012-06-14 18:15:05,-43221.420869886
2012-06-15 18:15:05,-48792.19530354075
2012-06-16 18:15:05,-52593.853112683166
2012-06-17 18:15:05,-53060.085462815965
2012-06-18 18:15:05,-50595.199581801884
2012-06-19 18:15:05,-59273.75536285027
2012-06-20 18:15:05,-45076.42511418816
2012-06-21 18:15:05,-41301.303900647996
2012-06-22 18:15:05,-47734.459631824124
2012-06-23 18:15:05,-53768.942312640684
2012-06-24 18:15:05,-46034.613856940174
2012-06-25 18:15:05,-49246.77677095623
2012-06-26 18:15:05,-47613.557031797325
2012-06-27 18:15:05,-52985.71761655698
2012-06-28 18:15:05,-44903.14300439322
2012-06-29 18:15:05,-46556.7874349895
2012-06-30 18:15:05,-47425.465266640495
2012-07-01 18:15:05,-46121.490545004766
2012-07-02 18:15:05,-54247.7227685175
2012-07-03 18:15:05,-48926.4592944996
2012-07-04 18:15:05,-51993.586590490995
2012-07-05 18:15:05,-46283.8734598566
2012-07-06 18:15:05,-51435.221625749386
2012-07-07 18:15:05,-57068.5994216775
2012-07-08 18:15:05,-52813.85321313
2012-07-09 18:15:05,-56782.25275606816
2012-07-10 18:15:05,-54490.06128382635
2012-07-11 18:15:05,-49581.36823872843
2012-07-12 18:15:05,-55148.11147151639
2012-07-13 18:15:05,-63494.542755964
2012-07-14 18:15:05,-57156.32014417622
2012-07-15 18:15:05,-56854.628306609884
2012-07-16 18:15:05,-61168.444728951625
2012-07-17 18:15:05,-83794.2490046038
2012-07-18 18:15:05,-70725.00516029466
2012-07-19 18:15:05,-66126.46952167622
2012-07-20 18:15:05,-63894.79322586864
2012-07-21 18:15:05,-72469.57404857
2012-07-22 18:15:05,-62411.81420934
2012-07-23 18:15:05,-68786.910161844
2012-07-24 18:15:05,-71970.7079704704
2012-07-25 18:15:05,-67394.72761188443
2012-07-26 18:15:05,-79043.688635932
2012-07-27 18:15:05,-75044.178270273
2012-07-28 18:15:05,-75720.1044817175
2012-07-29 18:15:05,-64287.50778264692
2012-07-30 18:15:05,-84439.909308069
2012-07-31 18:15:05,-62588.6763983472
2012-08-01 18:15:05,-67064.1562223316
2012-08-02 18:15:05,-75265.311536548
2012-08-03 18:15:05,-95978.3165162514
2012-08-04 18:15:05,-84476.158083843
2012-08-05 18:15:05,-80830.61603444723
2012-08-06 18:15:05,-79351.74208985815
2012-08-07 18:15:05,-82016.9600100672
2012-08-08 18:15:05,-94193.10647165136
2012-08-09 18:15:05,-95179.56176976
2012-08-10 18:15:05,-94588.069826844
2012-08-11 18:15:05,-91421.77604830568
2012-08-12 18:15:05,-99208.45971478324
2012-08-13 18:15:05,-90508.0842680168
2012-08-14 18:15:05,-98990.58927027613
2012-08-15 18:15:05,-107972.1646490697
2012-08-16 18:15:05,-106124.50787453652
2012-08-17 18:15:05,-109638.91539785801
2012-08-18 18:15:05,-112608.12598469893
2012-08-19 18:15:05,-94572.53908788
2012-08-20 18:15:05,-98930.833692285
2012-08-21 18:15:05,-92975.27256863343
2012-08-22 18:15:05,-76184.972972172
2012-08-23 18:15:05,-84341.77519292
2012-08-24 18:15:05,-79757.1710231225
2012-08-25 18:15:05,-66912.8087456025
2012-08-26 18:15:05,-93211.05270557174
2012-08-27 18:15:05,-90164.66094462943
2012-08-28 18:15:05,-85086.37364163711
2012-08-29 18:15:05,-92767.74503065072
2012-08-30 18:15:05,-86103.24024955287
2012-08-31 18:15:05,-77125.66409744673
2012-09-01 18:15:05,-84622.0839628804
2012-09-02 18:15:05,-77628.70731066723
2012-09-03 18:15:05,-94111.984537095
2012-09-04 18:15:05,-67473.61070156777
2012-09-05 18:15:05,-94943.50361433908
2012-09-06 18:15:05,-103563.08898968551
2012-09-07 18:15:05,-96882.29240899338
2012-09-08 18:15:05,-78201.8171725379
2012-09-09 18:15:05,-85013.84019454106
2012-09-10 18:15:05,-79865.6203353048
2012-09-11 18:15:05,-88105.4561270673
2012-09-12 18:15:05,-79959.45427370026
2012-09-13 18:15:05,-82413.40305232421
2012-09-14 18:15:05,-94923.4880693925
2012-09-15 18:15:05,-84173.95685122669
2012-09-16 18:15:05,-89752.63359998539
2012-09-17 18:15:05,-105096.66163912162
2012-09-18 18:15:05,-100711.6888381266
2012-09-19 18:15:05,-89878.0288825523
2012-09-20 18:15:05,-92984.45752044806
2012-09-21 18:15:05,-102074.783682719
2012-09-22 18:15:05,-106816.92797270369
2012-09-23 18:15:05,-91261.18140964133
2012-09-24 18:15:05,-95595.22123907613
2012-09-25 18:15:05,-90896.52066656762
2012-09-26 18:15:05,-87576.0666129188
2012-09-27 18:15:05,-88867.78659065721
2012-09-28 18:15:05,-101319.2138747868
2012-09-29 18:15:05,-104730.2596330126
2012-09-30 18:15:05,-94655.59347369667
2012-10-01 18:15:05,-92171.53083035156
2012-10-02 18:15:05,-87255.07491189441
2012-10-03 18:15:05,-88701.06140097952
2012-10-04 18:15:05,-86012.78085193815
2012-10-05 18:15:05,-87976.8858209616
2012-10-06 18:15:05,-91285.03010794091
2012-10-07 18:15:05,-86951.65762878773
2012-10-08 18:15:05,-99911.438595864
2012-10-09 18:15:05,-89229.620909897
2012-10-10 18:15:05,-90243.1471059135
2012-10-11 18:15:05,-83804.363289093
2012-10-12 18:15:05,-91501.91375924699
2012-10-13 18:15:05,-88302.05515890502
2012-10-14 18:15:05,-82603.58868756
2012-10-15 18:15:05,-94204.6439157618
2012-10-16 18:15:05,-90812.6835877558
2012-10-17 18:15:05,-83727.4481904729
2012-10-18 18:15:05,-92472.6309004501
2012-10-19 18:15:05,-94930.78461478284
2012-10-20 18:15:05,-81568.34907888599
2012-10-21 18:15:05,-92929.57784765557
2012-10-22 18:15:05,-97750.16489732529
2012-10-23 18:15:05,-81907.54045212
2012-10-24 18:15:05,-91933.51236924481
2012-10-25 18:15:05,-80585.0782012621
2012-10-26 18:15:05,-89167.45132126586
2012-10-27 18:15:05,-96316.41071643306
2012-10-28 18:15:05,-89518.24280559711
2012-10-29 18:15:05,-86339.681817645
2012-10-30 18:15:05,-80579.897172607
2012-10-31 18:15:05,-77165.5133682978
2012-11-01 18:15:05,-75884.71353582638
2012-11-02 18:15:05,-80990.1364077943
2012-11-03 18:15:05,-75578.72781630747
2012-11-04 18:15:05,-85246.9830083196
2012-11-05 18:15:05,-83103.388023465
2012-11-06 18:15:05,-73801.49470470425
2012-11-07 18:15:05,-87716.60668030546
2012-11-08 18:15:05,-89587.63452008918
2012-11-09 18:15:05,-80029.8155631033
2012-11-10 18:15:05,-87437.16581295039
2012-11-11 18:15:05,-72001.35920570139
2012-11-12 18:15:05,-78615.44180385741
2012-11-13 18:15:05,-75472.10678224255
2012-11-14 18:15:05,-79308.99679590549
2012-11-15 18:15:05,-75246.66323864537
2012-11-16 18:15:05,-82808.161317752
2012-11-17 18:15:05,-82860.453344258
2012-11-18 18:15:05,-93763.34237744162
2012-11-19 18:15:05,-72251.00025026397
2012-11-20 18:15:05,-93794.6850793248
2012-11-21 18:15:05,-90349.34894040912
2012-11-22 18:15:05,-89964.89786973801
2012-11-23 18:15:05,-89819.2154076008
2012-11-24 18:15:05,-100245.35739641669
2012-11-25 18:15:05,-88480.742011956
2012-11-26 18:15:05,-100234.41355514848
2012-11-27 18:15:05,-94226.05242472241
2012-11-28 18:15:05,-97771.50332442787
2012-11-29 18:15:05,-51581.164830993395
2012-11-30 18:15:05,-40519.467383692005
2012-12-01 18:15:05,-50370.58453862323
2012-12-02 18:15:05,-47676.4420900088
2012-12-03 18:15:05,-47307.254712242975
2012-12-04 18:15:05,-35669.32510983833
2012-12-05 18:15:05,-40139.90975475
2012-12-06 18:15:05,-48512.31039616964
2012-12-07 18:15:05,-42052.725767952004
2012-12-08 18:15:05,-45391.684365609006
2012-12-09 18:15:05,-43641.8367717453
2012-12-10 18:15:05,-47660.7565593485
2012-12-11 18:15:05,-49026.9961198441
2012-12-12 18:15:05,-43612.3123792301
2012-12-13 18:15:05,-46329.32924786747
2012-12-14 18:15:05,-35685.926118015384
2012-12-15 18:15:05,-40264.0432536264
2012-12-16 18:15:05,-38913.81930557728
2012-12-17 18:15:05,-42083.398830087564
2012-12-18 18:15:05,-41709.930072590316
2012-12-19 18:15:05,-47375.491516988615
2012-12-20 18:15:05,-36623.8546257332
2012-12-21 18:15:05,-40798.21140146515
2012-12-22 18:15:05,-48380.588465786364
2012-12-23 18:15:05,-46087.926806997864
2012-12-24 18:15:05,-42289.955911497
2012-12-25 18:15:05,-41068.722436914504
2012-12-26 18:15:05,-47844.69779629962
2012-12-27 18:15:05,-53739.5064374274
2012-12-28 18:15:05,-59533.780242816574
2012-12-29 18:15:05,-45376.4377465105
2012-12-30 18:15:05,-53803.73038143754
2012-12-31 18:15:05,-56711.1288903624
2013-01-01 18:15:05,-55283.114751352936
2013-01-02 18:15:05,-51868.961452724005
2013-01-03 18:15:05,-53375.56829051832
2013-01-04 18:15:05,-46973.06301612137
2013-01-05 18:15:05,-50058.99255353328
2013-01-06 18:15:05,-47530.497248551525
2013-01-07 18:15:05,-56037.5712389058
2013-01-08 18:15:05,-49375.8523724712
2013-01-09 18:15:05,-46027.699347912276
2013-01-10 18:15:05,-50088.88656568481
2013-01-11 18:15:05,-42626.32511308219
2013-01-12 18:15:05,-42140.72941851507
2013-01-13 18:15:05,-43146.74218405131
2013-01-14 18:15:05,-54547.694353581
2013-01-15 18:15:05,-45475.96968121338
2013-01-16 18:15:05,-44580.60604245478
2013-01-17 18:15:05,-46757.36672796599
2013-01-18 18:15:05,-49317.577177834406
2013-01-19 18:15:05,-54848.25701773452
2013-01-20 18:15:05,-51901.3980875565
2013-01-21 18:15:05,-61456.968739816795
2013-01-22 18:15:05,-55762.549030663205
2013-01-23 18:15:05,-58119.639607836936
2013-01-24 18:15:05,-70182.01282962695
2013-01-25 18:15:05,-64695.02655138173
2013-01-26 18:15:05,-65224.857748650575
2013-01-27 18:15:05,-67540.2900390358
2013-01-28 18:15:05,-67477.84015341151
2013-01-29 18:15:05,-79184.51763116401
2013-01-30 18:15:05,-70641.534216291
2013-01-31 18:15:05,-100885.7888099026
2013-02-01 18:15:05,-80424.343261272
2013-02-02 18:15:05,-83771.22298902599
2013-02-03 18:15:05,-83808.64384845919
2013-02-04 18:15:05,-91623.085326755
2013-02-05 18:15:05,-88504.9317357282
2013-02-06 18:15:05,-81421.2636540159
2013-02-07 18:15:05,-80949.9214181485
2013-02-08 18:15:05,-82983.3654111095
2013-02-09 18:15:05,-79588.91146706193
2013-02-10 18:15:05,-95784.52587788377
2013-02-11 18:15:05,-94983.598623399
2013-02-12 18:15:05,-90874.78399558725
2013-02-13 18:15:05,-101098.12932405769
2013-02-14 18:15:05,-107463.63009838368
2013-02-15 18:15:05,-117354.72562350387
2013-02-16 18:15:05,-126446.56241930815
2013-02-17 18:15:05,-117821.17317784314
2013-02-18 18:15:05,-106884.91151057962
2013-02-19 18:15:05,-118024.11586548574
2013-02-20 18:15:05,-127487.67563373939
2013-02-21 18:15:05,-145353.2304046648
2013-02-22 18:15:05,-122616.009650846
2013-02-23 18:15:05,-117127.26722655259
2013-02-24 18:15:05,-122816.13537705394
2013-02-25 18:15:05,-145511.78324655292
2013-02-26 18:15:05,-119117.82577720002
2013-02-27 18:15:05,-157729.45701190864
2013-02-28 18:15:05,-141145.8038450232
2013-03-01 18:15:05,-135284.37287345837
2013-03-02 18:15:05,-126315.06060585016
2013-03-03 18:15:05,-128167.12868432455
2013-03-04 18:15:05,-157089.063431731
2013-03-05 18:15:05,-148101.9032224732
2013-03-06 18:15:05,-189496.927249675
2013-03-07 18:15:05,-154737.13975907932
2013-03-08 18:15:05,-154483.525947674
2013-03-09 18:15:05,-193714.12079410112
2013-03-10 18:15:05,-212058.565090125
2013-03-11 18:15:05,-219275.60339395187
2013-03-12 18:15:05,-130534.8866503156
2013-03-13 18:15:05,-177230.80269907427
2013-03-14 18:15:05,-216022.7783445388
2013-03-15 18:15:05,-197850.96996937672
2013-03-16 18:15:05,-205496.32010461608
2013-03-17 18:15:05,-239296.1331799107
2013-03-18 18:15:05,-211500.556969662
2013-03-19 18:15:05,-281375.663057368
2013-03-20 18:15:05,-294274.95187073585
2013-03-21 18:15:05,-407981.56818927603
2013-03-22 18:15:05,-397566.26904995
2013-03-23 18:15:05,-326843.20558575
2013-03-24 18:15:05,-377585.646661269
2013-03-25 18:15:05,-247719.5173817484
2013-03-26 18:15:05,-300770.47114062
2013-03-27 18:15:05,-274806.677582269
2013-03-28 18:15:05,-414463.0585601175
2013-03-29 18:15:05,-398383.41851855296
2013-03-30 18:15:05,-373468.90117036685
2013-03-31 18:15:05,-358040.5108185031
2013-04-01 18:15:05,-553242.7676167708
2013-04-02 18:15:05,-469429.18851958076
2013-04-03 18:15:05,-607523.348079191
2013-04-04 18:15:05,-517485.557534919
2013-04-05 18:15:05,-510107.4442512101
2013-04-06 18:15:05,-592487.8602399819
2013-04-07 18:15:05,-640286.4559688199
2013-04-08 18:15:05,-768448.07695856
2013-04-09 18:15:05,-989273.3464888963
2013-04-10 18:15:05,-896954.95823868
2013-04-11 18:15:05,-498264.75280489173
2013-04-12 18:15:05,-326587.41914804303
2013-04-13 18:15:05,-430396.4855447913
2013-04-14 18:15:05,-366207.49462297
2013-04-15 18:15:05,-357026.35093489
2013-04-16 18:15:05,-411983.60302190005
2013-04-17 18:15:05,-352683.5560330212
2013-04-18 18:15:05,-385904.338398755
2013-04-19 18:15:05,-367553.9198425864
2013-04-20 18:15:05,-443091.9230049774
2013-04-21 18:15:05,-539537.01727875
2013-04-22 18:15:05,-494568.0268958681
2013-04-23 18:15:05,-535195.3997941995
2013-04-24 18:15:05,-658051.5472829784
2013-04-25 18:15:05,-593028.4978115379
2013-04-26 18:15:05,-576189.3772970146
2013-04-27 18:15:05,-503350.06204934046
2013-04-28 18:15:05,-563328.9566689804
2013-04-29 18:15:05,-635217.6316366332
2013-04-30 18:15:05,-510586.5619625938
2013-05-01 18:15:05,-433694.0035756447
2013-05-02 18:15:05,-372216.25177097006
2013-05-03 18:15:05,-337742.54133598803
2013-05-04 18:15:05,-426373.3562272507
2013-05-05 18:15:05,-449379.5157052317
2013-05-06 18:15:05,-486702.83195867756
2013-05-07 18:15:05,-465152.7414768179
2013-05-08 18:15:05,-458722.4679551664
2013-05-09 18:15:05,-447181.9805407829
2013-05-10 18:15:05,-484231.102938084
2013-05-11 18:15:05,-497524.234702854
2013-05-12 18:15:05,-501975.29709118546
2013-05-13 18:15:05,-521703.09604156157
2013-05-14 18:15:05,-430819.94732658
2013-05-15 18:15:05,-416860.87998608133
2013-05-16 18:15:05,-410541.44282705995
2013-05-17 18:15:05,-490055.069606221
2013-05-18 18:15:05,-449899.15424241545
2013-05-19 18:15:05,-460958.0009747151
2013-05-20 18:15:05,-417123.5293077746
2013-05-21 18:15:05,-451045.87020079995
2013-05-22 18:15:05,-502201.2221753352
2013-05-23 18:15:05,-499109.5695680412
2013-05-24 18:15:05,-527053.552782245
2013-05-25 18:15:05,-563138.3203766559
2013-05-26 18:15:05,-535427.987539146
2013-05-27 18:15:05,-563883.6796921049
2013-05-28 18:15:05,-512698.0959560399
2013-05-29 18:15:05,-539164.1772222917
2013-05-30 18:15:05,-547338.5621646928
2013-05-31 18:15:05,-585900.0395291599
2013-06-01 18:15:05,-634451.7360101092
2013-06-02 18:15:05,-609689.2456059975
2013-06-03 18:15:05,-621059.5754895121
2013-06-04 18:15:05,-625151.2217142289
2013-06-05 18:15:05,-610724.9831448315
2013-06-06 18:15:05,-531835.7159731268
2013-06-07 18:15:05,-439472.1560167506
2013-06-08 18:15:05,-447835.09045937203
2013-06-09 18:15:05,-407519.8040449128
2013-06-10 18:15:05,-468768.9083985207
2013-06-11 18:15:05,-470098.11602016
2013-06-12 18:15:05,-536107.4648504435
2013-06-13 18:15:05,-521680.70174946
2013-06-14 18:15:05,-426183.008381
2013-06-15 18:15:05,-444869.32972817216
2013-06-16 18:15:05,-464592.53081
2013-06-17 18:15:05,-383498.34888987936
2013-06-18 18:15:05,-388000.8527465952
2013-06-19 18:15:05,-333087.5248452843
2013-06-20 18:15:05,-401681.01162153756
2013-06-21 18:15:05,-473912.69161464
2013-06-22 18:15:05,-464114.2107780737
2013-06-23 18:15:05,-469433.0788923992
2013-06-24 18:15:05,-360683.5686354697
2013-06-25 18:15:05,-380544.4378076175
2013-06-26 18:15:05,-489326.4011854417
2013-06-27 18:15:05,-423172.5012901668
2013-06-28 18:15:05,-401296.6180552122
2013-06-29 18:15:05,-383335.7553110602
2013-06-30 18:15:05,-393731.540408945
2013-07-01 18:15:05,-345159.48022652045
2013-07-02 18:15:05,-348163.50586788
2013-07-03 18:15:05,-359807.66267968796
2013-07-04 18:15:05,-337466.09176140005
2013-07-05 18:15:05,-298006.42834643123
2013-07-06 18:15:05,-323724.532967005
2013-07-07 18:15:05,-330425.6204729725
2013-07-08 18:15:05,-358585.1414726628
2013-07-09 18:15:05,-380863.97157323844
2013-07-10 18:15:05,-333904.2762065405
2013-07-11 18:15:05,-415372.85155515454
2013-07-12 18:15:05,-400290.48902679
2013-07-13 18:15:05,-359968.199843571
2013-07-14 18:15:05,-383090.3898846025
2013-07-15 18:15:05,-418256.7989610362
2013-07-16 18:15:05,-394441.2281644133
2013-07-17 18:15:05,-410650.37089688476
2013-07-18 18:15:05,-386225.5369455711
2013-07-19 18:15:05,-391575.6941864015
2013-07-20 18:15:05,-427552.9957639262
2013-07-21 18:15:05,-431226.0751451566
2013-07-22 18:15:05,-411027.29510675155
2013-07-23 18:15:05,-342766.15463127434
2013-07-24 18:15:05,-357360.8550511505
2013-07-25 18:15:05,-326130.702877148
2013-07-26 18:15:05,-426758.4309983072
2013-07-27 18:15:05,-389796.70844305045
2013-07-28 18:15:05,-436101.84176292666
2013-07-29 18:15:05,-416205.0702077053
2013-07-30 18:15:05,-467479.9950434652
2013-07-31 18:15:05,-517376.1781523378
2013-08-01 18:15:05,-478597.61322433467
2013-08-02 18:15:05,-496797.885266585
2013-08-03 18:15:05,-461596.82271235454
2013-08-04 18:15:05,-444056.6481093614
2013-08-05 18:15:05,-507841.376591808
2013-08-06 18:15:05,-500692.94031408476
2013-08-07 18:15:05,-461452.937754336
2013-08-08 18:15:05,-509538.64273199
2013-08-09 18:15:05,-527269.5539000999
2013-08-10 18:15:05,-507512.21596107155
2013-08-11 18:15:05,-552073.3514139885
2013-08-12 18:15:05,-598561.3424314202
2013-08-13 18:15:05,-511863.0978581081
2013-08-14 18:15:05,-380811.8304043354
2013-08-15 18:15:05,-404026.615201482
2013-08-16 18:15:05,-419100.4302930073
2013-08-17 18:15:05,-457077.8766141768
2013-08-18 18:15:05,-483224.8595413878
2013-08-19 18:15:05,-450351.7586295892
2013-08-20 18:15:05,-468481.06776456686
2013-08-21 18:15:05,-561465.41042077
2013-08-22 18:15:05,-573140.1208770393
2013-08-23 18:15:05,-573940.379708678
2013-08-24 18:15:05,-502820.3771779089
2013-08-25 18:15:05,-400146.85106003797
2013-08-26 18:15:05,-452515.83308248204
2013-08-27 18:15:05,-499231.19403878244
2013-08-28 18:15:05,-468828.949581405
2013-08-29 18:15:05,-586092.928805445
2013-08-30 18:15:05,-599827.2876777182
2013-08-31 18:15:05,-709236.4754193525
2013-09-01 18:15:05,-722742.8929299666
2013-09-02 18:15:05,-763664.8747975315
2013-09-03 18:15:05,-599298.4810690884
2013-09-04 18:15:05,-548201.5321309562
2013-09-05 18:15:05,-503143.7357474351
2013-09-06 18:15:05,-577548.4237186908
2013-09-07 18:15:05,-486318.82964534103
2013-09-08 18:15:05,-438782.0643053953
2013-09-09 18:15:05,-583306.6052754094
2013-09-10 18:15:05,-570299.2657503786
2013-09-11 18:15:05,-620671.938184654
2013-09-12 18:15:05,-664732.7953310835
2013-09-13 18:15:05,-670132.3565418089
2013-09-14 18:15:05,-668604.21114648
2013-09-15 18:15:05,-570947.325880347
2013-09-16 18:15:05,-528675.5126543157
2013-09-17 18:15:05,-552852.9665796757
2013-09-18 18:15:05,-441737.6681986173
2013-09-19 18:15:05,-591159.3080344
2013-09-20 18:15:05,-593741.7377743182
2013-09-21 18:15:05,-574129.51858327
2013-09-22 18:15:05,-628942.789114304
2013-09-23 18:15:05,-675211.0906008172
2013-09-24 18:15:05,-612123.6004097981
2013-09-25 18:15:05,-660535.585049634
2013-09-26 18:15:05,-525988.726865253
2013-09-27 18:15:05,-542246.0141915521
2013-09-28 18:15:05,-537265.504319115
2013-09-29 18:15:05,-535489.451895972
2013-09-30 18:15:05,-512509.13424685603
2013-10-01 18:15:05,-618259.8212087232
2013-10-02 18:15:05,-448135.0202538629
2013-10-03 18:15:05,-603418.2692408585
2013-10-04 18:15:05,-538808.13040782
2013-10-05 18:15:05,-637720.0275366424
2013-10-06 18:15:05,-611406.775661952
2013-10-07 18:15:05,-468691.262746776
2013-10-08 18:15:05,-480972.2018198976
2013-10-09 18:15:05,-573646.4695871616
2013-10-10 18:15:05,-612587.4552498157
2013-10-11 18:15:05,-557656.9331116222
2013-10-12 18:15:05,-623976.845564405
2013-10-13 18:15:05,-738719.1431639032
2013-10-14 18:15:05,-871840.3913896392
2013-10-15 18:15:05,-856762.0527505504
2013-10-16 18:15:05,-771293.7734197215
2013-10-17 18:15:05,-635739.8613862571
2013-10-18 18:15:05,-644443.9329680396
2013-10-19 18:15:05,-897736.0851046451
2013-10-20 18:15:05,-890211.4355184591
2013-10-21 18:15:05,-883255.2665020494
2013-10-22 18:15:05,-1185838.4673525372
2013-10-23 18:15:05,-1047403.0434180857
2013-10-24 18:15:05,-1013304.834894105
2013-10-25 18:15:05,-1028780.3549033869
2013-10-26 18:15:05,-884413.3519631404
2013-10-27 18:15:05,-828265.3457940144
2013-10-28 18:15:05,-869632.8483018875
2013-10-29 18:15:05,-787918.7849549877
2013-10-30 18:15:05,-988864.2804047446
2013-10-31 18:15:05,-1047356.8340823094
2013-11-01 18:15:05,-958194.7010255356
2013-11-02 18:15:05,-1102640.5166380291
2013-11-03 18:15:05,-1008399.1361630129
2013-11-04 18:15:05,-1110332.854714188
2013-11-05 18:15:05,-1036551.3454114364
2013-11-06 18:15:05,-1015263.8384936356
2013-11-07 18:15:05,-1090993.4918884512
2013-11-08 18:15:05,-1047263.6200271869
2013-11-09 18:15:05,-1246102.9231748998
2013-11-10 18:15:05,-1231438.1433865905
2013-11-11 18:15:05,-1633433.9704013825
2013-11-12 18:15:05,-1665301.470948495
2013-11-13 18:15:05,-1831195.9322938218
2013-11-14 18:15:05,-1749743.380589295
2013-11-15 18:15:05,-1737125.6076482215
2013-11-16 18:15:05,-2117603.4212187747
2013-11-17 18:15:05,-2226982.2604867
2013-11-18 18:15:05,-2376216.8203987046
2013-11-19 18:15:05,-2151737.084593337
2013-11-20 18:15:05,-2409641.99629615
2013-11-21 18:15:05,-2552846.7550859563
2013-11-22 18:15:05,-3140182.34632178
2013-11-23 18:15:05,-3375540.012363926
2013-11-24 18:15:05,-3567942.5385813946
2013-11-25 18:15:05,-3647306.24546992
2013-11-26 18:15:05,-3443762.030737315
2013-11-27 18:15:05,-3961112.85849438
2013-11-28 18:15:05,-4557668.73946163
2013-11-29 18:15:05,-4984941.810292137
2013-11-30 18:15:05,-4455182.171784975
2013-12-01 18:15:05,-4711563.3815214
2013-12-02 18:15:05,-4024007.691071
2013-12-03 18:15:05,-5011832.484466201
2013-12-04 18:15:05,-5068845.98839498
2013-12-05 18:15:05,-4373541.984746183
2013-12-06 18:15:05,-4699232.75091564
2013-12-07 18:15:05,-3476075.9339772994
2013-12-08 18:15:05,-3211975.1894351835
2013-12-09 18:15:05,-4234959.48700812
2013-12-10 18:15:05,-4689606.4776749415
2013-12-11 18:15:05,-3484810.4666434918
2013-12-12 18:15:05,-3497261.00270899
2013-12-13 18:15:05,-3614038.46887612
2013-12-14 18:15:05,-4312069.368551456
2013-12-15 18:15:05,-3764796.642173591
2013-12-16 18:15:05,-3410991.13861509
2013-12-17 18:15:05,-3446206.1909544514
2013-12-18 18:15:05,-3014177.482828492
2013-12-19 18:15:05,-3515875.23967132
2013-12-20 18:15:05,-3322277.8201602
2013-12-21 18:15:05,-2486934.025435125
2013-12-22 18:15:05,-2636451.92496322
2013-12-23 18:15:05,-2536284.3888559593
2013-12-24 18:15:05,-2677985.55003384
2013-12-25 18:15:05,-2821502.765354851
2013-12-26 18:15:05,-3277879.9594666706
2013-12-27 18:15:05,-3120681.585863513
2013-12-28 18:15:05,-2868320.1801363286
2013-12-29 18:15:05,-2672270.26501967
2013-12-30 18:15:05,-3573611.532414006
2013-12-31 18:15:05,-3080117.87902807
2014-01-01 18:15:05,-3727640.672682927
2014-01-02 18:15:05,-2757545.127008021
2014-01-03 18:15:05,-3273563.665168387
2014-01-04 18:15:05,-3032378.0279788533
2014-01-05 18:15:05,-4020134.97355008
2014-01-06 18:15:05,-4106123.431484984
2014-01-07 18:15:05,-4041666.5445329626
2014-01-08 18:15:05,-4052760.9553183275
2014-01-09 18:15:05,-3651015.1267753937
2014-01-10 18:15:05,-4168049.80817626
2014-01-11 18:15:05,-4604200.4477094365
2014-01-12 18:15:05,-4032410.89494993
2014-01-13 18:15:05,-4089817.6496629436
2014-01-14 18:15:05,-3149516.2731982074
2014-01-15 18:15:05,-3607399.746366381
2014-01-16 18:15:05,-4143425.536019994
2014-01-17 18:15:05,-3021378.89716507
2014-01-18 18:15:05,-3255919.509936962
2014-01-19 18:15:05,-3821746.53755251
2014-01-20 18:15:05,-3793879.230237048
2014-01-21 18:15:05,-3523427.7607273837
2014-01-22 18:15:05,-3850658.1882615485
2014-01-23 18:15:05,-3604900.7698478713
2014-01-24 18:15:05,-3853180.975388693
2014-01-25 18:15:05,-3113263.87019674
2014-01-26 18:15:05,-3297718.354437896
2014-01-27 18:15:05,-3117389.99262243
2014-01-28 18:15:05,-3309765.5677672965
2014-01-29 18:15:05,-3163178.154916808
2014-01-30 18:15:05,-3186786.2382464106
2014-01-31 18:15:05,-3680226.859686825
2014-02-01 18:15:05,-4008242.377871208
2014-02-02 18:15:05,-3638911.6241181055
2014-02-03 18:15:05,-3936831.108258828
2014-02-04 18:15:05,-3407215.648946213
2014-02-05 18:15:05,-3408894.08392
2014-02-06 18:15:05,-3236504.43540844
2014-02-07 18:15:05,-3052375.7892550244
2014-02-08 18:15:05,-3084397.96294553
2014-02-09 18:15:05,-2672397.3705988997
2014-02-10 18:15:05,-2534775.75456
2014-02-11 18:15:05,-2789228.6107842997
2014-02-12 18:15:05,-2774129.918384753
2014-02-13 18:15:05,-2844078.970477414
2014-02-14 18:15:05,-3197742.56540167
2014-02-15 18:15:05,-2922434.978930775
2014-02-16 18:15:05,-3001450.094273085
2014-02-17 18:15:05,-2656350.22929036
2014-02-18 18:15:05,-2601515.101493134
2014-02-19 18:15:05,-2970756.4769272236
2014-02-20 18:15:05,-2482346.6321454067
2014-02-21 18:15:05,-2369550.5978369904
2014-02-22 18:15:05,-2468726.708714625
2014-02-23 18:15:05,-2844419.1789030638
2014-02-24 18:15:05,-2472130.8241687003
2014-02-25 18:15:05,-2234252.95097664
2014-02-26 18:15:05,-2640156.199715866
2014-02-27 18:15:05,-2654377.089106063
2014-02-28 18:15:05,-2707623.9973948314
2014-03-01 18:15:05,-2106036.016553655
2014-03-02 18:15:05,-2079338.201531164
2014-03-03 18:15:05,-2356238.25228188
2014-03-04 18:15:05,-2342342.85098008
2014-03-05 18:15:05,-2666245.766533201
2014-03-06 18:15:05,-2651155.9436922558
2014-03-07 18:15:05,-2585728.207621587
2014-03-08 18:15:05,-2656468.40380887
2014-03-09 18:15:05,-2608064.401535282
2014-03-10 18:15:05,-2556730.5086020976
2014-03-11 18:15:05,-2606554.71044243
2014-03-12 18:15:05,-2685725.079648505
2014-03-13 18:15:05,-2705478.197012954
2014-03-14 18:15:05,-2202817.61569626
2014-03-15 18:15:05,-2776272.40264123
2014-03-16 18:15:05,-2501418.500956453
2014-03-17 18:15:05,-2770847.616971482
2014-03-18 18:15:05,-2266224.92961678
2014-03-19 18:15:05,-2350037.193796952
2014-03-20 18:15:05,-2455178.5195848
2014-03-21 18:15:05,-2615723.2440066026
2014-03-22 18:15:05,-2442665.30779819
2014-03-23 18:15:05,-2898380.2396701323
2014-03-24 18:15:05,-2838624.59082488
2014-03-25 18:15:05,-2181215.5637808773
2014-03-26 18:15:05,-2304388.839812702
2014-03-27 18:15:05,-2164683.113698464
2014-03-28 18:15:05,-2294802.89703401
2014-03-29 18:15:05,-2132288.5111300247
2014-03-30 18:15:05,-1667772.3248990518
2014-03-31 18:15:05,-1913938.74782394
2014-04-01 18:15:05,-2139790.047370756
2014-04-02 18:15:05,-2052299.6967683
2014-04-03 18:15:05,-2314821.839404868
2014-04-04 18:15:05,-2235131.7712971857
2014-04-05 18:15:05,-2016490.8018795904
2014-04-06 18:15:05,-1627614.1013840188
2014-04-07 18:15:05,-1628024.6347524528
2014-04-08 18:15:05,-1764017.9178059015
2014-04-09 18:15:05,-1600354.16358111
2014-04-10 18:15:05,-1745832.49753333
2014-04-11 18:15:05,-1588026.9149296454
2014-04-12 18:15:05,-1695705.2281392894
2014-04-13 18:15:05,-2011106.15055045
2014-04-14 18:15:05,-2055264.4155516415
2014-04-15 18:15:05,-2380275.2036291705
2014-04-16 18:15:05,-1897657.54002825
2014-04-17 18:15:05,-2145687.7748724
2014-04-18 18:15:05,-1866106.2431908974
2014-04-19 18:15:05,-2030440.56850243
2014-04-20 18:15:05,-2120412.1840287186
2014-04-21 18:15:05,-2191248.201555825
2014-04-22 18:15:05,-1891716.878531901
2014-04-23 18:15:05,-2124978.322966895
2014-04-24 18:15:05,-1799656.5052320082
2014-04-25 18:15:05,-1875901.5385967172
2014-04-26 18:15:05,-2059383.6858136184
2014-04-27 18:15:05,-1832455.332780975
2014-04-28 18:15:05,-1849533.87712986
2014-04-29 18:15:05,-1762966.2195997832
2014-04-30 18:15:05,-1633221.91789951
2014-05-01 18:15:05,-1926513.9646907318
2014-05-02 18:15:05,-1896766.8888640162
2014-05-03 18:15:05,-1559416.98337425
2014-05-04 18:15:05,-1653236.6832194168
2014-05-05 18:15:05,-1331676.8061100647
2014-05-06 18:15:05,-1994488.6837764324
2014-05-07 18:15:05,-1814122.4149171654
2014-05-08 18:15:05,-1715853.836425325
2014-05-09 18:15:05,-1868711.182560586
2014-05-10 18:15:05,-1997041.448965108
2014-05-11 18:15:05,-1801193.73707775
2014-05-12 18:15:05,-1727261.727331575
2014-05-13 18:15:05,-1859809.0681769103
2014-05-14 18:15:05,-1672697.969783321
2014-05-15 18:15:05,-1857581.468812327
2014-05-16 18:15:05,-2039866.6487198337
2014-05-17 18:15:05,-2050143.736223628
2014-05-18 18:15:05,-1717497.9629133688
2014-05-19 18:15:05,-1970621.7782461082
2014-05-20 18:15:05,-2164260.725683126
2014-05-21 18:15:05,-2195601.726544152
2014-05-22 18:15:05,-2180370.5370889055
2014-05-23 18:15:05,-2076653.5010431584
2014-05-24 18:15:05,-2184071.1260289527
2014-05-25 18:15:05,-2165121.04001025
2014-05-26 18:15:05,-2460441.1190428
2014-05-27 18:15:05,-1869354.649972599
2014-05-28 18:15:05,-2533802.2293351917
2014-05-29 18:15:05,-1853161.31155016
2014-05-30 18:15:05,-2474449.165780728
2014-05-31 18:15:05,-2351543.4906312465
2014-06-01 18:15:05,-3013324.1911457414
2014-06-02 18:15:05,-2819024.925027828
2014-06-03 18:15:05,-3158084.557280777
2014-06-04 18:15:05,-2941412.0136623173
2014-06-05 18:15:05,-2379793.5322576
2014-06-06 18:15:05,-2418853.10705851
2014-06-07 18:15:05,-2496729.756143475
2014-06-08 18:15:05,-2439321.39350768
2014-06-09 18:15:05,-2206472.9131470188
2014-06-10 18:15:05,-2867838.98590629
2014-06-11 18:15:05,-2328951.7450867826
2014-06-12 18:15:05,-2383376.41642353
2014-06-13 18:15:05,-2437285.46390676
2014-06-14 18:15:05,-2449295.6100143
2014-06-15 18:15:05,-2601044.335740576
2014-06-16 18:15:05,-3013003.4657212
2014-06-17 18:15:05,-2652377.617392348
2014-06-18 18:15:05,-2562154.195892696
2014-06-19 18:15:05,-2273671.257375821
2014-06-20 18:15:05,-2737474.43751486
2014-06-21 18:15:05,-2787038.060118109
2014-06-22 18:15:05,-2870467.818564057
2014-06-23 18:15:05,-2330557.022540565
2014-06-24 18:15:05,-2891605.905561483
2014-06-25 18:15:05,-2629997.9354502005
2014-06-26 18:15:05,-2426001.19621824
2014-06-27 18:15:05,-2747371.080312326
2014-06-28 18:15:05,-2785450.8341073
2014-06-29 18:15:05,-2587328.87767192
2014-06-30 18:15:05,-1930736.1455942001
2014-07-01 18:15:05,-2249761.344938034
2014-07-02 18:15:05,-2263668.3311229
2014-07-03 18:15:05,-2134295.8162218323
2014-07-04 18:15:05,-2535231.273763733
2014-07-05 18:15:05,-2399336.751572989
2014-07-06 18:15:05,-2357606.695378833
2014-07-07 18:15:05,-2154883.2736517284
2014-07-08 18:15:05,-2518365.342939831
2014-07-09 18:15:05,-2476280.7999756117
2014-07-10 18:15:05,-2379195.26630381
2014-07-11 18:15:05,-2356651.295116505
2014-07-12 18:15:05,-2601220.0810959325
2014-07-13 18:15:05,-2423082.745182609
2014-07-14 18:15:05,-2250581.1029634243
2014-07-15 18:15:05,-2142534.574881165
2014-07-16 18:15:05,-2547715.5953563317
2014-07-17 18:15:05,-2668173.7072245
2014-07-18 18:15:05,-2496383.5456645624
2014-07-19 18:15:05,-2706358.620223696
2014-07-20 18:15:05,-2645092.943484073
2014-07-21 18:15:05,-2300092.4913748764
2014-07-22 18:15:05,-2212818.452976798
2014-07-23 18:15:05,-2263348.14863177
2014-07-24 18:15:05,-2233003.1380305
2014-07-25 18:15:05,-2359020.298692956
2014-07-26 18:15:05,-2079914.2076211763
2014-07-27 18:15:05,-2379653.0710847867
2014-07-28 18:15:05,-1989968.0666549997
2014-07-29 18:15:05,-2159892.6303567
2014-07-30 18:15:05,-2502747.0398252774
2014-07-31 18:15:05,-2249639.43169426
2014-08-01 18:15:05,-2295871.587611861
2014-08-02 18:15:05,-2493929.5556995105
2014-08-03 18:15:05,-2236267.212201394
2014-08-04 18:15:05,-1998544.539023869
2014-08-05 18:15:05,-1907642.8284585841
2014-08-06 18:15:05,-2217098.931910944
2014-08-07 18:15:05,-2298329.78896309
2014-08-08 18:15:05,-2365399.589784544
2014-08-09 18:15:05,-2539912.8984662564
2014-08-10 18:15:05,-2630060.6426851233
2014-08-11 18:15:05,-2627548.2503253142
2014-08-12 18:15:05,-2570089.2048200164
2014-08-13 18:15:05,-2152367.89719102
2014-08-14 18:15:05,-2210466.667173356
2014-08-15 18:15:05,-2024535.337239137
2014-08-16 18:15:05,-2168493.21939378
2014-08-17 18:15:05,-2010658.79544669
2014-08-18 18:15:05,-2043330.5579682472
2014-08-19 18:15:05,-2504347.259675625
2014-08-20 18:15:05,-1997736.955382928
2014-08-21 18:15:05,-2201996.056686455
2014-08-22 18:15:05,-2080333.2340329075
2014-08-23 18:15:05,-1973085.2666201976
2014-08-24 18:15:05,-2089653.5306610675
2014-08-25 18:15:05,-1680476.8453222641
2014-08-26 18:15:05,-2121361.0614293264
2014-08-27 18:15:05,-2066252.6011882462
2014-08-28 18:15:05,-2299558.724516889
2014-08-29 18:15:05,-2119525.924886169
2014-08-30 18:15:05,-2161772.884905192
2014-08-31 18:15:05,-2325839.8020068854
2014-09-01 18:15:05,-1804739.2328091704
2014-09-02 18:15:05,-1723529.1550875844
2014-09-03 18:15:05,-1873886.460079628
2014-09-04 18:15:05,-2023628.08552182
2014-09-05 18:15:05,-1804808.707587495
2014-09-06 18:15:05,-2015531.392696713
2014-09-07 18:15:05,-1961186.4211329685
2014-09-08 18:15:05,-1817636.27707113
2014-09-09 18:15:05,-1533316.9248884984
2014-09-10 18:15:05,-1884504.191098702
2014-09-11 18:15:05,-1894631.40696767
2014-09-12 18:15:05,-1888566.670773756
2014-09-13 18:15:05,-2118640.660157421
2014-09-14 18:15:05,-2015879.7329768888
2014-09-15 18:15:05,-1752931.72579014
2014-09-16 18:15:05,-1970404.609914
2014-09-17 18:15:05,-2111300.48883712
2014-09-18 18:15:05,-1975043.7532838357
2014-09-19 18:15:05,-1611057.707699004
2014-09-20 18:15:05,-1793154.1611536148
2014-09-21 18:15:05,-1773576.7229585068
2014-09-22 18:15:05,-1569481.207888954
2014-09-23 18:15:05,-1591914.87043587
2014-09-24 18:15:05,-1754236.628549751
2014-09-25 18:15:05,-1657589.1115147432
2014-09-26 18:15:05,-1510183.9392714081
2014-09-27 18:15:05,-1277820.3267681918
2014-09-28 18:15:05,-1316289.3141906
2014-09-29 18:15:05,-1313317.25352705
2014-09-30 18:15:05,-1449426.556234234
2014-10-01 18:15:05,-1391736.10525684
2014-10-02 18:15:05,-1386207.578744579
2014-10-03 18:15:05,-1277964.6762790876
2014-10-04 18:15:05,-1196798.40091056
2014-10-05 18:15:05,-1303474.1905228563
2014-10-06 18:15:05,-1320727.447071648
2014-10-07 18:15:05,-1244004.466234633
2014-10-08 18:15:05,-1129473.3598810793
2014-10-09 18:15:05,-1340177.397258025
2014-10-10 18:15:05,-1422091.8620432687
2014-10-11 18:15:05,-1283179.7633743486
2014-10-12 18:15:05,-1345832.4265077156
2014-10-13 18:15:05,-1454186.5599207922
2014-10-14 18:15:05,-1436223.1652366668
2014-10-15 18:15:05,-1442969.23123454
2014-10-16 18:15:05,-1412967.0149491262
2014-10-17 18:15:05,-1278025.8876009786
2014-10-18 18:15:05,-1642049.9962889482
2014-10-19 18:15:05,-1299106.380578853
2014-10-20 18:15:05,-1323364.140703391
2014-10-21 18:15:05,-1349472.03378588
2014-10-22 18:15:05,-1641490.28258247
2014-10-23 18:15:05,-1296683.3544727557
2014-10-24 18:15:05,-1456050.9066642113
2014-10-25 18:15:05,-1321747.5403860211
2014-10-26 18:15:05,-1151322.845866972
2014-10-27 18:15:05,-1323396.82846393
2014-10-28 18:15:05,-1326154.8401771472
2014-10-29 18:15:05,-1232050.5458408268
2014-10-30 18:15:05,-1452682.25343792
2014-10-31 18:15:05,-1597960.519013502
2014-11-01 18:15:05,-1305248.3092250891
2014-11-02 18:15:05,-1334231.5086666306
2014-11-03 18:15:05,-1258332.3689084759
2014-11-04 18:15:05,-1342181.737565312
2014-11-05 18:15:05,-1363362.001322937
2014-11-06 18:15:05,-1256617.2921209647
2014-11-07 18:15:05,-1227279.18384918
2014-11-08 18:15:05,-1344825.5043746687
2014-11-09 18:15:05,-1232906.1135729996
2014-11-10 18:15:05,-1479849.0660449627
2014-11-11 18:15:05,-1281883.415007125
2014-11-12 18:15:05,-1445645.9159748978
2014-11-13 18:15:05,-1477529.2153982974
2014-11-14 18:15:05,-1442024.4661607696
2014-11-15 18:15:05,-1394987.1985055124
2014-11-16 18:15:05,-1386415.904426755
2014-11-17 18:15:05,-1432701.705463903
2014-11-18 18:15:05,-1419675.5313151684
2014-11-19 18:15:05,-1278557.122651907
2014-11-20 18:15:05,-1234155.83737665
2014-11-21 18:15:05,-1101714.713586656
2014-11-22 18:15:05,-1417042.60147835
2014-11-23 18:15:05,-1275378.1849465135
2014-11-24 18:15:05,-1483200.2664
2014-11-25 18:15:05,-1214643.7332880385
2014-11-26 18:15:05,-1323058.5465020344
2014-11-27 18:15:05,-1215938.7290326264
2014-11-28 18:15:05,-1453080.6497098592
2014-11-29 18:15:05,-1419651.249898359
2014-11-30 18:15:05,-1461846.59551476
2014-12-01 18:15:05,-1359304.132836102
2014-12-02 18:15:05,-1350422.7718398238
2014-12-03 18:15:05,-1139067.713469165
2014-12-04 18:15:05,-1369956.578799545
2014-12-05 18:15:05,-1397295.1225331088
2014-12-06 18:15:05,-1351564.0575443257
2014-12-07 18:15:05,-1141882.5509698112
2014-12-08 18:15:05,-1371655.0234896312
2014-12-09 18:15:05,-1212024.6483216768
2014-12-10 18:15:05,-1434532.7964997112
2014-12-11 18:15:05,-1286520.695974698
2014-12-12 18:15:05,-1256455.1338441873
2014-12-13 18:15:05,-1248519.4187531832
2014-12-14 18:15:05,-1162042.5739078657
2014-12-15 18:15:05,-1341762.1689901191
2014-12-16 18:15:05,-1114715.829486751
2014-12-17 18:15:05,-1005880.8533034
2014-12-18 18:15:05,-1099018.3886944829
2014-12-19 18:15:05,-980109.6982929973
2014-12-20 18:15:05,-1143891.1767999579
2014-12-21 18:15:05,-1181414.4689212756
2014-12-22 18:15:05,-1068044.244044657
2014-12-23 18:15:05,-1359933.0691295231
2014-12-24 18:15:05,-1232591.0231546056
2014-12-25 18:15:05,-1346004.0217795584
2014-12-26 18:15:05,-1175733.559851308
2014-12-27 18:15:05,-1251693.9109834635
2014-12-28 18:15:05,-1321738.9535831
2014-12-29 18:15:05,-1324296.748926875
2014-12-30 18:15:05,-1138410.6279195196
2014-12-31 18:15:05,-1225973.69769963
2015-01-01 18:15:05,-1307628.428947841
2015-01-02 18:15:05,-1261208.4392763341
2015-01-03 18:15:05,-1235953.4324512396
2015-01-04 18:15:05,-1118862.843162362
2015-01-05 18:15:05,-1157863.511267824
2015-01-06 18:15:05,-1082881.274416624
2015-01-07 18:15:05,-1020449.436670688
2015-01-08 18:15:05,-930199.1640950079
2015-01-09 18:15:05,-1047371.117198192
2015-01-10 18:15:05,-975657.50787908
2015-01-11 18:15:05,-996626.0178227923
2015-01-12 18:15:05,-1098187.2152171999
2015-01-13 18:15:05,-602750.0981529839
2015-01-14 18:15:05,-663485.471505425
2015-01-15 18:15:05,-754322.7462489936
2015-01-16 18:15:05,-761666.6370397275
2015-01-17 18:15:05,-672643.226088064
2015-01-18 18:15:05,-783952.9008872369
2015-01-19 18:15:05,-819654.5258010874
2015-01-20 18:15:05,-635899.6725460165
2015-01-21 18:15:05,-734054.051894832
2015-01-22 18:15:05,-873978.571708028
2015-01-23 18:15:05,-719324.3014812589
2015-01-24 18:15:05,-737056.1466102031
2015-01-25 18:15:05,-775360.228714227
2015-01-26 18:15:05,-857483.8016261852
2015-01-27 18:15:05,-960676.4211043216
2015-01-28 18:15:05,-981474.70986845
2015-01-29 18:15:05,-988305.65843833
2015-01-30 18:15:05,-796877.8542377087
2015-01-31 18:15:05,-887295.308619182
2015-02-01 18:15:05,-935630.8728756985
2015-02-02 18:15:05,-816821.26739442
2015-02-03 18:15:05,-795041.1421263661
2015-02-04 18:15:05,-893056.223006688
2015-02-05 18:15:05,-796113.3829635864
2015-02-06 18:15:05,-962031.8189008641
2015-02-07 18:15:05,-965463.2541167951
2015-02-08 18:15:05,-712640.22894501
2015-02-09 18:15:05,-850973.3898123648
2015-02-10 18:15:05,-822477.1159916031
2015-02-11 18:15:05,-829207.5321174397
2015-02-12 18:15:05,-751229.4719176134
2015-02-13 18:15:05,-835965.4174599312
2015-02-14 18:15:05,-983281.4201275532
2015-02-15 18:15:05,-814088.5016794596
2015-02-16 18:15:05,-927980.7185174322
2015-02-17 18:15:05,-941806.79777076
2015-02-18 18:15:05,-941757.2580161224
2015-02-19 18:15:05,-987205.4105466143
2015-02-20 18:15:05,-1007382.5290370265
2015-02-21 18:15:05,-843987.3497815836
2015-02-22 18:15:05,-887962.56566424
2015-02-23 18:15:05,-808752.5121532227
2015-02-24 18:15:05,-824849.033693258
2015-02-25 18:15:05,-926888.9747881995
2015-02-26 18:15:05,-851573.768064125
2015-02-27 18:15:05,-999699.36309918
2015-02-28 18:15:05,-850336.7456865008
2015-03-01 18:15:05,-925213.5318315143
2015-03-02 18:15:05,-985044.3136830135
2015-03-03 18:15:05,-1057602.3825259341
2015-03-04 18:15:05,-1101225.0930198692
2015-03-05 18:15:05,-753272.1142747748
2015-03-06 18:15:05,-1070190.3016714796
2015-03-07 18:15:05,-968556.7825337165
2015-03-08 18:15:05,-1064493.652397662
2015-03-09 18:15:05,-944655.4026738708
2015-03-10 18:15:05,-1105132.508241762
2015-03-11 18:15:05,-1212617.5330690285
2015-03-12 18:15:05,-984551.7595727713
2015-03-13 18:15:05,-1002029.2368070544
2015-03-14 18:15:05,-948584.436165218
2015-03-15 18:15:05,-1038758.1010435873
2015-03-16 18:15:05,-948546.9119416608
2015-03-17 18:15:05,-1021861.7446194388
2015-03-18 18:15:05,-933079.7910848312
2015-03-19 18:15:05,-927537.6780182972
2015-03-20 18:15:05,-911610.9252035641
2015-03-21 18:15:05,-917959.2897771744
2015-03-22 18:15:05,-863026.17024241
2015-03-23 18:15:05,-1006442.78284599
2015-03-24 18:15:05,-1031139.1106932212
2015-03-25 18:15:05,-1015808.7328042744
2015-03-26 18:15:05,-935079.0981246863
2015-03-27 18:15:05,-1065285.6444653892
2015-03-28 18:15:05,-939956.2530460224
2015-03-29 18:15:05,-918312.8550892456
2015-03-30 18:15:05,-866758.6290690991
2015-03-31 18:15:05,-901297.2905722844
2015-04-01 18:15:05,-857188.3345190609
2015-04-02 18:15:05,-923674.158657504
2015-04-03 18:15:05,-956602.940877805
2015-04-04 18:15:05,-973192.5912686177
2015-04-05 18:15:05,-966610.8251981259
2015-04-06 18:15:05,-817507.3767226291
2015-04-07 18:15:05,-1011398.04649176
2015-04-08 18:15:05,-727716.9791991645
2015-04-09 18:15:05,-871642.9365506605
2015-04-10 18:15:05,-829744.6350777498
2015-04-11 18:15:05,-806648.688312039
2015-04-12 18:15:05,-801584.6796347244
2015-04-13 18:15:05,-793018.4871114378
2015-04-14 18:15:05,-849539.47586832
2015-04-15 18:15:05,-670000.1101255112
2015-04-16 18:15:05,-788740.0691685006
2015-04-17 18:15:05,-742765.649964737
2015-04-18 18:15:05,-736120.7739991448
2015-04-19 18:15:05,-764724.7163833992
2015-04-20 18:15:05,-928628.1140245138
2015-04-21 18:15:05,-890117.7074426376
2015-04-22 18:15:05,-844663.545263891
2015-04-23 18:15:05,-808926.8246234448
2015-04-24 18:15:05,-689042.1691689102
2015-04-25 18:15:05,-857258.236460286
2015-04-26 18:15:05,-810710.1172279876
2015-04-27 18:15:05,-764552.976595496
2015-04-28 18:15:05,-870422.4086287373
2015-04-29 18:15:05,-723949.7348331852
2015-04-30 18:15:05,-778024.1677581121
2015-05-01 18:15:05,-854283.3552494984
2015-05-02 18:15:05,-857132.4274643481
2015-05-03 18:15:05,-826782.4106953398
2015-05-04 18:15:05,-776067.7894697739
2015-05-05 18:15:05,-899677.6766363796
2015-05-06 18:15:05,-839172.6244581353
2015-05-07 18:15:05,-937982.0866485076
2015-05-08 18:15:05,-901580.3208593607
2015-05-09 18:15:05,-755837.4118311828
2015-05-10 18:15:05,-768261.41030737
2015-05-11 18:15:05,-905656.6707999028
2015-05-12 18:15:05,-949918.5797551327
2015-05-13 18:15:05,-979276.3556999249
2015-05-14 18:15:05,-830736.2159013313
2015-05-15 18:15:05,-976516.6238388
2015-05-16 18:15:05,-753951.4097159994
2015-05-17 18:15:05,-1016840.4391258368
2015-05-18 18:15:05,-806329.5426915655
2015-05-19 18:15:05,-785348.1525413664
2015-05-20 18:15:05,-829151.649442056
2015-05-21 18:15:05,-899286.71179132
2015-05-22 18:15:05,-850090.259892055
2015-05-23 18:15:05,-713093.2382836962
2015-05-24 18:15:05,-844556.3169734152
2015-05-25 18:15:05,-844689.9509299934
2015-05-26 18:15:05,-792110.5730914004
2015-05-27 18:15:05,-848091.81597395
2015-05-28 18:15:05,-776570.1671611936
2015-05-29 18:15:05,-921655.8137291485
2015-05-30 18:15:05,-712280.8370339351
2015-05-31 18:15:05,-849252.72639685
2015-06-01 18:15:05,-751657.0041229121
2015-06-02 18:15:05,-816335.5490770914
2015-06-03 18:15:05,-799287.5018468087
2015-06-04 18:15:05,-796725.9428617565
2015-06-05 18:15:05,-792107.489301764
2015-06-06 18:15:05,-900147.539168262
2015-06-07 18:15:05,-926317.6108326841
2015-06-08 18:15:05,-800215.07870772
2015-06-09 18:15:05,-928065.7899400679
2015-06-10 18:15:05,-896030.0048011849
2015-06-11 18:15:05,-883198.62096613
2015-06-12 18:15:05,-777762.2024443243
2015-06-13 18:15:05,-905331.4376418036
2015-06-14 18:15:05,-837469.539651108
2015-06-15 18:15:05,-882346.0534996464
2015-06-16 18:15:05,-749605.1048867359
2015-06-17 18:15:05,-881123.6807707008
2015-06-18 18:15:05,-950861.0107780877
2015-06-19 18:15:05,-984808.323966585
2015-06-20 18:15:05,-812163.2346217296
2015-06-21 18:15:05,-736341.2181402046
2015-06-22 18:15:05,-905772.4852275384
2015-06-23 18:15:05,-866421.2150509136
2015-06-24 18:15:05,-904386.3495942656
2015-06-25 18:15:05,-963650.5926388992
2015-06-26 18:15:05,-888044.0246144173
2015-06-27 18:15:05,-790971.23096383
2015-06-28 18:15:05,-910375.5392416477
2015-06-29 18:15:05,-864789.30046269
2015-06-30 18:15:05,-931343.8112801171
2015-07-01 18:15:05,-928659.5347201426
2015-07-02 18:15:05,-887111.8807246722
2015-07-03 18:15:05,-1026731.9485353329
2015-07-04 18:15:05,-994347.9847598335
2015-07-05 18:15:05,-977171.0373293492
2015-07-06 18:15:05,-1153811.23988291
2015-07-07 18:15:05,-976931.6786758115
2015-07-08 18:15:05,-1024770.0464628488
2015-07-09 18:15:05,-922355.4126378959
2015-07-10 18:15:05,-1108031.852483466
2015-07-11 18:15:05,-1053095.936421895
2015-07-12 18:15:05,-1052989.8680582792
2015-07-13 18:15:05,-1041014.5202064529
2015-07-14 18:15:05,-1009518.35894087
2015-07-15 18:15:05,-1112005.5176199365
2015-07-16 18:15:05,-930086.0800820424
2015-07-17 18:15:05,-993855.7942906072
2015-07-18 18:15:05,-1099863.9569594688
2015-07-19 18:15:05,-981786.5263068131
2015-07-20 18:15:05,-992183.2727768876
2015-07-21 18:15:05,-968561.5729633126
2015-07-22 18:15:05,-1011734.3556417049
2015-07-23 18:15:05,-1023210.3671278944
2015-07-24 18:15:05,-1199816.699187834
2015-07-25 18:15:05,-1092120.7081948905
2015-07-26 18:15:05,-1002891.9036178077
2015-07-27 18:15:05,-1117783.3120733178
2015-07-28 18:15:05,-1040106.9143544685
2015-07-29 18:15:05,-1071899.03582136
2015-07-30 18:15:05,-975052.3539422121
2015-07-31 18:15:05,-979288.7897123188
2015-08-01 18:15:05,-1140977.112895532
2015-08-02 18:15:05,-1095193.0477927104
2015-08-03 18:15:05,-1038182.1847796822
2015-08-04 18:15:05,-1016290.1638632
2015-08-05 18:15:05,-880737.500097872
2015-08-06 18:15:05,-959902.6592038872
2015-08-07 18:15:05,-983551.65136984
2015-08-08 18:15:05,-1053099.4044036912
2015-08-09 18:15:05,-890895.0696712664
2015-08-10 18:15:05,-1148262.436531833
2015-08-11 18:15:05,-1116128.694907187
2015-08-12 18:15:05,-817012.7193945607
2015-08-13 18:15:05,-984011.353944322
2015-08-14 18:15:05,-888109.866045506
2015-08-15 18:15:05,-883125.9227787616
2015-08-16 18:15:05,-941491.758483348
2015-08-17 18:15:05,-921018.983684998
2015-08-18 18:15:05,-913877.9318270723
2015-08-19 18:15:05,-880721.9903334217
2015-08-20 18:15:05,-897904.0560946609
2015-08-21 18:15:05,-893799.9921026631
2015-08-22 18:15:05,-859411.0554067869
2015-08-23 18:15:05,-778555.2236616879
2015-08-24 18:15:05,-831678.358995828
2015-08-25 18:15:05,-760270.1621903572
2015-08-26 18:15:05,-880878.4834985688
2015-08-27 18:15:05,-844924.144510043
2015-08-28 18:15:05,-866642.7339396076
2015-08-29 18:15:05,-936157.9688671964
2015-08-30 18:15:05,-811302.8598001066
2015-08-31 18:15:05,-912203.29694043
2015-09-01 18:15:05,-861030.9731701695
2015-09-02 18:15:05,-877937.3732301849
2015-09-03 18:15:05,-850221.9563359355
2015-09-04 18:15:05,-871975.845964864
2015-09-05 18:15:05,-878353.7360413333
2015-09-06 18:15:05,-949528.536956618
2015-09-07 18:15:05,-814182.8614171019
2015-09-08 18:15:05,-837806.4063812824
2015-09-09 18:15:05,-839942.277339292
2015-09-10 18:15:05,-1005765.1673371008
2015-09-11 18:15:05,-1030740.5446878251
2015-09-12 18:15:05,-790555.287944588
2015-09-13 18:15:05,-798667.7123201563
2015-09-14 18:15:05,-910772.6373291936
2015-09-15 18:15:05,-930409.3923779
2015-09-16 18:15:05,-842594.5962173877
2015-09-17 18:15:05,-818713.02826404
2015-09-18 18:15:05,-832572.4369885034
2015-09-19 18:15:05,-756099.4908172353
2015-09-20 18:15:05,-685880.277879896
2015-09-21 18:15:05,-741577.8428883456
2015-09-22 18:15:05,-911587.9658784672
2015-09-23 18:15:05,-855896.7242805209
2015-09-24 18:15:05,-842211.8069201891
2015-09-25 18:15:05,-948553.5696189805
2015-09-26 18:15:05,-882282.9175244784
2015-09-27 18:15:05,-833373.1916985936
2015-09-28 18:15:05,-824105.5573724662
2015-09-29 18:15:05,-1021799.6861891176
2015-09-30 18:15:05,-915203.0108565949
2015-10-01 18:15:05,-913013.1687285714
2015-10-02 18:15:05,-737205.3573331715
2015-10-03 18:15:05,-902899.3948920914
2015-10-04 18:15:05,-899493.6105416492
2015-10-05 18:15:05,-879768.5192549605
2015-10-06 18:15:05,-912976.6575301448
2015-10-07 18:15:05,-821133.01774854
2015-10-08 18:15:05,-828950.5430751166
2015-10-09 18:15:05,-808136.149709068
2015-10-10 18:15:05,-909301.2493122136
2015-10-11 18:15:05,-925387.724096668
2015-10-12 18:15:05,-857347.5988763418
2015-10-13 18:15:05,-829773.2615574296
2015-10-14 18:15:05,-960856.899662452
2015-10-15 18:15:05,-1030553.8207105092
2015-10-16 18:15:05,-1009301.3175057984
2015-10-17 18:15:05,-873563.2186251091
2015-10-18 18:15:05,-932157.5160004308
2015-10-19 18:15:05,-1089158.031206835
2015-10-20 18:15:05,-848562.69037285
2015-10-21 18:15:05,-967164.3077114072
2015-10-22 18:15:05,-1067235.50334075
2015-10-23 18:15:05,-1060293.404865061
2015-10-24 18:15:05,-964642.180492485
2015-10-25 18:15:05,-1136025.4387181988
2015-10-26 18:15:05,-1075604.4559402529
2015-10-27 18:15:05,-1155329.9949089892
2015-10-28 18:15:05,-1007769.5831108384
2015-10-29 18:15:05,-1137938.3246775342
2015-10-30 18:15:05,-1338786.571327208
2015-10-31 18:15:05,-1172677.8993556704
2015-11-01 18:15:05,-1229609.260642805
2015-11-02 18:15:05,-1224465.951157663
2015-11-03 18:15:05,-1602090.40494776
2015-11-04 18:15:05,-1673237.6616344631
2015-11-05 18:15:05,-1475739.879712
2015-11-06 18:15:05,-1317572.065249716
2015-11-07 18:15:05,-1568018.839133271
2015-11-08 18:15:05,-1326059.6441910318
2015-11-09 18:15:05,-1381397.981908036
2015-11-10 18:15:05,-1254371.7564117492
2015-11-11 18:15:05,-1361922.37104087
2015-11-12 18:15:05,-1201868.606437048
2015-11-13 18:15:05,-1378218.809969012
2015-11-14 18:15:05,-1252911.469087765
2015-11-15 18:15:05,-1161164.8311199564
2015-11-16 18:15:05,-1440488.7174805882
2015-11-17 18:15:05,-1343259.3586650337
2015-11-18 18:15:05,-1161025.6887474589
2015-11-19 18:15:05,-1143106.45081276
2015-11-20 18:15:05,-1266228.4193105523
2015-11-21 18:15:05,-1440535.255710665
2015-11-22 18:15:05,-1394951.6827986748
2015-11-23 18:15:05,-1289681.7674138534
2015-11-24 18:15:05,-1212170.139541803
2015-11-25 18:15:05,-1242936.38613625
2015-11-26 18:15:05,-1399243.46362968
2015-11-27 18:15:05,-1330147.4436568795
2015-11-28 18:15:05,-1281751.601251788
2015-11-29 18:15:05,-1420748.3748155057
2015-11-30 18:15:05,-1384976.9434355504
2015-12-01 18:15:05,-1712998.6744977962
2015-12-02 18:15:05,-1315257.9469593512
2015-12-03 18:15:05,-1293661.0584427612
2015-12-04 18:15:05,-1307455.8061358249
2015-12-05 18:15:05,-1574067.5351417912
2015-12-06 18:15:05,-1665440.6547717988
2015-12-07 18:15:05,-1480563.0294924718
2015-12-08 18:15:05,-1557400.655217062
2015-12-09 18:15:05,-1816535.959839008
2015-12-10 18:15:05,-2021962.1767721155
2015-12-11 18:15:05,-1926161.51433465
2015-12-12 18:15:05,-1760915.2015702096
2015-12-13 18:15:05,-1620009.124436363
2015-12-14 18:15:05,-1943044.7507518318
2015-12-15 18:15:05,-2198887.984344081
2015-12-16 18:15:05,-1890817.459073696
2015-12-17 18:15:05,-1785346.3431494103
2015-12-18 18:15:05,-1818394.3539226502
2015-12-19 18:15:05,-1770422.3367933563
2015-12-20 18:15:05,-1823619.4714421504
2015-12-21 18:15:05,-1671208.041956927
2015-12-22 18:15:05,-1520145.5254176431
2015-12-23 18:15:05,-1803145.63182486
2015-12-24 18:15:05,-1672681.3553117048
2015-12-25 18:15:05,-1510323.2703077674
2015-12-26 18:15:05,-1931600.2793209204
2015-12-27 18:15:05,-2028698.0470342769
2015-12-28 18:15:05,-1693740.5254848113
2015-12-29 18:15:05,-1624465.8935601683
2015-12-30 18:15:05,-1837534.91788548
2015-12-31 18:15:05,-1533970.1959539463
2016-01-01 18:15:05,-1450581.4201366592
2016-01-02 18:15:05,-1473297.4913458775
2016-01-03 18:15:05,-1584573.725582236
2016-01-04 18:15:05,-1881799.34113369
2016-01-05 18:15:05,-1745629.036014388
2016-01-06 18:15:05,-1451545.7342208824
2016-01-07 18:15:05,-1617885.2460105978
2016-01-08 18:15:05,-1939798.0729861888
2016-01-09 18:15:05,-1775994.8865690138
2016-01-10 18:15:05,-1883650.2577441984
2016-01-11 18:15:05,-1885043.202815944
2016-01-12 18:15:05,-1949811.516992008
2016-01-13 18:15:05,-1628436.3029960343
2016-01-14 18:15:05,-1411260.04429858
2016-01-15 18:15:05,-1190303.685140823
2016-01-16 18:15:05,-1274150.851384568
2016-01-17 18:15:05,-1326284.643989513
2016-01-18 18:15:05,-1670727.8948142715
2016-01-19 18:15:05,-1395315.304326282
2016-01-20 18:15:05,-1471473.3668552076
2016-01-21 18:15:05,-1348451.58809352
2016-01-22 18:15:05,-1571558.023516425
2016-01-23 18:15:05,-1722234.010099155
2016-01-24 18:15:05,-1664693.2507768075
2016-01-25 18:15:05,-1656909.7706477053
2016-01-26 18:15:05,-1597193.852192757
2016-01-27 18:15:05,-1499840.939527973
2016-01-28 18:15:05,-1395873.8737473527
2016-01-29 18:15:05,-1586235.314347866
2016-01-30 18:15:05,-1657124.5936480898
2016-01-31 18:15:05,-1674571.1189102016
2016-02-01 18:15:05,-1617817.453242
2016-02-02 18:15:05,-1509713.1649630226
2016-02-03 18:15:05,-1584470.9231920054
2016-02-04 18:15:05,-1765015.7983552797
2016-02-05 18:15:05,-1723340.3203218426
2016-02-06 18:15:05,-1765513.36489626
2016-02-07 18:15:05,-1686074.5607511809
2016-02-08 18:15:05,-1497223.65057068
2016-02-09 18:15:05,-1558453.89052703
2016-02-10 18:15:05,-1584331.198960279
2016-02-11 18:15:05,-1791693.131494585
2016-02-12 18:15:05,-1501090.2247763688
2016-02-13 18:15:05,-1472094.46864651
2016-02-14 18:15:05,-1796775.1260393616
2016-02-15 18:15:05,-1473587.162093693
2016-02-16 18:15:05,-1497919.6880428188
2016-02-17 18:15:05,-1444430.2276826603
2016-02-18 18:15:05,-1867482.8113523843
2016-02-19 18:15:05,-1433257.5686026427
2016-02-20 18:15:05,-1717007.8832987018
2016-02-21 18:15:05,-1351538.2816338122
2016-02-22 18:15:05,-1406036.011979545
2016-02-23 18:15:05,-1387268.36974959
2016-02-24 18:15:05,-1282028.642219015
2016-02-25 18:15:05,-1507481.492736114
2016-02-26 18:15:05,-1572965.319596412
2016-02-27 18:15:05,-1398293.486388
2016-02-28 18:15:05,-1596201.3581593896
2016-02-29 18:15:05,-1448792.5796606515
2016-03-01 18:15:05,-1357799.894477592
2016-03-02 18:15:05,-1654452.742131331
2016-03-03 18:15:05,-1370639.0048039905
2016-03-04 18:15:05,-1560714.5344107056
2016-03-05 18:15:05,-1568698.70812518
2016-03-06 18:15:05,-1403967.67353415
2016-03-07 18:15:05,-1578086.9990915991
2016-03-08 18:15:05,-1363385.8941418573
2016-03-09 18:15:05,-1682306.25589899
2016-03-10 18:15:05,-1656330.8359728002
2016-03-11 18:15:05,-1699107.5718737203
2016-03-12 18:15:05,-1471457.4047458
2016-03-13 18:15:05,-1338652.3707648672
2016-03-14 18:15:05,-1544289.9471087784
2016-03-15 18:15:05,-1558450.2496115882
2016-03-16 18:15:05,-1747942.7771571109
2016-03-17 18:15:05,-1393541.839189637
2016-03-18 18:15:05,-1393189.3855182994
2016-03-19 18:15:05,-1353427.4407165754
2016-03-20 18:15:05,-1537161.586485744
2016-03-21 18:15:05,-1277176.5154838278
2016-03-22 18:15:05,-1529009.0364679066
2016-03-23 18:15:05,-1561023.74700872
2016-03-24 18:15:05,-1555957.9830632582
2016-03-25 18:15:05,-1495551.530484813
2016-03-26 18:15:05,-1513310.848102869
2016-03-27 18:15:05,-1618265.4688013
2016-03-28 18:15:05,-1483521.6473552503
2016-03-29 18:15:05,-1738086.35989068
2016-03-30 18:15:05,-1617135.474952998
2016-03-31 18:15:05,-1284379.1250788195
2016-04-01 18:15:05,-1406487.64754025
2016-04-02 18:15:05,-1544275.645634884
2016-04-03 18:15:05,-1517697.2494871654
2016-04-04 18:15:05,-1699542.5915717392
2016-04-05 18:15:05,-1550319.0545856375
2016-04-06 18:15:05,-1612783.286193536
2016-04-07 18:15:05,-1509410.2782698032
2016-04-08 18:15:05,-1469843.488247494
2016-04-09 18:15:05,-1675864.5577534172
2016-04-10 18:15:05,-1820091.3529122681
2016-04-11 18:15:05,-1568352.2540548912
2016-04-12 18:15:05,-1597034.4698126174
2016-04-13 18:15:05,-1647313.6146377574
2016-04-14 18:15:05,-1728414.5860235016
2016-04-15 18:15:05,-1535824.2708792528
2016-04-16 18:15:05,-1519438.807616211
2016-04-17 18:15:05,-1614054.8150457563
2016-04-18 18:15:05,-1423115.9761508089
2016-04-19 18:15:05,-1592099.4391424682
2016-04-20 18:15:05,-1595746.4586186789
2016-04-21 18:15:05,-1817356.2422359681
2016-04-22 18:15:05,-1562391.3731765568
2016-04-23 18:15:05,-1641118.36697928
2016-04-24 18:15:05,-1473733.743429126
2016-04-25 18:15:05,-1497167.827580353
2016-04-26 18:15:05,-1575662.7471472134
2016-04-27 18:15:05,-1524776.7915966916
2016-04-28 18:15:05,-1457342.8273991183
2016-04-29 18:15:05,-1690902.63678794
2016-04-30 18:15:05,-1682138.6113467957
2016-05-01 18:15:05,-1719391.878765356
2016-05-02 18:15:05,-1629582.244184475
2016-05-03 16:36:36,-1726117.15340736
