"MarketPrice","NextDayPrediction"
-0.711431369178,NA
-0.711431369178,NA
-0.711431369178,NA
-0.711431369178,NA
-0.711431369178,NA
-0.711431369178,NA
-0.711431369178,NA
-0.711431369178,NA
-0.711431369178,NA
-0.711431369178,NA
-0.711431369178,NA
-0.711431369178,NA
-0.711431369178,NA
-0.711431369178,NA
-0.711431369178,NA
-0.711431369178,NA
-0.711431369178,NA
-0.711431369178,NA
-0.711431369178,NA
-0.711431369178,NA
-0.711431369178,NA
-0.711431369178,NA
-0.711431369178,NA
-0.711431369178,NA
-0.711431369178,NA
-0.711431369178,NA
-0.711431369178,NA
-0.711431369178,NA
-0.711431369178,NA
-0.711431369178,NA
-0.711431369178,NA
-0.711431369178,NA
-0.711431369178,NA
-0.711431369178,NA
-0.711431369178,NA
-0.711431369178,NA
-0.711431369178,NA
-0.711431369178,NA
-0.711431369178,NA
-0.711431369178,NA
-0.711431369178,NA
-0.711431369178,NA
-0.711431369178,NA
-0.711431369178,NA
-0.711431369178,NA
-0.711431369178,NA
-0.711431369178,NA
-0.711431369178,NA
-0.711431369178,NA
-0.711431369178,NA
-0.711431369178,NA
-0.711431369178,NA
-0.711431369178,NA
-0.711431369178,NA
-0.711431369178,NA
-0.711431369178,NA
-0.711431369178,NA
-0.711431369178,NA
-0.711431369178,NA
-0.711431369178,NA
-0.711431369178,NA
-0.711431369178,NA
-0.711431369178,NA
-0.711431369178,NA
-0.711431369178,NA
-0.711431369178,NA
-0.711431369178,NA
-0.711431369178,NA
-0.711431369178,NA
-0.711431369178,NA
-0.711431369178,NA
-0.711431369178,NA
-0.711431369178,NA
-0.711431369178,NA
-0.711431369178,NA
-0.711431369178,NA
-0.711431369178,NA
-0.711431369178,NA
-0.711431369178,NA
-0.711431369178,NA
-0.711431369178,NA
-0.711431369178,NA
-0.711431369178,NA
-0.711431369178,NA
-0.711431369178,NA
-0.711431369178,NA
-0.711431369178,NA
-0.711431369178,NA
-0.711431369178,NA
-0.711431369178,NA
-0.711431369178,NA
-0.711431369178,NA
-0.711431369178,NA
-0.711431369178,NA
-0.711431369178,NA
-0.711431369178,NA
-0.711431369178,NA
-0.711431369178,NA
-0.711431369178,NA
-0.711431369178,NA
-0.711431369178,NA
-0.711431369178,NA
-0.711431369178,NA
-0.711431369178,NA
-0.711431369178,NA
-0.711431369178,NA
-0.711431369178,NA
-0.711431369178,NA
-0.711431369178,NA
-0.711431369178,NA
-0.711431369178,NA
-0.711431369178,NA
-0.711431369178,NA
-0.711431369178,NA
-0.711431369178,NA
-0.711431369178,NA
-0.711431369178,NA
-0.711431369178,NA
-0.711431369178,NA
-0.711431369178,NA
-0.711431369178,NA
-0.711431369178,NA
-0.711431369178,NA
-0.711431369178,NA
-0.711431369178,NA
-0.711431369178,NA
-0.711431369178,NA
-0.711431369178,NA
-0.711431369178,NA
-0.711431369178,NA
-0.711431369178,NA
-0.711431369178,NA
-0.711431369178,NA
-0.711431369178,NA
-0.711431369178,NA
-0.711431369178,NA
-0.711431369178,NA
-0.711431369178,NA
-0.711431369178,NA
-0.711431369178,NA
-0.711431369178,NA
-0.711431369178,NA
-0.711431369178,NA
-0.711431369178,NA
-0.711431369178,NA
-0.711431369178,NA
-0.711431369178,NA
-0.711431369178,NA
-0.711431369178,NA
-0.711431369178,NA
-0.711431369178,NA
-0.711431369178,NA
-0.711431369178,NA
-0.711431369178,NA
-0.711431369178,NA
-0.711431369178,NA
-0.711431369178,NA
-0.711431369178,NA
-0.711431369178,NA
-0.711431369178,NA
-0.711431369178,NA
-0.711431369178,NA
-0.711431369178,NA
-0.711431369178,NA
-0.711431369178,NA
-0.711431369178,NA
-0.711431369178,NA
-0.711431369178,NA
-0.711431369178,NA
-0.711431369178,NA
-0.711431369178,NA
-0.711431369178,NA
-0.711431369178,NA
-0.711431369178,NA
-0.711431369178,NA
-0.711431369178,NA
-0.711431369178,NA
-0.711431369178,NA
-0.711431369178,NA
-0.711431369178,NA
-0.711431369178,NA
-0.711431369178,NA
-0.711431369178,NA
-0.711431369178,NA
-0.711431369178,NA
-0.711431369178,NA
-0.711431369178,NA
-0.711431369178,NA
-0.711431369178,NA
-0.711431369178,NA
-0.711431369178,NA
-0.711431369178,NA
-0.711431369178,NA
-0.711431369178,NA
-0.711431369178,NA
-0.711431369178,NA
-0.711431369178,NA
-0.711431369178,NA
-0.711431369178,NA
-0.711431369178,NA
-0.711431369178,NA
-0.711431369178,NA
-0.711431369178,NA
-0.711431369178,NA
-0.711431369178,NA
-0.711431369178,NA
-0.711431369178,NA
-0.711431369178,NA
-0.711431369178,NA
-0.711431369178,NA
-0.711431369178,NA
-0.711431369178,NA
-0.711431369178,NA
-0.711431369178,NA
-0.711431369178,NA
-0.711431369178,NA
-0.711431369178,NA
-0.711431369178,NA
-0.711431369178,NA
-0.711431369178,NA
-0.711431369178,NA
-0.711431369178,NA
-0.711431369178,NA
-0.711431369178,NA
-0.711431369178,NA
-0.711431369178,NA
-0.711431369178,NA
-0.711431369178,NA
-0.711431369178,NA
-0.711431369178,NA
-0.711431369178,NA
-0.711431369178,NA
-0.711431369178,NA
-0.711431369178,NA
-0.711431369178,NA
-0.711431369178,NA
-0.711431369178,NA
-0.711431369178,NA
-0.711431369178,NA
-0.711431369178,NA
-0.711431369178,NA
-0.711431369178,NA
-0.711431369178,NA
-0.711431369178,NA
-0.711431369178,NA
-0.711431369178,NA
-0.711431369178,NA
-0.711431369178,NA
-0.711431369178,NA
-0.711431369178,NA
-0.711431369178,NA
-0.711431369178,NA
-0.711431369178,NA
-0.711431369178,NA
-0.711431369178,NA
-0.711431369178,NA
-0.711431369178,NA
-0.711431369178,NA
-0.711431369178,NA
-0.711431369178,NA
-0.711431369178,NA
-0.711431369178,NA
-0.711431369178,NA
-0.711431369178,NA
-0.711431369178,NA
-0.711431369178,NA
-0.711431369178,NA
-0.711431369178,NA
-0.711431369178,NA
-0.711431369178,NA
-0.711431369178,NA
-0.711431369178,NA
-0.711431369178,NA
-0.711431369178,NA
-0.711431369178,NA
-0.711431369178,NA
-0.711431369178,NA
-0.711431369178,NA
-0.711431369178,NA
-0.711431369178,NA
-0.711431369178,NA
-0.711431369178,NA
-0.711431369178,NA
-0.711431369178,NA
-0.711431369178,NA
-0.711431369178,NA
-0.711431369178,NA
-0.711431369178,NA
-0.711431369178,NA
-0.711431369178,NA
-0.711431369178,NA
-0.711431369178,NA
-0.711431369178,NA
-0.711431369178,NA
-0.711431369178,NA
-0.711431369178,NA
-0.711431369178,NA
-0.711431369178,NA
-0.711431369178,NA
-0.711431369178,NA
-0.711431369178,NA
-0.711431369178,NA
-0.711431369178,NA
-0.711431369178,NA
-0.711431369178,NA
-0.711431369178,NA
-0.711431369178,NA
-0.711431369178,NA
-0.711431369178,NA
-0.711431369178,NA
-0.711431369178,NA
-0.711431369178,NA
-0.711431369178,NA
-0.711431369178,NA
-0.711431369178,NA
-0.711431369178,NA
-0.711431369178,NA
-0.711431369178,NA
-0.711431369178,NA
-0.711431369178,NA
-0.711431369178,NA
-0.711431369178,NA
-0.711431369178,NA
-0.711431369178,NA
-0.711431369178,NA
-0.711431369178,NA
-0.711431369178,NA
-0.711431369178,NA
-0.711431369178,NA
-0.711431369178,NA
-0.711431369178,NA
-0.711431369178,NA
-0.711431369178,NA
-0.711431369178,NA
-0.711431369178,NA
-0.711431369178,NA
-0.711431369178,NA
-0.711431369178,NA
-0.711431369178,NA
-0.711431369178,NA
-0.711431369178,NA
-0.711431369178,NA
-0.711431369178,NA
-0.711431369178,NA
-0.711431369178,NA
-0.711431369178,NA
-0.711431369178,NA
-0.711431369178,NA
-0.711431369178,NA
-0.711431369178,NA
-0.711431369178,NA
-0.711431369178,NA
-0.711431369178,NA
-0.711431369178,NA
-0.711431369178,NA
-0.711431369178,NA
-0.711431369178,NA
-0.711431369178,NA
-0.711431369178,NA
-0.711431369178,NA
-0.711431369178,NA
-0.711431369178,NA
-0.711431369178,NA
-0.711431369178,NA
-0.711431369178,NA
-0.711431369178,NA
-0.711431369178,NA
-0.711431369178,NA
-0.711431369178,NA
-0.711431369178,NA
-0.711431369178,NA
-0.711431369178,NA
-0.711431369178,NA
-0.711431369178,NA
-0.711431369178,NA
-0.711431369178,NA
-0.711431369178,NA
-0.711431369178,NA
-0.711431369178,NA
-0.711431369178,NA
-0.711431369178,NA
-0.711431369178,NA
-0.711431369178,NA
-0.711431369178,NA
-0.711431369178,NA
-0.711431369178,NA
-0.711431369178,NA
-0.711431369178,NA
-0.711431369178,NA
-0.711431369178,NA
-0.711431369178,NA
-0.711431369178,NA
-0.711431369178,NA
-0.711431369178,NA
-0.711431369178,NA
-0.711431369178,NA
-0.711431369178,NA
-0.711431369178,NA
-0.711431369178,NA
-0.711431369178,NA
-0.711431369178,NA
-0.711431369178,NA
-0.711431369178,NA
-0.711431369178,NA
-0.711431369178,NA
-0.711431369178,NA
-0.711431369178,NA
-0.711431369178,NA
-0.711431369178,NA
-0.711431369178,NA
-0.711431369178,NA
-0.711431369178,NA
-0.711431369178,NA
-0.711431369178,NA
-0.711431369178,NA
-0.711431369178,NA
-0.711431369178,NA
-0.711431369178,NA
-0.711431369178,NA
-0.711431369178,NA
-0.711431369178,NA
-0.711431369178,NA
-0.711431369178,NA
-0.711431369178,NA
-0.711431369178,NA
-0.711431369178,NA
-0.711431369178,NA
-0.711431369178,NA
-0.711431369178,NA
-0.711431369178,NA
-0.711431369178,NA
-0.711431369178,NA
-0.711431369178,NA
-0.711431369178,NA
-0.711431369178,NA
-0.711431369178,NA
-0.711431369178,NA
-0.711431369178,NA
-0.711431369178,NA
-0.711431369178,NA
-0.711431369178,NA
-0.711431369178,NA
-0.711431369178,NA
-0.711431369178,NA
-0.711431369178,NA
-0.711431369178,NA
-0.711431369178,NA
-0.711431369178,NA
-0.711431369178,NA
-0.711431369178,NA
-0.711431369178,NA
-0.711431369178,NA
-0.711431369178,NA
-0.711431369178,NA
-0.711431369178,NA
-0.711431369178,NA
-0.711431369178,NA
-0.711431369178,NA
-0.711431369178,NA
-0.711431369178,NA
-0.711431369178,NA
-0.711431369178,NA
-0.711431369178,NA
-0.711431369178,NA
-0.711431369178,NA
-0.711431369178,NA
-0.711431369178,NA
-0.711431369178,NA
-0.711431369178,NA
-0.711431369178,NA
-0.711431369178,NA
-0.711431369178,NA
-0.711431369178,NA
-0.711431369178,NA
-0.711431369178,NA
-0.711431369178,NA
-0.711431369178,NA
-0.711431369178,NA
-0.711431369178,NA
-0.711431369178,NA
-0.711431369178,NA
-0.711431369178,NA
-0.711431369178,NA
-0.711431369178,NA
-0.711431369178,NA
-0.711431369178,NA
-0.711431369178,NA
-0.711431369178,NA
-0.711431369178,NA
-0.711431369178,NA
-0.711431369178,NA
-0.711431369178,NA
-0.711431369178,NA
-0.711431369178,NA
-0.711431369178,NA
-0.711431369178,NA
-0.711431369178,NA
-0.711431369178,NA
-0.711431369178,NA
-0.711431369178,NA
-0.711431369178,NA
-0.711431369178,NA
-0.711431369178,NA
-0.711431369178,NA
-0.711431369178,NA
-0.711431369178,NA
-0.711431369178,NA
-0.711431369178,NA
-0.711431369178,NA
-0.711431369178,NA
-0.711431369178,NA
-0.711431369178,NA
-0.711431369178,NA
-0.711431369178,NA
-0.711431369178,NA
-0.711431369178,NA
-0.711431369178,NA
-0.711431369178,NA
-0.711431369178,NA
-0.711431369178,NA
-0.711431369178,NA
-0.711431369178,NA
-0.711431369178,NA
-0.711431369178,NA
-0.711431369178,NA
-0.711431369178,NA
-0.711431369178,NA
-0.711431369178,NA
-0.711431369178,NA
-0.711431369178,NA
-0.711431369178,NA
-0.711431369178,NA
-0.711431369178,NA
-0.711431369178,NA
-0.711431369178,NA
-0.711431369178,NA
-0.711431369178,NA
-0.711431369178,NA
-0.711431369178,NA
-0.711431369178,NA
-0.711431369178,NA
-0.711431369178,NA
-0.711431369178,NA
-0.711431369178,NA
-0.711431369178,NA
-0.711431369178,NA
-0.711431369178,NA
-0.711431369178,NA
-0.711431369178,NA
-0.711431369178,NA
-0.711431369178,NA
-0.711431369178,NA
-0.711431369178,NA
-0.711431369178,NA
-0.711431369178,NA
-0.711431369178,NA
-0.711431369178,NA
-0.711431369178,NA
-0.711431369178,NA
-0.711431369178,NA
-0.711431369178,NA
-0.711431369178,NA
-0.711431369178,NA
-0.711431369178,NA
-0.711431369178,NA
-0.711431369178,NA
-0.711431369178,NA
-0.711431369178,NA
-0.711431369178,NA
-0.711431369178,NA
-0.711431369178,NA
-0.711431369178,NA
-0.711431369178,NA
-0.711431369178,NA
-0.711431369178,NA
-0.711431369178,NA
-0.711431369178,NA
-0.711431369178,NA
-0.711431369178,NA
-0.711431369178,NA
-0.711431369178,NA
-0.711431369178,NA
-0.711431369178,NA
-0.711431369178,NA
-0.711431369178,NA
-0.711431369178,NA
-0.711431369178,NA
-0.711431369178,NA
-0.711431369178,NA
-0.711431369178,NA
-0.711431369178,NA
-0.711079260525,NA
-0.711092539005,NA
-0.711116348693,NA
-0.711125964144,NA
-0.711125052965,NA
-0.71112733778,NA
-0.711129169294,NA
-0.711125098753,NA
-0.711126879901,NA
-0.71112688448,NA
-0.71113374808,NA
-0.71113374808,NA
-0.711134663837,NA
-0.711115432936,NA
-0.711133885444,NA
-0.711134205959,NA
-0.711143363531,NA
-0.711141074138,NA
-0.711150689589,NA
-0.711143363531,NA
-0.711138326866,NA
-0.711148171257,NA
-0.711147438651,NA
-0.711145652924,NA
-0.711147438651,NA
-0.711147484439,NA
-0.711133752659,NA
-0.711147438651,NA
-0.711137868988,NA
-0.710630081607,NA
-0.711147942317,NA
-0.711152521103,NA
-0.711152521103,NA
-0.711144741746,NA
-0.711141074138,NA
-0.711141532017,NA
-0.71114382141,NA
-0.711142905653,NA
-0.711143775622,NA
-0.711145652924,NA
-0.711146206957,NA
-0.711146541209,NA
-0.7111442335,NA
-0.711146614469,NA
-0.711147850742,NA
-0.711147489017,NA
-0.711147489017,NA
-0.71115023171,NA
-0.711147484439,NA
-0.711142859865,NA
-0.711141532017,NA
-0.711139242624,NA
-0.711028435999,NA
-0.710881869056,NA
-0.710881914844,NA
-0.710835669104,NA
-0.710978069352,NA
-0.710996384497,NA
-0.710950596635,NA
-0.71088649363,NA
-0.710932281491,NA
-0.710952886028,NA
-0.710959754208,NA
-0.710962501479,NA
-0.710959754208,NA
-0.710932281491,NA
-0.710941439063,NA
-0.710932235703,NA
-0.710561399815,NA
-0.71074455126,NA
-0.710561399815,NA
-0.710561399815,NA
-0.710561354027,NA
-0.710556821029,NA
-0.710552700121,NA
-0.71052019074,NA
-0.710527058919,NA
-0.710536216491,NA
-0.710172202995,NA
-0.710350729866,NA
-0.710332918388,NA
-0.710103521203,NA
-0.709141980696,NA
-0.709737218313,NA
-0.709889234012,NA
-0.71021020692,NA
-0.710332460509,NA
-0.710282093862,NA
-0.710057733342,NA
-0.710062312128,NA
-0.710136488463,NA
-0.710136946342,NA
-0.710149309064,NA
-0.710103525782,NA
-0.710135572706,NA
-0.710108099989,NA
-0.710103521203,NA
-0.710140151492,NA
-0.710113136654,NA
-0.710135618494,NA
-0.710135618494,NA
-0.710108099989,NA
-0.710129166984,NA
-0.71012820086,NA
-0.71015388785,NA
-0.710172202995,NA
-0.710401142301,NA
-0.710286672648,NA
-0.710262405081,NA
-0.710245921451,NA
-0.71035535444,NA
-0.710401142301,NA
-0.710396563515,NA
-0.710297203856,NA
-0.710337955052,NA
-0.710497296809,NA
-0.710389695335,NA
-0.710387405942,NA
-0.710389786911,NA
-0.71037824837,NA
-0.710301324763,NA
-0.710305445671,NA
-0.710263778717,NA
-0.710291251434,NA
-0.710287130526,NA
-0.710172202995,NA
-0.710199263621,NA
-0.710208833284,NA
-0.710286672648,NA
-0.710286672648,NA
-0.710286672648,NA
-0.710195101504,NA
-0.710217990856,NA
-0.710149309064,NA
-0.710053154556,NA
-0.71005773792,NA
-0.71005773792,NA
-0.710057742499,NA
-0.710057751657,NA
-0.710057742499,NA
-0.710058195799,NA
-0.710062321285,NA
-0.710062312128,NA
-0.709957000047,NA
-0.709952888297,NA
-0.709952430418,NA
-0.709924948544,NA
-0.709924948544,NA
-0.709828794036,NA
-0.709576960799,NA
-0.709370915423,NA
-0.709599854729,NA
-0.709599854729,NA
-0.709599854729,NA
-0.709660340494,NA
-0.709874124018,NA
-0.709748665278,NA
-0.709416703285,NA
-0.709462949024,NA
-0.709397014504,NA
-0.709402966926,NA
-0.709485385076,NA
-0.709485385076,NA
-0.709520183851,NA
-0.709370915423,NA
-0.709389230568,NA
-0.70923355184,NA
-0.709141976117,NA
-0.707081522363,NA
-0.707584735536,NA
-0.707997279587,NA
-0.707402037391,NA
-0.70723399594,NA
-0.707218885946,NA
-0.70728367577,NA
-0.707310461669,NA
-0.707150204154,NA
-0.706394704444,NA
-0.706822820947,NA
-0.706440950184,NA
-0.706486280167,NA
-0.706486280167,NA
-0.706463386236,NA
-0.706622773781,NA
-0.706622773781,NA
-0.706622773781,NA
-0.706761007334,NA
-0.707059104626,NA
-0.707403868905,NA
-0.707450119224,NA
-0.707081522363,NA
-0.707081980241,NA
-0.706852583056,NA
-0.706904932318,NA
-0.707035734501,NA
-0.707085043449,NA
-0.70698994664,NA
-0.70708243812,NA
-0.707127310224,NA
-0.707130973253,NA
-0.707223918032,NA
-0.707262636248,NA
-0.707269252594,NA
-0.707277494409,NA
-0.707384862364,NA
-0.707447825252,NA
-0.707159819605,NA
-0.707220259582,NA
-0.707220717461,NA
-0.707310461669,NA
-0.707310988229,NA
-0.70735624953,NA
-0.707402037391,NA
-0.707536575864,NA
-0.707658449414,NA
-0.707814128142,NA
-0.707821912078,NA
-0.707769961171,NA
-0.707539400975,NA
-0.707310461669,NA
-0.70735624953,NA
-0.707287567738,NA
-0.70732969257,NA
-0.707505060079,NA
-0.707768340281,NA
-0.707791234211,NA
-0.70776385307,NA
-0.707768477644,NA
-0.707782214003,NA
-0.707769256038,NA
-0.707814128142,NA
-0.708180431032,NA
-0.70800715145,NA
-0.707916235073,NA
-0.707772919067,NA
-0.707916692951,NA
-0.707956532969,NA
-0.707855337217,NA
-0.707324198027,NA
-0.706852583056,NA
-0.707127310224,NA
-0.706440538093,NA
-0.706417598375,NA
-0.706463386236,NA
-0.705937283711,NA
-0.705982613693,NA
-0.705946441283,NA
-0.705946441283,NA
-0.705332426064,NA
-0.704338829476,NA
-0.702502736241,NA
-0.703642853985,NA
-0.703510069188,NA
-0.702502736241,NA
-0.699297585956,NA
-0.699068646649,NA
-0.692429589924,NA
-0.69270413394,NA
-0.695428511683,NA
-0.695451405613,NA
-0.695039314862,NA
-0.695405617752,NA
-0.694948654897,NA
-0.694489860528,NA
-0.693574103303,NA
-0.693404688217,NA
-0.687621681345,NA
-0.68366103135,NA
-0.68418768333,NA
-0.67274062645,NA
-0.670680172695,NA
-0.672282747837,NA
-0.672511687143,NA
-0.673019886615,NA
-0.675378007256,NA
-0.677823079045,NA
-0.678921987714,NA
-0.681194897145,NA
-0.681165592914,NA
-0.677319412571,NA
-0.678464109102,NA
-0.677044685404,NA
-0.668711294662,NA
-0.670588596972,NA
-0.671435672405,NA
-0.672515350172,NA
-0.670222294083,NA
-0.667933816779,NA
-0.668431988709,NA
-0.663033599871,NA
-0.645954727637,NA
-0.631714702799,NA
-0.624443590438,NA
-0.623381312057,NA
-0.624159705698,NA
-0.565322761912,NA
-0.567199606344,NA
-0.551173854918,NA
-0.574067785526,NA
-0.597007503996,NA
-0.599251109196,NA
-0.615322648483,NA
-0.619855646744,NA
-0.620038798188,NA
-0.622649622035,NA
-0.632676247884,NA
-0.624999455073,NA
-0.631989429966,NA
-0.640460184291,NA
-0.642520638046,NA
-0.63817079123,NA
-0.634736243761,NA
-0.630844733436,NA
-0.631256778399,NA
-0.629013218987,NA
-0.631211036325,NA
-0.632218369272,NA
-0.631302612048,NA
-0.633592005109,NA
-0.635927186031,NA
-0.639544427067,NA
-0.638857609149,NA
-0.642749577352,NA
-0.63588139817,NA
-0.6370260947,NA
-0.639806516785,NA
-0.642749577352,NA
-0.639636002789,NA
-0.641834278006,NA
-0.64439848981,NA
-0.646641545556,NA
-0.646870484862,NA
-0.645954727637,NA
-0.646870484862,NA
-0.647511514919,NA
-0.648747329293,NA
-0.644123213189,NA
-0.647145212029,NA
-0.647608127306,NA
-0.647608127306,NA
-0.647694666364,NA
-0.647419943775,NA
-0.643940519622,NA
-0.645496849025,NA
-0.646733121278,NA
-0.647328363474,NA
-0.648244120698,NA
-0.648244120698,NA
-0.643207913843,NA
-0.64938835935,NA
-0.649846695841,NA
-0.651449270984,NA
-0.658831857098,NA
-0.658546389472,NA
-0.661064721839,NA
-0.666559265185,NA
-0.670725960556,NA
-0.656028057105,NA
-0.662438357676,NA
-0.663372887923,NA
-0.666123349041,NA
-0.665414568655,NA
-0.65996581317,NA
-0.656989602191,NA
-0.659324783113,NA
-0.659691086003,NA
-0.657996935138,NA
-0.657355905081,NA
-0.657410850514,NA
-0.658363238027,NA
-0.658770749992,NA
-0.658821116639,NA
-0.65923320739,NA
-0.661222506809,NA
-0.664269872124,NA
-0.669718627609,NA
-0.668024476744,NA
-0.668019440079,NA
-0.669534056741,NA
-0.670222294083,NA
-0.67274364845,NA
-0.672516723808,NA
-0.671532742671,NA
-0.672081281254,NA
-0.672662787085,NA
-0.676371008602,NA
-0.676636440833,NA
-0.677937136607,NA
-0.679654593493,NA
-0.68300205245,NA
-0.677548351877,NA
-0.67900898465,NA
-0.682813955917,NA
-0.684004440305,NA
-0.685378076146,NA
-0.687484317762,NA
-0.688436705275,NA
-0.68853743857,NA
-0.685790166896,NA
-0.680318517481,NA
-0.682646189194,NA
-0.684737000301,NA
-0.685302388811,NA
-0.685515439729,NA
-0.686248045509,NA
-0.686430555923,NA
-0.687941372192,NA
-0.688587805217,NA
-0.689411986719,NA
-0.686934863427,NA
-0.687163802733,NA
-0.68780483279,NA
-0.688191923369,NA
-0.688400074986,NA
-0.688422968916,NA
-0.688857953598,NA
-0.689224256488,NA
-0.690396425735,NA
-0.69133507689,NA
-0.691928624935,NA
-0.692475148846,NA
-0.692172445296,NA
-0.691055770936,NA
-0.692591724741,NA
-0.692887285385,NA
-0.693569982395,NA
-0.694215316512,NA
-0.698152889425,NA
-0.699297631743,NA
-0.700350706764,NA
-0.698976979351,NA
-0.696321374976,NA
-0.696046647809,NA
-0.696779253589,NA
-0.697511859368,NA
-0.698262780292,NA
-0.697466529386,NA
-0.696527420352,NA
-0.693907576297,NA
-0.694717609349,NA
-0.695918441798,NA
-0.69609243567,NA
-0.695680344919,NA
-0.696325953763,NA
-0.696693447137,NA
-0.696733465727,NA
-0.697466071507,NA
-0.697562683894,NA
-0.696733465727,NA
-0.697173029195,NA
-0.697695010813,NA
-0.697695010813,NA
-0.69719134434,NA
-0.697241710987,NA
-0.697557647229,NA
-0.699114434511,NA
-0.699526525262,NA
-0.699525105838,NA
-0.700488161923,NA
-0.700900161098,NA
-0.69998898266,NA
-0.700945948959,NA
-0.700671221792,NA
-0.700533858208,NA
-0.700167555319,NA
-0.699709676707,NA
-0.699841316808,NA
-0.700000429625,NA
-0.699805877003,NA
-0.697782007749,NA
-0.697882741044,NA
-0.697053980756,NA
-0.697063138328,NA
-0.697099814405,NA
-0.697740798674,NA
-0.698015525842,NA
-0.697466071507,NA
-0.697319550351,NA
-0.697237132201,NA
-0.697516438154,NA
-0.697511859368,NA
-0.695955072087,NA
-0.696127371808,NA
-0.696321374976,NA
-0.696426687057,NA
-0.696809931456,NA
-0.696641890005,NA
-0.696641890005,NA
-0.696550314283,NA
-0.694488212165,NA
-0.69082683163,NA
-0.692612558218,NA
-0.693152900768,NA
-0.693345163997,NA
-0.693345621876,NA
-0.69133187174,NA
-0.691684941937,NA
-0.692841497524,NA
-0.692251383569,NA
-0.691605225271,NA
-0.691742588855,NA
-0.6885603325,NA
-0.687621681345,NA
-0.686248503387,NA
-0.687209590594,5.47316322776882
-0.685761320544,5.28111603081746
-0.682131716785,5.7701675266168
-0.678372533379,5.8039600422461
-0.679308620414,6.15443377167361
-0.678464109102,7.133585598953
-0.678464109102,7.42179169106674
-0.679883532799,7.03328380062263
-0.678747993841,6.96487719445989
-0.679393602684,7.10716331689321
-0.680028268276,8.1461946547777
-0.680524562856,6.24841963482257
-0.679425699975,6.62621003195213
-0.678515025203,6.88920511968868
-0.679471442048,7.65517949546413
-0.679608805632,7.76968699912476
-0.682585016611,6.07715847198344
-0.681302956497,6.58872816490435
-0.681440320081,7.50576030193591
-0.68217292586,5.60206484892652
-0.68187599158,6.69424172512655
-0.681600577595,6.59713945502236
-0.681898198693,7.08894415480697
-0.683042895223,6.45539728178304
-0.685382654932,6.09906445469258
-0.685111819733,5.88255276460254
-0.685057561117,5.45429630570737
-0.685790166896,8.76035042111275
-0.68556122759,2.64684861876077
-0.685616173024,5.99640396963562
-0.683042895223,5.43585929603762
-0.683280992102,6.11002225916332
-0.683958652448,6.20972895439866
-0.684130356927,6.28429078523703
-0.684920197533,5.76226699615091
-0.685286546211,6.02035214514589
-0.684648217638,5.74211216236671
-0.684874409672,5.35454186774518
-0.68430091671,5.98935893128035
-0.683958652448,6.0525445569217
-0.684645470366,6.14043592227014
-0.685240712562,5.72797126504761
-0.685790166896,5.50345673243132
-0.689086892904,5.01024097184103
-0.689756860889,4.93102098087769
-0.689590650953,4.37065646690539
-0.690841712685,4.55173724160667
-0.691589977913,4.42357745914862
-0.690735255908,4.41677359408502
-0.691122621214,4.54957070957391
-0.690643680186,4.46658970113455
-0.688881717498,4.62615004885114
-0.68763184625,4.69171366697614
-0.688216923541,5.27392315211762
-0.688534096056,5.10963327778714
-0.688079559957,4.92999977361552
-0.68853743857,5.20912048225341
-0.688995317182,5.09036778914006
-0.688609737602,4.93054150535636
-0.688588354671,5.08027001008372
-0.689545000456,4.65655191693736
-0.688995317182,5.0958945979522
-0.688354287125,4.95863181543018
-0.688308499263,4.93145745393528
-0.688216923541,5.04691931539131
-0.68853743857,5.00921378658524
-0.688766835754,5.06757147793985
-0.688812165737,4.88546696171093
-0.688583226431,4.82607236349369
-0.688724481983,5.02812605619417
-0.68666013626,5.00481135797409
-0.686502626017,5.11385821787084
-0.686476984815,5.38298772086412
-0.686705924121,5.46483055323409
-0.686706839878,5.44667434021849
-0.686797591419,5.3217538417872
-0.68711847275,5.35071180911865
-0.688629014292,5.1726693205699
-0.689132680765,4.7976742506001
-0.689086892904,4.84769734675757
-0.68931583221,4.86111603651545
-0.689686897038,4.77202564953359
-0.689989188497,4.63767577658464
-0.689737401048,4.5198551987686
-0.689727922961,4.64119853737361
-0.689242937935,4.67859444621595
-0.689174256143,4.75390979423329
-0.68931583221,4.74173327061331
-0.688766377876,4.68662193010672
-0.688862532384,4.79616383995591
-0.68817113568,4.81037251764749
-0.688491650708,5.01554429806126
-0.688674802153,5.07038047718592
-0.688789912836,4.98168981138633
-0.688720590014,5.05709272446671
-0.688629014292,4.91753469709232
-0.689453195794,4.9128000152445
-0.689453195794,4.74810134573127
-0.688995317182,4.6934974120353
-0.68902233202,4.79098837000635
-0.688629014292,4.87369747582494
-0.688790920169,4.83513254445322
-0.688400074986,4.93418191299929
-0.688611202814,4.9841349063912
-0.688629014292,4.98169309052284
-0.68843638476,4.93530720323099
-0.687721498883,4.98995116264081
-0.687667469206,5.10139355564803
-0.687759044929,5.19855678013266
-0.686339621231,5.10794545717147
-0.687032391571,5.03849719771605
-0.687539308983,5.33891741066367
-0.687621681345,5.18332007839842
-0.68780483279,5.17392624888805
-0.687713257068,5.15797266544851
-0.687909229114,4.82980581117565
-0.687998973322,5.64075043506872
-0.688453188905,5.01289095704067
-0.68853743857,5.06254179865456
-0.68853743857,4.94554126493958
-0.687718293732,4.94528456625417
-0.687694941923,5.15338766150487
-0.687850620651,5.31149779943996
-0.687852910044,5.23899059110613
-0.688084138743,5.26872397034981
-0.688103827524,5.1693351951173
-0.688079559957,5.03140252007427
-0.688097463011,4.9825388032215
-0.687965090304,4.54781297636757
-0.688391466868,5.30826883732405
-0.68853743857,4.92471431398391
-0.68854256681,4.95653118312569
-0.688372602269,5.18734546581601
-0.688125347819,4.6370425596067
-0.688125439394,5.47190193536758
-0.687921591836,5.00374362748792
-0.687942196374,5.13100133252789
-0.687883084245,4.91817998738705
-0.687850620651,4.88940543670287
-0.687862067617,5.66156793504319
-0.687987984235,5.38158370863815
-0.68780483279,5.09579807249398
-0.687473328675,5.05383161763328
-0.687850620651,5.44859550150574
-0.687855199437,5.46135154632702
-0.687859778224,5.29234284585399
-0.68780483279,5.09903058604019
-0.687809915243,4.98839038440005
-0.687747597964,5.1560848256959
-0.687667469206,5.3552402105816
-0.687301166317,5.30366403948452
-0.687259957242,5.02398205888503
-0.687325617035,5.40403149267772
-0.687262246635,5.20019268493729
-0.686248045509,4.97663330538882
-0.686385409092,5.44274692793647
-0.686115260711,5.83733390896893
-0.685515439729,5.26620919515247
-0.685332334072,5.55064453455842
-0.685698591174,5.66716766821105
-0.686039939679,5.70077284861117
-0.685332288284,5.72243009465618
-0.684141803893,5.84910686652813
-0.684187591754,5.72221193821343
-0.683203152738,6.25085545723348
-0.681215959561,6.77621269472323
-0.681531941591,6.66281670073303
-0.681821275086,6.9056201891774
-0.681518434172,6.57900316528361
-0.680982487257,6.67149122808897
-0.68029562355,6.69173513636923
-0.680297363489,7.13251943693402
-0.680979602621,6.83887359587791
-0.681250300457,6.58157695600241
-0.681898244481,6.54816838081837
-0.681891788392,6.41045208287011
-0.681414907818,6.48994197606265
-0.680895581896,6.72992693275359
-0.680927496035,6.70289289471847
-0.680785553665,6.6042826300183
-0.680780974879,6.76547160666397
-0.680524562856,6.80090153268245
-0.680455881065,6.90927132515145
-0.681440320081,6.8370038694959
-0.680432987134,6.52255990433804
-0.680595579829,6.80489005215523
-0.680524562856,6.77157233609603
-0.679975108522,6.92737576600442
-0.679856060083,6.36273997620222
-0.678285536443,6.9892981146086
-0.678203118293,7.29758764129753
-0.677914654767,7.30932645510865
-0.675258958817,7.73440332523677
-0.676225494779,7.7937144248655
-0.676409287254,7.77720051082466
-0.673473690108,7.83989304582238
-0.667978688883,8.27535499375517
-0.668395404208,8.44053475525925
-0.66896353999,9.31510341214175
-0.669152918584,9.2664114354836
-0.667017143797,9.02690318347598
-0.670222294083,9.352919679233
-0.669306536858,8.87085943288636
-0.670405445527,8.9910354093866
-0.671275506466,8.92897785164604
-0.670680172695,8.88018561739676
-0.670451233389,8.91111066450969
-0.670542809111,9.01072317946671
-0.670730539342,9.0408901432636
-0.669535476164,8.99693476435624
-0.668207628189,9.13639121795856
-0.667749749577,9.3999373846008
-0.666559265185,9.63240410209241
-0.660520762048,9.78974149192621
-0.659691086003,10.6162134541932
-0.660208946713,11.4357445827816
-0.659731745623,11.13958259998
-0.660881570394,11.0628912277851
-0.660377949709,11.1844868788822
-0.656485935717,11.7763956250398
-0.658317450166,10.8990103150043
-0.658327157193,12.1542864655096
-0.657561950456,10.7245488522401
-0.657081223701,11.8329003134521
-0.655666928244,12.152856231423
-0.653418149016,12.2696423710761
-0.648055520498,12.8472567510366
-0.640918062904,13.8518115422711
-0.641558451931,15.303050282856
-0.656485935717,13.7674031712206
-0.6633541149,11.0425047746099
-0.664269917912,8.97698373340251
-0.664453023569,9.35174261007273
-0.66449881143,10.0193549150138
-0.66449881143,10.0050033645925
-0.66449881143,9.75422888158275
-0.662808644109,9.78774791164722
-0.655799163587,10.2716973451895
-0.659321577963,11.7019644315498
-0.660103222541,10.6869331479726
-0.661353185365,10.6748666303947
-0.661816100642,10.4739641494305
-0.66372041779,10.4115261909806
-0.664773584386,9.9598141054671
-0.6633541149,10.0431272668951
-0.662926456276,10.368851135731
-0.662992940251,10.3351609059667
-0.660286328198,10.3306970931868
-0.659736873864,11.503899608711
-0.660103176754,11.3742473157359
-0.660410504878,11.0800361825413
-0.660483216002,10.9725328666651
-0.660176391544,10.7370942322345
-0.659329819778,10.9445060149706
-0.659237786177,10.4883672373025
-0.657630632248,10.8766087575175
-0.657406271728,11.3244528757079
-0.656531723579,11.5076237334434
-0.656657640197,11.843567704102
-0.656073844966,11.801976827145
-0.653692876183,12.1353451960474
-0.653341866439,12.4975049317293
-0.65387598184,12.4124083214936
-0.65445615983,12.602921577101
-0.655227227413,11.7180719162665
-0.655117428121,11.9521008843637
-0.655436981605,12.5284046978119
-0.655203875603,11.8532037586201
-0.654379694101,12.2430732832658
-0.654452954679,12.4865958433022
-0.654242330518,13.400431461953
-0.654311058097,10.9516636425768
-0.654283539593,12.4691231703147
-0.65245660393,12.5742172364858
-0.652365486086,13.0639611454251
-0.651495516723,12.6244264127244
-0.651952937457,15.1447340461208
-0.652365073996,10.1060653711287
-0.653111828224,12.8726140977512
-0.656119632828,12.4844449875484
-0.654883360575,11.5413557252238
-0.655799117799,12.232218767985
-0.655615966354,12.0995066953326
-0.655799117799,12.207963541679
-0.655858642019,12.079855527806
-0.656485935717,12.2890525191106
-0.656348572134,11.8367046392661
-0.656531723579,12.0291230496595
-0.656531723579,12.0625386314078
-0.656669178738,11.9956108998975
-0.656637035659,11.3967958286737
-0.657172753636,11.9785799640907
-0.657417718693,11.8531954078499
-0.657355905081,11.826553590681
-0.656485935717,11.7923916253293
-0.657310117219,11.9530349273757
-0.657813783693,11.7243939418333
-0.660607392681,11.413221759034
-0.661802684798,10.6099947476088
-0.662850448427,10.3755015011884
-0.661293661145,10.5217679699232
-0.661751539757,10.8575724858621
-0.660423691782,10.8024601532339
-0.659787240511,10.9762319519971
-0.660103222541,11.1539281785544
-0.662891794865,10.9850212514804
-0.662529933398,10.4856197691789
-0.661522600451,10.6153665762912
-0.661568525676,10.954925263483
-0.660075566673,10.8050858525843
-0.660616458678,11.2539950362295
-0.660744206811,11.0196958767611
-0.661252497858,10.9857609947314
-0.661344027793,10.9724521844262
-0.660240540337,10.887978417583
-0.660474058429,11.1534068202564
-0.660835782533,11.1647511990131
-0.660542740221,11.0860588475023
-0.657401692942,11.1554826984942
-0.657401692942,11.6447297875503
-0.657255171786,11.7960314867653
-0.657401784517,11.8364925443985
-0.657218541497,11.7959418575064
-0.65747495352,11.8852272634479
-0.655203875603,11.8549569131701
-0.654517057685,12.1275822779092
-0.654604970379,12.4113653494479
-0.653738664044,12.3852681634653
-0.653502856559,12.7046302168988
-0.654059224861,12.6390188501919
-0.654621820312,12.8226279825751
-0.65374324283,11.8282401619338
-0.653509724738,12.8347150620412
-0.653336738199,12.6062622663076
-0.653372361155,12.8597585759706
-0.653376894153,12.6062572441178
-0.652059394234,12.6861074053542
-0.649617756535,12.8643521279954
-0.648753281715,13.4723482792878
-0.648793575033,13.8629571318335
-0.649388817229,13.5135757636059
-0.649480392951,13.6811809414629
-0.649388817229,13.6081330208909
-0.648976772266,13.7793416762416
-0.648976772266,13.7461863115452
-0.648244624365,13.6887102657982
-0.647780793331,13.9819388777993
-0.648371410952,13.6815397993347
-0.648860059007,13.7144493333424
-0.649626914107,13.717948860442
-0.650080213933,13.2216443849332
-0.650080213933,13.4271853446555
-0.648610423588,13.4904411224009
-0.648942385582,13.5507517599122
-0.64920575736,13.6720285075719
-0.649684286297,13.6630918786038
-0.649846695841,13.477582013627
-0.649846695841,13.4916261616922
-0.650080671812,13.4218276343769
-0.649755120118,13.4915038210457
-0.648931396495,13.7185227313045
-0.648839362894,13.7795866016364
-0.649297333082,13.60059572625
-0.649205665784,13.7094837940633
-0.649338450581,13.4900644379664
-0.650075635147,13.5150906016231
-0.649782592835,13.4823151371138
-0.649664185426,13.5817342148154
-0.649397974801,13.6422942749543
-0.649480438739,13.6032389185096
-0.649457499021,13.7754702890612
-0.648106757115,13.6710542187708
-0.647877909384,13.7026082723376
-0.645863151915,13.9233692119673
-0.645954773425,15.159976728079
-0.645725834119,12.863575954875
-0.645886961603,14.3337124020674
-0.645954727637,14.320400809508
-0.645135170709,14.3950040246899
-0.644173579836,14.4126875350553
-0.640963850765,14.7447520330259
-0.638239473022,15.3513564162837
-0.6388894775,15.861272687031
-0.638674457704,15.8906292118269
-0.633683580831,15.6462661948802
-0.630890521297,16.8922666368939
-0.630895557962,17.4057617957215
-0.62356450929,17.6951315151174
-0.625190848333,19.0369353283918
-0.630756546015,17.8664565219781
-0.629013264775,17.5251661556024
-0.626952765232,18.0391540973426
-0.620771403968,18.5462373838251
-0.62122928258,19.5004466220397
-0.613307982589,19.5593697552385
-0.613903224785,21.2121654950567
-0.61481898201,21.1647161626669
-0.616742072181,20.83025279533
-0.615047921316,20.9920283776926
-0.616238405707,20.8229381246555
-0.613748003936,20.7672099078958
-0.610011256582,21.2924030266548
-0.610011256582,22.3027550507836
-0.602914275457,22.0825291872135
-0.603305258004,23.9989827198486
-0.60064534957,23.5188254841194
-0.593436188185,24.5936699296981
-0.591925097189,25.9519941597499
-0.589951960885,25.8378427807231
-0.587808814253,25.3201948368634
-0.587483216772,26.9314598718857
-0.594176440537,27.3728398261913
-0.588648243113,25.2798241484538
-0.579608162521,27.0077258528458
-0.574927177893,28.8452149243923
-0.574982993296,30.0835060109158
-0.569942299231,30.096803600208
-0.57736460311,31.3647982950934
-0.572704360383,28.6993347365751
-0.572923043208,30.7744655950607
-0.568669396689,30.6325971838048
-0.567649197353,31.5614770402923
-0.558041988312,31.8225388277163
-0.551732512612,33.379838027506
-0.554924796509,35.659112631334
-0.555294441912,34.0469066720572
-0.544992493653,34.5271298364477
-0.528096772864,37.1757074073408
-0.493939028396,40.2870722579551
-0.516866338355,48.7167666705691
-0.514635141666,41.2956122193815
-0.500756291477,39.3217045739516
-0.498517814518,46.3568352253509
-0.492841493363,47.8628429553314
-0.505304903398,49.8418866248223
-0.497144224469,44.2589547070164
-0.494965180154,46.858075999606
-0.495083495987,48.5128432973722
-0.495724754983,48.5949741623359
-0.49420505587,48.3575471972578
-0.493252210478,47.892891452505
-0.446960682787,48.1197651141255
-0.421092052199,58.0438423807193
-0.373516953394,64.3274431785992
-0.384048161474,77.9869459843127
-0.422967843509,73.8169237838447
-0.390458462045,61.8255644062821
-0.373114111791,72.3709651115342
-0.354286051683,75.8949789060068
-0.304377282956,80.5044173193118
-0.283008042338,92.5322105955967
-0.303690465038,98.1988149801287
-0.294761877889,91.3722385114647
-0.28789360713,93.4826166924662
-0.242059958052,95.4372236598911
-0.213579954162,107.197531594622
-0.0759416433432,112.789166637866
-0.107036225684,149.889170386158
-0.0530019248734,137.761652891475
-0.058965106979,154.512210261781
0.021630915275,155.639093434515
0.13106527722,171.83710794138
0.378273939932,196.313017565649
0.195168282924,270.074008777474
-0.146404674546,237.805828983869
-0.361209176299,104.212725153203
-0.210054334637,5.03824610732613
-0.294761832101,151.896911586148
-0.294761832101,53.6547997083624
-0.294761832101,77.3328424824803
-0.319487322946,91.7036317287463
-0.269578508431,77.6013345965676
-0.163716973297,92.369909624117
-0.144302920141,134.548721477925
-0.139083103962,124.748603534584
-0.145882601353,127.527169824481
-0.0883456207349,122.414858805054
-0.00996046535973,140.698363849723
-0.0194851646744,154.927260671335
-0.0905433922854,155.13171506247
-0.125346699809,129.803501466887
-0.0887622902719,124.393424266894
-0.0635330413776,142.305715683635
-0.0744810105704,145.217566605587
-0.142289170004,141.747163574973
-0.230658689033,126.116271710141
-0.284917441939,98.4668813104218
-0.198654072951,91.0926939694883
-0.1716382275,124.260448130194
-0.157627233543,123.837196139824
-0.222371223516,124.588894331974
-0.189678644819,106.208415093472
-0.209772510351,120.614920226079
-0.172599818373,113.428843754254
-0.18303945073,126.951968247493
-0.187984539742,120.003018855877
-0.173410355092,119.697341587357
-0.166555820692,122.349520156581
-0.184939692759,126.139519159044
-0.18445777552,116.803264131586
-0.141418284884,120.533675103337
-0.144806815553,129.446041352231
-0.157140554366,131.29010139045
-0.14984320556,123.954745480975
-0.150530069266,126.748481985172
-0.149889039209,126.151652863489
-0.13601531726,124.518271058576
-0.109320994171,129.129334166337
-0.103872238686,135.889627430614
-0.0976587801307,132.790586228936
-0.104238678939,139.120039356257
-0.123876955252,134.818768221234
-0.116281023803,128.985534819075
-0.111629206042,134.092366754059
-0.128365447711,134.243942274151
-0.119854720583,128.16003161351
-0.159216347054,133.013001832141
-0.161976942995,119.544623700902
-0.15938255699,123.625580487382
-0.150964596069,123.631169653499
-0.158817763722,125.654613335695
-0.206414108094,127.900116739075
-0.217838225256,112.707301435473
-0.260556239318,113.09713196215
-0.230803012371,99.409817671537
-0.216922468031,112.452063517506
-0.216180658892,113.574685538446
-0.21234368191,112.096112999874
-0.253552757005,112.969343130638
-0.244532639921,100.984097783667
-0.253552757005,105.194630795069
-0.251147932746,101.989945596221
-0.219715573353,103.163402159044
-0.217677967741,113.060441609426
-0.198744687128,111.692440726619
-0.203186109666,115.213166094013
-0.211931591159,113.668397193646
-0.218369868112,111.437945915737
-0.244535478768,109.443070585409
-0.235848193648,102.519871925423
-0.233380227928,106.07737330019
-0.240777897938,106.876433630249
-0.26896046388,104.562751009786
-0.272540937264,95.8951575963359
-0.269578508431,98.6498432345138
-0.294770989673,98.132255723462
-0.301401071977,89.4682851385957
-0.332307878299,89.0602519439986
-0.346044236664,83.1764070125361
-0.400722085864,80.5494453792882
-0.393910775205,65.9714470662062
-0.38660312413,70.6157852970731
-0.355934414687,72.1878942409846
-0.361942194169,80.2682534563837
-0.351589192445,77.5793050277208
-0.312390158669,79.8020119349216
-0.263626086473,92.3041008775953
-0.271890795423,102.481629378153
-0.277591384144,96.8863037136481
-0.260992551847,94.8120554809979
-0.267243327509,100.207996490618
-0.262847692832,97.281764848348
-0.297509057986,98.6204031428096
-0.283723202943,89.1946852607741
-0.290743947279,94.8819136821199
-0.304194177299,92.0628652940338
-0.291153748637,88.7251627344232
-0.27463348831,98.386329493317
-0.282758086404,96.9725773105479
-0.270952144268,93.6786143063799
-0.270060425671,96.822610693772
-0.275509822185,96.8573361765859
-0.258131497339,95.2767692774701
-0.248781570291,100.090379156723
-0.24485315495,101.923522599587
-0.23086235344,101.713365383207
-0.234367643155,106.185559427505
-0.228369433336,105.349185979904
-0.236153323955,106.351992445451
-0.232148809188,106.494020371381
-0.224248525826,106.032039895305
-0.222033400676,107.128847856373
-0.227911554723,108.034818395061
-0.244853063374,106.720492347221
-0.243021548925,100.571617818664
-0.241565403363,103.468005609192
-0.235924384649,104.185444123958
-0.230681811903,103.777917869992
-0.220132929708,105.424891036717
-0.253415393421,117.406383185629
-0.261428269135,99.5865007541851
-0.260375148327,98.3465339937883
-0.260924602661,100.668171894697
-0.258039967404,99.5019118005613
-0.244074669733,99.6894811152516
-0.232536128706,103.973187339344
-0.208909592318,106.099730363874
-0.203140321805,111.914669723159
-0.219303436815,112.636424611572
-0.213305226995,107.731029887225
-0.194486416035,112.341464860456
-0.199523080769,114.983033529149
-0.173332424152,112.048547341417
-0.165411124162,119.13334950385
-0.164358003354,114.960469922301
-0.140044649047,123.885636056458
-0.103597511518,127.275390385405
-0.112434568733,135.517131460596
-0.111473023648,131.073013304477
-0.114128719598,131.447947997914
-0.13111601611,131.648143486141
-0.141326709162,129.637836937034
-0.150804796434,125.444485566322
-0.161290216652,123.777105039492
-0.168799425892,121.051694663966
-0.154376249608,118.747603643622
-0.146454949618,122.357899868432
-0.143204011471,124.223969640795
-0.123286291842,125.302019892425
-0.124018897621,130.328757529992
-0.142196678525,128.686152451079
-0.136976862346,124.021361592914
-0.134412742118,127.923821953197
-0.12736141149,127.286131417243
-0.12887241091,128.504368251665
-0.143204011471,125.077281921285
-0.143753465806,129.027225727577
-0.145951283144,126.516533270767
-0.149248009152,124.870120512908
-0.148149100483,123.197820728628
-0.150117978515,123.841122712696
-0.142837708582,123.899293058639
-0.144348708002,126.224277431569
-0.136335832289,125.137067929658
-0.132214924779,126.103357098637
-0.124888866985,128.598518654408
-0.135420075064,129.231201386989
-0.129421865245,125.582721412237
-0.233085583041,127.985496992598
-0.175942332242,98.0581387228872
-0.152819462327,117.196251089772
-0.155063067527,126.07447347065
-0.154650976776,122.28444167456
-0.145493404532,122.437861600756
-0.144394495863,123.469274316643
-0.13413801495,123.832835977802
-0.132535439808,126.566757616835
-0.130658137498,127.144993528662
-0.127498775074,128.456622645865
-0.117379657745,128.407468043649
-0.0901358803206,131.119610665939
-0.0738811895884,138.017682433941
-0.0620221335332,141.283839679577
-0.0551539543506,144.023987645961
-0.0219119671068,144.702579264487
0.0442972802134,154.29638316225
0.0473192790538,170.450250036972
0.0993342893966,168.958125719108
0.166688233247,177.639685727952
0.204096915862,196.624440828483
0.185003377734,204.955796185267
0.079828660518,197.154154817829
0.111422284758,164.131669261981
0.154233934996,182.710105743164
0.187155407211,195.546568979378
0.213895518162,201.761870647812
0.219847940121,206.462386629035
0.211697700824,203.845544223889
0.219161122202,201.634947101163
0.223327817573,210.725815261599
0.235690540102,207.457779325795
0.319253386823,210.90510497067
0.417834652024,230.258588572629
0.470948571036,254.772120425353
0.627039389926,262.652114714194
0.779238240612,307.95619040816
0.935832725976,345.552562779297
0.648056018225,380.947198467053
0.842517064815,283.854038031496
0.909229978608,349.98296348232
1.08180442754,361.2691991596
1.19563305052,402.144689579367
1.24938799959,428.035962556782
1.27360977818,436.304667966788
1.40854660518,439.715353481424
1.95873354557,484.61369382754
1.85264307113,615.519777623305
2.01294637325,564.993862361065
2.47059604612,619.172496899374
2.77302486946,728.3786368204
3.12554561297,804.259217531414
3.103430076,894.621886929448
3.01570053391,876.145221630912
3.15718502507,829.752020484391
3.6887820938,860.538931286246
3.90856382765,1003.66313532214
4.25151490817,1037.60944952166
4.41662593571,1160.29609511324
3.7299911689,1169.65523859374
3.83196073583,963.817998213161
4.14208191986,1030.61737280075
4.55875145693,1096.29035734286
3.99711755124,1170.40774436303
3.38200342365,1044.84993700095
2.6186739893,910.130177192505
2.59898520897,687.531624369517
3.27669134285,749.254427881711
3.57879965116,917.958403155829
3.3462888919,1009.11673705913
3.16107699328,872.468238156472
3.29042770121,854.107480345627
3.24784499028,889.630178183878
3.17215765569,876.889209221923
2.53492799113,839.567994908282
2.50310542758,655.125355338536
1.92668204272,732.450770729448
2.27851596831,588.827270619146
2.31056747116,755.329285944512
2.09307513038,686.768787719449
2.20525539036,653.870216097628
2.21853387012,683.022800462226
2.25227952383,637.527877924736
2.30173041395,645.466886084823
2.65132073434,669.040475238373
2.56473588878,766.227002843822
2.50109076169,714.438503119203
2.56143916277,704.380921759653
2.67274945339,713.532224108266
2.63566128581,748.788018689552
2.70846398514,722.663322430221
2.75933429895,760.475277601996
2.98003179002,750.059314789433
3.05407076161,823.565547437515
3.39116099589,840.33571463731
3.5661164136,927.627938471577
3.26011613709,964.593354398088
3.06739502922,876.720360315744
2.99358499694,828.859468030427
3.07733099511,823.474877653483
3.37215903349,838.799568792561
3.18511562041,915.40204700457
2.98744942354,849.599075741537
3.04660734023,835.231517670982
3.17000562621,829.717564751663
3.09308201937,869.835225113708
2.91954602535,839.297690926096
2.95860307097,779.84911125457
3.10269747022,811.572438828297
3.09683662399,851.244990678726
3.05489494311,834.229015114586
3.01135068709,821.715416125679
3.01121332351,814.984676145013
2.90168875948,814.417411026845
2.97907024494,822.270769168835
3.07417163268,825.280701554046
2.84628544741,845.430057596421
2.95251328543,773.018663908311
2.96808115824,815.606779921616
2.94871289295,822.090300835445
2.96304449351,803.163831948306
3.02481231829,812.7504052887
3.04120437261,826.9753178778
3.01478477669,824.213464486321
2.99303554261,814.36056948615
2.95159752821,808.669870760092
2.85086423353,834.661210340317
2.68959938632,817.978546315921
2.52577041889,760.860992307942
2.53950677725,739.370141297547
2.33346140177,713.398587951782
2.35635533238,657.427344269529
2.34266476188,701.094964170552
2.19147324414,673.141598475382
2.36597078324,636.166238152107
2.27128148624,682.314186592855
2.14344177772,679.813030043819
2.22814932097,620.356760408241
2.15841440834,675.001847270112
2.14541065575,630.299703524253
1.95662730395,620.731241435103
1.8808941815,562.221736689392
2.05406387262,561.21799153953
2.15841440834,616.89655358949
1.78400706716,631.967552840561
1.7061677031,525.182915122793
1.96889845076,531.066433454911
1.96793690567,593.57003078317
1.9349696456,588.246207747997
1.90534489939,597.923790880491
1.85213940466,557.292440096955
2.34032958096,551.008869093489
2.39119989477,680.790969253637
2.33277458385,695.955502823114
2.29692268852,674.177879049104
2.13336844825,652.73361938786
2.07704937896,628.402172681159
2.20978838862,599.632381082564
2.13652781068,638.01273979859
2.14069450605,629.596360592898
2.22860719958,632.328576461933
2.23094238051,641.179975998335
2.20282863372,649.168195409527
2.20200445222,629.784328125486
2.19582309095,632.479861074576
2.14893632107,629.09808350055
2.15946752915,619.003152420586
2.07434789514,622.756679558315
1.99005244264,602.340899083075
1.94421879356,582.737553702318
1.83895250063,573.287603060906
1.88533560404,552.636703684098
1.90763429245,568.224185838022
1.94435615715,570.444419286823
1.97036366232,589.977759302662
1.67045317135,583.64851342364
1.59169805005,500.127259704968
1.57768696452,502.041808451999
1.3445351752,505.595597476939
1.38107388845,434.146139974959
1.48414236405,457.714446452205
1.32612845499,480.650069909574
1.33212666481,436.592590033008
1.33075302897,446.588300243547
1.35744735206,446.933553762486
1.3932992474,467.799886458705
1.33867432897,453.001935538029
1.36765804512,441.635426173351
1.31742876136,449.615741314654
1.12466186564,431.367199214561
1.24824330306,386.524536340702
1.23446115683,432.431480309842
1.14297701012,428.628277813985
1.36339977402,395.34891122421
1.53176173972,457.75756610736
1.63061773209,498.692574810607
1.55506776108,516.216963434043
1.48629439353,506.685861432918
1.57750381307,474.748153837242
1.57883166105,501.224309788583
1.56193594026,495.826158662894
1.54742118826,494.546092634365
1.51981110794,491.767740234465
1.53949988826,481.534277205814
1.39091827861,487.407509275866
1.41257593697,448.276345662789
1.303692403,463.830292293253
1.33528602724,432.242843946138
1.33849117752,445.697694783934
1.34444359948,445.773579813947
1.39485603468,451.595299079434
1.33762120816,458.322073792614
1.27805120071,442.034932213441
1.28588092498,427.083607083698
1.24751069728,431.788919940318
1.25895766259,423.576882469884
1.33368345209,428.78370676335
1.31010270357,443.194677867764
1.35827153357,437.174997834437
1.36010304802,450.393259409482
1.28034059377,447.183510233975
1.31010270357,426.26655369326
1.29842679896,450.659705219934
1.33752963243,434.412024953103
1.34439781162,446.14383344187
1.3467787804,446.965000647667
1.34480990237,445.905494947065
1.33592705729,443.593656600576
1.33263033128,443.931632305634
1.50932568772,445.617909741293
1.55447251888,489.862595705364
1.68711995283,499.587784673284
1.70374094645,527.88430335781
1.67649716903,529.30660440402
1.92137065082,529.060080858676
1.96257972591,583.380459701207
1.95282691147,592.257556566347
1.91830286412,580.251178704222
1.88931914796,580.274262217196
2.07718674254,565.558980159427
2.12947648005,613.784344266669
2.37915768727,623.535398469366
2.18002627883,688.866954772643
2.37421259826,629.135662340061
2.24032889206,687.548884305699
2.30470662493,644.725070279533
2.29110763015,663.992731458884
2.28446839027,671.023881890497
2.27393718219,649.951541629838
2.26903788104,652.488221814847
2.26427594347,650.972397116011
2.21894596087,651.792501835166
2.11367966793,640.160118296847
1.95342215367,614.717008076431
1.84316498386,579.165108663429
1.85493246419,566.634662570101
2.01294637325,562.12219080874
2.02508015647,601.370291305956
2.05690272002,600.556482569449
2.05562065991,620.787428149306
2.00529980043,603.535943266679
1.9945854409,586.922002521855
2.01789146226,590.436483514809
1.99692062183,598.137178192224
1.96963105654,593.083252194908
1.88474036184,587.603092004469
1.89389793409,562.603956043742
1.98533629294,570.461138386206
2.02247024838,589.640707313618
2.01752515937,596.792304891291
2.12741602629,627.779448584604
2.28515520819,624.877198902669
2.28309475443,661.214981144166
2.23749004466,654.606277879937
2.19834142332,640.80858162025
2.18593291293,631.028070619758
2.1937626372,631.914115793838
2.13648202282,635.452826331355
2.14435753495,619.398155229567
2.14957735112,625.015579036647
2.12640869335,623.687718100523
2.17462331121,615.497855998201
2.18226988403,630.66877225071
2.17732479502,629.747173903971
2.14023662744,635.090610726984
2.1419307783,622.524519106187
2.12503505751,622.619438137282
2.15488874302,615.748835022667
2.17256285745,626.632946090363
2.17741637074,629.321700190297
2.14467804997,630.256863059439
2.12347827023,622.849902946619
2.132132176,619.413395052422
2.1366193864,621.318761235854
2.04124327148,620.67385614904
2.04769935992,594.666741495574
2.01697570504,604.815398748062
2.00154519581,604.24706724127
1.97613293283,590.161565158325
1.95113276061,587.074060406075
1.91441089591,582.526713115458
1.97173729816,570.904283204348
2.04472314894,589.219547180337
1.99733271258,606.086888103075
1.98909089756,590.378035849074
2.00809285996,588.299009222316
1.94522612651,596.050336480118
1.95159063922,579.50586501797
1.97741499295,583.262267202103
1.98684729236,587.420080583904
1.98368792993,594.492376167684
1.98542786866,587.381630120292
1.93954843172,587.859728884075
1.89637047859,579.087146325059
1.80754202783,568.1312416458
1.67713819908,544.681062246379
1.56953672522,521.72371980987
1.61917076678,497.067334640556
1.54078194838,514.14392762408
1.43231050515,492.48919075277
1.52072686517,464.312718816322
1.61138683038,496.975441678918
1.69600279791,543.864004762159
1.66152453841,530.4441735334
1.59572738184,518.862857255195
1.6271836425,503.360558454743
1.59531529109,512.393607670649
1.63652436618,506.258326064159
1.64591087773,513.814127885766
1.62095649337,514.565404578189
1.63286133729,507.918709894108
1.59572738184,513.050737302111
1.47713682129,503.114987400581
1.49824502531,472.89726718689
1.5030985386,507.130078493587
1.45323555773,483.935639932095
1.51385868598,469.192277992703
1.51344659523,485.417376009575
1.49137684613,484.839811992657
1.48922481665,482.287597159215
1.4708638843,480.948965678298
1.42448078089,475.663595284817
1.50941726344,467.304449424516
1.43601932191,485.607356097389
1.44256698607,465.542369561528
1.4857449392,469.816958597612
1.46573564384,480.004735361392
1.46486567448,486.032154395011
1.43144053579,475.119647141855
1.33986481336,466.083202579922
1.24915906029,440.431782890711
1.11500062692,424.263569444268
1.19132899157,392.253492787003
1.14892943208,424.609548551735
1.12457028991,409.384350046944
1.22539516031,400.955278486132
1.26619214466,425.903606116161
1.15707967138,431.850022620939
1.14361804018,408.316044155732
1.12347138124,427.34698829632
1.02850735708,397.073562592134
1.03739020216,372.112372045058
1.04073271602,381.599609669419
1.05263755994,383.909551757675
1.00950539467,384.553898042734
0.954102082601,372.954192195898
0.827040767723,357.758089585569
0.63322075119,329.560623716412
0.805062594339,287.771456349473
0.802773201278,343.569045578623
0.874019113332,345.982044772781
1.02365384379,346.077066711254
0.932215484939,385.370690207273
0.936885846784,360.533755400909
0.959047171613,359.265396020946
1.03519238482,361.840742486968
1.1745248465,381.701147353355
1.09261036278,414.858654192676
1.01944136056,391.634360520541
1.0414653218,373.821819572258
1.07283000674,380.419567379633
1.06967064431,387.749772246594
1.05117234838,384.914264918541
1.06055885993,381.087704221149
1.0518591663,382.645249054333
0.95520099127,381.204745126578
0.929880304017,359.491673120301
0.886061320832,356.478592686563
0.916006582068,346.403681319059
0.920905883219,353.809667449358
0.913762976869,354.497337291974
0.86151902722,351.748826990984
0.831619553845,338.374011320923
0.849705759026,333.487067839001
0.787617419215,337.523483525245
0.783130208816,322.925799296029
0.780382937143,325.561296842108
0.793707204757,325.416675701656
0.854467696592,327.70423354902
0.881803049739,352.33530761212
0.855703968845,347.353425834993
0.872096023161,341.017630798646
0.920173277439,345.175136766621
1.0095969704,355.299228863829
0.960008716698,377.671944643065
1.25776717819,364.122540560732
1.15011991647,436.259267815924
1.10433205526,406.513283888878
0.997096884284,400.872820058709
1.04521992642,372.713105164705
1.02154760217,384.090007943317
1.02809526633,376.596080467943
1.00456030566,380.466094723533
0.944715571052,375.660621947978
0.922737397667,357.022923785883
0.93601587742,355.185518526717
0.950622205149,358.663350600083
1.04682250157,357.930214100008
1.03322350678,378.181519472344
0.989312947877,379.830393534646
0.994715915501,371.829849960665
1.01074166693,370.941931564352
1.01577833166,380.606952446245
1.01000906115,382.342244894034
1.03638286921,376.448699676585
1.03734441429,382.643793324487
1.02049448137,381.298678400846
0.990366068685,375.792986656443
1.00094306463,367.978024940599
1.00126357966,374.297943609252
1.00895594034,374.09524549445
0.969028925358,374.68200299402
0.892471621403,366.947099340566
0.895585195966,351.490178440151
0.91907436877,356.426974745384
0.914404006926,352.953522702078
0.892563197125,354.285693371373
0.906162191907,347.116646469298
0.900988163589,350.819019105087
0.830383281592,351.226344103204
0.745538374756,331.267839377215
0.743248981696,311.785372665476
0.742928466667,316.214087383799
0.779879270669,316.916073818705
0.785511177599,326.861757466522
0.811152379881,326.146861902959
0.8314364024,333.561352236756
0.788533176439,338.73840843567
0.750620827352,327.855562284891
0.7908225695,317.77522785001
0.7283679268,329.527150084578
0.742333224471,311.144135490097
0.728551078245,315.995186002315
0.722140777674,313.809438954951
0.741875345859,313.945294833123
0.734091409452,324.302171883
0.736151863207,314.130122747361
0.672873039005,317.570858380818
0.529099154782,299.328279602212
0.555976629317,265.123578392112
0.555976629317,282.78985914617
0.555976629317,278.94563283542
0.555976629317,280.880570350434
0.555976629317,281.747289144452
0.561471172663,281.351989576066
0.535143152463,281.594729968181
0.524840883689,274.909410718143
0.345764558468,277.657380510482
0.0967243813072,222.831977720633
0.287247671832,170.070551384939
0.228822360919,234.129485360233
0.191138951137,211.436277847306
0.255516684009,197.60232340228
0.261057015216,212.326225080044
0.263804286889,212.058974915391
0.273923404218,211.406748086836
0.359546704695,215.165982764861
0.355563160769,233.8768382479
0.408722867642,235.134791370587
0.420032469363,245.856897898268
0.531571699288,244.820332544586
0.506663102786,277.089415921371
0.429831071663,272.731196216466
0.356295766548,243.679624561543
0.342193105293,228.378126726553
0.340315802983,231.61138175656
0.29919830361,229.530351437318
0.309637935968,217.630475324965
0.371497336472,223.598904121309
0.307623270074,238.333043110557
0.283859370102,219.786781631651
0.29805360708,216.582062815182
0.319528113991,220.054575036809
0.311927329029,225.816008997035
0.29768730419,221.44552832445
0.296634183382,224.156696690545
0.305013361985,219.258443491118
0.304280756205,219.926119713363
0.38720257287,219.68650537073
0.411790654343,241.158241228506
0.405746656663,245.718685700964
0.368521125493,241.017192357798
0.405792444524,237.428270890579
0.363988127233,244.342018881516
0.394757569971,232.51236883921
0.40377777863,242.026742622088
0.413393229486,242.727609629257
0.36916215555,248.883580104736
0.374153032423,235.75196817024
0.387935178649,239.772350740782
0.381021211605,239.641866014817
0.376030334733,237.638289913231
0.451580305741,236.134851920781
0.446909943897,253.929054016727
0.422092923117,253.381073843058
0.496498197595,246.129411065651
0.551397843195,266.700704827923
0.578183742007,279.888369963982
0.504831588337,284.645094582689
0.534547910267,263.602136912339
0.551535206779,273.599487445142
0.54256078598,257.98501200585
0.604878065097,180.619484408366
0.635006477778,276.990943408862
0.631480812464,295.066503207771
0.650253835563,294.079118232331
0.614173000924,298.584632132437
0.589905434479,288.334300078919
0.586975011361,282.651356034697
0.620445937911,282.82036363452
0.602771823481,292.056546141989
0.505838921284,285.992975266818
0.481891869867,260.574300185952
0.478137265247,259.76848585096
0.469117056588,259.784836933769
0.481342415533,257.709840535854
0.506846254231,260.116950664167
0.42332919537,267.440803415961
0.413484805209,241.950671560435
0.442331157775,245.733402129356
0.426992224268,253.68375280532
0.440224916159,247.964492432398
0.40602138383,250.103049467588
0.411195412148,242.00907367115
0.400847355513,245.450320201099
0.399840022566,242.029431646765
0.444437399391,243.135095267089
0.453366032329,251.725145045243
0.450527184933,253.686409542699
0.46545402769,253.352651632993
0.454785456027,259.427836274209
0.458356909201,253.470585054233
0.414446350294,254.97273702577
0.410279654923,242.486727495893
0.367834307575,244.54149044376
0.372367305835,234.099177343165
0.372642033003,235.882339401535
0.323328506472,236.330413850709
0.277586433116,224.205650249998
0.291139640036,213.159336527101
0.339949500094,220.164050251009
0.308126936548,232.082249486298
0.306524361405,221.27737794545
0.322092234219,222.152769575752
0.317101357346,224.466153885275
0.318246053877,225.559894134594
0.375297728953,221.825669326121
0.366781186767,237.492942090679
0.345947709913,238.787099787384
0.335279138249,235.489013083899
0.28866709553,229.817467359924
0.307760633658,211.740408653325
0.308081148686,224.526386820347
0.321954870635,222.006432195753
0.365178611624,226.325213637197
0.357394675217,234.649230851817
0.360599825503,231.812544661983
0.389812480959,233.38175935168
0.369940549191,240.785058503126
0.363026582147,236.106528985161
0.368200610465,235.033680115473
0.359958795446,235.1682228401
0.409089170532,231.234122601046
0.392422389049,244.624322761615
0.384501089058,240.331707904263
0.406662413887,238.923810785127
0.394391267081,244.898750018284
0.399931598288,240.827522532229
0.379784939353,242.039934418383
0.376488213345,235.471119480396
0.372046790807,237.752069241362
0.368154822603,235.928276034242
0.371222609305,235.67888035855
0.351030162508,237.435880410149
0.36275185498,231.740417246308
0.36916215555,234.752065702366
0.389766693098,235.542951498854
0.381845393107,240.723768922502
0.389583541653,239.114614687926
0.367559580408,241.186116383103
0.368887428383,235.715946134838
0.364583369428,235.176833804881
0.371359972889,234.410022205959
0.368566913354,237.06403649801
0.346817679276,235.502221521178
0.350618071757,231.594934669294
0.306890664295,230.141897505073
0.31801711457,222.093250253457
0.324702142308,223.268424975183
0.321268052717,225.518782418932
0.314903540008,224.283379908647
0.316460327289,221.65707252185
0.307806421519,224.034589791692
0.332531866576,221.204423342287
0.342147317432,228.921963443124
0.332577654438,230.183516847111
0.337110652698,227.694012817253
0.341597863097,227.678029762221
0.342696771767,230.236544302725
0.351075950369,229.187746394284
0.371268397166,232.651555973971
0.411973805788,236.682462954925
0.43308200981,244.870967745669
0.425252285541,250.087233181735
0.417010470522,245.858450143931
0.406158747414,247.674972627936
0.398786901758,242.876010235842
0.41655259191,242.166641563975
0.405426141634,248.39127285604
0.390407723155,243.951123678065
0.396268569391,237.880897691155
0.392926055522,241.365194067729
0.426396982072,240.639419933592
0.427587466463,248.412124063275
0.450664548517,246.839314394747
0.49063735136,253.736657002428
0.46920863231,263.12606138837
0.45643381903,255.329951438512
0.456616970475,252.236767318681
0.469529147339,253.35397686169
0.529053366921,254.897341527895
0.540271392919,269.573070249708
0.512295009715,274.541175367652
0.52337567213,267.861111905206
0.527954458252,267.491429062045
0.602588672036,267.138102230518
0.63244235755,286.300677249141
0.704787178273,292.183309818032
0.615958727511,312.948748839107
0.629557722293,283.819883121345
0.620766452939,293.297544279979
0.55121469175,289.591709967393
0.561425384802,270.75412627302
0.561837475553,279.167156334732
0.55272569117,278.181919855649
0.562661657055,274.467592337037
0.565912595201,276.606787413868
0.559364931047,278.517461362336
0.555244023537,276.278389462133
0.604053883595,274.287260787712
0.603229702093,286.569700250451
0.627085177787,286.994707388502
0.62003384716,291.813881047619
0.640409445401,288.824862738281
0.619621756409,293.344057674549
0.605244367987,289.336140878965
0.592515342568,285.620241663507
0.573925470914,282.869105061935
0.57378810733,278.399326161971
0.590729615981,278.199866791303
0.593522675515,283.667892155868
0.582945679574,283.97300930853
0.557350265153,281.031102696393
0.567835685372,274.764879572471
0.524337217216,277.380707781504
0.503870043251,267.009032276229
0.497688681987,266.730258259566
0.505838921284,266.805905585156
0.515179644972,266.183942964558
0.506388375618,266.403003834427
0.511058737463,264.619826493181
0.50382425539,265.934955964879
0.467468693584,265.137985621056
0.467377117861,254.18300179632
0.45116821499,257.997660665807
0.35675364516,252.856616881347
0.356478917993,228.413962070437
0.358127280997,234.062172786788
0.323557445778,234.009098590904
0.335645441139,223.343215316764
0.26494898342,226.455256262552
0.305150725568,209.381675198238
0.336378046919,222.947033017445
0.333768138829,231.162038559359
0.360782976947,230.677024520456
0.333539199523,233.022669320179
0.32552632381,225.60451012901
0.345993497774,224.210044379634
0.333997078135,229.873565584574
0.344803013383,225.890359551298
0.329876170626,228.622922524555
0.345352467717,224.300131438922
0.363072370008,231.325881177132
0.388393057261,232.670290072885
0.393475509857,236.76297793686
0.401579961292,238.972374694965
0.387843602927,241.011255465754
0.386012088478,238.21366717317
0.387156785009,237.695666167782
0.365178611624,239.421494002772
0.341048408763,231.035023369307
0.345718770607,225.45331815187
0.34168943882,227.47586614327
0.331890836519,226.722075249064
0.360004583307,225.129163289109
0.355380009324,233.170690864364
0.344940376966,231.457041831165
0.342605196044,228.131766493302
0.325938414561,227.803029581239
0.33907953073,224.138360963676
0.341460499514,227.368431681077
0.359546704695,229.448685490265
0.368200610465,229.902923181431
0.358905674638,234.134089109884
0.354738979267,231.525752189453
0.382623786748,229.745283723284
0.376854516235,236.032522312127
0.377907637043,234.434867410339
0.382806938193,234.498686491172
0.377312394847,238.636423804968
0.383676907556,234.062363096083
0.385050543393,236.907069102053
0.383905846862,236.975256776572
0.418017803469,236.459113923899
0.411515927176,245.726983878157
0.405380353773,244.873113100905
0.409363897699,243.975780701706
0.413988471682,242.748432956055
0.424473891901,243.875125032923
0.417834652024,246.959543793415
0.431342071083,244.054417368642
0.454327577414,248.904290364689
0.45492281961,254.080673606766
0.489630018413,254.064917735899
0.520582612596,262.277542945517
0.490225260609,269.41857896249
0.498100772738,261.068220094266
0.523925126465,262.720893213994
0.520719976179,268.744898060965
0.54292708887,268.316852769511
0.558861264573,273.030657571955
0.570170866294,277.692896460984
0.639356324593,279.731886362928
0.593293736209,295.463199551931
0.638074264479,283.392162669491
0.657396741913,295.217744982898
0.709640691562,302.451241667778
0.795905022095,317.073460857832
0.71220481179,332.216156567626
0.714860507741,310.853156160176
0.848515274634,313.959639739452
1.16129215461,344.643289611465
1.28972710532,414.160452052341
1.12008307951,450.238618304527
1.06687758478,408.930534466463
1.06229879866,396.791629821352
1.03542132412,391.317022307354
1.02301281373,383.255462039234
0.907535827743,378.541728871164
0.707534449946,349.902542307335
0.806894108788,305.290984153195
0.809641380461,338.139942581913
0.808267744624,333.028911153306
0.764448761439,331.174196308421
0.79645447643,319.480752532224
0.826811828417,327.598038934097
0.819989437096,335.418234020363
0.794989264871,334.438426811908
0.756619037171,327.133696694428
0.779238240612,318.595493211486
0.764448761439,326.272121303849
0.774338939462,319.370060683429
0.758816854509,323.061880006663
0.776674120384,327.025464290171
0.881986201184,322.717782804319
0.934825393029,346.675024646636
0.90890946358,362.33814062855
0.955155203409,351.942374293312
0.99430382475,361.253970774941
0.933818060082,369.654377620927
0.941418845044,354.952774265958
0.948332812088,360.604085690767
0.940960966432,359.863549382518
1.01806772472,357.379448799166
1.07447836974,377.948406084228
1.09984484486,389.186618688822
1.09714336104,403.290597767926
1.18423187308,392.508504432157
1.19169529446,412.654437776896
1.32287751685,416.836564894957
1.23940624585,445.909997336621
1.29769419318,418.675987602779
1.32887572666,443.804264777078
1.39242927803,444.369772704001
1.36930640812,460.370275969686
1.36454447055,451.918798661879
1.39000252139,454.011590881022
1.40012163872,456.134569064503
1.28024901805,473.56462945681
1.29728210242,427.425963520953
1.28482780417,436.221961738948
1.30964482495,436.113377579253
1.36710859078,440.326391030384
1.37182474049,454.707437345723
1.20245544184,455.070906900644
1.20460747132,405.877216991768
1.22988237071,417.061682411002
1.26262069148,422.428022824195
1.24828909092,428.800858753949
1.25442466433,424.136457921084
1.26811523483,424.03766704886
1.27548708049,427.498592685238
1.24888433312,430.485945611328
1.27118302153,422.143953805748
1.2661463568,430.202062998126
1.26088075276,429.491973559606
1.36600968211,427.021229246191
1.33546917868,452.99926870494
1.34970920352,447.095208272305
1.33180614978,452.194495337509
1.33578969371,442.127069921654
1.33372923995,444.438530937516
1.25547778513,444.42433182866
1.2661463568,422.219499146295
1.08171285181,430.531446033913
0.984551010311,379.926690089802
1.05346174144,366.330706731714
1.0526833478,387.038897177051
1.02237178368,382.861885864086
1.15822436791,374.494074095505
1.15671336849,408.843176223239
1.05460643797,407.828570336626
1.06742703911,380.581593233555
1.14183231359,389.711307551505
1.06097095068,411.611256567456
1.09315981712,381.874029736942
1.09467081654,392.779926394731
1.03967959522,393.331202703062
1.01596148311,378.342736135305
1.02044869351,373.458254559673
1.01412996866,378.157697863067
0.991877068106,373.968353665539
0.998653671566,370.775093177965
0.975301862345,373.589762928803
1.05167601486,364.262756481773
1.05822367901,383.786607005876
0.996639005672,385.158621256979
0.999844155957,369.285499315017
1.00927645537,372.834688436868
0.99467012764,373.382428470458
1.02383699524,368.897779017106
1.01362630218,377.924525688484
1.03519238482,374.789336253702
1.06788491773,380.303265996163
1.13098059048,387.07307051024
1.13217107488,401.657752085917
1.15071515867,401.511289280796
1.20268438115,406.996999740651
1.20694265224,419.336119924996
1.20259280543,418.392298434455
1.3008535556,418.753597160976
1.27882959435,441.720796029904
1.2963663452,432.385118017491
1.19792244358,439.818666503092
1.22585303893,412.581950560408
1.21806910252,423.418577415198
1.23153073372,421.090657084978
1.26660423541,424.761545880543
1.27333505101,432.152475526346
1.2857435614,434.042530090244
1.26600899321,438.123745313759
1.2574008753,435.031148821002
1.21825225396,435.415211466124
1.1955414748,421.803225336229
1.12466186564,415.308577304202
1.16065112455,399.955144411378
1.17475378581,409.411838639334
1.17681423956,412.119806303495
1.18006517771,412.288146980355
1.19334365746,413.084133720667
1.21724492102,416.239530634648
1.16587094073,421.359968027106
1.17704317887,407.031696441112
1.18368241874,411.184774595767
1.18775753839,414.185956763561
1.1932978696,414.600659416924
1.20543165282,416.612649401846
1.16069691241,418.127058445306
1.14567849393,407.579770554764
1.16939660604,404.739166446104
1.16811454593,410.325421220495
1.19036744648,410.786265755765
1.20158547248,416.900751974225
1.19549568694,417.778234077796
1.19535832336,415.689967763253
1.19201580949,416.254690711153
1.24279454758,416.357434640437
1.22521200887,429.059497175428
1.18418608522,422.4895059447
1.17663108812,412.061100127187
1.19764771642,412.106133797149
1.19448835399,417.841245799958
1.20282174473,416.853844284731
1.20282174473,419.511799289122
1.20703422797,418.560950533437
1.21976325338,419.691615907343
1.21664967882,422.626888779566
1.21316980137,421.821220220217
1.22173213142,424.212139734215
1.20126495745,423.794089487522
1.21912222333,415.564742926816
1.21481816437,421.810741747985
1.23862785221,421.963869785628
1.23276700597,426.851228802002
1.22887503777,424.331063438322
1.2532799678,427.328883448074
1.25483675508,429.71644186402
1.2378036707,428.679937916181
1.24499236491,424.747114150381
1.25520305797,428.42979974435
1.30135722207,429.38607612813
1.33954429833,440.536304619525
1.34306996364,449.185031921404
1.33872011683,448.602867026308
1.353509596,447.138436016153
1.40886712021,450.636479291801
1.43359256527,464.925887024796
1.3700390139,496.038855159203
1.34155896422,455.135032262977
