,OutputVolume
2009-01-03 18:15:05,50.0
2009-01-04 18:15:05,0.0
2009-01-05 18:15:05,0.0
2009-01-06 18:15:05,0.0
2009-01-07 18:15:05,0.0
2009-01-08 18:15:05,0.0
2009-01-09 18:15:05,700.0
2009-01-10 18:15:05,1550.0
2009-01-11 18:15:05,5300.0
2009-01-12 18:15:05,4601.0
2009-01-13 18:15:05,5778.0
2009-01-14 18:15:05,6300.0
2009-01-15 18:15:05,6911.0
2009-01-16 18:15:05,5900.0
2009-01-17 18:15:05,5500.0
2009-01-18 18:15:05,5050.0
2009-01-19 18:15:05,6100.0
2009-01-20 18:15:05,6575.0
2009-01-21 18:15:05,6150.0
2009-01-22 18:15:05,4250.0
2009-01-23 18:15:05,3500.0
2009-01-24 18:15:05,10750.0
2009-01-25 18:15:05,9750.0
2009-01-26 18:15:05,5800.0
2009-01-27 18:15:05,6300.0
2009-01-28 18:15:05,5150.0
2009-01-29 18:15:05,6100.0
2009-01-30 18:15:05,6650.0
2009-01-31 18:15:05,6450.0
2009-02-01 18:15:05,6900.0
2009-02-02 18:15:05,6350.0
2009-02-03 18:15:05,7436.52
2009-02-04 18:15:05,6300.0
2009-02-05 18:15:05,6050.0
2009-02-06 18:15:05,6450.0
2009-02-07 18:15:05,7498.0
2009-02-08 18:15:05,7700.0
2009-02-09 18:15:05,8600.0
2009-02-10 18:15:05,6350.0
2009-02-11 18:15:05,6900.04
2009-02-12 18:15:05,6100.0
2009-02-13 18:15:05,6200.0
2009-02-14 18:15:05,7050.0
2009-02-15 18:15:05,7000.0
2009-02-16 18:15:05,6150.0
2009-02-17 18:15:05,7400.0
2009-02-18 18:15:05,6200.0
2009-02-19 18:15:05,5850.0
2009-02-20 18:15:05,7200.0
2009-02-21 18:15:05,5500.0
2009-02-22 18:15:05,7100.0
2009-02-23 18:15:05,5350.0
2009-02-24 18:15:05,5550.0
2009-02-25 18:15:05,5350.0
2009-02-26 18:15:05,4800.0
2009-02-27 18:15:05,6150.0
2009-02-28 18:15:05,6900.0
2009-03-01 18:15:05,5650.0
2009-03-02 18:15:05,5200.0
2009-03-03 18:15:05,5700.0
2009-03-04 18:15:05,5300.0
2009-03-05 18:15:05,6550.0
2009-03-06 18:15:05,6300.0
2009-03-07 18:15:05,5550.0
2009-03-08 18:15:05,7150.0
2009-03-09 18:15:05,5650.0
2009-03-10 18:15:05,5250.0
2009-03-11 18:15:05,5400.0
2009-03-12 18:15:05,6050.0
2009-03-13 18:15:05,6450.0
2009-03-14 18:15:05,5800.0
2009-03-15 18:15:05,5550.0
2009-03-16 18:15:05,8900.0
2009-03-17 18:15:05,5750.0
2009-03-18 18:15:05,5500.0
2009-03-19 18:15:05,6800.0
2009-03-20 18:15:05,6500.0
2009-03-21 18:15:05,3850.0
2009-03-22 18:15:05,5300.0
2009-03-23 18:15:05,6600.0
2009-03-24 18:15:05,5250.0
2009-03-25 18:15:05,5800.0
2009-03-26 18:15:05,7050.0
2009-03-27 18:15:05,5500.0
2009-03-28 18:15:05,6950.0
2009-03-29 18:15:05,5600.0
2009-03-30 18:15:05,6250.0
2009-03-31 18:15:05,7250.0
2009-04-01 18:15:05,5350.0
2009-04-02 18:15:05,6000.0
2009-04-03 18:15:05,5650.0
2009-04-04 18:15:05,5650.0
2009-04-05 18:15:05,6450.0
2009-04-06 18:15:05,6600.0
2009-04-07 18:15:05,4950.0
2009-04-08 18:15:05,5200.0
2009-04-09 18:15:05,4950.0
2009-04-10 18:15:05,5150.0
2009-04-11 18:15:05,6450.0
2009-04-12 18:15:05,5750.0
2009-04-13 18:15:05,6750.0
2009-04-14 18:15:05,6350.0
2009-04-15 18:15:05,5600.0
2009-04-16 18:15:05,6150.0
2009-04-17 18:15:05,5750.0
2009-04-18 18:15:05,6232.51
2009-04-19 18:15:05,6400.0
2009-04-20 18:15:05,8100.0
2009-04-21 18:15:05,9700.0
2009-04-22 18:15:05,6050.0
2009-04-23 18:15:05,4000.0
2009-04-24 18:15:05,5650.0
2009-04-25 18:15:05,6100.0
2009-04-26 18:15:05,6200.0
2009-04-27 18:15:05,5250.0
2009-04-28 18:15:05,5850.0
2009-04-29 18:15:05,6150.0
2009-04-30 18:15:05,7600.0
2009-05-01 18:15:05,6150.0
2009-05-02 18:15:05,6200.0
2009-05-03 18:15:05,6399.94
2009-05-04 18:15:05,6210.0
2009-05-05 18:15:05,8100.0
2009-05-06 18:15:05,7350.0
2009-05-07 18:15:05,6050.0
2009-05-08 18:15:05,6100.0
2009-05-09 18:15:05,4550.0
2009-05-10 18:15:05,3100.0
2009-05-11 18:15:05,6050.0
2009-05-12 18:15:05,6350.0
2009-05-13 18:15:05,5850.0
2009-05-14 18:15:05,6800.01
2009-05-15 18:15:05,7249.99
2009-05-16 18:15:05,6200.0
2009-05-17 18:15:05,6250.0
2009-05-18 18:15:05,6200.0
2009-05-19 18:15:05,5000.0
2009-05-20 18:15:05,5200.0
2009-05-21 18:15:05,4450.0
2009-05-22 18:15:05,4150.0
2009-05-23 18:15:05,350.0
2009-05-24 18:15:05,4800.0
2009-05-25 18:15:05,5600.0
2009-05-26 18:15:05,5650.0
2009-05-27 18:15:05,6250.0
2009-05-28 18:15:05,5150.0
2009-05-29 18:15:05,8350.0
2009-05-30 18:15:05,5150.0
2009-05-31 18:15:05,5900.0
2009-06-01 18:15:05,3700.0
2009-06-02 18:15:05,4450.0
2009-06-03 18:15:05,4900.0
2009-06-04 18:15:05,1950.0
2009-06-05 18:15:05,2850.0
2009-06-06 18:15:05,1200.0
2009-06-07 18:15:05,200.0
2009-06-08 18:15:05,3600.0
2009-06-09 18:15:05,4700.0
2009-06-10 18:15:05,4150.0
2009-06-11 18:15:05,4650.0
2009-06-12 18:15:05,4550.0
2009-06-13 18:15:05,3700.0
2009-06-14 18:15:05,3500.0
2009-06-15 18:15:05,4100.0
2009-06-16 18:15:05,3650.0
2009-06-17 18:15:05,3850.0
2009-06-18 18:15:05,4050.0
2009-06-19 18:15:05,4350.0
2009-06-20 18:15:05,4200.0
2009-06-21 18:15:05,3750.0
2009-06-22 18:15:05,7000.0
2009-06-23 18:15:05,3800.0
2009-06-24 18:15:05,4398.98
2009-06-25 18:15:05,3700.0
2009-06-26 18:15:05,5450.0
2009-06-27 18:15:05,4250.0
2009-06-28 18:15:05,2600.0
2009-06-29 18:15:05,3800.0
2009-06-30 18:15:05,4495.0
2009-07-01 18:15:05,4250.0
2009-07-02 18:15:05,3600.0
2009-07-03 18:15:05,4200.0
2009-07-04 18:15:05,4450.0
2009-07-05 18:15:05,4000.0
2009-07-06 18:15:05,4550.0
2009-07-07 18:15:05,3150.0
2009-07-08 18:15:05,3950.0
2009-07-09 18:15:05,4050.0
2009-07-10 18:15:05,4100.0
2009-07-11 18:15:05,4200.0
2009-07-12 18:15:05,3800.0
2009-07-13 18:15:05,3800.0
2009-07-14 18:15:05,3600.0
2009-07-15 18:15:05,2300.0
2009-07-16 18:15:05,3450.0
2009-07-17 18:15:05,3250.0
2009-07-18 18:15:05,150.0
2009-07-19 18:15:05,2600.0
2009-07-20 18:15:05,3750.0
2009-07-21 18:15:05,9749.67
2009-07-22 18:15:05,3450.0
2009-07-23 18:15:05,3300.0
2009-07-24 18:15:05,3750.0
2009-07-25 18:15:05,2650.0
2009-07-26 18:15:05,650.0
2009-07-27 18:15:05,3200.0
2009-07-28 18:15:05,2200.0
2009-07-29 18:15:05,1600.0
2009-07-30 18:15:05,850.0
2009-07-31 18:15:05,600.0
2009-08-01 18:15:05,1150.0
2009-08-02 18:15:05,1500.0
2009-08-03 18:15:05,750.0
2009-08-04 18:15:05,2900.0
2009-08-05 18:15:05,4550.0
2009-08-06 18:15:05,4800.0
2009-08-07 18:15:05,3700.0
2009-08-08 18:15:05,9649.53
2009-08-09 18:15:05,4900.0
2009-08-10 18:15:05,4100.0
2009-08-11 18:15:05,3350.0
2009-08-12 18:15:05,3400.0
2009-08-13 18:15:05,4050.0
2009-08-14 18:15:05,3250.0
2009-08-15 18:15:05,1700.0
2009-08-16 18:15:05,1250.0
2009-08-17 18:15:05,850.0
2009-08-18 18:15:05,450.0
2009-08-19 18:15:05,750.0
2009-08-20 18:15:05,1200.0
2009-08-21 18:15:05,800.0
2009-08-22 18:15:05,400.0
2009-08-23 18:15:05,600.0
2009-08-24 18:15:05,400.0
2009-08-25 18:15:05,2750.0
2009-08-26 18:15:05,2100.0
2009-08-27 18:15:05,3848.06
2009-08-28 18:15:05,3200.0
2009-08-29 18:15:05,4150.0
2009-08-30 18:15:05,4550.0
2009-08-31 18:15:05,5000.0
2009-09-01 18:15:05,3950.0
2009-09-02 18:15:05,3400.0
2009-09-03 18:15:05,3700.0
2009-09-04 18:15:05,3150.0
2009-09-05 18:15:05,3550.0
2009-09-06 18:15:05,3600.0
2009-09-07 18:15:05,4550.0
2009-09-08 18:15:05,3300.0
2009-09-09 18:15:05,2900.0
2009-09-10 18:15:05,3050.0
2009-09-11 18:15:05,3400.0
2009-09-12 18:15:05,3550.0
2009-09-13 18:15:05,3500.0
2009-09-14 18:15:05,4050.0
2009-09-15 18:15:05,2800.0
2009-09-16 18:15:05,2901.0
2009-09-17 18:15:05,9200.0
2009-09-18 18:15:05,4050.0
2009-09-19 18:15:05,3550.0
2009-09-20 18:15:05,3950.0
2009-09-21 18:15:05,3700.0
2009-09-22 18:15:05,2100.0
2009-09-23 18:15:05,3350.0
2009-09-24 18:15:05,4100.0
2009-09-25 18:15:05,6300.0
2009-09-26 18:15:05,4700.0
2009-09-27 18:15:05,5250.0
2009-09-28 18:15:05,4400.0
2009-09-29 18:15:05,6300.0
2009-09-30 18:15:05,4350.0
2009-10-01 18:15:05,4250.0
2009-10-02 18:15:05,4250.0
2009-10-03 18:15:05,2900.0
2009-10-04 18:15:05,3050.0
2009-10-05 18:15:05,2900.0
2009-10-06 18:15:05,2950.0
2009-10-07 18:15:05,2550.0
2009-10-08 18:15:05,3500.0
2009-10-09 18:15:05,3900.0
2009-10-10 18:15:05,3850.0
2009-10-11 18:15:05,3950.0
2009-10-12 18:15:05,8150.0
2009-10-13 18:15:05,2550.0
2009-10-14 18:15:05,2800.0
2009-10-15 18:15:05,4250.0
2009-10-16 18:15:05,12950.0
2009-10-17 18:15:05,2750.0
2009-10-18 18:15:05,3550.0
2009-10-19 18:15:05,4950.0
2009-10-20 18:15:05,5550.0
2009-10-21 18:15:05,9199.88
2009-10-22 18:15:05,17149.76
2009-10-23 18:15:05,4350.0
2009-10-24 18:15:05,3750.0
2009-10-25 18:15:05,15900.0
2009-10-26 18:15:05,3250.0
2009-10-27 18:15:05,16300.0
2009-10-28 18:15:05,3200.0
2009-10-29 18:15:05,3000.0
2009-10-30 18:15:05,4600.0
2009-10-31 18:15:05,2250.0
2009-11-01 18:15:05,1500.0
2009-11-02 18:15:05,1650.0
2009-11-03 18:15:05,2850.0
2009-11-04 18:15:05,3100.0
2009-11-05 18:15:05,18700.0
2009-11-06 18:15:05,2450.0
2009-11-07 18:15:05,3800.0
2009-11-08 18:15:05,3500.0
2009-11-09 18:15:05,3250.0
2009-11-10 18:15:05,3550.0
2009-11-11 18:15:05,93450.0
2009-11-12 18:15:05,3500.0
2009-11-13 18:15:05,4100.0
2009-11-14 18:15:05,4150.0
2009-11-15 18:15:05,4800.0
2009-11-16 18:15:05,5000.0
2009-11-17 18:15:05,4550.0
2009-11-18 18:15:05,3950.0
2009-11-19 18:15:05,3650.0
2009-11-20 18:15:05,48450.0
2009-11-21 18:15:05,3850.0
2009-11-22 18:15:05,5000.0
2009-11-23 18:15:05,4800.0
2009-11-24 18:15:05,5100.0
2009-11-25 18:15:05,4250.0
2009-11-26 18:15:05,3900.0
2009-11-27 18:15:05,3750.0
2009-11-28 18:15:05,3900.0
2009-11-29 18:15:05,2900.0
2009-11-30 18:15:05,3700.0
2009-12-01 18:15:05,3300.0
2009-12-02 18:15:05,14950.0
2009-12-03 18:15:05,4250.0
2009-12-04 18:15:05,2450.0
2009-12-05 18:15:05,2600.0
2009-12-06 18:15:05,6290.0
2009-12-07 18:15:05,4700.0
2009-12-08 18:15:05,7450.0
2009-12-09 18:15:05,6985.0
2009-12-10 18:15:05,5220.0
2009-12-11 18:15:05,6250.0
2009-12-12 18:15:05,10250.0
2009-12-13 18:15:05,5200.0
2009-12-14 18:15:05,37945.7
2009-12-15 18:15:05,11250.0
2009-12-16 18:15:05,6809.0
2009-12-17 18:15:05,8300.0
2009-12-18 18:15:05,10049.5
2009-12-19 18:15:05,11250.0
2009-12-20 18:15:05,8750.0
2009-12-21 18:15:05,9400.0
2009-12-22 18:15:05,7600.0
2009-12-23 18:15:05,8450.0
2009-12-24 18:15:05,7200.0
2009-12-25 18:15:05,7900.0
2009-12-26 18:15:05,7950.0
2009-12-27 18:15:05,8700.0
2009-12-28 18:15:05,6900.0
2009-12-29 18:15:05,8200.0
2009-12-30 18:15:05,7800.0
2009-12-31 18:15:05,7500.0
2010-01-01 18:15:05,5950.0
2010-01-02 18:15:05,6600.0
2010-01-03 18:15:05,8150.0
2010-01-04 18:15:05,30304.35
2010-01-05 18:15:05,10400.0
2010-01-06 18:15:05,7900.0
2010-01-07 18:15:05,7950.0
2010-01-08 18:15:05,7500.0
2010-01-09 18:15:05,7400.0
2010-01-10 18:15:05,9550.0
2010-01-11 18:15:05,7700.0
2010-01-12 18:15:05,19099.88
2010-01-13 18:15:05,7958.0
2010-01-14 18:15:05,7905.0
2010-01-15 18:15:05,7200.0
2010-01-16 18:15:05,6900.74
2010-01-17 18:15:05,6401.0
2010-01-18 18:15:05,6500.0
2010-01-19 18:15:05,6000.0
2010-01-20 18:15:05,7000.0
2010-01-21 18:15:05,9588.29
2010-01-22 18:15:05,7700.0
2010-01-23 18:15:05,7600.0
2010-01-24 18:15:05,7351.0
2010-01-25 18:15:05,13450.0
2010-01-26 18:15:05,10973.0
2010-01-27 18:15:05,9050.0
2010-01-28 18:15:05,10500.0
2010-01-29 18:15:05,10200.0
2010-01-30 18:15:05,9800.0
2010-01-31 18:15:05,11950.0
2010-02-01 18:15:05,12300.0
2010-02-02 18:15:05,7100.0
2010-02-03 18:15:05,13500.0
2010-02-04 18:15:05,11999.99
2010-02-05 18:15:05,26099.0
2010-02-06 18:15:05,10850.0
2010-02-07 18:15:05,11249.0
2010-02-08 18:15:05,17603.0
2010-02-09 18:15:05,10650.0
2010-02-10 18:15:05,59000.0
2010-02-11 18:15:05,9700.0
2010-02-12 18:15:05,18200.0
2010-02-13 18:15:05,13399.0
2010-02-14 18:15:05,35474.51
2010-02-15 18:15:05,12450.0
2010-02-16 18:15:05,10899.98
2010-02-17 18:15:05,65173.13
2010-02-18 18:15:05,18911.74
2010-02-19 18:15:05,9749.98
2010-02-20 18:15:05,11150.03
2010-02-21 18:15:05,12266.83
2010-02-22 18:15:05,32350.0
2010-02-23 18:15:05,12600.0
2010-02-24 18:15:05,14800.0
2010-02-25 18:15:05,8100.0
2010-02-26 18:15:05,29349.0
2010-02-27 18:15:05,9101.0
2010-02-28 18:15:05,13399.0
2010-03-01 18:15:05,10300.0
2010-03-02 18:15:05,12400.0
2010-03-03 18:15:05,7650.0
2010-03-04 18:15:05,19400.0
2010-03-05 18:15:05,27900.0
2010-03-06 18:15:05,32797.39
2010-03-07 18:15:05,16250.0
2010-03-08 18:15:05,15845.18
2010-03-09 18:15:05,11400.0
2010-03-10 18:15:05,8850.0
2010-03-11 18:15:05,11749.99
2010-03-12 18:15:05,6150.0
2010-03-13 18:15:05,9800.0
2010-03-14 18:15:05,7800.0
2010-03-15 18:15:05,6302.0
2010-03-16 18:15:05,6950.0
2010-03-17 18:15:05,8301.0
2010-03-18 18:15:05,8130.0
2010-03-19 18:15:05,15470.0
2010-03-20 18:15:05,13696.0
2010-03-21 18:15:05,11552.0
2010-03-22 18:15:05,11500.0
2010-03-23 18:15:05,13960.59
2010-03-24 18:15:05,10076.34
2010-03-25 18:15:05,33800.0
2010-03-26 18:15:05,12351.0
2010-03-27 18:15:05,12950.0
2010-03-28 18:15:05,11600.0
2010-03-29 18:15:05,13250.0
2010-03-30 18:15:05,11100.0
2010-03-31 18:15:05,11400.0
2010-04-01 18:15:05,10924.2
2010-04-02 18:15:05,8800.0
2010-04-03 18:15:05,10023.48
2010-04-04 18:15:05,10500.0
2010-04-05 18:15:05,12594.74
2010-04-06 18:15:05,19633.45
2010-04-07 18:15:05,15153.14
2010-04-08 18:15:05,13238.74
2010-04-09 18:15:05,11424.01
2010-04-10 18:15:05,53193.0
2010-04-11 18:15:05,22677.31
2010-04-12 18:15:05,43764.61
2010-04-13 18:15:05,11577.0
2010-04-14 18:15:05,15257.29
2010-04-15 18:15:05,114696.12
2010-04-16 18:15:05,27931.63
2010-04-17 18:15:05,18391.58
2010-04-18 18:15:05,25304.6
2010-04-19 18:15:05,43832.61
2010-04-20 18:15:05,42263.8
2010-04-21 18:15:05,15308.81
2010-04-22 18:15:05,31902.85
2010-04-23 18:15:05,13790.99
2010-04-24 18:15:05,19781.1
2010-04-25 18:15:05,21180.8
2010-04-26 18:15:05,17815.5
2010-04-27 18:15:05,22343.93
2010-04-28 18:15:05,16271.87
2010-04-29 18:15:05,13386.03
2010-04-30 18:15:05,40960.32
2010-05-01 18:15:05,41344.6
2010-05-02 18:15:05,12403.0
2010-05-03 18:15:05,15751.0
2010-05-04 18:15:05,12603.99
2010-05-05 18:15:05,36805.82
2010-05-06 18:15:05,17099.97
2010-05-07 18:15:05,49545.01
2010-05-08 18:15:05,10660.0
2010-05-09 18:15:05,31698.66
2010-05-10 18:15:05,12842.67
2010-05-11 18:15:05,10621.26
2010-05-12 18:15:05,15700.0
2010-05-13 18:15:05,26670.11
2010-05-14 18:15:05,23275.33
2010-05-15 18:15:05,9270.03
2010-05-16 18:15:05,7488.64
2010-05-17 18:15:05,16847.48
2010-05-18 18:15:05,16526.0
2010-05-19 18:15:05,25418.51
2010-05-20 18:15:05,13394.97
2010-05-21 18:15:05,15512.96
2010-05-22 18:15:05,56336.75
2010-05-23 18:15:05,61392.14
2010-05-24 18:15:05,17456.0
2010-05-25 18:15:05,19050.0
2010-05-26 18:15:05,24062.0
2010-05-27 18:15:05,21040.48
2010-05-28 18:15:05,42555.58
2010-05-29 18:15:05,40875.12
2010-05-30 18:15:05,30539.71
2010-05-31 18:15:05,12111.0
2010-06-01 18:15:05,14142.01
2010-06-02 18:15:05,16201.97
2010-06-03 18:15:05,16514.24
2010-06-04 18:15:05,39744.49
2010-06-05 18:15:05,11400.0
2010-06-06 18:15:05,14650.0
2010-06-07 18:15:05,28453.31
2010-06-08 18:15:05,27900.8
2010-06-09 18:15:05,54760.96
2010-06-10 18:15:05,53895.02
2010-06-11 18:15:05,28105.0
2010-06-12 18:15:05,21898.01
2010-06-13 18:15:05,15143.46
2010-06-14 18:15:05,49237.65
2010-06-15 18:15:05,55578.0
2010-06-16 18:15:05,17190.08
2010-06-17 18:15:05,43867.51
2010-06-18 18:15:05,14211.62
2010-06-19 18:15:05,63472.79
2010-06-20 18:15:05,33103.01
2010-06-21 18:15:05,45623.09
2010-06-22 18:15:05,39649.42
2010-06-23 18:15:05,43859.22
2010-06-24 18:15:05,45664.37
2010-06-25 18:15:05,40130.0
2010-06-26 18:15:05,52315.0
2010-06-27 18:15:05,33347.74
2010-06-28 18:15:05,43325.05
2010-06-29 18:15:05,59574.05
2010-06-30 18:15:05,42443.12
2010-07-01 18:15:05,47384.78
2010-07-02 18:15:05,39069.81
2010-07-03 18:15:05,129295.4
2010-07-04 18:15:05,21766.5
2010-07-05 18:15:05,59620.0
2010-07-06 18:15:05,37157.51
2010-07-07 18:15:05,61310.31
2010-07-08 18:15:05,21542.94
2010-07-09 18:15:05,25316.0
2010-07-10 18:15:05,30853.74
2010-07-11 18:15:05,33656.99
2010-07-12 18:15:05,2490710.99
2010-07-13 18:15:05,375367.98
2010-07-14 18:15:05,457056.19
2010-07-15 18:15:05,108133.06
2010-07-16 18:15:05,99601.75
2010-07-17 18:15:05,44761.64
2010-07-18 18:15:05,42807.91
2010-07-19 18:15:05,56879.76
2010-07-20 18:15:05,38158.85
2010-07-21 18:15:05,36352.93
2010-07-22 18:15:05,43947.49
2010-07-23 18:15:05,40387.12
2010-07-24 18:15:05,41380.86
2010-07-25 18:15:05,61276.82
2010-07-26 18:15:05,54379.25
2010-07-27 18:15:05,83431.72
2010-07-28 18:15:05,34422.77
2010-07-29 18:15:05,67470.65
2010-07-30 18:15:05,38727.83
2010-07-31 18:15:05,26849.89
2010-08-01 18:15:05,275826.17
2010-08-02 18:15:05,80756.88
2010-08-03 18:15:05,35410.38
2010-08-04 18:15:05,43476.55
2010-08-05 18:15:05,63196.35
2010-08-06 18:15:05,27828.86
2010-08-07 18:15:05,34545.32
2010-08-08 18:15:05,24398.03
2010-08-09 18:15:05,42164.61
2010-08-10 18:15:05,79568.17
2010-08-11 18:15:05,64335.31
2010-08-12 18:15:05,37502.57
2010-08-13 18:15:05,45207.98
2010-08-14 18:15:05,32041.73
2010-08-15 18:15:05,32624.12
2010-08-16 18:15:05,41918.88
2010-08-17 18:15:05,72855.15
2010-08-18 18:15:05,52829.65
2010-08-19 18:15:05,32027.42
2010-08-20 18:15:05,36647.52
2010-08-21 18:15:05,33790.41
2010-08-22 18:15:05,45810.46
2010-08-23 18:15:05,29274.46
2010-08-24 18:15:05,28624.03
2010-08-25 18:15:05,24234.76
2010-08-26 18:15:05,30534.45
2010-08-27 18:15:05,21534.39
2010-08-28 18:15:05,39471.259999
2010-08-29 18:15:05,18946.7799925
2010-08-30 18:15:05,20544.6000008
2010-08-31 18:15:05,50604.2499966
2010-09-01 18:15:05,25273.8899989
2010-09-02 18:15:05,37692.3699985
2010-09-03 18:15:05,45194.3100001
2010-09-04 18:15:05,45032.56
2010-09-05 18:15:05,128716.02
2010-09-06 18:15:05,94878.7899984
2010-09-07 18:15:05,34840.22
2010-09-08 18:15:05,24540.7899966
2010-09-09 18:15:05,40414.58
2010-09-10 18:15:05,25097.6199962
2010-09-11 18:15:05,17622.84
2010-09-12 18:15:05,26765.4800003
2010-09-13 18:15:05,114883.92
2010-09-14 18:15:05,46151.3544054
2010-09-15 18:15:05,46988.2303965
2010-09-16 18:15:05,39173.55
2010-09-17 18:15:05,44589.06
2010-09-18 18:15:05,81783.0
2010-09-19 18:15:05,63683.9096035
2010-09-20 18:15:05,71345.62
2010-09-21 18:15:05,39944.0800001
2010-09-22 18:15:05,51528.04
2010-09-23 18:15:05,123082.78
2010-09-24 18:15:05,48867.6
2010-09-25 18:15:05,32462.93
2010-09-26 18:15:05,30732.86
2010-09-27 18:15:05,39222.8
2010-09-28 18:15:05,55063.2350332
2010-09-29 18:15:05,152303.87
2010-09-30 18:15:05,36006.74
2010-10-01 18:15:05,74309.8181211
2010-10-02 18:15:05,46316.1477662
2010-10-03 18:15:05,403512.377768
2010-10-04 18:15:05,539563.530001
2010-10-05 18:15:05,189281.43
2010-10-06 18:15:05,99404.9500013
2010-10-07 18:15:05,175824.0
2010-10-08 18:15:05,181045.43
2010-10-09 18:15:05,164092.5
2010-10-10 18:15:05,135145.64
2010-10-11 18:15:05,71405.1200011
2010-10-12 18:15:05,108997.45
2010-10-13 18:15:05,95713.93
2010-10-14 18:15:05,157733.04
2010-10-15 18:15:05,145488.96
2010-10-16 18:15:05,228684.56
2010-10-17 18:15:05,165836.540001
2010-10-18 18:15:05,204295.32
2010-10-19 18:15:05,269644.67
2010-10-20 18:15:05,243234.45
2010-10-21 18:15:05,200194.237766
2010-10-22 18:15:05,138906.02
2010-10-23 18:15:05,49203.8
2010-10-24 18:15:05,88862.99
2010-10-25 18:15:05,154213.65
2010-10-26 18:15:05,194450.0
2010-10-27 18:15:05,231666.64
2010-10-28 18:15:05,154286.85
2010-10-29 18:15:05,136452.55
2010-10-30 18:15:05,93681.81
2010-10-31 18:15:05,61979.37
2010-11-01 18:15:05,61627.41
2010-11-02 18:15:05,65171.14
2010-11-03 18:15:05,65403.99
2010-11-04 18:15:05,162239.24
2010-11-05 18:15:05,56243.7910879
2010-11-06 18:15:05,121427.3
2010-11-07 18:15:05,124630.78
2010-11-08 18:15:05,455084.71
2010-11-09 18:15:05,121502.89
2010-11-10 18:15:05,59232.5
2010-11-11 18:15:05,59839.1
2010-11-12 18:15:05,43331.06
2010-11-13 18:15:05,53430.2
2010-11-14 18:15:05,36107.0
2010-11-15 18:15:05,173010.71
2010-11-16 18:15:05,478994.38
2010-11-17 18:15:05,86941.96
2010-11-18 18:15:05,64061.66
2010-11-19 18:15:05,63583.9110879
2010-11-20 18:15:05,171110.34
2010-11-21 18:15:05,138363.57
2010-11-22 18:15:05,37773.97
2010-11-23 18:15:05,44876.14
2010-11-24 18:15:05,52383.97
2010-11-25 18:15:05,56769.8
2010-11-26 18:15:05,104730.61
2010-11-27 18:15:05,31891.1
2010-11-28 18:15:05,33924.38
2010-11-29 18:15:05,33563.41
2010-11-30 18:15:05,51951.56
2010-12-01 18:15:05,84893.23
2010-12-02 18:15:05,80412.8
2010-12-03 18:15:05,40131.16
2010-12-04 18:15:05,62846.9479285
2010-12-05 18:15:05,46592.1540466
2010-12-06 18:15:05,109183.746133
2010-12-07 18:15:05,69114.7534368
2010-12-08 18:15:05,64972.2465525
2010-12-09 18:15:05,52106.586912
2010-12-10 18:15:05,40043.8900011
2010-12-11 18:15:05,83411.6970259
2010-12-12 18:15:05,51986.9789337
2010-12-13 18:15:05,145857.128686
2010-12-14 18:15:05,159576.292469
2010-12-15 18:15:05,121157.069662
2010-12-16 18:15:05,94420.2875406
2010-12-17 18:15:05,74686.6905769
2010-12-18 18:15:05,86309.052
2010-12-19 18:15:05,112871.801123
2010-12-20 18:15:05,69753.3388443
2010-12-21 18:15:05,94510.8248482
2010-12-22 18:15:05,122101.312419
2010-12-23 18:15:05,75604.72
2010-12-24 18:15:05,73279.397738
2010-12-25 18:15:05,106564.977173
2010-12-26 18:15:05,93879.6033927
2010-12-27 18:15:05,72783.8934365
2010-12-28 18:15:05,81651.9911284
2010-12-29 18:15:05,127133.532517
2010-12-30 18:15:05,66672.7792214
2010-12-31 18:15:05,66441.8933506
2011-01-01 18:15:05,73186.6291526
2011-01-02 18:15:05,47462.4712909
2011-01-03 18:15:05,64231.7177128
2011-01-04 18:15:05,70985.1295464
2011-01-05 18:15:05,55566.7203988
2011-01-06 18:15:05,42145.0967601
2011-01-07 18:15:05,54915.8168941
2011-01-08 18:15:05,72498.49
2011-01-09 18:15:05,46365.6323457
2011-01-10 18:15:05,75912.0685603
2011-01-11 18:15:05,85878.0984946
2011-01-12 18:15:05,105022.808205
2011-01-13 18:15:05,74079.1353362
2011-01-14 18:15:05,117634.076794
2011-01-15 18:15:05,99128.7457175
2011-01-16 18:15:05,49341.4584682
2011-01-17 18:15:05,91444.8493953
2011-01-18 18:15:05,77342.2776835
2011-01-19 18:15:05,93918.8025544
2011-01-20 18:15:05,75968.8944683
2011-01-21 18:15:05,60052.7939209
2011-01-22 18:15:05,79499.3068794
2011-01-23 18:15:05,82264.6623404
2011-01-24 18:15:05,71524.4197572
2011-01-25 18:15:05,76827.2077695
2011-01-26 18:15:05,61868.4824735
2011-01-27 18:15:05,907174.35
2011-01-28 18:15:05,203259.119059
2011-01-29 18:15:05,64724.6019561
2011-01-30 18:15:05,290621.72868
2011-01-31 18:15:05,256095.779823
2011-02-01 18:15:05,151647.540911
2011-02-02 18:15:05,157297.492015
2011-02-03 18:15:05,78511.488013
2011-02-04 18:15:05,59511.5769532
2011-02-05 18:15:05,79984.5252893
2011-02-06 18:15:05,66778.5513917
2011-02-07 18:15:05,175102.384671
2011-02-08 18:15:05,73028.9177207
2011-02-09 18:15:05,84880.2691294
2011-02-10 18:15:05,238910.282623
2011-02-11 18:15:05,266155.716685
2011-02-12 18:15:05,160649.733408
2011-02-13 18:15:05,120512.59247
2011-02-14 18:15:05,112566.04
2011-02-15 18:15:05,134265.101871
2011-02-16 18:15:05,79208.8758038
2011-02-17 18:15:05,98007.5429172
2011-02-18 18:15:05,114822.03
2011-02-19 18:15:05,185159.23369
2011-02-20 18:15:05,211556.62
2011-02-21 18:15:05,234954.48
2011-02-22 18:15:05,215033.45
2011-02-23 18:15:05,524405.133322
2011-02-24 18:15:05,219771.567695
2011-02-25 18:15:05,204983.109152
2011-02-26 18:15:05,187552.790506
2011-02-27 18:15:05,203856.748552
2011-02-28 18:15:05,124226.537854
2011-03-01 18:15:05,996104.824454
2011-03-02 18:15:05,1775312.64438
2011-03-03 18:15:05,951257.812888
2011-03-04 18:15:05,255314.989364
2011-03-05 18:15:05,198745.642801
2011-03-06 18:15:05,199347.464621
2011-03-07 18:15:05,236085.492037
2011-03-08 18:15:05,163024.885933
2011-03-09 18:15:05,243670.886493
2011-03-10 18:15:05,267187.872515
2011-03-11 18:15:05,370094.695184
2011-03-12 18:15:05,150036.540256
2011-03-13 18:15:05,211035.151122
2011-03-14 18:15:05,212568.108391
2011-03-15 18:15:05,128279.008245
2011-03-16 18:15:05,152458.153886
2011-03-17 18:15:05,174677.664765
2011-03-18 18:15:05,174095.308079
2011-03-19 18:15:05,140795.185349
2011-03-20 18:15:05,122537.413508
2011-03-21 18:15:05,164254.450751
2011-03-22 18:15:05,207804.871847
2011-03-23 18:15:05,222690.266666
2011-03-24 18:15:05,260657.815107
2011-03-25 18:15:05,233298.861143
2011-03-26 18:15:05,408306.665274
2011-03-27 18:15:05,171128.366064
2011-03-28 18:15:05,157029.051812
2011-03-29 18:15:05,126173.793058
2011-03-30 18:15:05,116933.288285
2011-03-31 18:15:05,158393.792375
2011-04-01 18:15:05,90372.3729726
2011-04-02 18:15:05,87625.2259376
2011-04-03 18:15:05,107196.00132
2011-04-04 18:15:05,127820.087541
2011-04-05 18:15:05,151570.136522
2011-04-06 18:15:05,94074.9678975
2011-04-07 18:15:05,122171.951166
2011-04-08 18:15:05,131707.384712
2011-04-09 18:15:05,145607.408442
2011-04-10 18:15:05,103251.128
2011-04-11 18:15:05,85909.9300101
2011-04-12 18:15:05,137646.13224
2011-04-13 18:15:05,191554.50993
2011-04-14 18:15:05,126115.711911
2011-04-15 18:15:05,141473.837665
2011-04-16 18:15:05,287525.97638
2011-04-17 18:15:05,1376826.7285
2011-04-18 18:15:05,132199.675358
2011-04-19 18:15:05,2177926.08471
2011-04-20 18:15:05,5272339.94792
2011-04-21 18:15:05,136189.274825
2011-04-22 18:15:05,465318.835509
2011-04-23 18:15:05,136771.92901
2011-04-24 18:15:05,164011.869885
2011-04-25 18:15:05,103284.593499
2011-04-26 18:15:05,146695.907596
2011-04-27 18:15:05,206468.006932
2011-04-28 18:15:05,232588.937357
2011-04-29 18:15:05,771476.074942
2011-04-30 18:15:05,400623.652481
2011-05-01 18:15:05,203700.347561
2011-05-02 18:15:05,131622.774993
2011-05-03 18:15:05,180504.064797
2011-05-04 18:15:05,305517.584687
2011-05-05 18:15:05,159916.092208
2011-05-06 18:15:05,224152.476236
2011-05-07 18:15:05,299762.894262
2011-05-08 18:15:05,338722.11121
2011-05-09 18:15:05,380676.632751
2011-05-10 18:15:05,566091.449654
2011-05-11 18:15:05,185354.499218
2011-05-12 18:15:05,212128.262276
2011-05-13 18:15:05,467029.438563
2011-05-14 18:15:05,1691796.39885
2011-05-15 18:15:05,442071.429751
2011-05-16 18:15:05,207534.754338
2011-05-17 18:15:05,297603.682606
2011-05-18 18:15:05,187535.907398
2011-05-19 18:15:05,166850.211331
2011-05-20 18:15:05,319316.988296
2011-05-21 18:15:05,694878.546352
2011-05-22 18:15:05,902283.639187
2011-05-23 18:15:05,462051.835845
2011-05-24 18:15:05,332288.155206
2011-05-25 18:15:05,407506.825814
2011-05-26 18:15:05,434392.782457
2011-05-27 18:15:05,596236.987628
2011-05-28 18:15:05,235608.589121
2011-05-29 18:15:05,262939.8117
2011-05-30 18:15:05,262665.656009
2011-05-31 18:15:05,295010.674977
2011-06-01 18:15:05,259862.311249
2011-06-02 18:15:05,330587.280556
2011-06-03 18:15:05,600652.183616
2011-06-04 18:15:05,514581.681193
2011-06-05 18:15:05,486337.050908
2011-06-06 18:15:05,834087.58302
2011-06-07 18:15:05,570308.895215
2011-06-08 18:15:05,682341.044513
2011-06-09 18:15:05,791144.465827
2011-06-10 18:15:05,865325.442787
2011-06-11 18:15:05,1390639.1887
2011-06-12 18:15:05,1875945.14562
2011-06-13 18:15:05,1307769.20944
2011-06-14 18:15:05,1555268.18289
2011-06-15 18:15:05,2041254.36626
2011-06-16 18:15:05,9235676.42578
2011-06-17 18:15:05,2938717.20163
2011-06-18 18:15:05,1375764.23658
2011-06-19 18:15:05,1301575.10385
2011-06-20 18:15:05,5015069.73393
2011-06-21 18:15:05,1307009.068
2011-06-22 18:15:05,3232503.74253
2011-06-23 18:15:05,1682473.31235
2011-06-24 18:15:05,4528661.4149
2011-06-25 18:15:05,6997337.30972
2011-06-26 18:15:05,6549819.1346
2011-06-27 18:15:05,2876425.88013
2011-06-28 18:15:05,4785676.89404
2011-06-29 18:15:05,5122234.92665
2011-06-30 18:15:05,1678315.56371
2011-07-01 18:15:05,1261003.58358
2011-07-02 18:15:05,927541.14452
2011-07-03 18:15:05,475146.280437
2011-07-04 18:15:05,1503044.18576
2011-07-05 18:15:05,339654.715794
2011-07-06 18:15:05,641728.813948
2011-07-07 18:15:05,471109.265655
2011-07-08 18:15:05,351140.058125
2011-07-09 18:15:05,1209556.87066
2011-07-10 18:15:05,3308051.51303
2011-07-11 18:15:05,1007736.37404
2011-07-12 18:15:05,693214.979302
2011-07-13 18:15:05,1210875.08014
2011-07-14 18:15:05,1118040.12689
2011-07-15 18:15:05,2069623.20396
2011-07-16 18:15:05,462605.069526
2011-07-17 18:15:05,1043977.12754
2011-07-18 18:15:05,1191448.45172
2011-07-19 18:15:05,3298360.47664
2011-07-20 18:15:05,2284316.43817
2011-07-21 18:15:05,1472833.91802
2011-07-22 18:15:05,717267.659268
2011-07-23 18:15:05,1131999.89213
2011-07-24 18:15:05,640016.219762
2011-07-25 18:15:05,1478082.66779
2011-07-26 18:15:05,1233720.07539
2011-07-27 18:15:05,1008445.94944
2011-07-28 18:15:05,2869315.9449
2011-07-29 18:15:05,1609180.88087
2011-07-30 18:15:05,374677.143358
2011-07-31 18:15:05,585272.899691
2011-08-01 18:15:05,398551.885425
2011-08-02 18:15:05,541433.950941
2011-08-03 18:15:05,423218.633167
2011-08-04 18:15:05,346382.128207
2011-08-05 18:15:05,443829.868038
2011-08-06 18:15:05,393965.597678
2011-08-07 18:15:05,383287.172384
2011-08-08 18:15:05,775351.591101
2011-08-09 18:15:05,2787550.07421
2011-08-10 18:15:05,952897.318332
2011-08-11 18:15:05,686891.884858
2011-08-12 18:15:05,350528.309387
2011-08-13 18:15:05,326912.933488
2011-08-14 18:15:05,431809.417582
2011-08-15 18:15:05,348419.196242
2011-08-16 18:15:05,337473.259206
2011-08-17 18:15:05,339782.97716
2011-08-18 18:15:05,429956.369557
2011-08-19 18:15:05,564623.056083
2011-08-20 18:15:05,245694.385894
2011-08-21 18:15:05,237932.120018
2011-08-22 18:15:05,294077.74552
2011-08-23 18:15:05,435943.322506
2011-08-24 18:15:05,552500.410836
2011-08-25 18:15:05,394895.949271
2011-08-26 18:15:05,278481.530724
2011-08-27 18:15:05,2731977.81092
2011-08-28 18:15:05,196781.459855
2011-08-29 18:15:05,235746.913228
2011-08-30 18:15:05,243490.764514
2011-08-31 18:15:05,267606.555938
2011-09-01 18:15:05,346068.217541
2011-09-02 18:15:05,243024.952014
2011-09-03 18:15:05,241946.11741
2011-09-04 18:15:05,1672147.94238
2011-09-05 18:15:05,1727494.29261
2011-09-06 18:15:05,3276984.70718
2011-09-07 18:15:05,1079147.89379
2011-09-08 18:15:05,384196.014898
2011-09-09 18:15:05,414417.271665
2011-09-10 18:15:05,313641.362809
2011-09-11 18:15:05,1007931.34897
2011-09-12 18:15:05,633133.723651
2011-09-13 18:15:05,341538.869528
2011-09-14 18:15:05,337226.502724
2011-09-15 18:15:05,248417.393976
2011-09-16 18:15:05,535163.491949
2011-09-17 18:15:05,527059.174399
2011-09-18 18:15:05,300685.94185
2011-09-19 18:15:05,341653.53029
2011-09-20 18:15:05,339001.207158
2011-09-21 18:15:05,414519.751688
2011-09-22 18:15:05,314771.65472
2011-09-23 18:15:05,241895.834766
2011-09-24 18:15:05,337969.879813
2011-09-25 18:15:05,238157.246622
2011-09-26 18:15:05,346174.17797
2011-09-27 18:15:05,370803.646789
2011-09-28 18:15:05,390599.567693
2011-09-29 18:15:05,348551.531225
2011-09-30 18:15:05,282245.872715
2011-10-01 18:15:05,310744.491578
2011-10-02 18:15:05,434779.881489
2011-10-03 18:15:05,389637.530959
2011-10-04 18:15:05,371051.092433
2011-10-05 18:15:05,453881.760451
2011-10-06 18:15:05,429374.466928
2011-10-07 18:15:05,466382.160727
2011-10-08 18:15:05,324504.731085
2011-10-09 18:15:05,312208.711312
2011-10-10 18:15:05,296865.679824
2011-10-11 18:15:05,333200.945085
2011-10-12 18:15:05,339241.228645
2011-10-13 18:15:05,306799.872482
2011-10-14 18:15:05,270082.897103
2011-10-15 18:15:05,402600.001817
2011-10-16 18:15:05,233069.900188
2011-10-17 18:15:05,451457.189339
2011-10-18 18:15:05,406424.715152
2011-10-19 18:15:05,274846.112574
2011-10-20 18:15:05,321171.850586
2011-10-21 18:15:05,446049.831816
2011-10-22 18:15:05,615136.934867
2011-10-23 18:15:05,557222.73155
2011-10-24 18:15:05,417449.301421
2011-10-25 18:15:05,354032.32128
2011-10-26 18:15:05,354289.43381
2011-10-27 18:15:05,616114.909277
2011-10-28 18:15:05,464194.278272
2011-10-29 18:15:05,467306.395224
2011-10-30 18:15:05,217988.154338
2011-10-31 18:15:05,226517.563701
2011-11-01 18:15:05,671779.713637
2011-11-02 18:15:05,403170.84735
2011-11-03 18:15:05,357650.877977
2011-11-04 18:15:05,346464.874466
2011-11-05 18:15:05,368120.7916
2011-11-06 18:15:05,242378.312554
2011-11-07 18:15:05,234510.824983
2011-11-08 18:15:05,864461.936361
2011-11-09 18:15:05,1193440.33258
2011-11-10 18:15:05,389487.380272
2011-11-11 18:15:05,333985.952732
2011-11-12 18:15:05,259102.755947
2011-11-13 18:15:05,275344.199865
2011-11-14 18:15:05,312461.389019
2011-11-15 18:15:05,385370.903002
2011-11-16 18:15:05,1877613.01145
2011-11-17 18:15:05,2858886.19691
2011-11-18 18:15:05,5136996.58082
2011-11-19 18:15:05,4105280.90542
2011-11-20 18:15:05,1958849.41288
2011-11-21 18:15:05,1796249.4371
2011-11-22 18:15:05,3512090.68949
2011-11-23 18:15:05,1556254.49198
2011-11-24 18:15:05,1481015.67153
2011-11-25 18:15:05,676349.73159
2011-11-26 18:15:05,2154058.3638
2011-11-27 18:15:05,1799564.62094
2011-11-28 18:15:05,3976959.62017
2011-11-29 18:15:05,3011316.72739
2011-11-30 18:15:05,5874122.08393
2011-12-01 18:15:05,3247186.58629
2011-12-02 18:15:05,4672086.59002
2011-12-03 18:15:05,4034195.81939
2011-12-04 18:15:05,3364466.2961
2011-12-05 18:15:05,2092723.78582
2011-12-06 18:15:05,7369513.04656
2011-12-07 18:15:05,5591453.63409
2011-12-08 18:15:05,4750151.41584
2011-12-09 18:15:05,2578945.79109
2011-12-10 18:15:05,1146907.37714
2011-12-11 18:15:05,908804.148718
2011-12-12 18:15:05,780887.058257
2011-12-13 18:15:05,415686.930065
2011-12-14 18:15:05,414644.02245
2011-12-15 18:15:05,460923.223167
2011-12-16 18:15:05,434633.624399
2011-12-17 18:15:05,427685.75637
2011-12-18 18:15:05,310832.271208
2011-12-19 18:15:05,456568.669616
2011-12-20 18:15:05,487765.091405
2011-12-21 18:15:05,608602.022159
2011-12-22 18:15:05,497996.019286
2011-12-23 18:15:05,293820.117057
2011-12-24 18:15:05,278028.547231
2011-12-25 18:15:05,316815.853511
2011-12-26 18:15:05,383673.998344
2011-12-27 18:15:05,982261.420923
2011-12-28 18:15:05,326037.959187
2011-12-29 18:15:05,451570.140179
2011-12-30 18:15:05,337122.489307
2011-12-31 18:15:05,288894.529061
2012-01-01 18:15:05,303512.408393
2012-01-02 18:15:05,295186.118977
2012-01-03 18:15:05,244250.937584
2012-01-04 18:15:05,338482.005127
2012-01-05 18:15:05,673601.094563
2012-01-06 18:15:05,622080.994298
2012-01-07 18:15:05,393041.111522
2012-01-08 18:15:05,330587.82283
2012-01-09 18:15:05,442394.95163
2012-01-10 18:15:05,375302.003101
2012-01-11 18:15:05,451444.26569
2012-01-12 18:15:05,311617.955507
2012-01-13 18:15:05,439298.714578
2012-01-14 18:15:05,368949.362806
2012-01-15 18:15:05,279850.691591
2012-01-16 18:15:05,406064.284079
2012-01-17 18:15:05,398498.285018
2012-01-18 18:15:05,448003.801648
2012-01-19 18:15:05,359155.567288
2012-01-20 18:15:05,391788.68492
2012-01-21 18:15:05,307719.918566
2012-01-22 18:15:05,303898.406446
2012-01-23 18:15:05,287869.462523
2012-01-24 18:15:05,321695.2799
2012-01-25 18:15:05,410275.473721
2012-01-26 18:15:05,443244.82851
2012-01-27 18:15:05,388447.881161
2012-01-28 18:15:05,272882.336962
2012-01-29 18:15:05,328587.840061
2012-01-30 18:15:05,340079.480463
2012-01-31 18:15:05,319873.15298
2012-02-01 18:15:05,413291.783178
2012-02-02 18:15:05,426235.607313
2012-02-03 18:15:05,365576.374993
2012-02-04 18:15:05,398931.841246
2012-02-05 18:15:05,347978.207919
2012-02-06 18:15:05,312114.628591
2012-02-07 18:15:05,335635.540588
2012-02-08 18:15:05,302182.065236
2012-02-09 18:15:05,275427.677936
2012-02-10 18:15:05,300669.729039
2012-02-11 18:15:05,364050.07961
2012-02-12 18:15:05,444742.958455
2012-02-13 18:15:05,336255.743845
2012-02-14 18:15:05,1272718.18989
2012-02-15 18:15:05,1218761.58909
2012-02-16 18:15:05,1710441.06074
2012-02-17 18:15:05,1128149.13802
2012-02-18 18:15:05,668757.37948
2012-02-19 18:15:05,471283.485902
2012-02-20 18:15:05,398966.315061
2012-02-21 18:15:05,361327.068711
2012-02-22 18:15:05,628104.852685
2012-02-23 18:15:05,810128.36467
2012-02-24 18:15:05,587906.679721
2012-02-25 18:15:05,523252.137539
2012-02-26 18:15:05,330484.637243
2012-02-27 18:15:05,362452.758278
2012-02-28 18:15:05,386149.323537
2012-02-29 18:15:05,342453.111043
2012-03-01 18:15:05,453115.723772
2012-03-02 18:15:05,731389.395867
2012-03-03 18:15:05,422063.143165
2012-03-04 18:15:05,630240.967487
2012-03-05 18:15:05,437601.315364
2012-03-06 18:15:05,360222.310629
2012-03-07 18:15:05,403618.032487
2012-03-08 18:15:05,413181.355809
2012-03-09 18:15:05,605187.450668
2012-03-10 18:15:05,534069.03332
2012-03-11 18:15:05,352413.026389
2012-03-12 18:15:05,523378.295222
2012-03-13 18:15:05,668177.834788
2012-03-14 18:15:05,460298.910177
2012-03-15 18:15:05,624033.815496
2012-03-16 18:15:05,492599.653839
2012-03-17 18:15:05,506495.49689
2012-03-18 18:15:05,403515.814037
2012-03-19 18:15:05,358260.284539
2012-03-20 18:15:05,496018.040399
2012-03-21 18:15:05,547823.257873
2012-03-22 18:15:05,640130.221175
2012-03-23 18:15:05,931256.274558
2012-03-24 18:15:05,893589.033587
2012-03-25 18:15:05,522493.174427
2012-03-26 18:15:05,423096.02412
2012-03-27 18:15:05,600916.995287
2012-03-28 18:15:05,693995.094686
2012-03-29 18:15:05,1067404.02968
2012-03-30 18:15:05,1093096.4422
2012-03-31 18:15:05,958244.847389
2012-04-01 18:15:05,469525.437003
2012-04-02 18:15:05,810177.588602
2012-04-03 18:15:05,759655.140278
2012-04-04 18:15:05,751035.767964
2012-04-05 18:15:05,1026300.8463
2012-04-06 18:15:05,602873.724792
2012-04-07 18:15:05,407210.86552
2012-04-08 18:15:05,879113.678077
2012-04-09 18:15:05,1580081.10346
2012-04-10 18:15:05,1168453.42166
2012-04-11 18:15:05,1113398.83357
2012-04-12 18:15:05,1625269.80808
2012-04-13 18:15:05,944297.83763
2012-04-14 18:15:05,811725.621915
2012-04-15 18:15:05,1329795.84177
2012-04-16 18:15:05,1516544.52555
2012-04-17 18:15:05,1161251.57938
2012-04-18 18:15:05,1158712.00703
2012-04-19 18:15:05,739373.632372
2012-04-20 18:15:05,2411391.36344
2012-04-21 18:15:05,1486036.53209
2012-04-22 18:15:05,1150690.44885
2012-04-23 18:15:05,774046.059837
2012-04-24 18:15:05,800438.047361
2012-04-25 18:15:05,748268.599237
2012-04-26 18:15:05,2031001.03527
2012-04-27 18:15:05,1334928.65111
2012-04-28 18:15:05,1042504.46248
2012-04-29 18:15:05,970611.948163
2012-04-30 18:15:05,1191280.93881
2012-05-01 18:15:05,995623.201015
2012-05-02 18:15:05,1093624.15178
2012-05-03 18:15:05,1118696.16373
2012-05-04 18:15:05,1168190.54434
2012-05-05 18:15:05,1089067.70566
2012-05-06 18:15:05,942031.341081
2012-05-07 18:15:05,1360550.69187
2012-05-08 18:15:05,4235212.54705
2012-05-09 18:15:05,2567050.11122
2012-05-10 18:15:05,1264003.50834
2012-05-11 18:15:05,1126846.0696
2012-05-12 18:15:05,3086157.90117
2012-05-13 18:15:05,2235581.96629
2012-05-14 18:15:05,2062283.74756
2012-05-15 18:15:05,2979362.45579
2012-05-16 18:15:05,3967466.92949
2012-05-17 18:15:05,3303219.4345
2012-05-18 18:15:05,2258449.06464
2012-05-19 18:15:05,1338498.23754
2012-05-20 18:15:05,1038377.36599
2012-05-21 18:15:05,3722513.26465
2012-05-22 18:15:05,4585990.25585
2012-05-23 18:15:05,2395544.21704
2012-05-24 18:15:05,1187257.42542
2012-05-25 18:15:05,1416401.31565
2012-05-26 18:15:05,5219577.84161
2012-05-27 18:15:05,2082024.36431
2012-05-28 18:15:05,2433082.74126
2012-05-29 18:15:05,3153174.67261
2012-05-30 18:15:05,1873294.8659
2012-05-31 18:15:05,4812129.30927
2012-06-01 18:15:05,3223156.24545
2012-06-02 18:15:05,2387134.35994
2012-06-03 18:15:05,1609492.54685
2012-06-04 18:15:05,3521172.50923
2012-06-05 18:15:05,5317556.45597
2012-06-06 18:15:05,2751676.41249
2012-06-07 18:15:05,4158245.01434
2012-06-08 18:15:05,6042248.698
2012-06-09 18:15:05,1867311.94207
2012-06-10 18:15:05,1644528.24524
2012-06-11 18:15:05,4066159.98486
2012-06-12 18:15:05,2787261.32418
2012-06-13 18:15:05,1760143.06731
2012-06-14 18:15:05,5229504.5329
2012-06-15 18:15:05,3656680.3494
2012-06-16 18:15:05,4351600.72403
2012-06-17 18:15:05,1159009.95277
2012-06-18 18:15:05,2575358.10564
2012-06-19 18:15:05,2217216.37034
2012-06-20 18:15:05,1737453.29481
2012-06-21 18:15:05,1186755.33251
2012-06-22 18:15:05,1584455.89817
2012-06-23 18:15:05,3282570.07673
2012-06-24 18:15:05,2180761.31443
2012-06-25 18:15:05,1843260.41923
2012-06-26 18:15:05,1782749.75341
2012-06-27 18:15:05,1327378.71729
2012-06-28 18:15:05,3571435.20578
2012-06-29 18:15:05,2843499.26299
2012-06-30 18:15:05,1659773.18224
2012-07-01 18:15:05,1287322.11079
2012-07-02 18:15:05,1167866.96926
2012-07-03 18:15:05,1227878.76673
2012-07-04 18:15:05,2384064.43623
2012-07-05 18:15:05,1819963.93905
2012-07-06 18:15:05,1621179.08254
2012-07-07 18:15:05,4379832.14432
2012-07-08 18:15:05,623122.949405
2012-07-09 18:15:05,1893125.87659
2012-07-10 18:15:05,2373200.40294
2012-07-11 18:15:05,1249365.53361
2012-07-12 18:15:05,1310703.542
2012-07-13 18:15:05,2448766.94967
2012-07-14 18:15:05,2369172.75994
2012-07-15 18:15:05,1672124.09871
2012-07-16 18:15:05,1695175.10559
2012-07-17 18:15:05,2666970.47688
2012-07-18 18:15:05,1740583.53574
2012-07-19 18:15:05,1295478.21611
2012-07-20 18:15:05,1421994.54584
2012-07-21 18:15:05,2234606.50935
2012-07-22 18:15:05,2017199.61626
2012-07-23 18:15:05,1883207.37252
2012-07-24 18:15:05,2038593.7443
2012-07-25 18:15:05,1181372.18944
2012-07-26 18:15:05,1759046.66977
2012-07-27 18:15:05,2542177.22727
2012-07-28 18:15:05,1721419.87291
2012-07-29 18:15:05,1270281.86632
2012-07-30 18:15:05,948209.354648
2012-07-31 18:15:05,2129740.04036
2012-08-01 18:15:05,2785336.88999
2012-08-02 18:15:05,1964547.29791
2012-08-03 18:15:05,1674221.83346
2012-08-04 18:15:05,1149479.48812
2012-08-05 18:15:05,2028384.34611
2012-08-06 18:15:05,1875108.81064
2012-08-07 18:15:05,1940221.75537
2012-08-08 18:15:05,1765841.13518
2012-08-09 18:15:05,1601461.74506
2012-08-10 18:15:05,1174688.42424
2012-08-11 18:15:05,1920172.47218
2012-08-12 18:15:05,1621721.94408
2012-08-13 18:15:05,1784521.5362
2012-08-14 18:15:05,1715320.3424
2012-08-15 18:15:05,1863928.72093
2012-08-16 18:15:05,1664499.54769
2012-08-17 18:15:05,2729697.58044
2012-08-18 18:15:05,2627510.81954
2012-08-19 18:15:05,3349445.75565
2012-08-20 18:15:05,9622289.30046
2012-08-21 18:15:05,6768934.30133
2012-08-22 18:15:05,5845207.91306
2012-08-23 18:15:05,8073544.01797
2012-08-24 18:15:05,7957035.36121
2012-08-25 18:15:05,9640536.11204
2012-08-26 18:15:05,3147442.02601
2012-08-27 18:15:05,3271317.782
2012-08-28 18:15:05,8618370.67075
2012-08-29 18:15:05,12858493.6435
2012-08-30 18:15:05,13468328.554
2012-08-31 18:15:05,6726903.6746
2012-09-01 18:15:05,11028471.468
2012-09-02 18:15:05,6853914.88732
2012-09-03 18:15:05,4085171.78498
2012-09-04 18:15:05,6181981.31788
2012-09-05 18:15:05,8813231.51711
2012-09-06 18:15:05,16235603.5081
2012-09-07 18:15:05,20505513.352
2012-09-08 18:15:05,11470487.2225
2012-09-09 18:15:05,4639990.61781
2012-09-10 18:15:05,12681255.0395
2012-09-11 18:15:05,23357681.8413
2012-09-12 18:15:05,7673581.17512
2012-09-13 18:15:05,24861234.9247
2012-09-14 18:15:05,18210399.1218
2012-09-15 18:15:05,9750031.70612
2012-09-16 18:15:05,11469649.9516
2012-09-17 18:15:05,13502363.6227
2012-09-18 18:15:05,12215553.7012
2012-09-19 18:15:05,26708894.6651
2012-09-20 18:15:05,19151623.134
2012-09-21 18:15:05,8815674.08397
2012-09-22 18:15:05,33955701.4677
2012-09-23 18:15:05,10006137.697
2012-09-24 18:15:05,8220431.72802
2012-09-25 18:15:05,2934062.34056
2012-09-26 18:15:05,1747872.3271
2012-09-27 18:15:05,1377324.52792
2012-09-28 18:15:05,2301007.67378
2012-09-29 18:15:05,1426952.87889
2012-09-30 18:15:05,1701101.39341
2012-10-01 18:15:05,1327585.71741
2012-10-02 18:15:05,2197482.52559
2012-10-03 18:15:05,1393561.62954
2012-10-04 18:15:05,1201539.47649
2012-10-05 18:15:05,2283634.90539
2012-10-06 18:15:05,2108275.87285
2012-10-07 18:15:05,1712849.00402
2012-10-08 18:15:05,1904907.84009
2012-10-09 18:15:05,1455360.2019
2012-10-10 18:15:05,1037860.32241
2012-10-11 18:15:05,1036064.96544
2012-10-12 18:15:05,2408018.72738
2012-10-13 18:15:05,2263100.71458
2012-10-14 18:15:05,2175251.88673
2012-10-15 18:15:05,932927.169677
2012-10-16 18:15:05,2153088.56596
2012-10-17 18:15:05,3128474.95149
2012-10-18 18:15:05,3397667.67875
2012-10-19 18:15:05,3198174.88027
2012-10-20 18:15:05,2628427.09982
2012-10-21 18:15:05,2417572.50187
2012-10-22 18:15:05,2035350.58251
2012-10-23 18:15:05,2554099.32131
2012-10-24 18:15:05,2318810.48735
2012-10-25 18:15:05,1546384.98012
2012-10-26 18:15:05,929136.850598
2012-10-27 18:15:05,1634453.61282
2012-10-28 18:15:05,1123144.91627
2012-10-29 18:15:05,1050571.59171
2012-10-30 18:15:05,1502588.04426
2012-10-31 18:15:05,6152986.35862
2012-11-01 18:15:05,2890562.39345
2012-11-02 18:15:05,959473.781017
2012-11-03 18:15:05,1583479.70535
2012-11-04 18:15:05,1878369.61318
2012-11-05 18:15:05,2691305.94103
2012-11-06 18:15:05,1785267.50605
2012-11-07 18:15:05,2038626.86612
2012-11-08 18:15:05,1465964.21098
2012-11-09 18:15:05,995659.284708
2012-11-10 18:15:05,481900.27843
2012-11-11 18:15:05,375713.675327
2012-11-12 18:15:05,545937.838737
2012-11-13 18:15:05,496141.068042
2012-11-14 18:15:05,1253459.5521
2012-11-15 18:15:05,2726951.54247
2012-11-16 18:15:05,3104026.86936
2012-11-17 18:15:05,3247990.84339
2012-11-18 18:15:05,2130380.05574
2012-11-19 18:15:05,1448137.12831
2012-11-20 18:15:05,1593483.9564
2012-11-21 18:15:05,1068059.97075
2012-11-22 18:15:05,1217516.93653
2012-11-23 18:15:05,1267259.82026
2012-11-24 18:15:05,1143992.61165
2012-11-25 18:15:05,895674.011068
2012-11-26 18:15:05,1074930.32993
2012-11-27 18:15:05,1282833.44242
2012-11-28 18:15:05,1892894.25749
2012-11-29 18:15:05,1387531.54469
2012-11-30 18:15:05,871782.266188
2012-12-01 18:15:05,606808.390524
2012-12-02 18:15:05,631736.581536
2012-12-03 18:15:05,1922115.72154
2012-12-04 18:15:05,2186081.69751
2012-12-05 18:15:05,2965970.43203
2012-12-06 18:15:05,3060984.55784
2012-12-07 18:15:05,2560250.21038
2012-12-08 18:15:05,1004848.06116
2012-12-09 18:15:05,874186.477068
2012-12-10 18:15:05,1504578.16106
2012-12-11 18:15:05,1564854.13272
2012-12-12 18:15:05,3267489.01193
2012-12-13 18:15:05,3435404.33608
2012-12-14 18:15:05,3494315.45596
2012-12-15 18:15:05,1776620.59204
2012-12-16 18:15:05,1672238.06766
2012-12-17 18:15:05,1899292.23134
2012-12-18 18:15:05,2370518.37158
2012-12-19 18:15:05,1257458.53115
2012-12-20 18:15:05,940555.608963
2012-12-21 18:15:05,1599689.19816
2012-12-22 18:15:05,1513456.93752
2012-12-23 18:15:05,924770.426991
2012-12-24 18:15:05,1001040.02216
2012-12-25 18:15:05,719758.57569
2012-12-26 18:15:05,507380.125899
2012-12-27 18:15:05,824369.121518
2012-12-28 18:15:05,1042278.61438
2012-12-29 18:15:05,1082114.46267
2012-12-30 18:15:05,763956.550472
2012-12-31 18:15:05,1167821.54935
2013-01-01 18:15:05,1526842.03422
2013-01-02 18:15:05,1942580.39418
2013-01-03 18:15:05,1638132.31244
2013-01-04 18:15:05,2368655.15385
2013-01-05 18:15:05,2270235.33094
2013-01-06 18:15:05,1053569.59865
2013-01-07 18:15:05,1302255.39982
2013-01-08 18:15:05,2088660.78936
2013-01-09 18:15:05,1849614.70174
2013-01-10 18:15:05,1391896.02895
2013-01-11 18:15:05,1436539.47057
2013-01-12 18:15:05,1014169.554
2013-01-13 18:15:05,936443.161091
2013-01-14 18:15:05,868829.074467
2013-01-15 18:15:05,1895510.47875
2013-01-16 18:15:05,2368253.17297
2013-01-17 18:15:05,1902268.45756
2013-01-18 18:15:05,1579630.05577
2013-01-19 18:15:05,1747204.61432
2013-01-20 18:15:05,1163691.83035
2013-01-21 18:15:05,1125356.29495
2013-01-22 18:15:05,1388005.27538
2013-01-23 18:15:05,2199431.04517
2013-01-24 18:15:05,1697409.19859
2013-01-25 18:15:05,1850305.29818
2013-01-26 18:15:05,1390765.76783
2013-01-27 18:15:05,1225546.14617
2013-01-28 18:15:05,1664814.37977
2013-01-29 18:15:05,2197913.60868
2013-01-30 18:15:05,2223436.63273
2013-01-31 18:15:05,2389465.51608
2013-02-01 18:15:05,1815712.84113
2013-02-02 18:15:05,1401641.50225
2013-02-03 18:15:05,1430890.76319
2013-02-04 18:15:05,1808986.76272
2013-02-05 18:15:05,2019250.36334
2013-02-06 18:15:05,1924319.45318
2013-02-07 18:15:05,1741181.15243
2013-02-08 18:15:05,2048030.68695
2013-02-09 18:15:05,1876122.14556
2013-02-10 18:15:05,1492597.60509
2013-02-11 18:15:05,1371392.95859
2013-02-12 18:15:05,1271739.57241
2013-02-13 18:15:05,1270390.86348
2013-02-14 18:15:05,1284821.73882
2013-02-15 18:15:05,1569728.2847
2013-02-16 18:15:05,1236901.97738
2013-02-17 18:15:05,1025415.92635
2013-02-18 18:15:05,1349064.9556
2013-02-19 18:15:05,1309651.24458
2013-02-20 18:15:05,1297382.48843
2013-02-21 18:15:05,1107815.60855
2013-02-22 18:15:05,1477965.6139
2013-02-23 18:15:05,1352726.48606
2013-02-24 18:15:05,1587736.62832
2013-02-25 18:15:05,1901371.97163
2013-02-26 18:15:05,1573298.69632
2013-02-27 18:15:05,1642449.47612
2013-02-28 18:15:05,1331847.07523
2013-03-01 18:15:05,1621906.50871
2013-03-02 18:15:05,1676548.77897
2013-03-03 18:15:05,1033499.40966
2013-03-04 18:15:05,938719.590433
2013-03-05 18:15:05,1851112.58172
2013-03-06 18:15:05,2208007.59279
2013-03-07 18:15:05,1653013.75407
2013-03-08 18:15:05,1504043.04232
2013-03-09 18:15:05,874958.378145
2013-03-10 18:15:05,1273495.25877
2013-03-11 18:15:05,1090979.46154
2013-03-12 18:15:05,1280750.73856
2013-03-13 18:15:05,1598992.55008
2013-03-14 18:15:05,1278859.21725
2013-03-15 18:15:05,4072067.00606
2013-03-16 18:15:05,3481094.35017
2013-03-17 18:15:05,990629.708484
2013-03-18 18:15:05,1640629.40436
2013-03-19 18:15:05,3904974.87728
2013-03-20 18:15:05,1907336.62961
2013-03-21 18:15:05,1692764.3183
2013-03-22 18:15:05,1872881.84904
2013-03-23 18:15:05,1496233.09781
2013-03-24 18:15:05,1082056.08028
2013-03-25 18:15:05,1428160.79191
2013-03-26 18:15:05,1381606.5927
2013-03-27 18:15:05,3055075.43613
2013-03-28 18:15:05,1882944.37335
2013-03-29 18:15:05,1552824.38049
2013-03-30 18:15:05,1765378.99258
2013-03-31 18:15:05,1559233.9022
2013-04-01 18:15:05,1340646.51759
2013-04-02 18:15:05,2511772.57462
2013-04-03 18:15:05,2426363.03691
2013-04-04 18:15:05,2285305.00319
2013-04-05 18:15:05,2277775.25752
2013-04-06 18:15:05,1383020.59815
2013-04-07 18:15:05,1094580.44135
2013-04-08 18:15:05,1371481.26994
2013-04-09 18:15:05,1918801.68283
2013-04-10 18:15:05,2294955.68326
2013-04-11 18:15:05,2929384.83997
2013-04-12 18:15:05,2005155.97414
2013-04-13 18:15:05,1511454.66735
2013-04-14 18:15:05,812695.555061
2013-04-15 18:15:05,871408.532465
2013-04-16 18:15:05,1795688.62981
2013-04-17 18:15:05,1364790.98045
2013-04-18 18:15:05,6165997.45685
2013-04-19 18:15:05,2035030.28971
2013-04-20 18:15:05,1073892.02793
2013-04-21 18:15:05,1013491.40385
2013-04-22 18:15:05,1532386.05078
2013-04-23 18:15:05,1578962.34682
2013-04-24 18:15:05,2091426.70458
2013-04-25 18:15:05,1745107.96885
2013-04-26 18:15:05,1223971.53815
2013-04-27 18:15:05,893994.838996
2013-04-28 18:15:05,617354.607989
2013-04-29 18:15:05,897729.201895
2013-04-30 18:15:05,1785923.38873
2013-05-01 18:15:05,1233492.0586
2013-05-02 18:15:05,1127675.26753
2013-05-03 18:15:05,912306.813074
2013-05-04 18:15:05,552714.557405
2013-05-05 18:15:05,613475.062548
2013-05-06 18:15:05,794309.095708
2013-05-07 18:15:05,1023330.9609
2013-05-08 18:15:05,806731.721056
2013-05-09 18:15:05,693721.255125
2013-05-10 18:15:05,914238.402404
2013-05-11 18:15:05,706784.944378
2013-05-12 18:15:05,613817.456838
2013-05-13 18:15:05,995953.369658
2013-05-14 18:15:05,778189.97234
2013-05-15 18:15:05,825250.573498
2013-05-16 18:15:05,708868.277621
2013-05-17 18:15:05,751659.735726
2013-05-18 18:15:05,890106.519811
2013-05-19 18:15:05,465511.572902
2013-05-20 18:15:05,469681.090151
2013-05-21 18:15:05,669674.33826
2013-05-22 18:15:05,761102.617926
2013-05-23 18:15:05,669637.355513
2013-05-24 18:15:05,733232.760889
2013-05-25 18:15:05,865063.361449
2013-05-26 18:15:05,391310.153811
2013-05-27 18:15:05,504337.019136
2013-05-28 18:15:05,790756.391391
2013-05-29 18:15:05,771923.007658
2013-05-30 18:15:05,630011.588855
2013-05-31 18:15:05,738730.71909
2013-06-01 18:15:05,499558.632543
2013-06-02 18:15:05,437429.079839
2013-06-03 18:15:05,643729.254666
2013-06-04 18:15:05,730847.337379
2013-06-05 18:15:05,674394.727126
2013-06-06 18:15:05,762431.292358
2013-06-07 18:15:05,716027.769499
2013-06-08 18:15:05,428601.405288
2013-06-09 18:15:05,642064.629145
2013-06-10 18:15:05,491518.550798
2013-06-11 18:15:05,569521.547653
2013-06-12 18:15:05,600093.883646
2013-06-13 18:15:05,533607.001973
2013-06-14 18:15:05,741296.841692
2013-06-15 18:15:05,509157.724804
2013-06-16 18:15:05,458689.591168
2013-06-17 18:15:05,557268.802313
2013-06-18 18:15:05,600799.737558
2013-06-19 18:15:05,639946.24255
2013-06-20 18:15:05,664640.982155
2013-06-21 18:15:05,808002.230281
2013-06-22 18:15:05,453784.512603
2013-06-23 18:15:05,363194.718085
2013-06-24 18:15:05,519400.881322
2013-06-25 18:15:05,729778.864356
2013-06-26 18:15:05,647186.410645
2013-06-27 18:15:05,595242.990964
2013-06-28 18:15:05,582637.004606
2013-06-29 18:15:05,599896.387348
2013-06-30 18:15:05,421917.862971
2013-07-01 18:15:05,702652.262859
2013-07-02 18:15:05,858590.71967
2013-07-03 18:15:05,744097.361618
2013-07-04 18:15:05,887100.576397
2013-07-05 18:15:05,964524.838527
2013-07-06 18:15:05,845854.810616
2013-07-07 18:15:05,670229.727541
2013-07-08 18:15:05,684014.095254
2013-07-09 18:15:05,1087300.05304
2013-07-10 18:15:05,1218489.97585
2013-07-11 18:15:05,956221.102451
2013-07-12 18:15:05,1134412.88772
2013-07-13 18:15:05,881201.15867
2013-07-14 18:15:05,694343.801057
2013-07-15 18:15:05,605676.645716
2013-07-16 18:15:05,906868.49648
2013-07-17 18:15:05,1104177.14437
2013-07-18 18:15:05,965209.821065
2013-07-19 18:15:05,872196.437075
2013-07-20 18:15:05,567387.924464
2013-07-21 18:15:05,505908.066565
2013-07-22 18:15:05,866111.17252
2013-07-23 18:15:05,1029842.14766
2013-07-24 18:15:05,844442.524836
2013-07-25 18:15:05,777831.892904
2013-07-26 18:15:05,869402.177016
2013-07-27 18:15:05,533718.336343
2013-07-28 18:15:05,475543.786781
2013-07-29 18:15:05,801401.498917
2013-07-30 18:15:05,881026.573102
2013-07-31 18:15:05,1031238.99555
2013-08-01 18:15:05,1103374.37768
2013-08-02 18:15:05,906937.487932
2013-08-03 18:15:05,738992.073676
2013-08-04 18:15:05,501888.051747
2013-08-05 18:15:05,795629.125369
2013-08-06 18:15:05,749616.265632
2013-08-07 18:15:05,805001.560942
2013-08-08 18:15:05,785257.108572
2013-08-09 18:15:05,640799.004245
2013-08-10 18:15:05,517153.942519
2013-08-11 18:15:05,432494.389627
2013-08-12 18:15:05,731015.442241
2013-08-13 18:15:05,1196357.3343
2013-08-14 18:15:05,1405350.26745
2013-08-15 18:15:05,923708.574895
2013-08-16 18:15:05,1099833.80928
2013-08-17 18:15:05,983013.861818
2013-08-18 18:15:05,831928.947317
2013-08-19 18:15:05,1086202.69595
2013-08-20 18:15:05,955506.83403
2013-08-21 18:15:05,1186924.10213
2013-08-22 18:15:05,890014.517465
2013-08-23 18:15:05,828835.101168
2013-08-24 18:15:05,622248.642033
2013-08-25 18:15:05,565019.388274
2013-08-26 18:15:05,642473.937222
2013-08-27 18:15:05,895651.783455
2013-08-28 18:15:05,817469.698324
2013-08-29 18:15:05,2687667.89329
2013-08-30 18:15:05,727229.976175
2013-08-31 18:15:05,753757.547583
2013-09-01 18:15:05,1064159.23048
2013-09-02 18:15:05,748660.793428
2013-09-03 18:15:05,894041.010826
2013-09-04 18:15:05,895742.785135
2013-09-05 18:15:05,858463.127898
2013-09-06 18:15:05,838119.747745
2013-09-07 18:15:05,667774.7839
2013-09-08 18:15:05,409117.852337
2013-09-09 18:15:05,527143.176101
2013-09-10 18:15:05,1092297.07519
2013-09-11 18:15:05,806718.318408
2013-09-12 18:15:05,663689.950261
2013-09-13 18:15:05,734589.310499
2013-09-14 18:15:05,606148.193252
2013-09-15 18:15:05,410950.214061
2013-09-16 18:15:05,585717.368026
2013-09-17 18:15:05,672793.433465
2013-09-18 18:15:05,788617.129887
2013-09-19 18:15:05,785082.704198
2013-09-20 18:15:05,793416.423007
2013-09-21 18:15:05,522574.764806
2013-09-22 18:15:05,458740.47062
2013-09-23 18:15:05,783517.9985
2013-09-24 18:15:05,1095771.97406
2013-09-25 18:15:05,842440.858517
2013-09-26 18:15:05,717166.137073
2013-09-27 18:15:05,718883.773393
2013-09-28 18:15:05,592862.756836
2013-09-29 18:15:05,560375.158304
2013-09-30 18:15:05,691501.317434
2013-10-01 18:15:05,1039752.25784
2013-10-02 18:15:05,1095329.72889
2013-10-03 18:15:05,1108953.94783
2013-10-04 18:15:05,829560.591738
2013-10-05 18:15:05,550816.631705
2013-10-06 18:15:05,410691.014928
2013-10-07 18:15:05,595294.066475
2013-10-08 18:15:05,707716.71271
2013-10-09 18:15:05,862761.019523
2013-10-10 18:15:05,824938.138114
2013-10-11 18:15:05,870771.617504
2013-10-12 18:15:05,715254.465812
2013-10-13 18:15:05,637885.77989
2013-10-14 18:15:05,963077.954961
2013-10-15 18:15:05,822209.765628
2013-10-16 18:15:05,1024516.32083
2013-10-17 18:15:05,912009.374284
2013-10-18 18:15:05,880504.604239
2013-10-19 18:15:05,1066912.82451
2013-10-20 18:15:05,691056.481641
2013-10-21 18:15:05,979061.385123
2013-10-22 18:15:05,1235490.63415
2013-10-23 18:15:05,1096234.37435
2013-10-24 18:15:05,1068753.62645
2013-10-25 18:15:05,2883479.39751
2013-10-26 18:15:05,702233.658709
2013-10-27 18:15:05,505512.469046
2013-10-28 18:15:05,613494.073418
2013-10-29 18:15:05,1671663.7104
2013-10-30 18:15:05,712930.226354
2013-10-31 18:15:05,695676.657139
2013-11-01 18:15:05,686117.533172
2013-11-02 18:15:05,686361.060316
2013-11-03 18:15:05,538328.015868
2013-11-04 18:15:05,793106.557243
2013-11-05 18:15:05,1218397.70979
2013-11-06 18:15:05,945894.591925
2013-11-07 18:15:05,1071612.8973
2013-11-08 18:15:05,1144910.92099
2013-11-09 18:15:05,1024303.73909
2013-11-10 18:15:05,771057.032277
2013-11-11 18:15:05,723078.158895
2013-11-12 18:15:05,1022112.68683
2013-11-13 18:15:05,1201973.7443
2013-11-14 18:15:05,1263986.95168
2013-11-15 18:15:05,2139315.18507
2013-11-16 18:15:05,1922099.30787
2013-11-17 18:15:05,1032920.08072
2013-11-18 18:15:05,1868810.00766
2013-11-19 18:15:05,2532380.22005
2013-11-20 18:15:05,1605499.28968
2013-11-21 18:15:05,2028461.55581
2013-11-22 18:15:05,2680025.27285
2013-11-23 18:15:05,1528167.6118
2013-11-24 18:15:05,1415956.72399
2013-11-25 18:15:05,1453068.81623
2013-11-26 18:15:05,3518557.60424
2013-11-27 18:15:05,3576079.92568
2013-11-28 18:15:05,3492155.69518
2013-11-29 18:15:05,2819146.40427
2013-11-30 18:15:05,1908515.75856
2013-12-01 18:15:05,1459358.22019
2013-12-02 18:15:05,1408867.7957
2013-12-03 18:15:05,1224061.22254
2013-12-04 18:15:05,1393612.32981
2013-12-05 18:15:05,1464895.12129
2013-12-06 18:15:05,1218717.23329
2013-12-07 18:15:05,2246474.25954
2013-12-08 18:15:05,1409374.73157
2013-12-09 18:15:05,1241954.37435
2013-12-10 18:15:05,883234.451259
2013-12-11 18:15:05,1116560.56977
2013-12-12 18:15:05,800870.196806
2013-12-13 18:15:05,1015077.7997
2013-12-14 18:15:05,685149.223496
2013-12-15 18:15:05,479877.272299
2013-12-16 18:15:05,1464660.9481
2013-12-17 18:15:05,2043815.89317
2013-12-18 18:15:05,2028260.30787
2013-12-19 18:15:05,1314311.99474
2013-12-20 18:15:05,1090953.04334
2013-12-21 18:15:05,1054795.09942
2013-12-22 18:15:05,754702.353646
2013-12-23 18:15:05,801056.180241
2013-12-24 18:15:05,752936.87189
2013-12-25 18:15:05,1097540.47618
2013-12-26 18:15:05,553891.020457
2013-12-27 18:15:05,566821.572928
2013-12-28 18:15:05,714279.889511
2013-12-29 18:15:05,744045.318435
2013-12-30 18:15:05,811163.127112
2013-12-31 18:15:05,640497.387888
2014-01-01 18:15:05,525007.902128
2014-01-02 18:15:05,590706.947708
2014-01-03 18:15:05,963612.878254
2014-01-04 18:15:05,609284.447731
2014-01-05 18:15:05,847976.263008
2014-01-06 18:15:05,881121.208512
2014-01-07 18:15:05,866610.190861
2014-01-08 18:15:05,1089862.95821
2014-01-09 18:15:05,594481.550428
2014-01-10 18:15:05,613242.716522
2014-01-11 18:15:05,438326.066949
2014-01-12 18:15:05,383751.228528
2014-01-13 18:15:05,506489.697443
2014-01-14 18:15:05,646592.807824
2014-01-15 18:15:05,717169.647564
2014-01-16 18:15:05,599816.188801
2014-01-17 18:15:05,464566.520662
2014-01-18 18:15:05,358330.770077
2014-01-19 18:15:05,509881.871757
2014-01-20 18:15:05,802067.752456
2014-01-21 18:15:05,615535.644633
2014-01-22 18:15:05,494014.615475
2014-01-23 18:15:05,550964.539668
2014-01-24 18:15:05,693140.309203
2014-01-25 18:15:05,534461.289353
2014-01-26 18:15:05,349814.524642
2014-01-27 18:15:05,789929.913619
2014-01-28 18:15:05,752428.662372
2014-01-29 18:15:05,482434.929669
2014-01-30 18:15:05,545337.944101
2014-01-31 18:15:05,455912.566543
2014-02-01 18:15:05,447692.95368
2014-02-02 18:15:05,455281.812436
2014-02-03 18:15:05,528609.739818
2014-02-04 18:15:05,678275.460403
2014-02-05 18:15:05,653404.23008
2014-02-06 18:15:05,853640.946022
2014-02-07 18:15:05,848509.675988
2014-02-08 18:15:05,602439.984479
2014-02-09 18:15:05,549603.561602
2014-02-10 18:15:05,640746.229636
2014-02-11 18:15:05,760757.12995
2014-02-12 18:15:05,655177.749734
2014-02-13 18:15:05,601867.433291
2014-02-14 18:15:05,788230.069134
2014-02-15 18:15:05,963549.390918
2014-02-16 18:15:05,535099.118892
2014-02-17 18:15:05,646105.514076
2014-02-18 18:15:05,505763.654154
2014-02-19 18:15:05,457454.040907
2014-02-20 18:15:05,494954.94147
2014-02-21 18:15:05,614005.67895
2014-02-22 18:15:05,376956.444793
2014-02-23 18:15:05,403304.454826
2014-02-24 18:15:05,753715.243361
2014-02-25 18:15:05,1064788.54276
2014-02-26 18:15:05,686983.724601
2014-02-27 18:15:05,621739.937356
2014-02-28 18:15:05,601985.119137
2014-03-01 18:15:05,782306.57544
2014-03-02 18:15:05,539949.014988
2014-03-03 18:15:05,972398.613729
2014-03-04 18:15:05,1100369.10187
2014-03-05 18:15:05,695394.899393
2014-03-06 18:15:05,672160.805753
2014-03-07 18:15:05,2335941.88438
2014-03-08 18:15:05,1754719.95562
2014-03-09 18:15:05,626975.060225
2014-03-10 18:15:05,1634554.23195
2014-03-11 18:15:05,1148465.11472
2014-03-12 18:15:05,1002730.26826
2014-03-13 18:15:05,814550.58779
2014-03-14 18:15:05,689820.957108
2014-03-15 18:15:05,506583.719687
2014-03-16 18:15:05,462623.860954
2014-03-17 18:15:05,517959.636155
2014-03-18 18:15:05,2075230.60838
2014-03-19 18:15:05,1602006.3927
2014-03-20 18:15:05,775632.172294
2014-03-21 18:15:05,619998.798249
2014-03-22 18:15:05,458635.537179
2014-03-23 18:15:05,313956.40341
2014-03-24 18:15:05,638123.375513
2014-03-25 18:15:05,585139.69218
2014-03-26 18:15:05,501214.933179
2014-03-27 18:15:05,756564.796055
2014-03-28 18:15:05,806230.248789
2014-03-29 18:15:05,509121.73993
2014-03-30 18:15:05,551880.314955
2014-03-31 18:15:05,729762.05369
2014-04-01 18:15:05,703152.602694
2014-04-02 18:15:05,712975.981313
2014-04-03 18:15:05,842061.80307
2014-04-04 18:15:05,663996.414102
2014-04-05 18:15:05,753433.734276
2014-04-06 18:15:05,450531.728556
2014-04-07 18:15:05,445138.84883
2014-04-08 18:15:05,511123.315623
2014-04-09 18:15:05,485103.878106
2014-04-10 18:15:05,851803.105074
2014-04-11 18:15:05,827736.815184
2014-04-12 18:15:05,455422.910494
2014-04-13 18:15:05,377624.96825
2014-04-14 18:15:05,576197.243589
2014-04-15 18:15:05,680667.752588
2014-04-16 18:15:05,828585.863624
2014-04-17 18:15:05,815861.178584
2014-04-18 18:15:05,671188.436087
2014-04-19 18:15:05,581524.682025
2014-04-20 18:15:05,404073.962184
2014-04-21 18:15:05,704751.174218
2014-04-22 18:15:05,767457.152625
2014-04-23 18:15:05,722510.506033
2014-04-24 18:15:05,559681.808037
2014-04-25 18:15:05,550861.729103
2014-04-26 18:15:05,407118.297315
2014-04-27 18:15:05,278902.366393
2014-04-28 18:15:05,482175.410625
2014-04-29 18:15:05,566494.921811
2014-04-30 18:15:05,548190.837596
2014-05-01 18:15:05,471807.902522
2014-05-02 18:15:05,498876.556559
2014-05-03 18:15:05,658967.992093
2014-05-04 18:15:05,454251.726535
2014-05-05 18:15:05,575576.643109
2014-05-06 18:15:05,661019.796765
2014-05-07 18:15:05,799617.092758
2014-05-08 18:15:05,1310228.9317
2014-05-09 18:15:05,1352519.57827
2014-05-10 18:15:05,730814.540275
2014-05-11 18:15:05,481606.520488
2014-05-12 18:15:05,535630.484164
2014-05-13 18:15:05,708545.995809
2014-05-14 18:15:05,634329.025943
2014-05-15 18:15:05,790157.093207
2014-05-16 18:15:05,767480.928566
2014-05-17 18:15:05,484797.373225
2014-05-18 18:15:05,324600.827374
2014-05-19 18:15:05,478218.721478
2014-05-20 18:15:05,1283778.26138
2014-05-21 18:15:05,880729.109761
2014-05-22 18:15:05,802081.579576
2014-05-23 18:15:05,1246459.49217
2014-05-24 18:15:05,973175.146707
2014-05-25 18:15:05,808996.965601
2014-05-26 18:15:05,716702.794565
2014-05-27 18:15:05,889789.709702
2014-05-28 18:15:05,932703.750453
2014-05-29 18:15:05,700606.522997
2014-05-30 18:15:05,920847.434313
2014-05-31 18:15:05,602173.780592
2014-06-01 18:15:05,709780.79247
2014-06-02 18:15:05,711248.761169
2014-06-03 18:15:05,1139172.2996
2014-06-04 18:15:05,924375.504073
2014-06-05 18:15:05,1002352.43025
2014-06-06 18:15:05,1178339.32341
2014-06-07 18:15:05,577982.861859
2014-06-08 18:15:05,815990.028892
2014-06-09 18:15:05,341221.73497
2014-06-10 18:15:05,614894.552003
2014-06-11 18:15:05,546126.051873
2014-06-12 18:15:05,686936.3531
2014-06-13 18:15:05,1167896.17243
2014-06-14 18:15:05,472211.46094
2014-06-15 18:15:05,448374.428604
2014-06-16 18:15:05,723679.883041
2014-06-17 18:15:05,460801.322288
2014-06-18 18:15:05,573046.442966
2014-06-19 18:15:05,650150.795366
2014-06-20 18:15:05,609970.364121
2014-06-21 18:15:05,503587.727899
2014-06-22 18:15:05,520673.986609
2014-06-23 18:15:05,493645.538162
2014-06-24 18:15:05,974332.675123
2014-06-25 18:15:05,525512.107241
2014-06-26 18:15:05,523609.744551
2014-06-27 18:15:05,465624.735033
2014-06-28 18:15:05,386544.909906
2014-06-29 18:15:05,336897.026093
2014-06-30 18:15:05,586067.114662
2014-07-01 18:15:05,922663.24778
2014-07-02 18:15:05,953854.065865
2014-07-03 18:15:05,646583.720674
2014-07-04 18:15:05,425600.318107
2014-07-05 18:15:05,402775.097287
2014-07-06 18:15:05,392600.460408
2014-07-07 18:15:05,427135.812613
2014-07-08 18:15:05,400562.566875
2014-07-09 18:15:05,462661.14076
2014-07-10 18:15:05,509362.754062
2014-07-11 18:15:05,439592.253131
2014-07-12 18:15:05,457155.405273
2014-07-13 18:15:05,503290.924717
2014-07-14 18:15:05,448907.651251
2014-07-15 18:15:05,597198.165472
2014-07-16 18:15:05,567687.7767
2014-07-17 18:15:05,473771.877985
2014-07-18 18:15:05,552675.727971
2014-07-19 18:15:05,348919.263397
2014-07-20 18:15:05,261004.707931
2014-07-21 18:15:05,419218.176559
2014-07-22 18:15:05,409845.879944
2014-07-23 18:15:05,411686.293898
2014-07-24 18:15:05,518394.673916
2014-07-25 18:15:05,504563.972578
2014-07-26 18:15:05,349792.160654
2014-07-27 18:15:05,245926.746076
2014-07-28 18:15:05,443294.082739
2014-07-29 18:15:05,542927.254693
2014-07-30 18:15:05,401968.064979
2014-07-31 18:15:05,442521.555651
2014-08-01 18:15:05,467637.698937
2014-08-02 18:15:05,371023.994795
2014-08-03 18:15:05,444379.29053
2014-08-04 18:15:05,399294.103675
2014-08-05 18:15:05,529514.941705
2014-08-06 18:15:05,560463.96262
2014-08-07 18:15:05,452393.10865
2014-08-08 18:15:05,297685.622151
2014-08-09 18:15:05,420310.581754
2014-08-10 18:15:05,341775.029474
2014-08-11 18:15:05,495304.617001
2014-08-12 18:15:05,764214.677571
2014-08-13 18:15:05,717606.614441
2014-08-14 18:15:05,700727.310472
2014-08-15 18:15:05,796925.764746
2014-08-16 18:15:05,689805.105894
2014-08-17 18:15:05,493900.281272
2014-08-18 18:15:05,978813.380057
2014-08-19 18:15:05,655716.688396
2014-08-20 18:15:05,575101.376527
2014-08-21 18:15:05,613696.605498
2014-08-22 18:15:05,3355242.27404
2014-08-23 18:15:05,667276.921921
2014-08-24 18:15:05,483183.158608
2014-08-25 18:15:05,837227.984516
2014-08-26 18:15:05,1849501.09692
2014-08-27 18:15:05,1473447.11071
2014-08-28 18:15:05,729893.911345
2014-08-29 18:15:05,527726.825762
2014-08-30 18:15:05,643988.266383
2014-08-31 18:15:05,545659.858164
2014-09-01 18:15:05,687875.755205
2014-09-02 18:15:05,574246.066162
2014-09-03 18:15:05,512676.887924
2014-09-04 18:15:05,443030.791792
2014-09-05 18:15:05,446975.739535
2014-09-06 18:15:05,391892.955391
2014-09-07 18:15:05,320158.102636
2014-09-08 18:15:05,519189.741208
2014-09-09 18:15:05,488189.952232
2014-09-10 18:15:05,506624.706563
2014-09-11 18:15:05,466172.259654
2014-09-12 18:15:05,454009.527628
2014-09-13 18:15:05,358930.194232
2014-09-14 18:15:05,332978.297645
2014-09-15 18:15:05,462681.122412
2014-09-16 18:15:05,437451.480111
2014-09-17 18:15:05,462824.868185
2014-09-18 18:15:05,652489.243619
2014-09-19 18:15:05,741891.735082
2014-09-20 18:15:05,720476.681653
2014-09-21 18:15:05,875032.106063
2014-09-22 18:15:05,507462.729314
2014-09-23 18:15:05,738732.141187
2014-09-24 18:15:05,957227.81909
2014-09-25 18:15:05,686077.581674
2014-09-26 18:15:05,596150.468118
2014-09-27 18:15:05,532351.156041
2014-09-28 18:15:05,453805.817563
2014-09-29 18:15:05,654029.329228
2014-09-30 18:15:05,631639.835305
2014-10-01 18:15:05,731277.105689
2014-10-02 18:15:05,624053.19042
2014-10-03 18:15:05,646978.005497
2014-10-04 18:15:05,701363.387795
2014-10-05 18:15:05,832748.700077
2014-10-06 18:15:05,1220734.77883
2014-10-07 18:15:05,877334.114705
2014-10-08 18:15:05,767509.055483
2014-10-09 18:15:05,1095727.48307
2014-10-10 18:15:05,919976.990281
2014-10-11 18:15:05,700669.807512
2014-10-12 18:15:05,462113.008886
2014-10-13 18:15:05,763961.063203
2014-10-14 18:15:05,901154.578773
2014-10-15 18:15:05,1182079.05356
2014-10-16 18:15:05,1054418.56352
2014-10-17 18:15:05,941743.990309
2014-10-18 18:15:05,623439.826932
2014-10-19 18:15:05,469915.196832
2014-10-20 18:15:05,779840.440892
2014-10-21 18:15:05,597224.093844
2014-10-22 18:15:05,856126.741995
2014-10-23 18:15:05,1056703.00106
2014-10-24 18:15:05,729895.512446
2014-10-25 18:15:05,967324.38188
2014-10-26 18:15:05,869465.611571
2014-10-27 18:15:05,1047668.33218
2014-10-28 18:15:05,831304.765164
2014-10-29 18:15:05,785066.400801
2014-10-30 18:15:05,713144.344889
2014-10-31 18:15:05,1213778.65959
2014-11-01 18:15:05,827309.28921
2014-11-02 18:15:05,559357.271166
2014-11-03 18:15:05,1042661.3117
2014-11-04 18:15:05,923157.212577
2014-11-05 18:15:05,1152156.04524
2014-11-06 18:15:05,748729.864257
2014-11-07 18:15:05,878920.594059
2014-11-08 18:15:05,610662.429479
2014-11-09 18:15:05,527379.886903
2014-11-10 18:15:05,892187.114242
2014-11-11 18:15:05,696341.698642
2014-11-12 18:15:05,987906.621628
2014-11-13 18:15:05,1238485.91957
2014-11-14 18:15:05,1507331.41189
2014-11-15 18:15:05,818788.582349
2014-11-16 18:15:05,696352.42901
2014-11-17 18:15:05,810899.075343
2014-11-18 18:15:05,1003526.48398
2014-11-19 18:15:05,932714.638399
2014-11-20 18:15:05,1049769.08983
2014-11-21 18:15:05,1154314.51645
2014-11-22 18:15:05,1010860.91661
2014-11-23 18:15:05,630481.049042
2014-11-24 18:15:05,684551.847315
2014-11-25 18:15:05,971907.562731
2014-11-26 18:15:05,1104521.73435
2014-11-27 18:15:05,1029359.48563
2014-11-28 18:15:05,1213410.976
2014-11-29 18:15:05,1033732.0938
2014-11-30 18:15:05,990440.120575
2014-12-01 18:15:05,1309082.4502
2014-12-02 18:15:05,1337249.83796
2014-12-03 18:15:05,1219368.15128
2014-12-04 18:15:05,993707.545622
2014-12-05 18:15:05,1282269.54823
2014-12-06 18:15:05,680509.661279
2014-12-07 18:15:05,804717.078002
2014-12-08 18:15:05,1393038.48136
2014-12-09 18:15:05,1356402.29981
2014-12-10 18:15:05,1349030.2628
2014-12-11 18:15:05,826047.188733
2014-12-12 18:15:05,748838.746605
2014-12-13 18:15:05,936868.67892
2014-12-14 18:15:05,602573.156375
2014-12-15 18:15:05,838145.724525
2014-12-16 18:15:05,987898.297525
2014-12-17 18:15:05,1013157.42906
2014-12-18 18:15:05,1297165.9748
2014-12-19 18:15:05,883379.820862
2014-12-20 18:15:05,755847.598832
2014-12-21 18:15:05,597130.430263
2014-12-22 18:15:05,1311029.41774
2014-12-23 18:15:05,1095934.41369
2014-12-24 18:15:05,1028991.52065
2014-12-25 18:15:05,901768.470146
2014-12-26 18:15:05,635722.55983
2014-12-27 18:15:05,711498.405096
2014-12-28 18:15:05,698406.145954
2014-12-29 18:15:05,693097.273397
2014-12-30 18:15:05,1118283.6392
2014-12-31 18:15:05,989198.003984
2015-01-01 18:15:05,489722.073235
2015-01-02 18:15:05,695649.948409
2015-01-03 18:15:05,774531.679503
2015-01-04 18:15:05,1193920.56099
2015-01-05 18:15:05,1083677.28304
2015-01-06 18:15:05,1113410.37336
2015-01-07 18:15:05,1286463.67088
2015-01-08 18:15:05,1220111.03672
2015-01-09 18:15:05,1272129.62835
2015-01-10 18:15:05,1161365.52865
2015-01-11 18:15:05,1288684.75871
2015-01-12 18:15:05,1006862.2269
2015-01-13 18:15:05,1638176.18758
2015-01-14 18:15:05,2363588.93733
2015-01-15 18:15:05,2644489.46786
2015-01-16 18:15:05,1973818.74113
2015-01-17 18:15:05,1295133.39369
2015-01-18 18:15:05,987549.525829
2015-01-19 18:15:05,961837.517043
2015-01-20 18:15:05,1340464.0005
2015-01-21 18:15:05,1331879.33332
2015-01-22 18:15:05,1361930.61691
2015-01-23 18:15:05,1062942.25313
2015-01-24 18:15:05,1201496.77972
2015-01-25 18:15:05,960414.821701
2015-01-26 18:15:05,1985592.62886
2015-01-27 18:15:05,1238580.79385
2015-01-28 18:15:05,928260.255526
2015-01-29 18:15:05,960905.218458
2015-01-30 18:15:05,928813.677166
2015-01-31 18:15:05,771780.317597
2015-02-01 18:15:05,825510.153693
2015-02-02 18:15:05,934329.69555
2015-02-03 18:15:05,1169774.19115
2015-02-04 18:15:05,1254353.8547
2015-02-05 18:15:05,1271930.42116
2015-02-06 18:15:05,1017057.81312
2015-02-07 18:15:05,698170.290494
2015-02-08 18:15:05,640910.269644
2015-02-09 18:15:05,813074.017463
2015-02-10 18:15:05,820608.788105
2015-02-11 18:15:05,868785.527118
2015-02-12 18:15:05,819424.174578
2015-02-13 18:15:05,1009747.50518
2015-02-14 18:15:05,743325.923645
2015-02-15 18:15:05,734014.840187
2015-02-16 18:15:05,735253.322373
2015-02-17 18:15:05,769047.25304
2015-02-18 18:15:05,814178.367771
2015-02-19 18:15:05,703399.909491
2015-02-20 18:15:05,723775.886795
2015-02-21 18:15:05,765685.841766
2015-02-22 18:15:05,480914.145479
2015-02-23 18:15:05,718922.650584
2015-02-24 18:15:05,830578.411427
2015-02-25 18:15:05,793938.981734
2015-02-26 18:15:05,783337.058361
2015-02-27 18:15:05,1875028.08472
2015-02-28 18:15:05,711898.996986
2015-03-01 18:15:05,915290.390029
2015-03-02 18:15:05,2057569.86744
2015-03-03 18:15:05,1209244.9502
2015-03-04 18:15:05,927352.901759
2015-03-05 18:15:05,1005916.16768
2015-03-06 18:15:05,940738.476004
2015-03-07 18:15:05,982317.326521
2015-03-08 18:15:05,2518102.63592
2015-03-09 18:15:05,869353.142216
2015-03-10 18:15:05,1209163.67226
2015-03-11 18:15:05,964364.131833
2015-03-12 18:15:05,1105245.8328
2015-03-13 18:15:05,936006.72143
2015-03-14 18:15:05,845760.366632
2015-03-15 18:15:05,567261.992468
2015-03-16 18:15:05,845772.82938
2015-03-17 18:15:05,879535.338765
2015-03-18 18:15:05,1313065.33102
2015-03-19 18:15:05,1264777.94069
2015-03-20 18:15:05,898988.249015
2015-03-21 18:15:05,671989.200632
2015-03-22 18:15:05,500187.761969
2015-03-23 18:15:05,777604.434574
2015-03-24 18:15:05,995369.888364
2015-03-25 18:15:05,1048542.22335
2015-03-26 18:15:05,970255.894672
2015-03-27 18:15:05,1081116.6675
2015-03-28 18:15:05,699832.03712
2015-03-29 18:15:05,542197.767181
2015-03-30 18:15:05,809237.493053
2015-03-31 18:15:05,780481.875871
2015-04-01 18:15:05,1065013.43306
2015-04-02 18:15:05,919886.269914
2015-04-03 18:15:05,710039.263911
2015-04-04 18:15:05,534385.211886
2015-04-05 18:15:05,464142.976205
2015-04-06 18:15:05,630939.019932
2015-04-07 18:15:05,825264.711976
2015-04-08 18:15:05,920414.832755
2015-04-09 18:15:05,869233.747254
2015-04-10 18:15:05,938294.357911
2015-04-11 18:15:05,775358.464219
2015-04-12 18:15:05,518158.274837
2015-04-13 18:15:05,736302.887551
2015-04-14 18:15:05,1094007.70927
2015-04-15 18:15:05,796458.568182
2015-04-16 18:15:05,1092751.34812
2015-04-17 18:15:05,1160090.32854
2015-04-18 18:15:05,888595.044647
2015-04-19 18:15:05,824017.017661
2015-04-20 18:15:05,1314222.73997
2015-04-21 18:15:05,1167048.98372
2015-04-22 18:15:05,1492167.79494
2015-04-23 18:15:05,1043100.65398
2015-04-24 18:15:05,1300018.22487
2015-04-25 18:15:05,1061784.87241
2015-04-26 18:15:05,986913.304142
2015-04-27 18:15:05,1387033.68476
2015-04-28 18:15:05,1282095.82139
2015-04-29 18:15:05,1302466.31542
2015-04-30 18:15:05,1220912.96657
2015-05-01 18:15:05,1211402.25171
2015-05-02 18:15:05,938951.080965
2015-05-03 18:15:05,814631.001058
2015-05-04 18:15:05,1115767.98657
2015-05-05 18:15:05,1185724.4293
2015-05-06 18:15:05,1163293.86459
2015-05-07 18:15:05,1369922.51817
2015-05-08 18:15:05,1125450.44812
2015-05-09 18:15:05,912949.880654
2015-05-10 18:15:05,995251.992599
2015-05-11 18:15:05,1075275.17356
2015-05-12 18:15:05,1161665.75127
2015-05-13 18:15:05,1071140.42366
2015-05-14 18:15:05,1047459.52878
2015-05-15 18:15:05,1014614.79124
2015-05-16 18:15:05,744402.192593
2015-05-17 18:15:05,686643.867361
2015-05-18 18:15:05,827210.0964
2015-05-19 18:15:05,1143305.56564
2015-05-20 18:15:05,1191754.86006
2015-05-21 18:15:05,957204.68142
2015-05-22 18:15:05,1165755.1174
2015-05-23 18:15:05,1144605.36823
2015-05-24 18:15:05,702062.280471
2015-05-25 18:15:05,886365.209672
2015-05-26 18:15:05,1039896.70267
2015-05-27 18:15:05,1119412.00004
2015-05-28 18:15:05,1049285.99305
2015-05-29 18:15:05,1125299.61817
2015-05-30 18:15:05,928260.478296
2015-05-31 18:15:05,782197.707911
2015-06-01 18:15:05,1473819.95235
2015-06-02 18:15:05,1517326.80906
2015-06-03 18:15:05,1325341.04414
2015-06-04 18:15:05,1277219.05789
2015-06-05 18:15:05,1443588.41218
2015-06-06 18:15:05,1086475.72481
2015-06-07 18:15:05,1064474.91632
2015-06-08 18:15:05,1001943.98781
2015-06-09 18:15:05,1244998.71711
2015-06-10 18:15:05,1303509.80233
2015-06-11 18:15:05,1392935.77554
2015-06-12 18:15:05,1324268.32117
2015-06-13 18:15:05,1103192.29357
2015-06-14 18:15:05,1329986.08266
2015-06-15 18:15:05,1370312.78786
2015-06-16 18:15:05,1844236.25745
2015-06-17 18:15:05,1955229.23569
2015-06-18 18:15:05,1459868.8313
2015-06-19 18:15:05,1837052.86043
2015-06-20 18:15:05,1286244.19602
2015-06-21 18:15:05,921198.44574
2015-06-22 18:15:05,1059024.19281
2015-06-23 18:15:05,1260338.90959
2015-06-24 18:15:05,1132574.14553
2015-06-25 18:15:05,942740.579846
2015-06-26 18:15:05,1512668.25294
2015-06-27 18:15:05,1294255.24826
2015-06-28 18:15:05,870994.430958
2015-06-29 18:15:05,1139559.77246
2015-06-30 18:15:05,1734608.37327
2015-07-01 18:15:05,1280883.76496
2015-07-02 18:15:05,1337087.91503
2015-07-03 18:15:05,1337098.45126
2015-07-04 18:15:05,1036173.95773
2015-07-05 18:15:05,933717.890501
2015-07-06 18:15:05,1530520.87732
2015-07-07 18:15:05,1344477.33377
2015-07-08 18:15:05,1278925.21536
2015-07-09 18:15:05,1298475.19061
2015-07-10 18:15:05,1780454.01324
2015-07-11 18:15:05,1354466.27273
2015-07-12 18:15:05,1292504.56927
2015-07-13 18:15:05,1331647.86294
2015-07-14 18:15:05,1286400.63958
2015-07-15 18:15:05,1268311.65075
2015-07-16 18:15:05,1473628.09826
2015-07-17 18:15:05,1229550.44066
2015-07-18 18:15:05,947779.373421
2015-07-19 18:15:05,751333.20894
2015-07-20 18:15:05,949290.190688
2015-07-21 18:15:05,1096580.92505
2015-07-22 18:15:05,1030804.42292
2015-07-23 18:15:05,1185367.95331
2015-07-24 18:15:05,1221682.85841
2015-07-25 18:15:05,879910.289118
2015-07-26 18:15:05,579341.806797
2015-07-27 18:15:05,926695.322343
2015-07-28 18:15:05,1265076.76544
2015-07-29 18:15:05,1103188.35067
2015-07-30 18:15:05,1033333.15762
2015-07-31 18:15:05,1041513.33587
2015-08-01 18:15:05,884759.556435
2015-08-02 18:15:05,671499.468955
2015-08-03 18:15:05,949949.815226
2015-08-04 18:15:05,1075348.88339
2015-08-05 18:15:05,1327670.61201
2015-08-06 18:15:05,1103973.30483
2015-08-07 18:15:05,1228088.12094
2015-08-08 18:15:05,1303148.20585
2015-08-09 18:15:05,1075398.3593
2015-08-10 18:15:05,1381572.86738
2015-08-11 18:15:05,1195838.48023
2015-08-12 18:15:05,1281112.9605
2015-08-13 18:15:05,1461956.27457
2015-08-14 18:15:05,1328948.01854
2015-08-15 18:15:05,1201448.04046
2015-08-16 18:15:05,1145737.75451
2015-08-17 18:15:05,1414273.9932
2015-08-18 18:15:05,1704654.5782
2015-08-19 18:15:05,1803977.19267
2015-08-20 18:15:05,1570874.33076
2015-08-21 18:15:05,1529910.59624
2015-08-22 18:15:05,1217558.10519
2015-08-23 18:15:05,1169074.88374
2015-08-24 18:15:05,1811809.74776
2015-08-25 18:15:05,2136229.1619
2015-08-26 18:15:05,1656288.98966
2015-08-27 18:15:05,1595398.21748
2015-08-28 18:15:05,1621121.8297
2015-08-29 18:15:05,1154973.29573
2015-08-30 18:15:05,799631.790139
2015-08-31 18:15:05,1064439.48177
2015-09-01 18:15:05,1568804.78555
2015-09-02 18:15:05,1453675.88056
2015-09-03 18:15:05,1211735.9203
2015-09-04 18:15:05,1116494.71852
2015-09-05 18:15:05,1077080.37498
2015-09-06 18:15:05,961656.671292
2015-09-07 18:15:05,950863.32114
2015-09-08 18:15:05,1260514.60893
2015-09-09 18:15:05,1451482.77587
2015-09-10 18:15:05,1382058.06135
2015-09-11 18:15:05,1280146.77375
2015-09-12 18:15:05,858171.453512
2015-09-13 18:15:05,814693.734685
2015-09-14 18:15:05,1223402.05924
2015-09-15 18:15:05,1321276.59277
2015-09-16 18:15:05,1432383.60579
2015-09-17 18:15:05,1352347.35497
2015-09-18 18:15:05,1201441.58694
2015-09-19 18:15:05,1301022.97437
2015-09-20 18:15:05,869500.502581
2015-09-21 18:15:05,1487223.85423
2015-09-22 18:15:05,1536071.65121
2015-09-23 18:15:05,1354982.61012
2015-09-24 18:15:05,1131711.59734
2015-09-25 18:15:05,1449833.86953
2015-09-26 18:15:05,1084746.27679
2015-09-27 18:15:05,762590.482176
2015-09-28 18:15:05,1369699.08722
2015-09-29 18:15:05,1643197.11597
2015-09-30 18:15:05,1549007.54682
2015-10-01 18:15:05,1408171.12431
2015-10-02 18:15:05,1834545.02163
2015-10-03 18:15:05,1180360.3598
2015-10-04 18:15:05,918962.564026
2015-10-05 18:15:05,1215322.43153
2015-10-06 18:15:05,1780616.55273
2015-10-07 18:15:05,1481143.69499
2015-10-08 18:15:05,1975585.33814
2015-10-09 18:15:05,1352775.2459
2015-10-10 18:15:05,1283682.35625
2015-10-11 18:15:05,980167.589914
2015-10-12 18:15:05,1362093.22901
2015-10-13 18:15:05,1618164.22786
2015-10-14 18:15:05,1604043.53239
2015-10-15 18:15:05,2130369.1167
2015-10-16 18:15:05,1706812.78992
2015-10-17 18:15:05,1734621.27764
2015-10-18 18:15:05,1071197.31515
2015-10-19 18:15:05,1370688.34442
2015-10-20 18:15:05,1577569.83549
2015-10-21 18:15:05,1461543.98073
2015-10-22 18:15:05,1621906.31296
2015-10-23 18:15:05,1442045.16597
2015-10-24 18:15:05,1438771.54114
2015-10-25 18:15:05,1349019.65013
2015-10-26 18:15:05,1555314.87485
2015-10-27 18:15:05,1817399.43008
2015-10-28 18:15:05,1982987.32026
2015-10-29 18:15:05,2282588.66554
2015-10-30 18:15:05,2576175.75345
2015-10-31 18:15:05,1892685.65374
2015-11-01 18:15:05,1808217.9387
2015-11-02 18:15:05,2318357.45566
2015-11-03 18:15:05,2921589.02777
2015-11-04 18:15:05,11707414.8602
2015-11-05 18:15:05,3874950.61169
2015-11-06 18:15:05,2867169.80203
2015-11-07 18:15:05,2299911.46834
2015-11-08 18:15:05,2106559.62605
2015-11-09 18:15:05,2906015.99551
2015-11-10 18:15:05,2580989.22593
2015-11-11 18:15:05,3860070.4571
2015-11-12 18:15:05,2970257.4199
2015-11-13 18:15:05,2861605.14895
2015-11-14 18:15:05,3242922.67523
2015-11-15 18:15:05,2128062.23135
2015-11-16 18:15:05,2538621.21887
2015-11-17 18:15:05,1856400.16222
2015-11-18 18:15:05,2009885.64119
2015-11-19 18:15:05,2024646.99395
2015-11-20 18:15:05,2253779.26709
2015-11-21 18:15:05,1611089.44016
2015-11-22 18:15:05,1104568.38641
2015-11-23 18:15:05,1278362.90375
2015-11-24 18:15:05,1414610.27227
2015-11-25 18:15:05,1858049.90945
2015-11-26 18:15:05,2148058.27435
2015-11-27 18:15:05,2195779.20855
2015-11-28 18:15:05,2064689.21499
2015-11-29 18:15:05,1270903.66977
2015-11-30 18:15:05,2271903.22713
2015-12-01 18:15:05,2663137.25754
2015-12-02 18:15:05,2701487.04874
2015-12-03 18:15:05,2151712.50717
2015-12-04 18:15:05,2667462.20828
2015-12-05 18:15:05,4814997.07462
2015-12-06 18:15:05,5637565.63396
2015-12-07 18:15:05,3098092.99737
2015-12-08 18:15:05,2992135.18512
2015-12-09 18:15:05,3869382.8982
2015-12-10 18:15:05,3370213.78203
2015-12-11 18:15:05,3624518.39334
2015-12-12 18:15:05,3535444.34352
2015-12-13 18:15:05,5135908.4542
2015-12-14 18:15:05,4813539.63477
2015-12-15 18:15:05,4352520.59535
2015-12-16 18:15:05,4432222.99305
2015-12-17 18:15:05,4256300.69285
2015-12-18 18:15:05,4026919.22356
2015-12-19 18:15:05,3973674.7796
2015-12-20 18:15:05,3854017.04963
2015-12-21 18:15:05,5241787.46538
2015-12-22 18:15:05,4814662.10205
2015-12-23 18:15:05,4523984.27721
2015-12-24 18:15:05,4734609.23672
2015-12-25 18:15:05,4018262.26654
2015-12-26 18:15:05,2670582.94449
2015-12-27 18:15:05,1517703.74445
2015-12-28 18:15:05,1979239.84141
2015-12-29 18:15:05,2089114.92258
2015-12-30 18:15:05,2490059.56836
2015-12-31 18:15:05,1227621.2685
2016-01-01 18:15:05,976452.839324
2016-01-02 18:15:05,1014427.40827
2016-01-03 18:15:05,891683.746701
2016-01-04 18:15:05,1016358.61555
2016-01-05 18:15:05,1196076.64228
2016-01-06 18:15:05,1492712.39228
2016-01-07 18:15:05,1536633.73193
2016-01-08 18:15:05,1294742.51492
2016-01-09 18:15:05,898916.058546
2016-01-10 18:15:05,1156445.68689
2016-01-11 18:15:05,1754221.804
2016-01-12 18:15:05,1240624.8409
2016-01-13 18:15:05,1418323.06242
2016-01-14 18:15:05,1200884.44414
2016-01-15 18:15:05,1605659.3542
2016-01-16 18:15:05,1627411.81766
2016-01-17 18:15:05,6688157.58444
2016-01-18 18:15:05,9211159.67578
2016-01-19 18:15:05,10636308.7852
2016-01-20 18:15:05,5061050.41259
2016-01-21 18:15:05,3520396.33168
2016-01-22 18:15:05,7043414.58332
2016-01-23 18:15:05,33278578.0244
2016-01-24 18:15:05,38433356.1419
2016-01-25 18:15:05,45992222.558
2016-01-26 18:15:05,7554131.78154
2016-01-27 18:15:05,9956892.41348
2016-01-28 18:15:05,12897554.2976
2016-01-29 18:15:05,6544542.32061
2016-01-30 18:15:05,4276470.35733
2016-01-31 18:15:05,1414303.01375
2016-02-01 18:15:05,4997779.26626
2016-02-02 18:15:05,3929600.01519
2016-02-03 18:15:05,1976661.55127
2016-02-04 18:15:05,2341430.41634
2016-02-05 18:15:05,3499411.40217
2016-02-06 18:15:05,3304540.9475
2016-02-07 18:15:05,2957759.24812
2016-02-08 18:15:05,2650183.04277
2016-02-09 18:15:05,2285064.55673
2016-02-10 18:15:05,2522137.31764
2016-02-11 18:15:05,2731609.21864
2016-02-12 18:15:05,2627933.25534
2016-02-13 18:15:05,2705466.81328
2016-02-14 18:15:05,2795383.45629
2016-02-15 18:15:05,3665303.36728
2016-02-16 18:15:05,3996092.80038
2016-02-17 18:15:05,3953386.84294
2016-02-18 18:15:05,3903312.13967
2016-02-19 18:15:05,4069429.39093
2016-02-20 18:15:05,4918446.3414
2016-02-21 18:15:05,4198706.24107
2016-02-22 18:15:05,4350212.80198
2016-02-23 18:15:05,3976883.69551
2016-02-24 18:15:05,3726616.87451
2016-02-25 18:15:05,3124689.66982
2016-02-26 18:15:05,3335713.66304
2016-02-27 18:15:05,2577124.49847
2016-02-28 18:15:05,8045197.65443
2016-02-29 18:15:05,8973334.42648
2016-03-01 18:15:05,11910037.6759
2016-03-02 18:15:05,5912875.37992
2016-03-03 18:15:05,3660823.72516
2016-03-04 18:15:05,6843890.07063
2016-03-05 18:15:05,18219205.8849
2016-03-06 18:15:05,4004392.26328
2016-03-07 18:15:05,2835066.07064
2016-03-08 18:15:05,2358524.71349
2016-03-09 18:15:05,2036078.80047
2016-03-10 18:15:05,2456426.10633
2016-03-11 18:15:05,2370005.65767
2016-03-12 18:15:05,1969207.68245
2016-03-13 18:15:05,1506469.53036
2016-03-14 18:15:05,2279601.66094
2016-03-15 18:15:05,2178009.21023
2016-03-16 18:15:05,12271722.7309
2016-03-17 18:15:05,10141726.5497
2016-03-18 18:15:05,2457182.44186
2016-03-19 18:15:05,5098832.83494
2016-03-20 18:15:05,1729851.94462
2016-03-21 18:15:05,1990510.37953
2016-03-22 18:15:05,2215916.83419
2016-03-23 18:15:05,2111320.05753
2016-03-24 18:15:05,2204252.77605
2016-03-25 18:15:05,2205698.57009
2016-03-26 18:15:05,1641260.72317
2016-03-27 18:15:05,1669836.53112
2016-03-28 18:15:05,1960785.1213
2016-03-29 18:15:05,2003758.5488
2016-03-30 18:15:05,2199901.04957
2016-03-31 18:15:05,2142400.6348
2016-04-01 18:15:05,2109360.28627
2016-04-02 18:15:05,1965843.02066
2016-04-03 18:15:05,1508390.2733
2016-04-04 18:15:05,2056696.28585
2016-04-05 18:15:05,2255979.35872
2016-04-06 18:15:05,2314862.07787
2016-04-07 18:15:05,2839473.24598
2016-04-08 18:15:05,2562759.25311
2016-04-09 18:15:05,2534235.1774
2016-04-10 18:15:05,1926491.65873
2016-04-11 18:15:05,2454123.87324
2016-04-12 18:15:05,3429822.60845
2016-04-13 18:15:05,3219968.15938
2016-04-14 18:15:05,2914673.07178
2016-04-15 18:15:05,3815209.06652
2016-04-16 18:15:05,3332612.617
2016-04-17 18:15:05,2586774.19647
2016-04-18 18:15:05,3662053.34914
2016-04-19 18:15:05,3661654.33274
2016-04-20 18:15:05,4120807.02866
2016-04-21 18:15:05,4757256.08343
2016-04-22 18:15:05,5348349.57102
2016-04-23 18:15:05,3942258.2955
2016-04-24 18:15:05,2196643.54062
2016-04-25 18:15:05,2663023.73987
2016-04-26 18:15:05,2624477.87036
2016-04-27 18:15:05,2697707.97165
2016-04-28 18:15:05,2550648.29157
2016-04-29 18:15:05,2696094.71912
2016-04-30 18:15:05,1973333.04608
2016-05-01 18:15:05,1812553.23564
2016-05-02 18:15:05,2380338.22523
2016-05-03 18:15:05,2288265.76262
