,TotalBitcoins
2009-01-03 18:15:05,50.0
2009-01-04 18:15:05,50.0
2009-01-05 18:15:05,50.0
2009-01-06 18:15:05,50.0
2009-01-07 18:15:05,50.0
2009-01-08 18:15:05,50.0
2009-01-09 18:15:05,750.0
2009-01-10 18:15:05,2300.0
2009-01-11 18:15:05,7600.0
2009-01-12 18:15:05,12050.0
2009-01-13 18:15:05,17800.0
2009-01-14 18:15:05,24100.0
2009-01-15 18:15:05,30450.0
2009-01-16 18:15:05,36250.0
2009-01-17 18:15:05,41650.0
2009-01-18 18:15:05,46700.0
2009-01-19 18:15:05,52650.0
2009-01-20 18:15:05,58450.0
2009-01-21 18:15:05,64100.0
2009-01-22 18:15:05,67850.0
2009-01-23 18:15:05,71200.0
2009-01-24 18:15:05,81150.0
2009-01-25 18:15:05,90850.0
2009-01-26 18:15:05,96650.0
2009-01-27 18:15:05,101800.0
2009-01-28 18:15:05,106950.0
2009-01-29 18:15:05,113050.0
2009-01-30 18:15:05,119100.0
2009-01-31 18:15:05,125550.0
2009-02-01 18:15:05,131350.0
2009-02-02 18:15:05,137700.0
2009-02-03 18:15:05,144500.0
2009-02-04 18:15:05,150650.0
2009-02-05 18:15:05,156700.0
2009-02-06 18:15:05,163150.0
2009-02-07 18:15:05,169450.0
2009-02-08 18:15:05,176150.0
2009-02-09 18:15:05,182550.0
2009-02-10 18:15:05,188900.0
2009-02-11 18:15:05,195450.0
2009-02-12 18:15:05,201350.0
2009-02-13 18:15:05,207550.0
2009-02-14 18:15:05,214600.0
2009-02-15 18:15:05,220700.0
2009-02-16 18:15:05,226850.0
2009-02-17 18:15:05,232750.0
2009-02-18 18:15:05,238950.0
2009-02-19 18:15:05,244800.0
2009-02-20 18:15:05,251200.0
2009-02-21 18:15:05,256700.0
2009-02-22 18:15:05,262750.0
2009-02-23 18:15:05,268100.0
2009-02-24 18:15:05,273650.0
2009-02-25 18:15:05,279000.0
2009-02-26 18:15:05,283800.0
2009-02-27 18:15:05,289950.0
2009-02-28 18:15:05,295050.0
2009-03-01 18:15:05,300350.0
2009-03-02 18:15:05,305550.0
2009-03-03 18:15:05,310850.0
2009-03-04 18:15:05,316150.0
2009-03-05 18:15:05,321450.0
2009-03-06 18:15:05,327350.0
2009-03-07 18:15:05,332900.0
2009-03-08 18:15:05,338500.0
2009-03-09 18:15:05,344150.0
2009-03-10 18:15:05,349400.0
2009-03-11 18:15:05,354800.0
2009-03-12 18:15:05,360700.0
2009-03-13 18:15:05,366400.0
2009-03-14 18:15:05,372200.0
2009-03-15 18:15:05,377750.0
2009-03-16 18:15:05,384250.0
2009-03-17 18:15:05,390000.0
2009-03-18 18:15:05,395500.0
2009-03-19 18:15:05,401600.0
2009-03-20 18:15:05,407500.0
2009-03-21 18:15:05,411350.0
2009-03-22 18:15:05,416100.0
2009-03-23 18:15:05,422700.0
2009-03-24 18:15:05,427950.0
2009-03-25 18:15:05,433750.0
2009-03-26 18:15:05,439400.0
2009-03-27 18:15:05,444900.0
2009-03-28 18:15:05,450850.0
2009-03-29 18:15:05,456450.0
2009-03-30 18:15:05,462700.0
2009-03-31 18:15:05,468350.0
2009-04-01 18:15:05,473700.0
2009-04-02 18:15:05,479700.0
2009-04-03 18:15:05,485350.0
2009-04-04 18:15:05,491000.0
2009-04-05 18:15:05,497450.0
2009-04-06 18:15:05,503200.0
2009-04-07 18:15:05,508150.0
2009-04-08 18:15:05,513350.0
2009-04-09 18:15:05,518300.0
2009-04-10 18:15:05,523450.0
2009-04-11 18:15:05,529550.0
2009-04-12 18:15:05,535300.0
2009-04-13 18:15:05,541050.0
2009-04-14 18:15:05,547400.0
2009-04-15 18:15:05,553000.0
2009-04-16 18:15:05,559150.0
2009-04-17 18:15:05,564900.0
2009-04-18 18:15:05,571000.0
2009-04-19 18:15:05,576950.0
2009-04-20 18:15:05,582800.0
2009-04-21 18:15:05,588950.0
2009-04-22 18:15:05,595000.0
2009-04-23 18:15:05,599000.0
2009-04-24 18:15:05,604650.0
2009-04-25 18:15:05,610750.0
2009-04-26 18:15:05,616200.0
2009-04-27 18:15:05,621450.0
2009-04-28 18:15:05,627300.0
2009-04-29 18:15:05,633450.0
2009-04-30 18:15:05,640050.0
2009-05-01 18:15:05,646200.0
2009-05-02 18:15:05,652350.0
2009-05-03 18:15:05,658050.0
2009-05-04 18:15:05,664150.0
2009-05-05 18:15:05,670750.0
2009-05-06 18:15:05,677600.0
2009-05-07 18:15:05,683650.0
2009-05-08 18:15:05,689750.0
2009-05-09 18:15:05,694300.0
2009-05-10 18:15:05,697400.0
2009-05-11 18:15:05,703350.0
2009-05-12 18:15:05,709700.0
2009-05-13 18:15:05,715450.0
2009-05-14 18:15:05,722100.0
2009-05-15 18:15:05,729250.0
2009-05-16 18:15:05,734950.0
2009-05-17 18:15:05,741200.0
2009-05-18 18:15:05,747400.0
2009-05-19 18:15:05,752400.0
2009-05-20 18:15:05,757600.0
2009-05-21 18:15:05,762050.0
2009-05-22 18:15:05,766200.0
2009-05-23 18:15:05,766550.0
2009-05-24 18:15:05,771350.0
2009-05-25 18:15:05,776950.0
2009-05-26 18:15:05,782600.0
2009-05-27 18:15:05,788850.0
2009-05-28 18:15:05,794000.0
2009-05-29 18:15:05,799350.0
2009-05-30 18:15:05,804500.0
2009-05-31 18:15:05,810400.0
2009-06-01 18:15:05,814050.0
2009-06-02 18:15:05,818500.0
2009-06-03 18:15:05,823400.0
2009-06-04 18:15:05,825350.0
2009-06-05 18:15:05,828200.0
2009-06-06 18:15:05,829400.0
2009-06-07 18:15:05,829600.0
2009-06-08 18:15:05,833200.0
2009-06-09 18:15:05,837900.0
2009-06-10 18:15:05,842050.0
2009-06-11 18:15:05,846700.0
2009-06-12 18:15:05,851250.0
2009-06-13 18:15:05,854950.0
2009-06-14 18:15:05,858450.0
2009-06-15 18:15:05,862550.0
2009-06-16 18:15:05,866200.0
2009-06-17 18:15:05,870050.0
2009-06-18 18:15:05,874100.0
2009-06-19 18:15:05,878450.0
2009-06-20 18:15:05,882650.0
2009-06-21 18:15:05,886400.0
2009-06-22 18:15:05,890400.0
2009-06-23 18:15:05,894200.0
2009-06-24 18:15:05,898450.0
2009-06-25 18:15:05,902150.0
2009-06-26 18:15:05,906600.0
2009-06-27 18:15:05,910850.0
2009-06-28 18:15:05,913400.0
2009-06-29 18:15:05,917200.0
2009-06-30 18:15:05,921550.0
2009-07-01 18:15:05,925700.0
2009-07-02 18:15:05,929300.0
2009-07-03 18:15:05,933450.0
2009-07-04 18:15:05,937900.0
2009-07-05 18:15:05,941900.0
2009-07-06 18:15:05,946450.0
2009-07-07 18:15:05,949600.0
2009-07-08 18:15:05,953550.0
2009-07-09 18:15:05,957600.0
2009-07-10 18:15:05,961700.0
2009-07-11 18:15:05,965900.0
2009-07-12 18:15:05,969700.0
2009-07-13 18:15:05,973500.0
2009-07-14 18:15:05,977100.0
2009-07-15 18:15:05,979400.0
2009-07-16 18:15:05,982850.0
2009-07-17 18:15:05,986100.0
2009-07-18 18:15:05,986250.0
2009-07-19 18:15:05,988850.0
2009-07-20 18:15:05,992600.0
2009-07-21 18:15:05,996300.0
2009-07-22 18:15:05,999750.0
2009-07-23 18:15:05,1003050.0
2009-07-24 18:15:05,1006800.0
2009-07-25 18:15:05,1009450.0
2009-07-26 18:15:05,1010100.0
2009-07-27 18:15:05,1013300.0
2009-07-28 18:15:05,1015500.0
2009-07-29 18:15:05,1017100.0
2009-07-30 18:15:05,1017800.0
2009-07-31 18:15:05,1018400.0
2009-08-01 18:15:05,1019550.0
2009-08-02 18:15:05,1021050.0
2009-08-03 18:15:05,1021800.0
2009-08-04 18:15:05,1024700.0
2009-08-05 18:15:05,1029250.0
2009-08-06 18:15:05,1034050.0
2009-08-07 18:15:05,1037750.0
2009-08-08 18:15:05,1041850.0
2009-08-09 18:15:05,1046750.0
2009-08-10 18:15:05,1050850.0
2009-08-11 18:15:05,1054200.0
2009-08-12 18:15:05,1057600.0
2009-08-13 18:15:05,1061650.0
2009-08-14 18:15:05,1064900.0
2009-08-15 18:15:05,1066600.0
2009-08-16 18:15:05,1067850.0
2009-08-17 18:15:05,1068700.0
2009-08-18 18:15:05,1069150.0
2009-08-19 18:15:05,1069900.0
2009-08-20 18:15:05,1071100.0
2009-08-21 18:15:05,1071900.0
2009-08-22 18:15:05,1072300.0
2009-08-23 18:15:05,1072900.0
2009-08-24 18:15:05,1073300.0
2009-08-25 18:15:05,1076050.0
2009-08-26 18:15:05,1078150.0
2009-08-27 18:15:05,1079650.0
2009-08-28 18:15:05,1082850.0
2009-08-29 18:15:05,1087000.0
2009-08-30 18:15:05,1091500.0
2009-08-31 18:15:05,1096200.0
2009-09-01 18:15:05,1100150.0
2009-09-02 18:15:05,1103550.0
2009-09-03 18:15:05,1106550.0
2009-09-04 18:15:05,1109700.0
2009-09-05 18:15:05,1113250.0
2009-09-06 18:15:05,1116850.0
2009-09-07 18:15:05,1120750.0
2009-09-08 18:15:05,1124050.0
2009-09-09 18:15:05,1126950.0
2009-09-10 18:15:05,1130000.0
2009-09-11 18:15:05,1133400.0
2009-09-12 18:15:05,1136950.0
2009-09-13 18:15:05,1140450.0
2009-09-14 18:15:05,1144500.0
2009-09-15 18:15:05,1147300.0
2009-09-16 18:15:05,1150200.0
2009-09-17 18:15:05,1154350.0
2009-09-18 18:15:05,1158400.0
2009-09-19 18:15:05,1161950.0
2009-09-20 18:15:05,1165900.0
2009-09-21 18:15:05,1169600.0
2009-09-22 18:15:05,1171300.0
2009-09-23 18:15:05,1172650.0
2009-09-24 18:15:05,1176750.0
2009-09-25 18:15:05,1181750.0
2009-09-26 18:15:05,1186450.0
2009-09-27 18:15:05,1190900.0
2009-09-28 18:15:05,1195300.0
2009-09-29 18:15:05,1199450.0
2009-09-30 18:15:05,1203800.0
2009-10-01 18:15:05,1208050.0
2009-10-02 18:15:05,1211800.0
2009-10-03 18:15:05,1214700.0
2009-10-04 18:15:05,1217750.0
2009-10-05 18:15:05,1220650.0
2009-10-06 18:15:05,1222700.0
2009-10-07 18:15:05,1225250.0
2009-10-08 18:15:05,1228750.0
2009-10-09 18:15:05,1232650.0
2009-10-10 18:15:05,1236500.0
2009-10-11 18:15:05,1240450.0
2009-10-12 18:15:05,1243550.0
2009-10-13 18:15:05,1246100.0
2009-10-14 18:15:05,1248900.0
2009-10-15 18:15:05,1253150.0
2009-10-16 18:15:05,1256400.0
2009-10-17 18:15:05,1259150.0
2009-10-18 18:15:05,1262350.0
2009-10-19 18:15:05,1267300.0
2009-10-20 18:15:05,1272850.0
2009-10-21 18:15:05,1277000.0
2009-10-22 18:15:05,1281300.0
2009-10-23 18:15:05,1285650.0
2009-10-24 18:15:05,1289400.0
2009-10-25 18:15:05,1293050.0
2009-10-26 18:15:05,1296300.0
2009-10-27 18:15:05,1299600.0
2009-10-28 18:15:05,1302800.0
2009-10-29 18:15:05,1305300.0
2009-10-30 18:15:05,1308350.0
2009-10-31 18:15:05,1310600.0
2009-11-01 18:15:05,1312100.0
2009-11-02 18:15:05,1313750.0
2009-11-03 18:15:05,1316600.0
2009-11-04 18:15:05,1319700.0
2009-11-05 18:15:05,1322900.0
2009-11-06 18:15:05,1325350.0
2009-11-07 18:15:05,1329150.0
2009-11-08 18:15:05,1332650.0
2009-11-09 18:15:05,1335900.0
2009-11-10 18:15:05,1339450.0
2009-11-11 18:15:05,1342900.0
2009-11-12 18:15:05,1346400.0
2009-11-13 18:15:05,1349900.0
2009-11-14 18:15:05,1354050.0
2009-11-15 18:15:05,1358850.0
2009-11-16 18:15:05,1363850.0
2009-11-17 18:15:05,1368400.0
2009-11-18 18:15:05,1372350.0
2009-11-19 18:15:05,1376000.0
2009-11-20 18:15:05,1380100.0
2009-11-21 18:15:05,1383950.0
2009-11-22 18:15:05,1388950.0
2009-11-23 18:15:05,1393750.0
2009-11-24 18:15:05,1398850.0
2009-11-25 18:15:05,1403100.0
2009-11-26 18:15:05,1407000.0
2009-11-27 18:15:05,1410750.0
2009-11-28 18:15:05,1414650.0
2009-11-29 18:15:05,1417550.0
2009-11-30 18:15:05,1421250.0
2009-12-01 18:15:05,1424550.0
2009-12-02 18:15:05,1429450.0
2009-12-03 18:15:05,1433700.0
2009-12-04 18:15:05,1436150.0
2009-12-05 18:15:05,1438750.0
2009-12-06 18:15:05,1444000.0
2009-12-07 18:15:05,1448700.0
2009-12-08 18:15:05,1454650.0
2009-12-09 18:15:05,1459350.0
2009-12-10 18:15:05,1464500.0
2009-12-11 18:15:05,1470750.0
2009-12-12 18:15:05,1475800.0
2009-12-13 18:15:05,1481000.0
2009-12-14 18:15:05,1486400.0
2009-12-15 18:15:05,1492200.0
2009-12-16 18:15:05,1498150.0
2009-12-17 18:15:05,1506200.0
2009-12-18 18:15:05,1516200.0
2009-12-19 18:15:05,1527400.0
2009-12-20 18:15:05,1536150.0
2009-12-21 18:15:05,1545500.0
2009-12-22 18:15:05,1553100.0
2009-12-23 18:15:05,1561550.0
2009-12-24 18:15:05,1568750.0
2009-12-25 18:15:05,1576600.0
2009-12-26 18:15:05,1584550.0
2009-12-27 18:15:05,1593000.0
2009-12-28 18:15:05,1599900.0
2009-12-29 18:15:05,1608100.0
2009-12-30 18:15:05,1615900.0
2009-12-31 18:15:05,1623400.0
2010-01-01 18:15:05,1629350.0
2010-01-02 18:15:05,1635850.0
2010-01-03 18:15:05,1644000.0
2010-01-04 18:15:05,1653500.0
2010-01-05 18:15:05,1663900.0
2010-01-06 18:15:05,1671800.0
2010-01-07 18:15:05,1679750.0
2010-01-08 18:15:05,1687250.0
2010-01-09 18:15:05,1694650.0
2010-01-10 18:15:05,1704200.0
2010-01-11 18:15:05,1711900.0
2010-01-12 18:15:05,1720200.0
2010-01-13 18:15:05,1728100.0
2010-01-14 18:15:05,1736000.0
2010-01-15 18:15:05,1742800.0
2010-01-16 18:15:05,1749500.0
2010-01-17 18:15:05,1755650.0
2010-01-18 18:15:05,1762150.0
2010-01-19 18:15:05,1768100.0
2010-01-20 18:15:05,1775100.0
2010-01-21 18:15:05,1784000.0
2010-01-22 18:15:05,1791500.0
2010-01-23 18:15:05,1799050.0
2010-01-24 18:15:05,1806300.0
2010-01-25 18:15:05,1816450.0
2010-01-26 18:15:05,1826550.0
2010-01-27 18:15:05,1835400.0
2010-01-28 18:15:05,1844050.0
2010-01-29 18:15:05,1853700.0
2010-01-30 18:15:05,1862700.0
2010-01-31 18:15:05,1873000.0
2010-02-01 18:15:05,1881950.0
2010-02-02 18:15:05,1889050.0
2010-02-03 18:15:05,1901200.0
2010-02-04 18:15:05,1912750.0
2010-02-05 18:15:05,1925000.0
2010-02-06 18:15:05,1934550.0
2010-02-07 18:15:05,1944900.0
2010-02-08 18:15:05,1955450.0
2010-02-09 18:15:05,1965900.0
2010-02-10 18:15:05,1973850.0
2010-02-11 18:15:05,1982750.0
2010-02-12 18:15:05,1992100.0
2010-02-13 18:15:05,2003300.0
2010-02-14 18:15:05,2013600.0
2010-02-15 18:15:05,2022850.0
2010-02-16 18:15:05,2031600.0
2010-02-17 18:15:05,2043200.0
2010-02-18 18:15:05,2054650.0
2010-02-19 18:15:05,2063600.0
2010-02-20 18:15:05,2074700.0
2010-02-21 18:15:05,2085400.0
2010-02-22 18:15:05,2098150.0
2010-02-23 18:15:05,2110700.0
2010-02-24 18:15:05,2120200.0
2010-02-25 18:15:05,2127600.0
2010-02-26 18:15:05,2136100.0
2010-02-27 18:15:05,2144750.0
2010-02-28 18:15:05,2152850.0
2010-03-01 18:15:05,2162150.0
2010-03-02 18:15:05,2171950.0
2010-03-03 18:15:05,2179350.0
2010-03-04 18:15:05,2188450.0
2010-03-05 18:15:05,2197200.0
2010-03-06 18:15:05,2206350.0
2010-03-07 18:15:05,2215000.0
2010-03-08 18:15:05,2221800.0
2010-03-09 18:15:05,2229200.0
2010-03-10 18:15:05,2236650.0
2010-03-11 18:15:05,2243950.0
2010-03-12 18:15:05,2249850.0
2010-03-13 18:15:05,2257750.0
2010-03-14 18:15:05,2264000.0
2010-03-15 18:15:05,2270200.0
2010-03-16 18:15:05,2277000.0
2010-03-17 18:15:05,2283150.0
2010-03-18 18:15:05,2290950.0
2010-03-19 18:15:05,2297600.0
2010-03-20 18:15:05,2307250.0
2010-03-21 18:15:05,2316300.0
2010-03-22 18:15:05,2325150.0
2010-03-23 18:15:05,2335400.0
2010-03-24 18:15:05,2344100.0
2010-03-25 18:15:05,2353400.0
2010-03-26 18:15:05,2363150.0
2010-03-27 18:15:05,2371850.0
2010-03-28 18:15:05,2381550.0
2010-03-29 18:15:05,2391150.0
2010-03-30 18:15:05,2401700.0
2010-03-31 18:15:05,2412050.0
2010-04-01 18:15:05,2421500.0
2010-04-02 18:15:05,2428900.0
2010-04-03 18:15:05,2437200.0
2010-04-04 18:15:05,2445500.0
2010-04-05 18:15:05,2453800.0
2010-04-06 18:15:05,2461050.0
2010-04-07 18:15:05,2470700.0
2010-04-08 18:15:05,2480450.0
2010-04-09 18:15:05,2489300.0
2010-04-10 18:15:05,2501300.0
2010-04-11 18:15:05,2513250.0
2010-04-12 18:15:05,2524100.0
2010-04-13 18:15:05,2532350.0
2010-04-14 18:15:05,2542350.0
2010-04-15 18:15:05,2552650.0
2010-04-16 18:15:05,2562750.0
2010-04-17 18:15:05,2573250.0
2010-04-18 18:15:05,2586500.0
2010-04-19 18:15:05,2597350.0
2010-04-20 18:15:05,2607600.0
2010-04-21 18:15:05,2618650.0
2010-04-22 18:15:05,2627500.0
2010-04-23 18:15:05,2635000.0
2010-04-24 18:15:05,2642350.0
2010-04-25 18:15:05,2650800.0
2010-04-26 18:15:05,2659300.0
2010-04-27 18:15:05,2667800.0
2010-04-28 18:15:05,2676550.0
2010-04-29 18:15:05,2684500.0
2010-04-30 18:15:05,2692150.0
2010-05-01 18:15:05,2700300.0
2010-05-02 18:15:05,2708800.0
2010-05-03 18:15:05,2716800.0
2010-05-04 18:15:05,2723300.0
2010-05-05 18:15:05,2730600.0
2010-05-06 18:15:05,2738150.0
2010-05-07 18:15:05,2744700.0
2010-05-08 18:15:05,2752100.0
2010-05-09 18:15:05,2759200.0
2010-05-10 18:15:05,2766050.0
2010-05-11 18:15:05,2771800.0
2010-05-12 18:15:05,2777850.0
2010-05-13 18:15:05,2784350.0
2010-05-14 18:15:05,2790350.0
2010-05-15 18:15:05,2795650.0
2010-05-16 18:15:05,2800450.0
2010-05-17 18:15:05,2807650.0
2010-05-18 18:15:05,2816050.0
2010-05-19 18:15:05,2824150.0
2010-05-20 18:15:05,2833300.0
2010-05-21 18:15:05,2842550.0
2010-05-22 18:15:05,2852150.0
2010-05-23 18:15:05,2862900.0
2010-05-24 18:15:05,2872400.0
2010-05-25 18:15:05,2883150.0
2010-05-26 18:15:05,2893750.0
2010-05-27 18:15:05,2903500.0
2010-05-28 18:15:05,2914450.0
2010-05-29 18:15:05,2924300.0
2010-05-30 18:15:05,2931850.0
2010-05-31 18:15:05,2939450.0
2010-06-01 18:15:05,2946100.0
2010-06-02 18:15:05,2952750.0
2010-06-03 18:15:05,2960600.0
2010-06-04 18:15:05,2967250.0
2010-06-05 18:15:05,2974200.0
2010-06-06 18:15:05,2981750.0
2010-06-07 18:15:05,2989550.0
2010-06-08 18:15:05,2997450.0
2010-06-09 18:15:05,3005550.0
2010-06-10 18:15:05,3013900.0
2010-06-11 18:15:05,3022300.0
2010-06-12 18:15:05,3029150.0
2010-06-13 18:15:05,3037200.0
2010-06-14 18:15:05,3044800.0
2010-06-15 18:15:05,3054600.0
2010-06-16 18:15:05,3061950.0
2010-06-17 18:15:05,3069100.0
2010-06-18 18:15:05,3076500.0
2010-06-19 18:15:05,3084400.0
2010-06-20 18:15:05,3093050.0
2010-06-21 18:15:05,3101150.0
2010-06-22 18:15:05,3109050.0
2010-06-23 18:15:05,3117600.0
2010-06-24 18:15:05,3126700.0
2010-06-25 18:15:05,3134300.0
2010-06-26 18:15:05,3142450.0
2010-06-27 18:15:05,3150400.0
2010-06-28 18:15:05,3158550.0
2010-06-29 18:15:05,3166600.0
2010-06-30 18:15:05,3175800.0
2010-07-01 18:15:05,3186200.0
2010-07-02 18:15:05,3194950.0
2010-07-03 18:15:05,3204950.0
2010-07-04 18:15:05,3214250.0
2010-07-05 18:15:05,3223050.0
2010-07-06 18:15:05,3231450.0
2010-07-07 18:15:05,3239150.0
2010-07-08 18:15:05,3247050.0
2010-07-09 18:15:05,3256500.0
2010-07-10 18:15:05,3266250.0
2010-07-11 18:15:05,3275100.0
2010-07-12 18:15:05,3300750.0
2010-07-13 18:15:05,3337950.0
2010-07-14 18:15:05,3366650.0
2010-07-15 18:15:05,3397850.0
2010-07-16 18:15:05,3427750.0
2010-07-17 18:15:05,3436900.0
2010-07-18 18:15:05,3445850.0
2010-07-19 18:15:05,3454050.0
2010-07-20 18:15:05,3462950.0
2010-07-21 18:15:05,3473050.0
2010-07-22 18:15:05,3482400.0
2010-07-23 18:15:05,3492100.0
2010-07-24 18:15:05,3501350.0
2010-07-25 18:15:05,3512050.0
2010-07-26 18:15:05,3525050.0
2010-07-27 18:15:05,3533800.0
2010-07-28 18:15:05,3541900.0
2010-07-29 18:15:05,3550650.0
2010-07-30 18:15:05,3559750.0
2010-07-31 18:15:05,3569200.0
2010-08-01 18:15:05,3580250.0
2010-08-02 18:15:05,3592950.0
2010-08-03 18:15:05,3604350.0
2010-08-04 18:15:05,3615750.0
2010-08-05 18:15:05,3627950.0
2010-08-06 18:15:05,3636000.0
2010-08-07 18:15:05,3643100.0
2010-08-08 18:15:05,3652700.0
2010-08-09 18:15:05,3662150.0
2010-08-10 18:15:05,3672500.0
2010-08-11 18:15:05,3683350.0
2010-08-12 18:15:05,3694250.0
2010-08-13 18:15:05,3705100.0
2010-08-14 18:15:05,3718150.0
2010-08-15 18:15:05,3731900.0
2010-08-16 18:15:05,3737700.0
2010-08-17 18:15:05,3744250.0
2010-08-18 18:15:05,3750900.0
2010-08-19 18:15:05,3757900.0
2010-08-20 18:15:05,3766250.0
2010-08-21 18:15:05,3775450.0
2010-08-22 18:15:05,3785400.0
2010-08-23 18:15:05,3796250.0
2010-08-24 18:15:05,3806500.0
2010-08-25 18:15:05,3817850.0
2010-08-26 18:15:05,3828250.0
2010-08-27 18:15:05,3837150.0
2010-08-28 18:15:05,3846100.0
2010-08-29 18:15:05,3854000.0
2010-08-30 18:15:05,3861450.0
2010-08-31 18:15:05,3870200.0
2010-09-01 18:15:05,3879000.0
2010-09-02 18:15:05,3886550.0
2010-09-03 18:15:05,3894550.0
2010-09-04 18:15:05,3903500.0
2010-09-05 18:15:05,3911600.0
2010-09-06 18:15:05,3920050.0
2010-09-07 18:15:05,3927600.0
2010-09-08 18:15:05,3935200.0
2010-09-09 18:15:05,3942750.0
2010-09-10 18:15:05,3951300.0
2010-09-11 18:15:05,3959400.0
2010-09-12 18:15:05,3968550.0
2010-09-13 18:15:05,3976750.0
2010-09-14 18:15:05,3986500.0
2010-09-15 18:15:05,3995900.0
2010-09-16 18:15:05,4005400.0
2010-09-17 18:15:05,4016200.0
2010-09-18 18:15:05,4028050.0
2010-09-19 18:15:05,4038550.0
2010-09-20 18:15:05,4049100.0
2010-09-21 18:15:05,4057950.0
2010-09-22 18:15:05,4066600.0
2010-09-23 18:15:05,4077200.0
2010-09-24 18:15:05,4089500.0
2010-09-25 18:15:05,4099600.0
2010-09-26 18:15:05,4109450.0
2010-09-27 18:15:05,4121350.0
2010-09-28 18:15:05,4132150.0
2010-09-29 18:15:05,4141000.0
2010-09-30 18:15:05,4148050.0
2010-10-01 18:15:05,4155850.0
2010-10-02 18:15:05,4161300.0
2010-10-03 18:15:05,4167350.0
2010-10-04 18:15:05,4175050.0
2010-10-05 18:15:05,4181200.0
2010-10-06 18:15:05,4188800.0
2010-10-07 18:15:05,4197450.0
2010-10-08 18:15:05,4205200.0
2010-10-09 18:15:05,4212850.0
2010-10-10 18:15:05,4221450.0
2010-10-11 18:15:05,4229700.0
2010-10-12 18:15:05,4237700.0
2010-10-13 18:15:05,4246150.0
2010-10-14 18:15:05,4255750.0
2010-10-15 18:15:05,4265000.0
2010-10-16 18:15:05,4276950.0
2010-10-17 18:15:05,4291050.0
2010-10-18 18:15:05,4304100.0
2010-10-19 18:15:05,4316250.0
2010-10-20 18:15:05,4327950.0
2010-10-21 18:15:05,4339600.0
2010-10-22 18:15:05,4347250.0
2010-10-23 18:15:05,4355950.0
2010-10-24 18:15:05,4365400.0
2010-10-25 18:15:05,4375900.0
2010-10-26 18:15:05,4388000.0
2010-10-27 18:15:05,4398600.0
2010-10-28 18:15:05,4409350.0
2010-10-29 18:15:05,4421100.0
2010-10-30 18:15:05,4433100.0
2010-10-31 18:15:05,4442200.0
2010-11-01 18:15:05,4451600.0
2010-11-02 18:15:05,4460000.0
2010-11-03 18:15:05,4470050.0
2010-11-04 18:15:05,4479600.0
2010-11-05 18:15:05,4490550.0
2010-11-06 18:15:05,4500650.0
2010-11-07 18:15:05,4513050.0
2010-11-08 18:15:05,4526100.0
2010-11-09 18:15:05,4538100.0
2010-11-10 18:15:05,4547750.0
2010-11-11 18:15:05,4559350.0
2010-11-12 18:15:05,4567900.0
2010-11-13 18:15:05,4578850.0
2010-11-14 18:15:05,4590750.0
2010-11-15 18:15:05,4601800.0
2010-11-16 18:15:05,4610850.0
2010-11-17 18:15:05,4623350.0
2010-11-18 18:15:05,4636500.0
2010-11-19 18:15:05,4644800.0
2010-11-20 18:15:05,4650550.0
2010-11-21 18:15:05,4657300.0
2010-11-22 18:15:05,4665300.0
2010-11-23 18:15:05,4672500.0
2010-11-24 18:15:05,4681750.0
2010-11-25 18:15:05,4689350.0
2010-11-26 18:15:05,4699500.0
2010-11-27 18:15:05,4708650.0
2010-11-28 18:15:05,4716950.0
2010-11-29 18:15:05,4727550.0
2010-11-30 18:15:05,4738050.0
2010-12-01 18:15:05,4746900.0
2010-12-02 18:15:05,4756550.0
2010-12-03 18:15:05,4766150.0
2010-12-04 18:15:05,4777100.0
2010-12-05 18:15:05,4789000.0
2010-12-06 18:15:05,4801000.0
2010-12-07 18:15:05,4812650.0
2010-12-08 18:15:05,4824200.0
2010-12-09 18:15:05,4836700.0
2010-12-10 18:15:05,4844200.0
2010-12-11 18:15:05,4852800.0
2010-12-12 18:15:05,4861500.0
2010-12-13 18:15:05,4869100.0
2010-12-14 18:15:05,4877250.0
2010-12-15 18:15:05,4886200.0
2010-12-16 18:15:05,4895500.0
2010-12-17 18:15:05,4904150.0
2010-12-18 18:15:05,4912050.0
2010-12-19 18:15:05,4921250.0
2010-12-20 18:15:05,4929200.0
2010-12-21 18:15:05,4939050.0
2010-12-22 18:15:05,4946950.0
2010-12-23 18:15:05,4954100.0
2010-12-24 18:15:05,4961600.0
2010-12-25 18:15:05,4969700.0
2010-12-26 18:15:05,4977050.0
2010-12-27 18:15:05,4985100.0
2010-12-28 18:15:05,4993550.0
2010-12-29 18:15:05,5002150.0
2010-12-30 18:15:05,5010150.0
2010-12-31 18:15:05,5018350.0
2011-01-01 18:15:05,5027250.0
2011-01-02 18:15:05,5036250.0
2011-01-03 18:15:05,5044450.0
2011-01-04 18:15:05,5051550.0
2011-01-05 18:15:05,5059050.0
2011-01-06 18:15:05,5066400.0
2011-01-07 18:15:05,5073600.0
2011-01-08 18:15:05,5083200.0
2011-01-09 18:15:05,5090800.0
2011-01-10 18:15:05,5099150.0
2011-01-11 18:15:05,5107250.0
2011-01-12 18:15:05,5115600.0
2011-01-13 18:15:05,5124850.0
2011-01-14 18:15:05,5133550.0
2011-01-15 18:15:05,5142150.0
2011-01-16 18:15:05,5150800.0
2011-01-17 18:15:05,5159450.0
2011-01-18 18:15:05,5167250.0
2011-01-19 18:15:05,5176100.0
2011-01-20 18:15:05,5184500.0
2011-01-21 18:15:05,5193400.0
2011-01-22 18:15:05,5201600.0
2011-01-23 18:15:05,5210100.0
2011-01-24 18:15:05,5219100.0
2011-01-25 18:15:05,5226900.0
2011-01-26 18:15:05,5236650.0
2011-01-27 18:15:05,5244650.0
2011-01-28 18:15:05,5252800.0
2011-01-29 18:15:05,5260300.0
2011-01-30 18:15:05,5268500.0
2011-01-31 18:15:05,5276000.0
2011-02-01 18:15:05,5284950.0
2011-02-02 18:15:05,5293050.0
2011-02-03 18:15:05,5300500.0
2011-02-04 18:15:05,5310000.0
2011-02-05 18:15:05,5319150.0
2011-02-06 18:15:05,5327900.0
2011-02-07 18:15:05,5338200.0
2011-02-08 18:15:05,5346800.0
2011-02-09 18:15:05,5355950.0
2011-02-10 18:15:05,5365400.0
2011-02-11 18:15:05,5374950.0
2011-02-12 18:15:05,5384450.0
2011-02-13 18:15:05,5394650.0
2011-02-14 18:15:05,5403950.0
2011-02-15 18:15:05,5414550.0
2011-02-16 18:15:05,5426100.0
2011-02-17 18:15:05,5438100.0
2011-02-18 18:15:05,5448900.0
2011-02-19 18:15:05,5457700.0
2011-02-20 18:15:05,5467100.0
2011-02-21 18:15:05,5476400.0
2011-02-22 18:15:05,5487000.0
2011-02-23 18:15:05,5499150.0
2011-02-24 18:15:05,5509850.0
2011-02-25 18:15:05,5520950.0
2011-02-26 18:15:05,5533500.0
2011-02-27 18:15:05,5547050.0
2011-02-28 18:15:05,5555400.0
2011-03-01 18:15:05,5561900.0
2011-03-02 18:15:05,5570350.0
2011-03-03 18:15:05,5579500.0
2011-03-04 18:15:05,5589450.0
2011-03-05 18:15:05,5602700.0
2011-03-06 18:15:05,5616200.0
2011-03-07 18:15:05,5627950.0
2011-03-08 18:15:05,5637600.0
2011-03-09 18:15:05,5645500.0
2011-03-10 18:15:05,5651450.0
2011-03-11 18:15:05,5658200.0
2011-03-12 18:15:05,5665050.0
2011-03-13 18:15:05,5671000.0
2011-03-14 18:15:05,5676850.0
2011-03-15 18:15:05,5681700.0
2011-03-16 18:15:05,5689000.0
2011-03-17 18:15:05,5695550.0
2011-03-18 18:15:05,5702450.0
2011-03-19 18:15:05,5707900.0
2011-03-20 18:15:05,5714150.0
2011-03-21 18:15:05,5721900.0
2011-03-22 18:15:05,5728200.0
2011-03-23 18:15:05,5735600.0
2011-03-24 18:15:05,5743200.0
2011-03-25 18:15:05,5751300.0
2011-03-26 18:15:05,5758350.0
2011-03-27 18:15:05,5766000.0
2011-03-28 18:15:05,5774150.0
2011-03-29 18:15:05,5781850.0
2011-03-30 18:15:05,5789650.0
2011-03-31 18:15:05,5799750.0
2011-04-01 18:15:05,5808500.0
2011-04-02 18:15:05,5817950.0
2011-04-03 18:15:05,5826300.0
2011-04-04 18:15:05,5835300.0
2011-04-05 18:15:05,5845400.0
2011-04-06 18:15:05,5852350.0
2011-04-07 18:15:05,5860450.0
2011-04-08 18:15:05,5868250.0
2011-04-09 18:15:05,5876200.0
2011-04-10 18:15:05,5884600.0
2011-04-11 18:15:05,5892300.0
2011-04-12 18:15:05,5900650.0
2011-04-13 18:15:05,5910700.0
2011-04-14 18:15:05,5918850.0
2011-04-15 18:15:05,5925600.0
2011-04-16 18:15:05,5933950.0
2011-04-17 18:15:05,5942850.0
2011-04-18 18:15:05,5950650.0
2011-04-19 18:15:05,5957700.0
2011-04-20 18:15:05,5964900.0
2011-04-21 18:15:05,5973150.0
2011-04-22 18:15:05,5981800.0
2011-04-23 18:15:05,5990300.0
2011-04-24 18:15:05,5998200.0
2011-04-25 18:15:05,6007600.0
2011-04-26 18:15:05,6017250.0
2011-04-27 18:15:05,6026750.0
2011-04-28 18:15:05,6034700.0
2011-04-29 18:15:05,6044800.0
2011-04-30 18:15:05,6054050.0
2011-05-01 18:15:05,6063850.0
2011-05-02 18:15:05,6072750.0
2011-05-03 18:15:05,6083100.0
2011-05-04 18:15:05,6092400.0
2011-05-05 18:15:05,6103800.0
2011-05-06 18:15:05,6113750.0
2011-05-07 18:15:05,6124700.0
2011-05-08 18:15:05,6135000.0
2011-05-09 18:15:05,6147450.0
2011-05-10 18:15:05,6157450.0
2011-05-11 18:15:05,6166800.0
2011-05-12 18:15:05,6175000.0
2011-05-13 18:15:05,6185050.0
2011-05-14 18:15:05,6197450.0
2011-05-15 18:15:05,6208850.0
2011-05-16 18:15:05,6220050.0
2011-05-17 18:15:05,6233050.0
2011-05-18 18:15:05,6247200.0
2011-05-19 18:15:05,6256250.0
2011-05-20 18:15:05,6267450.0
2011-05-21 18:15:05,6278100.0
2011-05-22 18:15:05,6290800.0
2011-05-23 18:15:05,6304650.0
2011-05-24 18:15:05,6319400.0
2011-05-25 18:15:05,6334000.0
2011-05-26 18:15:05,6349900.0
2011-05-27 18:15:05,6359800.0
2011-05-28 18:15:05,6367550.0
2011-05-29 18:15:05,6376200.0
2011-05-30 18:15:05,6383850.0
2011-05-31 18:15:05,6391350.0
2011-06-01 18:15:05,6400250.0
2011-06-02 18:15:05,6409750.0
2011-06-03 18:15:05,6419900.0
2011-06-04 18:15:05,6430700.0
2011-06-05 18:15:05,6441100.0
2011-06-06 18:15:05,6453600.0
2011-06-07 18:15:05,6462050.0
2011-06-08 18:15:05,6471200.0
2011-06-09 18:15:05,6481800.0
2011-06-10 18:15:05,6493100.0
2011-06-11 18:15:05,6504700.0
2011-06-12 18:15:05,6516600.0
2011-06-13 18:15:05,6528850.0
2011-06-14 18:15:05,6540100.0
2011-06-15 18:15:05,6554200.0
2011-06-16 18:15:05,6564250.0
2011-06-17 18:15:05,6573250.0
2011-06-18 18:15:05,6583350.0
2011-06-19 18:15:05,6594300.0
2011-06-20 18:15:05,6605900.0
2011-06-21 18:15:05,6617450.0
2011-06-22 18:15:05,6630950.0
2011-06-23 18:15:05,6642850.0
2011-06-24 18:15:05,6654850.0
2011-06-25 18:15:05,6662400.0
2011-06-26 18:15:05,6670150.0
2011-06-27 18:15:05,6678150.0
2011-06-28 18:15:05,6685800.0
2011-06-29 18:15:05,6694650.0
2011-06-30 18:15:05,6703700.0
2011-07-01 18:15:05,6712700.0
2011-07-02 18:15:05,6721450.0
2011-07-03 18:15:05,6729450.0
2011-07-04 18:15:05,6737650.0
2011-07-05 18:15:05,6745200.0
2011-07-06 18:15:05,6753000.0
2011-07-07 18:15:05,6759800.0
2011-07-08 18:15:05,6767150.0
2011-07-09 18:15:05,6775050.0
2011-07-10 18:15:05,6782250.0
2011-07-11 18:15:05,6789700.0
2011-07-12 18:15:05,6796900.0
2011-07-13 18:15:05,6806050.0
2011-07-14 18:15:05,6813750.0
2011-07-15 18:15:05,6821800.0
2011-07-16 18:15:05,6829750.0
2011-07-17 18:15:05,6838200.0
2011-07-18 18:15:05,6845850.0
2011-07-19 18:15:05,6854050.0
2011-07-20 18:15:05,6861200.0
2011-07-21 18:15:05,6868950.0
2011-07-22 18:15:05,6876100.0
2011-07-23 18:15:05,6883350.0
2011-07-24 18:15:05,6892150.0
2011-07-25 18:15:05,6900000.0
2011-07-26 18:15:05,6908450.0
2011-07-27 18:15:05,6917450.0
2011-07-28 18:15:05,6925800.0
2011-07-29 18:15:05,6933850.0
2011-07-30 18:15:05,6941450.0
2011-07-31 18:15:05,6949850.0
2011-08-01 18:15:05,6958600.0
2011-08-02 18:15:05,6965950.0
2011-08-03 18:15:05,6973900.0
2011-08-04 18:15:05,6980550.0
2011-08-05 18:15:05,6987450.0
2011-08-06 18:15:05,6993650.0
2011-08-07 18:15:05,7000100.0
2011-08-08 18:15:05,7006550.0
2011-08-09 18:15:05,7013200.0
2011-08-10 18:15:05,7021500.0
2011-08-11 18:15:05,7028250.0
2011-08-12 18:15:05,7035100.0
2011-08-13 18:15:05,7041500.0
2011-08-14 18:15:05,7047650.0
2011-08-15 18:15:05,7054800.0
2011-08-16 18:15:05,7061550.0
2011-08-17 18:15:05,7068000.0
2011-08-18 18:15:05,7075900.0
2011-08-19 18:15:05,7082650.0
2011-08-20 18:15:05,7089900.0
2011-08-21 18:15:05,7097150.0
2011-08-22 18:15:05,7105950.0
2011-08-23 18:15:05,7114450.0
2011-08-24 18:15:05,7121000.0
2011-08-25 18:15:05,7127400.0
2011-08-26 18:15:05,7135100.0
2011-08-27 18:15:05,7141650.0
2011-08-28 18:15:05,7147350.0
2011-08-29 18:15:05,7153600.0
2011-08-30 18:15:05,7161350.0
2011-08-31 18:15:05,7168900.0
2011-09-01 18:15:05,7175250.0
2011-09-02 18:15:05,7183350.0
2011-09-03 18:15:05,7190450.0
2011-09-04 18:15:05,7196750.0
2011-09-05 18:15:05,7204450.0
2011-09-06 18:15:05,7211950.0
2011-09-07 18:15:05,7219300.0
2011-09-08 18:15:05,7225550.0
2011-09-09 18:15:05,7232550.0
2011-09-10 18:15:05,7239700.0
2011-09-11 18:15:05,7246600.0
2011-09-12 18:15:05,7253100.0
2011-09-13 18:15:05,7259900.0
2011-09-14 18:15:05,7267500.0
2011-09-15 18:15:05,7274900.0
2011-09-16 18:15:05,7281200.0
2011-09-17 18:15:05,7287350.0
2011-09-18 18:15:05,7295700.0
2011-09-19 18:15:05,7301800.0
2011-09-20 18:15:05,7308750.0
2011-09-21 18:15:05,7316150.0
2011-09-22 18:15:05,7323650.0
2011-09-23 18:15:05,7330350.0
2011-09-24 18:15:05,7336550.0
2011-09-25 18:15:05,7343650.0
2011-09-26 18:15:05,7350500.0
2011-09-27 18:15:05,7357300.0
2011-09-28 18:15:05,7363950.0
2011-09-29 18:15:05,7370650.0
2011-09-30 18:15:05,7376800.0
2011-10-01 18:15:05,7383600.0
2011-10-02 18:15:05,7390150.0
2011-10-03 18:15:05,7396650.0
2011-10-04 18:15:05,7403150.0
2011-10-05 18:15:05,7410000.0
2011-10-06 18:15:05,7416650.0
2011-10-07 18:15:05,7423050.0
2011-10-08 18:15:05,7429500.0
2011-10-09 18:15:05,7435650.0
2011-10-10 18:15:05,7441550.0
2011-10-11 18:15:05,7446850.0
2011-10-12 18:15:05,7452800.0
2011-10-13 18:15:05,7457350.0
2011-10-14 18:15:05,7464000.0
2011-10-15 18:15:05,7471050.0
2011-10-16 18:15:05,7477200.0
2011-10-17 18:15:05,7482850.0
2011-10-18 18:15:05,7489200.0
2011-10-19 18:15:05,7495800.0
2011-10-20 18:15:05,7500950.0
2011-10-21 18:15:05,7507850.0
2011-10-22 18:15:05,7512550.0
2011-10-23 18:15:05,7517800.0
2011-10-24 18:15:05,7523950.0
2011-10-25 18:15:05,7530450.0
2011-10-26 18:15:05,7535900.0
2011-10-27 18:15:05,7541650.0
2011-10-28 18:15:05,7546750.0
2011-10-29 18:15:05,7552700.0
2011-10-30 18:15:05,7557550.0
2011-10-31 18:15:05,7564400.0
2011-11-01 18:15:05,7571700.0
2011-11-02 18:15:05,7579250.0
2011-11-03 18:15:05,7585600.0
2011-11-04 18:15:05,7592750.0
2011-11-05 18:15:05,7600250.0
2011-11-06 18:15:05,7607650.0
2011-11-07 18:15:05,7614200.0
2011-11-08 18:15:05,7620950.0
2011-11-09 18:15:05,7629400.0
2011-11-10 18:15:05,7636650.0
2011-11-11 18:15:05,7642750.0
2011-11-12 18:15:05,7649500.0
2011-11-13 18:15:05,7656850.0
2011-11-14 18:15:05,7663650.0
2011-11-15 18:15:05,7672300.0
2011-11-16 18:15:05,7678950.0
2011-11-17 18:15:05,7686200.0
2011-11-18 18:15:05,7692750.0
2011-11-19 18:15:05,7699200.0
2011-11-20 18:15:05,7705600.0
2011-11-21 18:15:05,7712350.0
2011-11-22 18:15:05,7719100.0
2011-11-23 18:15:05,7725650.0
2011-11-24 18:15:05,7731250.0
2011-11-25 18:15:05,7737750.0
2011-11-26 18:15:05,7744100.0
2011-11-27 18:15:05,7749800.0
2011-11-28 18:15:05,7756000.0
2011-11-29 18:15:05,7762950.0
2011-11-30 18:15:05,7770250.0
2011-12-01 18:15:05,7779500.0
2011-12-02 18:15:05,7787350.0
2011-12-03 18:15:05,7794850.0
2011-12-04 18:15:05,7801700.0
2011-12-05 18:15:05,7809700.0
2011-12-06 18:15:05,7817650.0
2011-12-07 18:15:05,7825000.0
2011-12-08 18:15:05,7832700.0
2011-12-09 18:15:05,7840250.0
2011-12-10 18:15:05,7848100.0
2011-12-11 18:15:05,7855350.0
2011-12-12 18:15:05,7862050.0
2011-12-13 18:15:05,7868500.0
2011-12-14 18:15:05,7875700.0
2011-12-15 18:15:05,7881850.0
2011-12-16 18:15:05,7888050.0
2011-12-17 18:15:05,7895350.0
2011-12-18 18:15:05,7902700.0
2011-12-19 18:15:05,7910250.0
2011-12-20 18:15:05,7917000.0
2011-12-21 18:15:05,7924750.0
2011-12-22 18:15:05,7931650.0
2011-12-23 18:15:05,7939250.0
2011-12-24 18:15:05,7945850.0
2011-12-25 18:15:05,7954550.0
2011-12-26 18:15:05,7963150.0
2011-12-27 18:15:05,7971100.0
2011-12-28 18:15:05,7978600.0
2011-12-29 18:15:05,7985600.0
2011-12-30 18:15:05,7992000.0
2011-12-31 18:15:05,8000050.0
2012-01-01 18:15:05,8007500.0
2012-01-02 18:15:05,8015100.0
2012-01-03 18:15:05,8023200.0
2012-01-04 18:15:05,8030900.0
2012-01-05 18:15:05,8038250.0
2012-01-06 18:15:05,8046750.0
2012-01-07 18:15:05,8055800.0
2012-01-08 18:15:05,8063850.0
2012-01-09 18:15:05,8071900.0
2012-01-10 18:15:05,8079200.0
2012-01-11 18:15:05,8086800.0
2012-01-12 18:15:05,8095100.0
2012-01-13 18:15:05,8101300.0
2012-01-14 18:15:05,8109300.0
2012-01-15 18:15:05,8116700.0
2012-01-16 18:15:05,8124600.0
2012-01-17 18:15:05,8132500.0
2012-01-18 18:15:05,8139600.0
2012-01-19 18:15:05,8146400.0
2012-01-20 18:15:05,8153300.0
2012-01-21 18:15:05,8162250.0
2012-01-22 18:15:05,8168750.0
2012-01-23 18:15:05,8177300.0
2012-01-24 18:15:05,8184050.0
2012-01-25 18:15:05,8191800.0
2012-01-26 18:15:05,8198300.0
2012-01-27 18:15:05,8205250.0
2012-01-28 18:15:05,8213000.0
2012-01-29 18:15:05,8221150.0
2012-01-30 18:15:05,8229450.0
2012-01-31 18:15:05,8237350.0
2012-02-01 18:15:05,8244100.0
2012-02-02 18:15:05,8252250.0
2012-02-03 18:15:05,8260250.0
2012-02-04 18:15:05,8268450.0
2012-02-05 18:15:05,8275250.0
2012-02-06 18:15:05,8282650.0
2012-02-07 18:15:05,8289800.0
2012-02-08 18:15:05,8296400.0
2012-02-09 18:15:05,8303600.0
2012-02-10 18:15:05,8310950.0
2012-02-11 18:15:05,8317850.0
2012-02-12 18:15:05,8325850.0
2012-02-13 18:15:05,8333200.0
2012-02-14 18:15:05,8340000.0
2012-02-15 18:15:05,8347100.0
2012-02-16 18:15:05,8353550.0
2012-02-17 18:15:05,8360650.0
2012-02-18 18:15:05,8369400.0
2012-02-19 18:15:05,8377250.0
2012-02-20 18:15:05,8384550.0
2012-02-21 18:15:05,8390950.0
2012-02-22 18:15:05,8398800.0
2012-02-23 18:15:05,8407200.0
2012-02-24 18:15:05,8414450.0
2012-02-25 18:15:05,8422800.0
2012-02-26 18:15:05,8430400.0
2012-02-27 18:15:05,8438300.0
2012-02-28 18:15:05,8445800.0
2012-02-29 18:15:05,8455100.0
2012-03-01 18:15:05,8462900.0
2012-03-02 18:15:05,8469550.0
2012-03-03 18:15:05,8475500.0
2012-03-04 18:15:05,8482000.0
2012-03-05 18:15:05,8488600.0
2012-03-06 18:15:05,8496000.0
2012-03-07 18:15:05,8503450.0
2012-03-08 18:15:05,8511250.0
2012-03-09 18:15:05,8519550.0
2012-03-10 18:15:05,8528200.0
2012-03-11 18:15:05,8534850.0
2012-03-12 18:15:05,8543300.0
2012-03-13 18:15:05,8550900.0
2012-03-14 18:15:05,8557800.0
2012-03-15 18:15:05,8564250.0
2012-03-16 18:15:05,8571400.0
2012-03-17 18:15:05,8580000.0
2012-03-18 18:15:05,8587800.0
2012-03-19 18:15:05,8595700.0
2012-03-20 18:15:05,8603100.0
2012-03-21 18:15:05,8611200.0
2012-03-22 18:15:05,8619000.0
2012-03-23 18:15:05,8625500.0
2012-03-24 18:15:05,8634100.0
2012-03-25 18:15:05,8642450.0
2012-03-26 18:15:05,8650050.0
2012-03-27 18:15:05,8657450.0
2012-03-28 18:15:05,8665400.0
2012-03-29 18:15:05,8672350.0
2012-03-30 18:15:05,8679850.0
2012-03-31 18:15:05,8688000.0
2012-04-01 18:15:05,8695500.0
2012-04-02 18:15:05,8701850.0
2012-04-03 18:15:05,8708250.0
2012-04-04 18:15:05,8715300.0
2012-04-05 18:15:05,8721250.0
2012-04-06 18:15:05,8727400.0
2012-04-07 18:15:05,8734000.0
2012-04-08 18:15:05,8741300.0
2012-04-09 18:15:05,8748850.0
2012-04-10 18:15:05,8756000.0
2012-04-11 18:15:05,8763150.0
2012-04-12 18:15:05,8770050.0
2012-04-13 18:15:05,8776350.0
2012-04-14 18:15:05,8783000.0
2012-04-15 18:15:05,8788850.0
2012-04-16 18:15:05,8795500.0
2012-04-17 18:15:05,8802600.0
2012-04-18 18:15:05,8808700.0
2012-04-19 18:15:05,8816500.0
2012-04-20 18:15:05,8824250.0
2012-04-21 18:15:05,8831600.0
2012-04-22 18:15:05,8839050.0
2012-04-23 18:15:05,8846450.0
2012-04-24 18:15:05,8852600.0
2012-04-25 18:15:05,8859500.0
2012-04-26 18:15:05,8867200.0
2012-04-27 18:15:05,8873500.0
2012-04-28 18:15:05,8881300.0
2012-04-29 18:15:05,8889600.0
2012-04-30 18:15:05,8898050.0
2012-05-01 18:15:05,8907000.0
2012-05-02 18:15:05,8914700.0
2012-05-03 18:15:05,8923000.0
2012-05-04 18:15:05,8930750.0
2012-05-05 18:15:05,8938550.0
2012-05-06 18:15:05,8947150.0
2012-05-07 18:15:05,8955700.0
2012-05-08 18:15:05,8965000.0
2012-05-09 18:15:05,8973200.0
2012-05-10 18:15:05,8980400.0
2012-05-11 18:15:05,8986550.0
2012-05-12 18:15:05,8993400.0
2012-05-13 18:15:05,9000000.0
2012-05-14 18:15:05,9007150.0
2012-05-15 18:15:05,9013700.0
2012-05-16 18:15:05,9019300.0
2012-05-17 18:15:05,9025200.0
2012-05-18 18:15:05,9032400.0
2012-05-19 18:15:05,9039700.0
2012-05-20 18:15:05,9046800.0
2012-05-21 18:15:05,9053400.0
2012-05-22 18:15:05,9059250.0
2012-05-23 18:15:05,9065300.0
2012-05-24 18:15:05,9072050.0
2012-05-25 18:15:05,9077850.0
2012-05-26 18:15:05,9084600.0
2012-05-27 18:15:05,9092800.0
2012-05-28 18:15:05,9099700.0
2012-05-29 18:15:05,9106500.0
2012-05-30 18:15:05,9112500.0
2012-05-31 18:15:05,9119800.0
2012-06-01 18:15:05,9127350.0
2012-06-02 18:15:05,9135150.0
2012-06-03 18:15:05,9143050.0
2012-06-04 18:15:05,9150600.0
2012-06-05 18:15:05,9157400.0
2012-06-06 18:15:05,9165850.0
2012-06-07 18:15:05,9172150.0
2012-06-08 18:15:05,9179550.0
2012-06-09 18:15:05,9187900.0
2012-06-10 18:15:05,9196400.0
2012-06-11 18:15:05,9204100.0
2012-06-12 18:15:05,9211100.0
2012-06-13 18:15:05,9219200.0
2012-06-14 18:15:05,9226500.0
2012-06-15 18:15:05,9234450.0
2012-06-16 18:15:05,9242450.0
2012-06-17 18:15:05,9250600.0
2012-06-18 18:15:05,9258450.0
2012-06-19 18:15:05,9267550.0
2012-06-20 18:15:05,9274350.0
2012-06-21 18:15:05,9280450.0
2012-06-22 18:15:05,9287500.0
2012-06-23 18:15:05,9295600.0
2012-06-24 18:15:05,9302600.0
2012-06-25 18:15:05,9310250.0
2012-06-26 18:15:05,9317650.0
2012-06-27 18:15:05,9325750.0
2012-06-28 18:15:05,9332500.0
2012-06-29 18:15:05,9339500.0
2012-06-30 18:15:05,9346600.0
2012-07-01 18:15:05,9353500.0
2012-07-02 18:15:05,9361550.0
2012-07-03 18:15:05,9368800.0
2012-07-04 18:15:05,9376750.0
2012-07-05 18:15:05,9383600.0
2012-07-06 18:15:05,9391250.0
2012-07-07 18:15:05,9399750.0
2012-07-08 18:15:05,9407450.0
2012-07-09 18:15:05,9415700.0
2012-07-10 18:15:05,9423250.0
2012-07-11 18:15:05,9430100.0
2012-07-12 18:15:05,9437650.0
2012-07-13 18:15:05,9445700.0
2012-07-14 18:15:05,9453150.0
2012-07-15 18:15:05,9460600.0
2012-07-16 18:15:05,9468000.0
2012-07-17 18:15:05,9476850.0
2012-07-18 18:15:05,9484400.0
2012-07-19 18:15:05,9491550.0
2012-07-20 18:15:05,9498500.0
2012-07-21 18:15:05,9506000.0
2012-07-22 18:15:05,9512950.0
2012-07-23 18:15:05,9520450.0
2012-07-24 18:15:05,9528500.0
2012-07-25 18:15:05,9536200.0
2012-07-26 18:15:05,9545100.0
2012-07-27 18:15:05,9553500.0
2012-07-28 18:15:05,9562000.0
2012-07-29 18:15:05,9569250.0
2012-07-30 18:15:05,9578500.0
2012-07-31 18:15:05,9585150.0
2012-08-01 18:15:05,9592200.0
2012-08-02 18:15:05,9599900.0
2012-08-03 18:15:05,9608550.0
2012-08-04 18:15:05,9616050.0
2012-08-05 18:15:05,9623300.0
2012-08-06 18:15:05,9630350.0
2012-08-07 18:15:05,9637800.0
2012-08-08 18:15:05,9646300.0
2012-08-09 18:15:05,9654250.0
2012-08-10 18:15:05,9662450.0
2012-08-11 18:15:05,9670350.0
2012-08-12 18:15:05,9678800.0
2012-08-13 18:15:05,9686450.0
2012-08-14 18:15:05,9694600.0
2012-08-15 18:15:05,9703150.0
2012-08-16 18:15:05,9710850.0
2012-08-17 18:15:05,9718000.0
2012-08-18 18:15:05,9725400.0
2012-08-19 18:15:05,9733300.0
2012-08-20 18:15:05,9742750.0
2012-08-21 18:15:05,9751800.0
2012-08-22 18:15:05,9759250.0
2012-08-23 18:15:05,9767500.0
2012-08-24 18:15:05,9775300.0
2012-08-25 18:15:05,9781850.0
2012-08-26 18:15:05,9790650.0
2012-08-27 18:15:05,9798100.0
2012-08-28 18:15:05,9805600.0
2012-08-29 18:15:05,9813900.0
2012-08-30 18:15:05,9821800.0
2012-08-31 18:15:05,9828950.0
2012-09-01 18:15:05,9837100.0
2012-09-02 18:15:05,9844750.0
2012-09-03 18:15:05,9853750.0
2012-09-04 18:15:05,9860150.0
2012-09-05 18:15:05,9869150.0
2012-09-06 18:15:05,9878450.0
2012-09-07 18:15:05,9887050.0
2012-09-08 18:15:05,9894050.0
2012-09-09 18:15:05,9901700.0
2012-09-10 18:15:05,9908900.0
2012-09-11 18:15:05,9916800.0
2012-09-12 18:15:05,9923850.0
2012-09-13 18:15:05,9931100.0
2012-09-14 18:15:05,9939200.0
2012-09-15 18:15:05,9946350.0
2012-09-16 18:15:05,9953850.0
2012-09-17 18:15:05,9962650.0
2012-09-18 18:15:05,9971000.0
2012-09-19 18:15:05,9978150.0
2012-09-20 18:15:05,9985500.0
2012-09-21 18:15:05,9993650.0
2012-09-22 18:15:05,10002250.0
2012-09-23 18:15:05,10009700.0
2012-09-24 18:15:05,10017500.0
2012-09-25 18:15:05,10024950.0
2012-09-26 18:15:05,10032100.0
2012-09-27 18:15:05,10039250.0
2012-09-28 18:15:05,10047450.0
2012-09-29 18:15:05,10055850.0
2012-09-30 18:15:05,10063450.0
2012-10-01 18:15:05,10070850.0
2012-10-02 18:15:05,10077650.0
2012-10-03 18:15:05,10084550.0
2012-10-04 18:15:05,10091250.0
2012-10-05 18:15:05,10098050.0
2012-10-06 18:15:05,10105150.0
2012-10-07 18:15:05,10112000.0
2012-10-08 18:15:05,10120300.0
2012-10-09 18:15:05,10127550.0
2012-10-10 18:15:05,10135000.0
2012-10-11 18:15:05,10141900.0
2012-10-12 18:15:05,10149450.0
2012-10-13 18:15:05,10156750.0
2012-10-14 18:15:05,10163650.0
2012-10-15 18:15:05,10171500.0
2012-10-16 18:15:05,10179100.0
2012-10-17 18:15:05,10186150.0
2012-10-18 18:15:05,10193900.0
2012-10-19 18:15:05,10201850.0
2012-10-20 18:15:05,10208750.0
2012-10-21 18:15:05,10216650.0
2012-10-22 18:15:05,10224950.0
2012-10-23 18:15:05,10231800.0
2012-10-24 18:15:05,10239600.0
2012-10-25 18:15:05,10246500.0
2012-10-26 18:15:05,10254550.0
2012-10-27 18:15:05,10263450.0
2012-10-28 18:15:05,10271900.0
2012-10-29 18:15:05,10279800.0
2012-10-30 18:15:05,10287250.0
2012-10-31 18:15:05,10294200.0
2012-11-01 18:15:05,10300950.0
2012-11-02 18:15:05,10308200.0
2012-11-03 18:15:05,10315350.0
2012-11-04 18:15:05,10323350.0
2012-11-05 18:15:05,10331000.0
2012-11-06 18:15:05,10337800.0
2012-11-07 18:15:05,10345650.0
2012-11-08 18:15:05,10353750.0
2012-11-09 18:15:05,10361000.0
2012-11-10 18:15:05,10369000.0
2012-11-11 18:15:05,10375600.0
2012-11-12 18:15:05,10382650.0
2012-11-13 18:15:05,10389450.0
2012-11-14 18:15:05,10396650.0
2012-11-15 18:15:05,10403450.0
2012-11-16 18:15:05,10410500.0
2012-11-17 18:15:05,10417550.0
2012-11-18 18:15:05,10425500.0
2012-11-19 18:15:05,10431650.0
2012-11-20 18:15:05,10439600.0
2012-11-21 18:15:05,10447300.0
2012-11-22 18:15:05,10454650.0
2012-11-23 18:15:05,10461900.0
2012-11-24 18:15:05,10470000.0
2012-11-25 18:15:05,10477050.0
2012-11-26 18:15:05,10485000.0
2012-11-27 18:15:05,10492600.0
2012-11-28 18:15:05,10500525.0
2012-11-29 18:15:05,10504650.0
2012-11-30 18:15:05,10507875.0
2012-12-01 18:15:05,10511875.0
2012-12-02 18:15:05,10515650.0
2012-12-03 18:15:05,10519400.0
2012-12-04 18:15:05,10522175.0
2012-12-05 18:15:05,10525175.0
2012-12-06 18:15:05,10528750.0
2012-12-07 18:15:05,10531850.0
2012-12-08 18:15:05,10535225.0
2012-12-09 18:15:05,10538475.0
2012-12-10 18:15:05,10542025.0
2012-12-11 18:15:05,10545650.0
2012-12-12 18:15:05,10548875.0
2012-12-13 18:15:05,10552275.0
2012-12-14 18:15:05,10554875.0
2012-12-15 18:15:05,10557825.0
2012-12-16 18:15:05,10560700.0
2012-12-17 18:15:05,10563850.0
2012-12-18 18:15:05,10567000.0
2012-12-19 18:15:05,10570575.0
2012-12-20 18:15:05,10573275.0
2012-12-21 18:15:05,10576300.0
2012-12-22 18:15:05,10579900.0
2012-12-23 18:15:05,10583350.0
2012-12-24 18:15:05,10586525.0
2012-12-25 18:15:05,10589600.0
2012-12-26 18:15:05,10593200.0
2012-12-27 18:15:05,10597225.0
2012-12-28 18:15:05,10601625.0
2012-12-29 18:15:05,10604975.0
2012-12-30 18:15:05,10608975.0
2012-12-31 18:15:05,10613175.0
2013-01-01 18:15:05,10617275.0
2013-01-02 18:15:05,10621175.0
2013-01-03 18:15:05,10625175.0
2013-01-04 18:15:05,10628700.0
2013-01-05 18:15:05,10632425.0
2013-01-06 18:15:05,10635975.0
2013-01-07 18:15:05,10640150.0
2013-01-08 18:15:05,10643750.0
2013-01-09 18:15:05,10647100.0
2013-01-10 18:15:05,10650750.0
2013-01-11 18:15:05,10653775.0
2013-01-12 18:15:05,10656750.0
2013-01-13 18:15:05,10659800.0
2013-01-14 18:15:05,10663650.0
2013-01-15 18:15:05,10666825.0
2013-01-16 18:15:05,10669900.0
2013-01-17 18:15:05,10672975.0
2013-01-18 18:15:05,10676100.0
2013-01-19 18:15:05,10679625.0
2013-01-20 18:15:05,10682925.0
2013-01-21 18:15:05,10686575.0
2013-01-22 18:15:05,10689775.0
2013-01-23 18:15:05,10693125.0
2013-01-24 18:15:05,10696825.0
2013-01-25 18:15:05,10700300.0
2013-01-26 18:15:05,10704050.0
2013-01-27 18:15:05,10707850.0
2013-01-28 18:15:05,10711550.0
2013-01-29 18:15:05,10715600.0
2013-01-30 18:15:05,10719225.0
2013-01-31 18:15:05,10723975.0
2013-02-01 18:15:05,10727800.0
2013-02-02 18:15:05,10731825.0
2013-02-03 18:15:05,10735950.0
2013-02-04 18:15:05,10740350.0
2013-02-05 18:15:05,10744650.0
2013-02-06 18:15:05,10748500.0
2013-02-07 18:15:05,10752200.0
2013-02-08 18:15:05,10756000.0
2013-02-09 18:15:05,10759400.0
2013-02-10 18:15:05,10763500.0
2013-02-11 18:15:05,10767475.0
2013-02-12 18:15:05,10771050.0
2013-02-13 18:15:05,10774975.0
2013-02-14 18:15:05,10779075.0
2013-02-15 18:15:05,10783475.0
2013-02-16 18:15:05,10788200.0
2013-02-17 18:15:05,10792850.0
2013-02-18 18:15:05,10796875.0
2013-02-19 18:15:05,10801025.0
2013-02-20 18:15:05,10805350.0
2013-02-21 18:15:05,10810275.0
2013-02-22 18:15:05,10814300.0
2013-02-23 18:15:05,10818350.0
2013-02-24 18:15:05,10822450.0
2013-02-25 18:15:05,10827325.0
2013-02-26 18:15:05,10831200.0
2013-02-27 18:15:05,10836275.0
2013-02-28 18:15:05,10840550.0
2013-03-01 18:15:05,10844500.0
2013-03-02 18:15:05,10848250.0
2013-03-03 18:15:05,10852050.0
2013-03-04 18:15:05,10856425.0
2013-03-05 18:15:05,10860175.0
2013-03-06 18:15:05,10864225.0
2013-03-07 18:15:05,10868025.0
2013-03-08 18:15:05,10871675.0
2013-03-09 18:15:05,10875925.0
2013-03-10 18:15:05,10880550.0
2013-03-11 18:15:05,10885200.0
2013-03-12 18:15:05,10888150.0
2013-03-13 18:15:05,10892000.0
2013-03-14 18:15:05,10896625.0
2013-03-15 18:15:05,10900875.0
2013-03-16 18:15:05,10905275.0
2013-03-17 18:15:05,10910350.0
2013-03-18 18:15:05,10914825.0
2013-03-19 18:15:05,10919750.0
2013-03-20 18:15:05,10924425.0
2013-03-21 18:15:05,10930000.0
2013-03-22 18:15:05,10935625.0
2013-03-23 18:15:05,10940875.0
2013-03-24 18:15:05,10946300.0
2013-03-25 18:15:05,10949700.0
2013-03-26 18:15:05,10953600.0
2013-03-27 18:15:05,10956750.0
2013-03-28 18:15:05,10961225.0
2013-03-29 18:15:05,10965775.0
2013-03-30 18:15:05,10969925.0
2013-03-31 18:15:05,10973850.0
2013-04-01 18:15:05,10979300.0
2013-04-02 18:15:05,10983675.0
2013-04-03 18:15:05,10988125.0
2013-04-04 18:15:05,10992125.0
2013-04-05 18:15:05,10995725.0
2013-04-06 18:15:05,10999925.0
2013-04-07 18:15:05,11003975.0
2013-04-08 18:15:05,11008200.0
2013-04-09 18:15:05,11012400.0
2013-04-10 18:15:05,11017000.0
2013-04-11 18:15:05,11021100.0
2013-04-12 18:15:05,11025425.0
2013-04-13 18:15:05,11029400.0
2013-04-14 18:15:05,11033475.0
2013-04-15 18:15:05,11037475.0
2013-04-16 18:15:05,11042050.0
2013-04-17 18:15:05,11046225.0
2013-04-18 18:15:05,11050300.0
2013-04-19 18:15:05,11053425.0
2013-04-20 18:15:05,11057050.0
2013-04-21 18:15:05,11061400.0
2013-04-22 18:15:05,11065450.0
2013-04-23 18:15:05,11069425.0
2013-04-24 18:15:05,11073800.0
2013-04-25 18:15:05,11077775.0
2013-04-26 18:15:05,11082075.0
2013-04-27 18:15:05,11086050.0
2013-04-28 18:15:05,11090225.0
2013-04-29 18:15:05,11094750.0
2013-04-30 18:15:05,11098475.0
2013-05-01 18:15:05,11102000.0
2013-05-02 18:15:05,11105600.0
2013-05-03 18:15:05,11109275.0
2013-05-04 18:15:05,11113125.0
2013-05-05 18:15:05,11116975.0
2013-05-06 18:15:05,11121050.0
2013-05-07 18:15:05,11125450.0
2013-05-08 18:15:05,11129525.0
2013-05-09 18:15:05,11133675.0
2013-05-10 18:15:05,11137850.0
2013-05-11 18:15:05,11142225.0
2013-05-12 18:15:05,11146675.0
2013-05-13 18:15:05,11151175.0
2013-05-14 18:15:05,11154850.0
2013-05-15 18:15:05,11158525.0
2013-05-16 18:15:05,11162150.0
2013-05-17 18:15:05,11166175.0
2013-05-18 18:15:05,11169850.0
2013-05-19 18:15:05,11173700.0
2013-05-20 18:15:05,11177150.0
2013-05-21 18:15:05,11180875.0
2013-05-22 18:15:05,11185025.0
2013-05-23 18:15:05,11189050.0
2013-05-24 18:15:05,11193100.0
2013-05-25 18:15:05,11197400.0
2013-05-26 18:15:05,11201425.0
2013-05-27 18:15:05,11205725.0
2013-05-28 18:15:05,11209775.0
2013-05-29 18:15:05,11213975.0
2013-05-30 18:15:05,11218200.0
2013-05-31 18:15:05,11222850.0
2013-06-01 18:15:05,11227800.0
2013-06-02 18:15:05,11232900.0
2013-06-03 18:15:05,11238125.0
2013-06-04 18:15:05,11243375.0
2013-06-05 18:15:05,11248425.0
2013-06-06 18:15:05,11252875.0
2013-06-07 18:15:05,11256900.0
2013-06-08 18:15:05,11261100.0
2013-06-09 18:15:05,11265275.0
2013-06-10 18:15:05,11269775.0
2013-06-11 18:15:05,11274175.0
2013-06-12 18:15:05,11279175.0
2013-06-13 18:15:05,11284000.0
2013-06-14 18:15:05,11288300.0
2013-06-15 18:15:05,11292700.0
2013-06-16 18:15:05,11297375.0
2013-06-17 18:15:05,11301225.0
2013-06-18 18:15:05,11304875.0
2013-06-19 18:15:05,11308000.0
2013-06-20 18:15:05,11311650.0
2013-06-21 18:15:05,11315975.0
2013-06-22 18:15:05,11320275.0
2013-06-23 18:15:05,11324675.0
2013-06-24 18:15:05,11328250.0
2013-06-25 18:15:05,11331950.0
2013-06-26 18:15:05,11336675.0
2013-06-27 18:15:05,11340825.0
2013-06-28 18:15:05,11345025.0
2013-06-29 18:15:05,11349050.0
2013-06-30 18:15:05,11353150.0
2013-07-01 18:15:05,11356975.0
2013-07-02 18:15:05,11360900.0
2013-07-03 18:15:05,11365275.0
2013-07-04 18:15:05,11369525.0
2013-07-05 18:15:05,11373950.0
2013-07-06 18:15:05,11378650.0
2013-07-07 18:15:05,11383325.0
2013-07-08 18:15:05,11387975.0
2013-07-09 18:15:05,11393000.0
2013-07-10 18:15:05,11397275.0
2013-07-11 18:15:05,11402075.0
2013-07-12 18:15:05,11406200.0
2013-07-13 18:15:05,11409975.0
2013-07-14 18:15:05,11414050.0
2013-07-15 18:15:05,11418325.0
2013-07-16 18:15:05,11422425.0
2013-07-17 18:15:05,11426650.0
2013-07-18 18:15:05,11430950.0
2013-07-19 18:15:05,11435175.0
2013-07-20 18:15:05,11439850.0
2013-07-21 18:15:05,11444725.0
2013-07-22 18:15:05,11449225.0
2013-07-23 18:15:05,11452850.0
2013-07-24 18:15:05,11456700.0
2013-07-25 18:15:05,11460125.0
2013-07-26 18:15:05,11464575.0
2013-07-27 18:15:05,11468700.0
2013-07-28 18:15:05,11473125.0
2013-07-29 18:15:05,11477275.0
2013-07-30 18:15:05,11481900.0
2013-07-31 18:15:05,11486875.0
2013-08-01 18:15:05,11491500.0
2013-08-02 18:15:05,11496250.0
2013-08-03 18:15:05,11500725.0
2013-08-04 18:15:05,11505000.0
2013-08-05 18:15:05,11509800.0
2013-08-06 18:15:05,11514525.0
2013-08-07 18:15:05,11518925.0
2013-08-08 18:15:05,11523975.0
2013-08-09 18:15:05,11529175.0
2013-08-10 18:15:05,11534150.0
2013-08-11 18:15:05,11539500.0
2013-08-12 18:15:05,11545225.0
2013-08-13 18:15:05,11550025.0
2013-08-14 18:15:05,11553875.0
2013-08-15 18:15:05,11558050.0
2013-08-16 18:15:05,11562350.0
2013-08-17 18:15:05,11567025.0
2013-08-18 18:15:05,11571950.0
2013-08-19 18:15:05,11576400.0
2013-08-20 18:15:05,11580925.0
2013-08-21 18:15:05,11586075.0
2013-08-22 18:15:05,11591275.0
2013-08-23 18:15:05,11596650.0
2013-08-24 18:15:05,11601300.0
2013-08-25 18:15:05,11604875.0
2013-08-26 18:15:05,11608950.0
2013-08-27 18:15:05,11613250.0
2013-08-28 18:15:05,11617425.0
2013-08-29 18:15:05,11622375.0
2013-08-30 18:15:05,11627225.0
2013-08-31 18:15:05,11632600.0
2013-09-01 18:15:05,11638150.0
2013-09-02 18:15:05,11644025.0
2013-09-03 18:15:05,11648650.0
2013-09-04 18:15:05,11653000.0
2013-09-05 18:15:05,11657075.0
2013-09-06 18:15:05,11661825.0
2013-09-07 18:15:05,11665900.0
2013-09-08 18:15:05,11669625.0
2013-09-09 18:15:05,11674450.0
2013-09-10 18:15:05,11679100.0
2013-09-11 18:15:05,11684125.0
2013-09-12 18:15:05,11689325.0
2013-09-13 18:15:05,11694575.0
2013-09-14 18:15:05,11699975.0
2013-09-15 18:15:05,11704550.0
2013-09-16 18:15:05,11708775.0
2013-09-17 18:15:05,11713200.0
2013-09-18 18:15:05,11716975.0
2013-09-19 18:15:05,11721850.0
2013-09-20 18:15:05,11726675.0
2013-09-21 18:15:05,11731350.0
2013-09-22 18:15:05,11736500.0
2013-09-23 18:15:05,11742025.0
2013-09-24 18:15:05,11747050.0
2013-09-25 18:15:05,11752400.0
2013-09-26 18:15:05,11756675.0
2013-09-27 18:15:05,11761075.0
2013-09-28 18:15:05,11765350.0
2013-09-29 18:15:05,11769550.0
2013-09-30 18:15:05,11773650.0
2013-10-01 18:15:05,11778550.0
2013-10-02 18:15:05,11782875.0
2013-10-03 18:15:05,11788075.0
2013-10-04 18:15:05,11792525.0
2013-10-05 18:15:05,11797800.0
2013-10-06 18:15:05,11802850.0
2013-10-07 18:15:05,11806675.0
2013-10-08 18:15:05,11810575.0
2013-10-09 18:15:05,11815150.0
2013-10-10 18:15:05,11820025.0
2013-10-11 18:15:05,11824450.0
2013-10-12 18:15:05,11829375.0
2013-10-13 18:15:05,11835100.0
2013-10-14 18:15:05,11841550.0
2013-10-15 18:15:05,11847750.0
2013-10-16 18:15:05,11853225.0
2013-10-17 18:15:05,11857700.0
2013-10-18 18:15:05,11862025.0
2013-10-19 18:15:05,11867500.0
2013-10-20 18:15:05,11872900.0
2013-10-21 18:15:05,11877925.0
2013-10-22 18:15:05,11884150.0
2013-10-23 18:15:05,11889425.0
2013-10-24 18:15:05,11894650.0
2013-10-25 18:15:05,11900650.0
2013-10-26 18:15:05,11905625.0
2013-10-27 18:15:05,11910050.0
2013-10-28 18:15:05,11914525.0
2013-10-29 18:15:05,11918450.0
2013-10-30 18:15:05,11923350.0
2013-10-31 18:15:05,11928575.0
2013-11-01 18:15:05,11933325.0
2013-11-02 18:15:05,11938750.0
2013-11-03 18:15:05,11943650.0
2013-11-04 18:15:05,11948650.0
2013-11-05 18:15:05,11952900.0
2013-11-06 18:15:05,11956950.0
2013-11-07 18:15:05,11960800.0
2013-11-08 18:15:05,11964125.0
2013-11-09 18:15:05,11967675.0
2013-11-10 18:15:05,11971875.0
2013-11-11 18:15:05,11976750.0
2013-11-12 18:15:05,11981475.0
2013-11-13 18:15:05,11986175.0
2013-11-14 18:15:05,11990400.0
2013-11-15 18:15:05,11994475.0
2013-11-16 18:15:05,11999375.0
2013-11-17 18:15:05,12004200.0
2013-11-18 18:15:05,12008300.0
2013-11-19 18:15:05,12012175.0
2013-11-20 18:15:05,12016250.0
2013-11-21 18:15:05,12019950.0
2013-11-22 18:15:05,12024100.0
2013-11-23 18:15:05,12028150.0
2013-11-24 18:15:05,12032450.0
2013-11-25 18:15:05,12036950.0
2013-11-26 18:15:05,12041050.0
2013-11-27 18:15:05,12045200.0
2013-11-28 18:15:05,12049750.0
2013-11-29 18:15:05,12054375.0
2013-11-30 18:15:05,12058375.0
2013-12-01 18:15:05,12063250.0
2013-12-02 18:15:05,12067325.0
2013-12-03 18:15:05,12072075.0
2013-12-04 18:15:05,12076500.0
2013-12-05 18:15:05,12080775.0
2013-12-06 18:15:05,12086050.0
2013-12-07 18:15:05,12090850.0
2013-12-08 18:15:05,12095325.0
2013-12-09 18:15:05,12100200.0
2013-12-10 18:15:05,12105225.0
2013-12-11 18:15:05,12109175.0
2013-12-12 18:15:05,12113325.0
2013-12-13 18:15:05,12117475.0
2013-12-14 18:15:05,12122475.0
2013-12-15 18:15:05,12126925.0
2013-12-16 18:15:05,12131750.0
2013-12-17 18:15:05,12136675.0
2013-12-18 18:15:05,12141925.0
2013-12-19 18:15:05,12147325.0
2013-12-20 18:15:05,12152375.0
2013-12-21 18:15:05,12156450.0
2013-12-22 18:15:05,12160600.0
2013-12-23 18:15:05,12164575.0
2013-12-24 18:15:05,12168725.0
2013-12-25 18:15:05,12173025.0
2013-12-26 18:15:05,12177500.0
2013-12-27 18:15:05,12181875.0
2013-12-28 18:15:05,12185975.0
2013-12-29 18:15:05,12189725.0
2013-12-30 18:15:05,12194575.0
2013-12-31 18:15:05,12198800.0
2014-01-01 18:15:05,12203800.0
2014-01-02 18:15:05,12207450.0
2014-01-03 18:15:05,12211525.0
2014-01-04 18:15:05,12215225.0
2014-01-05 18:15:05,12219725.0
2014-01-06 18:15:05,12224150.0
2014-01-07 18:15:05,12228825.0
2014-01-08 18:15:05,12233750.0
2014-01-09 18:15:05,12238275.0
2014-01-10 18:15:05,12243325.0
2014-01-11 18:15:05,12248500.0
2014-01-12 18:15:05,12253250.0
2014-01-13 18:15:05,12258325.0
2014-01-14 18:15:05,12262175.0
2014-01-15 18:15:05,12266450.0
2014-01-16 18:15:05,12271450.0
2014-01-17 18:15:05,12275275.0
2014-01-18 18:15:05,12279350.0
2014-01-19 18:15:05,12283950.0
2014-01-20 18:15:05,12288525.0
2014-01-21 18:15:05,12292825.0
2014-01-22 18:15:05,12297575.0
2014-01-23 18:15:05,12302025.0
2014-01-24 18:15:05,12306925.0
2014-01-25 18:15:05,12310800.0
2014-01-26 18:15:05,12314800.0
2014-01-27 18:15:05,12318825.0
2014-01-28 18:15:05,12322975.0
2014-01-29 18:15:05,12326925.0
2014-01-30 18:15:05,12330925.0
2014-01-31 18:15:05,12335525.0
2014-02-01 18:15:05,12340450.0
2014-02-02 18:15:05,12344900.0
2014-02-03 18:15:05,12349750.0
2014-02-04 18:15:05,12353975.0
2014-02-05 18:15:05,12358250.0
2014-02-06 18:15:05,12362425.0
2014-02-07 18:15:05,12366550.0
2014-02-08 18:15:05,12370925.0
2014-02-09 18:15:05,12374700.0
2014-02-10 18:15:05,12378525.0
2014-02-11 18:15:05,12382700.0
2014-02-12 18:15:05,12386875.0
2014-02-13 18:15:05,12391375.0
2014-02-14 18:15:05,12396150.0
2014-02-15 18:15:05,12400650.0
2014-02-16 18:15:05,12405475.0
2014-02-17 18:15:05,12409625.0
2014-02-18 18:15:05,12413800.0
2014-02-19 18:15:05,12418575.0
2014-02-20 18:15:05,12422850.0
2014-02-21 18:15:05,12427050.0
2014-02-22 18:15:05,12431150.0
2014-02-23 18:15:05,12435700.0
2014-02-24 18:15:05,12440250.0
2014-02-25 18:15:05,12444500.0
2014-02-26 18:15:05,12449025.0
2014-02-27 18:15:05,12453575.0
2014-02-28 18:15:05,12458275.0
2014-03-01 18:15:05,12461975.0
2014-03-02 18:15:05,12465700.0
2014-03-03 18:15:05,12469250.0
2014-03-04 18:15:05,12472725.0
2014-03-05 18:15:05,12476750.0
2014-03-06 18:15:05,12480800.0
2014-03-07 18:15:05,12484975.0
2014-03-08 18:15:05,12489350.0
2014-03-09 18:15:05,12493450.0
2014-03-10 18:15:05,12497575.0
2014-03-11 18:15:05,12501775.0
2014-03-12 18:15:05,12505975.0
2014-03-13 18:15:05,12510200.0
2014-03-14 18:15:05,12513675.0
2014-03-15 18:15:05,12518050.0
2014-03-16 18:15:05,12522000.0
2014-03-17 18:15:05,12526450.0
2014-03-18 18:15:05,12530075.0
2014-03-19 18:15:05,12533950.0
2014-03-20 18:15:05,12538125.0
2014-03-21 18:15:05,12542650.0
2014-03-22 18:15:05,12547050.0
2014-03-23 18:15:05,12552175.0
2014-03-24 18:15:05,12557150.0
2014-03-25 18:15:05,12560925.0
2014-03-26 18:15:05,12564875.0
2014-03-27 18:15:05,12569050.0
2014-03-28 18:15:05,12573625.0
2014-03-29 18:15:05,12577900.0
2014-03-30 18:15:05,12581625.0
2014-03-31 18:15:05,12585825.0
2014-04-01 18:15:05,12590300.0
2014-04-02 18:15:05,12594925.0
2014-04-03 18:15:05,12600125.0
2014-04-04 18:15:05,12605150.0
2014-04-05 18:15:05,12609625.0
2014-04-06 18:15:05,12613175.0
2014-04-07 18:15:05,12616825.0
2014-04-08 18:15:05,12620725.0
2014-04-09 18:15:05,12624350.0
2014-04-10 18:15:05,12628725.0
2014-04-11 18:15:05,12632450.0
2014-04-12 18:15:05,12636450.0
2014-04-13 18:15:05,12641425.0
2014-04-14 18:15:05,12645975.0
2014-04-15 18:15:05,12650850.0
2014-04-16 18:15:05,12654575.0
2014-04-17 18:15:05,12658925.0
2014-04-18 18:15:05,12662825.0
2014-04-19 18:15:05,12666900.0
2014-04-20 18:15:05,12671150.0
2014-04-21 18:15:05,12675575.0
2014-04-22 18:15:05,12679425.0
2014-04-23 18:15:05,12683800.0
2014-04-24 18:15:05,12687475.0
2014-04-25 18:15:05,12691575.0
2014-04-26 18:15:05,12696025.0
2014-04-27 18:15:05,12700200.0
2014-04-28 18:15:05,12704350.0
2014-04-29 18:15:05,12708300.0
2014-04-30 18:15:05,12711950.0
2014-05-01 18:15:05,12716150.0
2014-05-02 18:15:05,12720400.0
2014-05-03 18:15:05,12724000.0
2014-05-04 18:15:05,12727800.0
2014-05-05 18:15:05,12730925.0
2014-05-06 18:15:05,12735575.0
2014-05-07 18:15:05,12739650.0
2014-05-08 18:15:05,12743550.0
2014-05-09 18:15:05,12747700.0
2014-05-10 18:15:05,12752125.0
2014-05-11 18:15:05,12756275.0
2014-05-12 18:15:05,12760200.0
2014-05-13 18:15:05,12764450.0
2014-05-14 18:15:05,12768200.0
2014-05-15 18:15:05,12772350.0
2014-05-16 18:15:05,12776900.0
2014-05-17 18:15:05,12781475.0
2014-05-18 18:15:05,12785325.0
2014-05-19 18:15:05,12789750.0
2014-05-20 18:15:05,12794225.0
2014-05-21 18:15:05,12798675.0
2014-05-22 18:15:05,12802850.0
2014-05-23 18:15:05,12806800.0
2014-05-24 18:15:05,12811000.0
2014-05-25 18:15:05,12814775.0
2014-05-26 18:15:05,12819000.0
2014-05-27 18:15:05,12822225.0
2014-05-28 18:15:05,12826650.0
2014-05-29 18:15:05,12829925.0
2014-05-30 18:15:05,12834000.0
2014-05-31 18:15:05,12837800.0
2014-06-01 18:15:05,12842275.0
2014-06-02 18:15:05,12846750.0
2014-06-03 18:15:05,12851450.0
2014-06-04 18:15:05,12856025.0
2014-06-05 18:15:05,12859650.0
2014-06-06 18:15:05,12863350.0
2014-06-07 18:15:05,12867175.0
2014-06-08 18:15:05,12870925.0
2014-06-09 18:15:05,12874325.0
2014-06-10 18:15:05,12878750.0
2014-06-11 18:15:05,12882400.0
2014-06-12 18:15:05,12886275.0
2014-06-13 18:15:05,12890475.0
2014-06-14 18:15:05,12894875.0
2014-06-15 18:15:05,12899525.0
2014-06-16 18:15:05,12904600.0
2014-06-17 18:15:05,12909050.0
2014-06-18 18:15:05,12913300.0
2014-06-19 18:15:05,12917075.0
2014-06-20 18:15:05,12921700.0
2014-06-21 18:15:05,12926425.0
2014-06-22 18:15:05,12931250.0
2014-06-23 18:15:05,12935200.0
2014-06-24 18:15:05,12940150.0
2014-06-25 18:15:05,12944800.0
2014-06-26 18:15:05,12949075.0
2014-06-27 18:15:05,12953750.0
2014-06-28 18:15:05,12958425.0
2014-06-29 18:15:05,12962775.0
2014-06-30 18:15:05,12965900.0
2014-07-01 18:15:05,12969350.0
2014-07-02 18:15:05,12972825.0
2014-07-03 18:15:05,12976150.0
2014-07-04 18:15:05,12980150.0
2014-07-05 18:15:05,12983950.0
2014-07-06 18:15:05,12987675.0
2014-07-07 18:15:05,12991150.0
2014-07-08 18:15:05,12995200.0
2014-07-09 18:15:05,12999175.0
2014-07-10 18:15:05,13003025.0
2014-07-11 18:15:05,13006775.0
2014-07-12 18:15:05,13010900.0
2014-07-13 18:15:05,13014750.0
2014-07-14 18:15:05,13018375.0
2014-07-15 18:15:05,13021825.0
2014-07-16 18:15:05,13025950.0
2014-07-17 18:15:05,13030225.0
2014-07-18 18:15:05,13034200.0
2014-07-19 18:15:05,13038500.0
2014-07-20 18:15:05,13042750.0
2014-07-21 18:15:05,13046475.0
2014-07-22 18:15:05,13050050.0
2014-07-23 18:15:05,13053700.0
2014-07-24 18:15:05,13057425.0
2014-07-25 18:15:05,13061350.0
2014-07-26 18:15:05,13064850.0
2014-07-27 18:15:05,13068875.0
2014-07-28 18:15:05,13072275.0
2014-07-29 18:15:05,13076000.0
2014-07-30 18:15:05,13080375.0
2014-07-31 18:15:05,13084225.0
2014-08-01 18:15:05,13088050.0
2014-08-02 18:15:05,13092275.0
2014-08-03 18:15:05,13096075.0
2014-08-04 18:15:05,13099450.0
2014-08-05 18:15:05,13102750.0
2014-08-06 18:15:05,13106575.0
2014-08-07 18:15:05,13110500.0
2014-08-08 18:15:05,13114525.0
2014-08-09 18:15:05,13118850.0
2014-08-10 18:15:05,13123325.0
2014-08-11 18:15:05,13127875.0
2014-08-12 18:15:05,13132400.0
2014-08-13 18:15:05,13136325.0
2014-08-14 18:15:05,13140575.0
2014-08-15 18:15:05,13144650.0
2014-08-16 18:15:05,13148925.0
2014-08-17 18:15:05,13153050.0
2014-08-18 18:15:05,13157425.0
2014-08-19 18:15:05,13162575.0
2014-08-20 18:15:05,13166525.0
2014-08-21 18:15:05,13170725.0
2014-08-22 18:15:05,13174750.0
2014-08-23 18:15:05,13178675.0
2014-08-24 18:15:05,13182775.0
2014-08-25 18:15:05,13186125.0
2014-08-26 18:15:05,13190275.0
2014-08-27 18:15:05,13194300.0
2014-08-28 18:15:05,13198825.0
2014-08-29 18:15:05,13202975.0
2014-08-30 18:15:05,13207275.0
2014-08-31 18:15:05,13212150.0
2014-09-01 18:15:05,13215900.0
2014-09-02 18:15:05,13219475.0
2014-09-03 18:15:05,13223450.0
2014-09-04 18:15:05,13227625.0
2014-09-05 18:15:05,13231350.0
2014-09-06 18:15:05,13235550.0
2014-09-07 18:15:05,13239650.0
2014-09-08 18:15:05,13243475.0
2014-09-09 18:15:05,13246775.0
2014-09-10 18:15:05,13250675.0
2014-09-11 18:15:05,13254725.0
2014-09-12 18:15:05,13258750.0
2014-09-13 18:15:05,13263175.0
2014-09-14 18:15:05,13267425.0
2014-09-15 18:15:05,13271125.0
2014-09-16 18:15:05,13275350.0
2014-09-17 18:15:05,13280075.0
2014-09-18 18:15:05,13284700.0
2014-09-19 18:15:05,13288750.0
2014-09-20 18:15:05,13293075.0
2014-09-21 18:15:05,13297450.0
2014-09-22 18:15:05,13301375.0
2014-09-23 18:15:05,13305150.0
2014-09-24 18:15:05,13309225.0
2014-09-25 18:15:05,13313300.0
2014-09-26 18:15:05,13317075.0
2014-09-27 18:15:05,13320275.0
2014-09-28 18:15:05,13323750.0
2014-09-29 18:15:05,13327200.0
2014-09-30 18:15:05,13331000.0
2014-10-01 18:15:05,13334625.0
2014-10-02 18:15:05,13338325.0
2014-10-03 18:15:05,13341850.0
2014-10-04 18:15:05,13345425.0
2014-10-05 18:15:05,13349875.0
2014-10-06 18:15:05,13353875.0
2014-10-07 18:15:05,13357650.0
2014-10-08 18:15:05,13360925.0
2014-10-09 18:15:05,13364475.0
2014-10-10 18:15:05,13368450.0
2014-10-11 18:15:05,13372025.0
2014-10-12 18:15:05,13375725.0
2014-10-13 18:15:05,13379550.0
2014-10-14 18:15:05,13383050.0
2014-10-15 18:15:05,13386725.0
2014-10-16 18:15:05,13390475.0
2014-10-17 18:15:05,13393825.0
2014-10-18 18:15:05,13398050.0
2014-10-19 18:15:05,13401400.0
2014-10-20 18:15:05,13404850.0
2014-10-21 18:15:05,13408350.0
2014-10-22 18:15:05,13412625.0
2014-10-23 18:15:05,13416200.0
2014-10-24 18:15:05,13420275.0
2014-10-25 18:15:05,13424075.0
2014-10-26 18:15:05,13427325.0
2014-10-27 18:15:05,13431050.0
2014-10-28 18:15:05,13434800.0
2014-10-29 18:15:05,13438400.0
2014-10-30 18:15:05,13442725.0
2014-10-31 18:15:05,13447425.0
2014-11-01 18:15:05,13451425.0
2014-11-02 18:15:05,13455525.0
2014-11-03 18:15:05,13459400.0
2014-11-04 18:15:05,13463500.0
2014-11-05 18:15:05,13467500.0
2014-11-06 18:15:05,13471125.0
2014-11-07 18:15:05,13474725.0
2014-11-08 18:15:05,13478625.0
2014-11-09 18:15:05,13482100.0
2014-11-10 18:15:05,13486050.0
2014-11-11 18:15:05,13489575.0
2014-11-12 18:15:05,13492950.0
2014-11-13 18:15:05,13496600.0
2014-11-14 18:15:05,13500250.0
2014-11-15 18:15:05,13504000.0
2014-11-16 18:15:05,13507625.0
2014-11-17 18:15:05,13511425.0
2014-11-18 18:15:05,13515175.0
2014-11-19 18:15:05,13518600.0
2014-11-20 18:15:05,13522025.0
2014-11-21 18:15:05,13525125.0
2014-11-22 18:15:05,13529075.0
2014-11-23 18:15:05,13532600.0
2014-11-24 18:15:05,13536475.0
2014-11-25 18:15:05,13539675.0
2014-11-26 18:15:05,13543250.0
2014-11-27 18:15:05,13546525.0
2014-11-28 18:15:05,13550400.0
2014-11-29 18:15:05,13554175.0
2014-11-30 18:15:05,13558075.0
2014-12-01 18:15:05,13561650.0
2014-12-02 18:15:05,13565200.0
2014-12-03 18:15:05,13568225.0
2014-12-04 18:15:05,13571925.0
2014-12-05 18:15:05,13575675.0
2014-12-06 18:15:05,13579300.0
2014-12-07 18:15:05,13582350.0
2014-12-08 18:15:05,13586100.0
2014-12-09 18:15:05,13589575.0
2014-12-10 18:15:05,13593675.0
2014-12-11 18:15:05,13597300.0
2014-12-12 18:15:05,13600850.0
2014-12-13 18:15:05,13604425.0
2014-12-14 18:15:05,13607725.0
2014-12-15 18:15:05,13611550.0
2014-12-16 18:15:05,13614875.0
2014-12-17 18:15:05,13618050.0
2014-12-18 18:15:05,13621525.0
2014-12-19 18:15:05,13624625.0
2014-12-20 18:15:05,13628150.0
2014-12-21 18:15:05,13631775.0
2014-12-22 18:15:05,13635000.0
2014-12-23 18:15:05,13639050.0
2014-12-24 18:15:05,13642825.0
2014-12-25 18:15:05,13647050.0
2014-12-26 18:15:05,13650650.0
2014-12-27 18:15:05,13654650.0
2014-12-28 18:15:05,13658825.0
2014-12-29 18:15:05,13663050.0
2014-12-30 18:15:05,13666700.0
2014-12-31 18:15:05,13670575.0
2015-01-01 18:15:05,13674725.0
2015-01-02 18:15:05,13678725.0
2015-01-03 18:15:05,13682825.0
2015-01-04 18:15:05,13686975.0
2015-01-05 18:15:05,13691175.0
2015-01-06 18:15:05,13695100.0
2015-01-07 18:15:05,13698800.0
2015-01-08 18:15:05,13702175.0
2015-01-09 18:15:05,13705975.0
2015-01-10 18:15:05,13709500.0
2015-01-11 18:15:05,13713175.0
2015-01-12 18:15:05,13717275.0
2015-01-13 18:15:05,13719900.0
2015-01-14 18:15:05,13723675.0
2015-01-15 18:15:05,13727150.0
2015-01-16 18:15:05,13730875.0
2015-01-17 18:15:05,13734300.0
2015-01-18 18:15:05,13738025.0
2015-01-19 18:15:05,13741900.0
2015-01-20 18:15:05,13744900.0
2015-01-21 18:15:05,13748325.0
2015-01-22 18:15:05,13752075.0
2015-01-23 18:15:05,13755175.0
2015-01-24 18:15:05,13758200.0
2015-01-25 18:15:05,13761350.0
2015-01-26 18:15:05,13764525.0
2015-01-27 18:15:05,13768150.0
2015-01-28 18:15:05,13772100.0
2015-01-29 18:15:05,13776350.0
2015-01-30 18:15:05,13779825.0
2015-01-31 18:15:05,13783700.0
2015-02-01 18:15:05,13787950.0
2015-02-02 18:15:05,13791625.0
2015-02-03 18:15:05,13795000.0
2015-02-04 18:15:05,13799025.0
2015-02-05 18:15:05,13802700.0
2015-02-06 18:15:05,13807075.0
2015-02-07 18:15:05,13811375.0
2015-02-08 18:15:05,13814575.0
2015-02-09 18:15:05,13818450.0
2015-02-10 18:15:05,13822200.0
2015-02-11 18:15:05,13825950.0
2015-02-12 18:15:05,13829350.0
2015-02-13 18:15:05,13832850.0
2015-02-14 18:15:05,13836875.0
2015-02-15 18:15:05,13840225.0
2015-02-16 18:15:05,13844175.0
2015-02-17 18:15:05,13848050.0
2015-02-18 18:15:05,13852075.0
2015-02-19 18:15:05,13856175.0
2015-02-20 18:15:05,13860325.0
2015-02-21 18:15:05,13863775.0
2015-02-22 18:15:05,13867550.0
2015-02-23 18:15:05,13870975.0
2015-02-24 18:15:05,13874425.0
2015-02-25 18:15:05,13878325.0
2015-02-26 18:15:05,13881925.0
2015-02-27 18:15:05,13885875.0
2015-02-28 18:15:05,13889250.0
2015-03-01 18:15:05,13893000.0
2015-03-02 18:15:05,13896750.0
2015-03-03 18:15:05,13900600.0
2015-03-04 18:15:05,13904525.0
2015-03-05 18:15:05,13907375.0
2015-03-06 18:15:05,13911325.0
2015-03-07 18:15:05,13914850.0
2015-03-08 18:15:05,13918750.0
2015-03-09 18:15:05,13922050.0
2015-03-10 18:15:05,13925825.0
2015-03-11 18:15:05,13929975.0
2015-03-12 18:15:05,13933300.0
2015-03-13 18:15:05,13936775.0
2015-03-14 18:15:05,13940125.0
2015-03-15 18:15:05,13943800.0
2015-03-16 18:15:05,13947075.0
2015-03-17 18:15:05,13950650.0
2015-03-18 18:15:05,13954175.0
2015-03-19 18:15:05,13957750.0
2015-03-20 18:15:05,13961275.0
2015-03-21 18:15:05,13964850.0
2015-03-22 18:15:05,13968175.0
2015-03-23 18:15:05,13971975.0
2015-03-24 18:15:05,13976150.0
2015-03-25 18:15:05,13980300.0
2015-03-26 18:15:05,13984025.0
2015-03-27 18:15:05,13988325.0
2015-03-28 18:15:05,13992075.0
2015-03-29 18:15:05,13995850.0
2015-03-30 18:15:05,13999400.0
2015-03-31 18:15:05,14003125.0
2015-04-01 18:15:05,14006675.0
2015-04-02 18:15:05,14010350.0
2015-04-03 18:15:05,14014125.0
2015-04-04 18:15:05,14017975.0
2015-04-05 18:15:05,14021750.0
2015-04-06 18:15:05,14024975.0
2015-04-07 18:15:05,14028950.0
2015-04-08 18:15:05,14031925.0
2015-04-09 18:15:05,14035500.0
2015-04-10 18:15:05,14039050.0
2015-04-11 18:15:05,14042475.0
2015-04-12 18:15:05,14045875.0
2015-04-13 18:15:05,14049400.0
2015-04-14 18:15:05,14053350.0
2015-04-15 18:15:05,14056425.0
2015-04-16 18:15:05,14059875.0
2015-04-17 18:15:05,14063225.0
2015-04-18 18:15:05,14066550.0
2015-04-19 18:15:05,14069950.0
2015-04-20 18:15:05,14074100.0
2015-04-21 18:15:05,14078075.0
2015-04-22 18:15:05,14081650.0
2015-04-23 18:15:05,14085100.0
2015-04-24 18:15:05,14088100.0
2015-04-25 18:15:05,14091950.0
2015-04-26 18:15:05,14095675.0
2015-04-27 18:15:05,14099125.0
2015-04-28 18:15:05,14103050.0
2015-04-29 18:15:05,14106275.0
2015-04-30 18:15:05,14109600.0
2015-05-01 18:15:05,14113275.0
2015-05-02 18:15:05,14116950.0
2015-05-03 18:15:05,14120400.0
2015-05-04 18:15:05,14123700.0
2015-05-05 18:15:05,14127550.0
2015-05-06 18:15:05,14131125.0
2015-05-07 18:15:05,14135150.0
2015-05-08 18:15:05,14138850.0
2015-05-09 18:15:05,14142000.0
2015-05-10 18:15:05,14145225.0
2015-05-11 18:15:05,14148950.0
2015-05-12 18:15:05,14152900.0
2015-05-13 18:15:05,14156950.0
2015-05-14 18:15:05,14160450.0
2015-05-15 18:15:05,14164575.0
2015-05-16 18:15:05,14167775.0
2015-05-17 18:15:05,14172100.0
2015-05-18 18:15:05,14175525.0
2015-05-19 18:15:05,14178925.0
2015-05-20 18:15:05,14182475.0
2015-05-21 18:15:05,14186300.0
2015-05-22 18:15:05,14189850.0
2015-05-23 18:15:05,14192850.0
2015-05-24 18:15:05,14196375.0
2015-05-25 18:15:05,14199975.0
2015-05-26 18:15:05,14203350.0
2015-05-27 18:15:05,14206975.0
2015-05-28 18:15:05,14210275.0
2015-05-29 18:15:05,14214200.0
2015-05-30 18:15:05,14217300.0
2015-05-31 18:15:05,14220975.0
2015-06-01 18:15:05,14224400.0
2015-06-02 18:15:05,14228050.0
2015-06-03 18:15:05,14231600.0
2015-06-04 18:15:05,14235150.0
2015-06-05 18:15:05,14238700.0
2015-06-06 18:15:05,14242725.0
2015-06-07 18:15:05,14246900.0
2015-06-08 18:15:05,14250425.0
2015-06-09 18:15:05,14254475.0
2015-06-10 18:15:05,14258425.0
2015-06-11 18:15:05,14262300.0
2015-06-12 18:15:05,14265700.0
2015-06-13 18:15:05,14269650.0
2015-06-14 18:15:05,14273275.0
2015-06-15 18:15:05,14277025.0
2015-06-16 18:15:05,14280100.0
2015-06-17 18:15:05,14283650.0
2015-06-18 18:15:05,14287500.0
2015-06-19 18:15:05,14291525.0
2015-06-20 18:15:05,14294875.0
2015-06-21 18:15:05,14297925.0
2015-06-22 18:15:05,14301625.0
2015-06-23 18:15:05,14305200.0
2015-06-24 18:15:05,14308975.0
2015-06-25 18:15:05,14312975.0
2015-06-26 18:15:05,14316675.0
2015-06-27 18:15:05,14319875.0
2015-06-28 18:15:05,14323550.0
2015-06-29 18:15:05,14326975.0
2015-06-30 18:15:05,14330550.0
2015-07-01 18:15:05,14334175.0
2015-07-02 18:15:05,14337675.0
2015-07-03 18:15:05,14341725.0
2015-07-04 18:15:05,14345600.0
2015-07-05 18:15:05,14349225.0
2015-07-06 18:15:05,14353475.0
2015-07-07 18:15:05,14357175.0
2015-07-08 18:15:05,14361025.0
2015-07-09 18:15:05,14364475.0
2015-07-10 18:15:05,14368375.0
2015-07-11 18:15:05,14372000.0
2015-07-12 18:15:05,14375450.0
2015-07-13 18:15:05,14379075.0
2015-07-14 18:15:05,14382550.0
2015-07-15 18:15:05,14386400.0
2015-07-16 18:15:05,14389800.0
2015-07-17 18:15:05,14393400.0
2015-07-18 18:15:05,14397400.0
2015-07-19 18:15:05,14400975.0
2015-07-20 18:15:05,14404575.0
2015-07-21 18:15:05,14408075.0
2015-07-22 18:15:05,14411750.0
2015-07-23 18:15:05,14415475.0
2015-07-24 18:15:05,14419675.0
2015-07-25 18:15:05,14423500.0
2015-07-26 18:15:05,14426950.0
2015-07-27 18:15:05,14430825.0
2015-07-28 18:15:05,14434375.0
2015-07-29 18:15:05,14438100.0
2015-07-30 18:15:05,14441525.0
2015-07-31 18:15:05,14445000.0
2015-08-01 18:15:05,14449100.0
2015-08-02 18:15:05,14453025.0
2015-08-03 18:15:05,14456700.0
2015-08-04 18:15:05,14460300.0
2015-08-05 18:15:05,14463450.0
2015-08-06 18:15:05,14466950.0
2015-08-07 18:15:05,14470500.0
2015-08-08 18:15:05,14474425.0
2015-08-09 18:15:05,14477800.0
2015-08-10 18:15:05,14482175.0
2015-08-11 18:15:05,14486400.0
2015-08-12 18:15:05,14489475.0
2015-08-13 18:15:05,14493200.0
2015-08-14 18:15:05,14496550.0
2015-08-15 18:15:05,14499900.0
2015-08-16 18:15:05,14503575.0
2015-08-17 18:15:05,14507175.0
2015-08-18 18:15:05,14510800.0
2015-08-19 18:15:05,14514600.0
2015-08-20 18:15:05,14518475.0
2015-08-21 18:15:05,14522325.0
2015-08-22 18:15:05,14526150.0
2015-08-23 18:15:05,14529575.0
2015-08-24 18:15:05,14533500.0
2015-08-25 18:15:05,14536950.0
2015-08-26 18:15:05,14540825.0
2015-08-27 18:15:05,14544550.0
2015-08-28 18:15:05,14548275.0
2015-08-29 18:15:05,14552400.0
2015-08-30 18:15:05,14556000.0
2015-08-31 18:15:05,14559975.0
2015-09-01 18:15:05,14563775.0
2015-09-02 18:15:05,14567625.0
2015-09-03 18:15:05,14571400.0
2015-09-04 18:15:05,14575200.0
2015-09-05 18:15:05,14578975.0
2015-09-06 18:15:05,14582950.0
2015-09-07 18:15:05,14586350.0
2015-09-08 18:15:05,14589825.0
2015-09-09 18:15:05,14593350.0
2015-09-10 18:15:05,14597575.0
2015-09-11 18:15:05,14601900.0
2015-09-12 18:15:05,14605300.0
2015-09-13 18:15:05,14608800.0
2015-09-14 18:15:05,14612775.0
2015-09-15 18:15:05,14616850.0
2015-09-16 18:15:05,14620575.0
2015-09-17 18:15:05,14624100.0
2015-09-18 18:15:05,14627700.0
2015-09-19 18:15:05,14631000.0
2015-09-20 18:15:05,14634000.0
2015-09-21 18:15:05,14637300.0
2015-09-22 18:15:05,14641300.0
2015-09-23 18:15:05,14645050.0
2015-09-24 18:15:05,14648675.0
2015-09-25 18:15:05,14652725.0
2015-09-26 18:15:05,14656525.0
2015-09-27 18:15:05,14660125.0
2015-09-28 18:15:05,14663600.0
2015-09-29 18:15:05,14667925.0
2015-09-30 18:15:05,14671800.0
2015-10-01 18:15:05,14675650.0
2015-10-02 18:15:05,14678775.0
2015-10-03 18:15:05,14682575.0
2015-10-04 18:15:05,14686350.0
2015-10-05 18:15:05,14690050.0
2015-10-06 18:15:05,14693775.0
2015-10-07 18:15:05,14697150.0
2015-10-08 18:15:05,14700575.0
2015-10-09 18:15:05,14703900.0
2015-10-10 18:15:05,14707625.0
2015-10-11 18:15:05,14711375.0
2015-10-12 18:15:05,14714875.0
2015-10-13 18:15:05,14718225.0
2015-10-14 18:15:05,14722025.0
2015-10-15 18:15:05,14726100.0
2015-10-16 18:15:05,14729975.0
2015-10-17 18:15:05,14733250.0
2015-10-18 18:15:05,14736825.0
2015-10-19 18:15:05,14740975.0
2015-10-20 18:15:05,14744150.0
2015-10-21 18:15:05,14747775.0
2015-10-22 18:15:05,14751700.0
2015-10-23 18:15:05,14755550.0
2015-10-24 18:15:05,14759025.0
2015-10-25 18:15:05,14762900.0
2015-10-26 18:15:05,14766700.0
2015-10-27 18:15:05,14770650.0
2015-10-28 18:15:05,14774050.0
2015-10-29 18:15:05,14777750.0
2015-10-30 18:15:05,14781850.0
2015-10-31 18:15:05,14785650.0
2015-11-01 18:15:05,14789625.0
2015-11-02 18:15:05,14793250.0
2015-11-03 18:15:05,14797200.0
2015-11-04 18:15:05,14801075.0
2015-11-05 18:15:05,14804800.0
2015-11-06 18:15:05,14808225.0
2015-11-07 18:15:05,14812300.0
2015-11-08 18:15:05,14815800.0
2015-11-09 18:15:05,14819475.0
2015-11-10 18:15:05,14823050.0
2015-11-11 18:15:05,14827475.0
2015-11-12 18:15:05,14831125.0
2015-11-13 18:15:05,14835300.0
2015-11-14 18:15:05,14839100.0
2015-11-15 18:15:05,14842725.0
2015-11-16 18:15:05,14847125.0
2015-11-17 18:15:05,14851150.0
2015-11-18 18:15:05,14854650.0
2015-11-19 18:15:05,14858150.0
2015-11-20 18:15:05,14862125.0
2015-11-21 18:15:05,14866575.0
2015-11-22 18:15:05,14870925.0
2015-11-23 18:15:05,14874925.0
2015-11-24 18:15:05,14878725.0
2015-11-25 18:15:05,14882575.0
2015-11-26 18:15:05,14886625.0
2015-11-27 18:15:05,14890350.0
2015-11-28 18:15:05,14894000.0
2015-11-29 18:15:05,14897925.0
2015-11-30 18:15:05,14901675.0
2015-12-01 18:15:05,14906475.0
2015-12-02 18:15:05,14910150.0
2015-12-03 18:15:05,14913750.0
2015-12-04 18:15:05,14917400.0
2015-12-05 18:15:05,14921600.0
2015-12-06 18:15:05,14925900.0
2015-12-07 18:15:05,14929675.0
2015-12-08 18:15:05,14933650.0
2015-12-09 18:15:05,14938075.0
2015-12-10 18:15:05,14942975.0
2015-12-11 18:15:05,14947350.0
2015-12-12 18:15:05,14951525.0
2015-12-13 18:15:05,14955250.0
2015-12-14 18:15:05,14959650.0
2015-12-15 18:15:05,14964475.0
2015-12-16 18:15:05,14968675.0
2015-12-17 18:15:05,14972650.0
2015-12-18 18:15:05,14976650.0
2015-12-19 18:15:05,14980525.0
2015-12-20 18:15:05,14984750.0
2015-12-21 18:15:05,14988600.0
2015-12-22 18:15:05,14992125.0
2015-12-23 18:15:05,14996250.0
2015-12-24 18:15:05,14999975.0
2015-12-25 18:15:05,15003325.0
2015-12-26 18:15:05,15007975.0
2015-12-27 18:15:05,15012850.0
2015-12-28 18:15:05,15016875.0
2015-12-29 18:15:05,15020675.0
2015-12-30 18:15:05,15025000.0
2015-12-31 18:15:05,15028600.0
2016-01-01 18:15:05,15031975.0
2016-01-02 18:15:05,15035400.0
2016-01-03 18:15:05,15039125.0
2016-01-04 18:15:05,15043500.0
2016-01-05 18:15:05,15047575.0
2016-01-06 18:15:05,15050975.0
2016-01-07 18:15:05,15054575.0
2016-01-08 18:15:05,15058950.0
2016-01-09 18:15:05,15062925.0
2016-01-10 18:15:05,15067175.0
2016-01-11 18:15:05,15071425.0
2016-01-12 18:15:05,15075825.0
2016-01-13 18:15:05,15079650.0
2016-01-14 18:15:05,15082950.0
2016-01-15 18:15:05,15086025.0
2016-01-16 18:15:05,15089500.0
2016-01-17 18:15:05,15092975.0
2016-01-18 18:15:05,15097350.0
2016-01-19 18:15:05,15101075.0
2016-01-20 18:15:05,15104725.0
2016-01-21 18:15:05,15108075.0
2016-01-22 18:15:05,15112200.0
2016-01-23 18:15:05,15116675.0
2016-01-24 18:15:05,15120825.0
2016-01-25 18:15:05,15125150.0
2016-01-26 18:15:05,15129250.0
2016-01-27 18:15:05,15133100.0
2016-01-28 18:15:05,15136800.0
2016-01-29 18:15:05,15141050.0
2016-01-30 18:15:05,15145475.0
2016-01-31 18:15:05,15149950.0
2016-02-01 18:15:05,15154350.0
2016-02-02 18:15:05,15158450.0
2016-02-03 18:15:05,15162800.0
2016-02-04 18:15:05,15167425.0
2016-02-05 18:15:05,15171925.0
2016-02-06 18:15:05,15176700.0
2016-02-07 18:15:05,15181250.0
2016-02-08 18:15:05,15185275.0
2016-02-09 18:15:05,15189500.0
2016-02-10 18:15:05,15193725.0
2016-02-11 18:15:05,15198525.0
2016-02-12 18:15:05,15202500.0
2016-02-13 18:15:05,15206325.0
2016-02-14 18:15:05,15210825.0
2016-02-15 18:15:05,15214525.0
2016-02-16 18:15:05,15218250.0
2016-02-17 18:15:05,15221750.0
2016-02-18 18:15:05,15226250.0
2016-02-19 18:15:05,15229725.0
2016-02-20 18:15:05,15233675.0
2016-02-21 18:15:05,15236825.0
2016-02-22 18:15:05,15240075.0
2016-02-23 18:15:05,15243450.0
2016-02-24 18:15:05,15246525.0
2016-02-25 18:15:05,15250150.0
2016-02-26 18:15:05,15253900.0
2016-02-27 18:15:05,15257175.0
2016-02-28 18:15:05,15260900.0
2016-02-29 18:15:05,15264275.0
2016-03-01 18:15:05,15267475.0
2016-03-02 18:15:05,15271400.0
2016-03-03 18:15:05,15274725.0
2016-03-04 18:15:05,15278525.0
2016-03-05 18:15:05,15282500.0
2016-03-06 18:15:05,15285975.0
2016-03-07 18:15:05,15289850.0
2016-03-08 18:15:05,15293200.0
2016-03-09 18:15:05,15297325.0
2016-03-10 18:15:05,15301350.0
2016-03-11 18:15:05,15305425.0
2016-03-12 18:15:05,15309050.0
2016-03-13 18:15:05,15312325.0
2016-03-14 18:15:05,15316100.0
2016-03-15 18:15:05,15319900.0
2016-03-16 18:15:05,15324150.0
2016-03-17 18:15:05,15327525.0
2016-03-18 18:15:05,15330975.0
2016-03-19 18:15:05,15334350.0
2016-03-20 18:15:05,15338125.0
2016-03-21 18:15:05,15341275.0
2016-03-22 18:15:05,15345000.0
2016-03-23 18:15:05,15348775.0
2016-03-24 18:15:05,15352550.0
2016-03-25 18:15:05,15356175.0
2016-03-26 18:15:05,15359850.0
2016-03-27 18:15:05,15363675.0
2016-03-28 18:15:05,15367225.0
2016-03-29 18:15:05,15371475.0
2016-03-30 18:15:05,15375450.0
2016-03-31 18:15:05,15378575.0
2016-04-01 18:15:05,15382000.0
2016-04-02 18:15:05,15385750.0
2016-04-03 18:15:05,15389425.0
2016-04-04 18:15:05,15393525.0
2016-04-05 18:15:05,15397250.0
2016-04-06 18:15:05,15401125.0
2016-04-07 18:15:05,15404775.0
2016-04-08 18:15:05,15408300.0
2016-04-09 18:15:05,15412350.0
2016-04-10 18:15:05,15416700.0
2016-04-11 18:15:05,15420475.0
2016-04-12 18:15:05,15424275.0
2016-04-13 18:15:05,15428200.0
2016-04-14 18:15:05,15432325.0
2016-04-15 18:15:05,15435950.0
2016-04-16 18:15:05,15439525.0
2016-04-17 18:15:05,15443350.0
2016-04-18 18:15:05,15446725.0
2016-04-19 18:15:05,15450475.0
2016-04-20 18:15:05,15454150.0
2016-04-21 18:15:05,15458250.0
2016-04-22 18:15:05,15461775.0
2016-04-23 18:15:05,15465475.0
2016-04-24 18:15:05,15468775.0
2016-04-25 18:15:05,15472050.0
2016-04-26 18:15:05,15475750.0
2016-04-27 18:15:05,15479150.0
2016-04-28 18:15:05,15482450.0
2016-04-29 18:15:05,15486225.0
2016-04-30 18:15:05,15490000.0
2016-05-01 18:15:05,15493850.0
2016-05-02 18:15:05,15497575.0
