,TradeVolume
2009-01-03 18:15:05,0.0
2009-01-04 18:15:05,0.0
2009-01-05 18:15:05,0.0
2009-01-06 18:15:05,0.0
2009-01-07 18:15:05,0.0
2009-01-08 18:15:05,0.0
2009-01-09 18:15:05,0.0
2009-01-10 18:15:05,0.0
2009-01-11 18:15:05,0.0
2009-01-12 18:15:05,0.0
2009-01-13 18:15:05,0.0
2009-01-14 18:15:05,0.0
2009-01-15 18:15:05,0.0
2009-01-16 18:15:05,0.0
2009-01-17 18:15:05,0.0
2009-01-18 18:15:05,0.0
2009-01-19 18:15:05,0.0
2009-01-20 18:15:05,0.0
2009-01-21 18:15:05,0.0
2009-01-22 18:15:05,0.0
2009-01-23 18:15:05,0.0
2009-01-24 18:15:05,0.0
2009-01-25 18:15:05,0.0
2009-01-26 18:15:05,0.0
2009-01-27 18:15:05,0.0
2009-01-28 18:15:05,0.0
2009-01-29 18:15:05,0.0
2009-01-30 18:15:05,0.0
2009-01-31 18:15:05,0.0
2009-02-01 18:15:05,0.0
2009-02-02 18:15:05,0.0
2009-02-03 18:15:05,0.0
2009-02-04 18:15:05,0.0
2009-02-05 18:15:05,0.0
2009-02-06 18:15:05,0.0
2009-02-07 18:15:05,0.0
2009-02-08 18:15:05,0.0
2009-02-09 18:15:05,0.0
2009-02-10 18:15:05,0.0
2009-02-11 18:15:05,0.0
2009-02-12 18:15:05,0.0
2009-02-13 18:15:05,0.0
2009-02-14 18:15:05,0.0
2009-02-15 18:15:05,0.0
2009-02-16 18:15:05,0.0
2009-02-17 18:15:05,0.0
2009-02-18 18:15:05,0.0
2009-02-19 18:15:05,0.0
2009-02-20 18:15:05,0.0
2009-02-21 18:15:05,0.0
2009-02-22 18:15:05,0.0
2009-02-23 18:15:05,0.0
2009-02-24 18:15:05,0.0
2009-02-25 18:15:05,0.0
2009-02-26 18:15:05,0.0
2009-02-27 18:15:05,0.0
2009-02-28 18:15:05,0.0
2009-03-01 18:15:05,0.0
2009-03-02 18:15:05,0.0
2009-03-03 18:15:05,0.0
2009-03-04 18:15:05,0.0
2009-03-05 18:15:05,0.0
2009-03-06 18:15:05,0.0
2009-03-07 18:15:05,0.0
2009-03-08 18:15:05,0.0
2009-03-09 18:15:05,0.0
2009-03-10 18:15:05,0.0
2009-03-11 18:15:05,0.0
2009-03-12 18:15:05,0.0
2009-03-13 18:15:05,0.0
2009-03-14 18:15:05,0.0
2009-03-15 18:15:05,0.0
2009-03-16 18:15:05,0.0
2009-03-17 18:15:05,0.0
2009-03-18 18:15:05,0.0
2009-03-19 18:15:05,0.0
2009-03-20 18:15:05,0.0
2009-03-21 18:15:05,0.0
2009-03-22 18:15:05,0.0
2009-03-23 18:15:05,0.0
2009-03-24 18:15:05,0.0
2009-03-25 18:15:05,0.0
2009-03-26 18:15:05,0.0
2009-03-27 18:15:05,0.0
2009-03-28 18:15:05,0.0
2009-03-29 18:15:05,0.0
2009-03-30 18:15:05,0.0
2009-03-31 18:15:05,0.0
2009-04-01 18:15:05,0.0
2009-04-02 18:15:05,0.0
2009-04-03 18:15:05,0.0
2009-04-04 18:15:05,0.0
2009-04-05 18:15:05,0.0
2009-04-06 18:15:05,0.0
2009-04-07 18:15:05,0.0
2009-04-08 18:15:05,0.0
2009-04-09 18:15:05,0.0
2009-04-10 18:15:05,0.0
2009-04-11 18:15:05,0.0
2009-04-12 18:15:05,0.0
2009-04-13 18:15:05,0.0
2009-04-14 18:15:05,0.0
2009-04-15 18:15:05,0.0
2009-04-16 18:15:05,0.0
2009-04-17 18:15:05,0.0
2009-04-18 18:15:05,0.0
2009-04-19 18:15:05,0.0
2009-04-20 18:15:05,0.0
2009-04-21 18:15:05,0.0
2009-04-22 18:15:05,0.0
2009-04-23 18:15:05,0.0
2009-04-24 18:15:05,0.0
2009-04-25 18:15:05,0.0
2009-04-26 18:15:05,0.0
2009-04-27 18:15:05,0.0
2009-04-28 18:15:05,0.0
2009-04-29 18:15:05,0.0
2009-04-30 18:15:05,0.0
2009-05-01 18:15:05,0.0
2009-05-02 18:15:05,0.0
2009-05-03 18:15:05,0.0
2009-05-04 18:15:05,0.0
2009-05-05 18:15:05,0.0
2009-05-06 18:15:05,0.0
2009-05-07 18:15:05,0.0
2009-05-08 18:15:05,0.0
2009-05-09 18:15:05,0.0
2009-05-10 18:15:05,0.0
2009-05-11 18:15:05,0.0
2009-05-12 18:15:05,0.0
2009-05-13 18:15:05,0.0
2009-05-14 18:15:05,0.0
2009-05-15 18:15:05,0.0
2009-05-16 18:15:05,0.0
2009-05-17 18:15:05,0.0
2009-05-18 18:15:05,0.0
2009-05-19 18:15:05,0.0
2009-05-20 18:15:05,0.0
2009-05-21 18:15:05,0.0
2009-05-22 18:15:05,0.0
2009-05-23 18:15:05,0.0
2009-05-24 18:15:05,0.0
2009-05-25 18:15:05,0.0
2009-05-26 18:15:05,0.0
2009-05-27 18:15:05,0.0
2009-05-28 18:15:05,0.0
2009-05-29 18:15:05,0.0
2009-05-30 18:15:05,0.0
2009-05-31 18:15:05,0.0
2009-06-01 18:15:05,0.0
2009-06-02 18:15:05,0.0
2009-06-03 18:15:05,0.0
2009-06-04 18:15:05,0.0
2009-06-05 18:15:05,0.0
2009-06-06 18:15:05,0.0
2009-06-07 18:15:05,0.0
2009-06-08 18:15:05,0.0
2009-06-09 18:15:05,0.0
2009-06-10 18:15:05,0.0
2009-06-11 18:15:05,0.0
2009-06-12 18:15:05,0.0
2009-06-13 18:15:05,0.0
2009-06-14 18:15:05,0.0
2009-06-15 18:15:05,0.0
2009-06-16 18:15:05,0.0
2009-06-17 18:15:05,0.0
2009-06-18 18:15:05,0.0
2009-06-19 18:15:05,0.0
2009-06-20 18:15:05,0.0
2009-06-21 18:15:05,0.0
2009-06-22 18:15:05,0.0
2009-06-23 18:15:05,0.0
2009-06-24 18:15:05,0.0
2009-06-25 18:15:05,0.0
2009-06-26 18:15:05,0.0
2009-06-27 18:15:05,0.0
2009-06-28 18:15:05,0.0
2009-06-29 18:15:05,0.0
2009-06-30 18:15:05,0.0
2009-07-01 18:15:05,0.0
2009-07-02 18:15:05,0.0
2009-07-03 18:15:05,0.0
2009-07-04 18:15:05,0.0
2009-07-05 18:15:05,0.0
2009-07-06 18:15:05,0.0
2009-07-07 18:15:05,0.0
2009-07-08 18:15:05,0.0
2009-07-09 18:15:05,0.0
2009-07-10 18:15:05,0.0
2009-07-11 18:15:05,0.0
2009-07-12 18:15:05,0.0
2009-07-13 18:15:05,0.0
2009-07-14 18:15:05,0.0
2009-07-15 18:15:05,0.0
2009-07-16 18:15:05,0.0
2009-07-17 18:15:05,0.0
2009-07-18 18:15:05,0.0
2009-07-19 18:15:05,0.0
2009-07-20 18:15:05,0.0
2009-07-21 18:15:05,0.0
2009-07-22 18:15:05,0.0
2009-07-23 18:15:05,0.0
2009-07-24 18:15:05,0.0
2009-07-25 18:15:05,0.0
2009-07-26 18:15:05,0.0
2009-07-27 18:15:05,0.0
2009-07-28 18:15:05,0.0
2009-07-29 18:15:05,0.0
2009-07-30 18:15:05,0.0
2009-07-31 18:15:05,0.0
2009-08-01 18:15:05,0.0
2009-08-02 18:15:05,0.0
2009-08-03 18:15:05,0.0
2009-08-04 18:15:05,0.0
2009-08-05 18:15:05,0.0
2009-08-06 18:15:05,0.0
2009-08-07 18:15:05,0.0
2009-08-08 18:15:05,0.0
2009-08-09 18:15:05,0.0
2009-08-10 18:15:05,0.0
2009-08-11 18:15:05,0.0
2009-08-12 18:15:05,0.0
2009-08-13 18:15:05,0.0
2009-08-14 18:15:05,0.0
2009-08-15 18:15:05,0.0
2009-08-16 18:15:05,0.0
2009-08-17 18:15:05,0.0
2009-08-18 18:15:05,0.0
2009-08-19 18:15:05,0.0
2009-08-20 18:15:05,0.0
2009-08-21 18:15:05,0.0
2009-08-22 18:15:05,0.0
2009-08-23 18:15:05,0.0
2009-08-24 18:15:05,0.0
2009-08-25 18:15:05,0.0
2009-08-26 18:15:05,0.0
2009-08-27 18:15:05,0.0
2009-08-28 18:15:05,0.0
2009-08-29 18:15:05,0.0
2009-08-30 18:15:05,0.0
2009-08-31 18:15:05,0.0
2009-09-01 18:15:05,0.0
2009-09-02 18:15:05,0.0
2009-09-03 18:15:05,0.0
2009-09-04 18:15:05,0.0
2009-09-05 18:15:05,0.0
2009-09-06 18:15:05,0.0
2009-09-07 18:15:05,0.0
2009-09-08 18:15:05,0.0
2009-09-09 18:15:05,0.0
2009-09-10 18:15:05,0.0
2009-09-11 18:15:05,0.0
2009-09-12 18:15:05,0.0
2009-09-13 18:15:05,0.0
2009-09-14 18:15:05,0.0
2009-09-15 18:15:05,0.0
2009-09-16 18:15:05,0.0
2009-09-17 18:15:05,0.0
2009-09-18 18:15:05,0.0
2009-09-19 18:15:05,0.0
2009-09-20 18:15:05,0.0
2009-09-21 18:15:05,0.0
2009-09-22 18:15:05,0.0
2009-09-23 18:15:05,0.0
2009-09-24 18:15:05,0.0
2009-09-25 18:15:05,0.0
2009-09-26 18:15:05,0.0
2009-09-27 18:15:05,0.0
2009-09-28 18:15:05,0.0
2009-09-29 18:15:05,0.0
2009-09-30 18:15:05,0.0
2009-10-01 18:15:05,0.0
2009-10-02 18:15:05,0.0
2009-10-03 18:15:05,0.0
2009-10-04 18:15:05,0.0
2009-10-05 18:15:05,0.0
2009-10-06 18:15:05,0.0
2009-10-07 18:15:05,0.0
2009-10-08 18:15:05,0.0
2009-10-09 18:15:05,0.0
2009-10-10 18:15:05,0.0
2009-10-11 18:15:05,0.0
2009-10-12 18:15:05,0.0
2009-10-13 18:15:05,0.0
2009-10-14 18:15:05,0.0
2009-10-15 18:15:05,0.0
2009-10-16 18:15:05,0.0
2009-10-17 18:15:05,0.0
2009-10-18 18:15:05,0.0
2009-10-19 18:15:05,0.0
2009-10-20 18:15:05,0.0
2009-10-21 18:15:05,0.0
2009-10-22 18:15:05,0.0
2009-10-23 18:15:05,0.0
2009-10-24 18:15:05,0.0
2009-10-25 18:15:05,0.0
2009-10-26 18:15:05,0.0
2009-10-27 18:15:05,0.0
2009-10-28 18:15:05,0.0
2009-10-29 18:15:05,0.0
2009-10-30 18:15:05,0.0
2009-10-31 18:15:05,0.0
2009-11-01 18:15:05,0.0
2009-11-02 18:15:05,0.0
2009-11-03 18:15:05,0.0
2009-11-04 18:15:05,0.0
2009-11-05 18:15:05,0.0
2009-11-06 18:15:05,0.0
2009-11-07 18:15:05,0.0
2009-11-08 18:15:05,0.0
2009-11-09 18:15:05,0.0
2009-11-10 18:15:05,0.0
2009-11-11 18:15:05,0.0
2009-11-12 18:15:05,0.0
2009-11-13 18:15:05,0.0
2009-11-14 18:15:05,0.0
2009-11-15 18:15:05,0.0
2009-11-16 18:15:05,0.0
2009-11-17 18:15:05,0.0
2009-11-18 18:15:05,0.0
2009-11-19 18:15:05,0.0
2009-11-20 18:15:05,0.0
2009-11-21 18:15:05,0.0
2009-11-22 18:15:05,0.0
2009-11-23 18:15:05,0.0
2009-11-24 18:15:05,0.0
2009-11-25 18:15:05,0.0
2009-11-26 18:15:05,0.0
2009-11-27 18:15:05,0.0
2009-11-28 18:15:05,0.0
2009-11-29 18:15:05,0.0
2009-11-30 18:15:05,0.0
2009-12-01 18:15:05,0.0
2009-12-02 18:15:05,0.0
2009-12-03 18:15:05,0.0
2009-12-04 18:15:05,0.0
2009-12-05 18:15:05,0.0
2009-12-06 18:15:05,0.0
2009-12-07 18:15:05,0.0
2009-12-08 18:15:05,0.0
2009-12-09 18:15:05,0.0
2009-12-10 18:15:05,0.0
2009-12-11 18:15:05,0.0
2009-12-12 18:15:05,0.0
2009-12-13 18:15:05,0.0
2009-12-14 18:15:05,0.0
2009-12-15 18:15:05,0.0
2009-12-16 18:15:05,0.0
2009-12-17 18:15:05,0.0
2009-12-18 18:15:05,0.0
2009-12-19 18:15:05,0.0
2009-12-20 18:15:05,0.0
2009-12-21 18:15:05,0.0
2009-12-22 18:15:05,0.0
2009-12-23 18:15:05,0.0
2009-12-24 18:15:05,0.0
2009-12-25 18:15:05,0.0
2009-12-26 18:15:05,0.0
2009-12-27 18:15:05,0.0
2009-12-28 18:15:05,0.0
2009-12-29 18:15:05,0.0
2009-12-30 18:15:05,0.0
2009-12-31 18:15:05,0.0
2010-01-01 18:15:05,0.0
2010-01-02 18:15:05,0.0
2010-01-03 18:15:05,0.0
2010-01-04 18:15:05,0.0
2010-01-05 18:15:05,0.0
2010-01-06 18:15:05,0.0
2010-01-07 18:15:05,0.0
2010-01-08 18:15:05,0.0
2010-01-09 18:15:05,0.0
2010-01-10 18:15:05,0.0
2010-01-11 18:15:05,0.0
2010-01-12 18:15:05,0.0
2010-01-13 18:15:05,0.0
2010-01-14 18:15:05,0.0
2010-01-15 18:15:05,0.0
2010-01-16 18:15:05,0.0
2010-01-17 18:15:05,0.0
2010-01-18 18:15:05,0.0
2010-01-19 18:15:05,0.0
2010-01-20 18:15:05,0.0
2010-01-21 18:15:05,0.0
2010-01-22 18:15:05,0.0
2010-01-23 18:15:05,0.0
2010-01-24 18:15:05,0.0
2010-01-25 18:15:05,0.0
2010-01-26 18:15:05,0.0
2010-01-27 18:15:05,0.0
2010-01-28 18:15:05,0.0
2010-01-29 18:15:05,0.0
2010-01-30 18:15:05,0.0
2010-01-31 18:15:05,0.0
2010-02-01 18:15:05,0.0
2010-02-02 18:15:05,0.0
2010-02-03 18:15:05,0.0
2010-02-04 18:15:05,0.0
2010-02-05 18:15:05,0.0
2010-02-06 18:15:05,0.0
2010-02-07 18:15:05,0.0
2010-02-08 18:15:05,0.0
2010-02-09 18:15:05,0.0
2010-02-10 18:15:05,0.0
2010-02-11 18:15:05,0.0
2010-02-12 18:15:05,0.0
2010-02-13 18:15:05,0.0
2010-02-14 18:15:05,0.0
2010-02-15 18:15:05,0.0
2010-02-16 18:15:05,0.0
2010-02-17 18:15:05,0.0
2010-02-18 18:15:05,0.0
2010-02-19 18:15:05,0.0
2010-02-20 18:15:05,0.0
2010-02-21 18:15:05,0.0
2010-02-22 18:15:05,0.0
2010-02-23 18:15:05,0.0
2010-02-24 18:15:05,0.0
2010-02-25 18:15:05,0.0
2010-02-26 18:15:05,0.0
2010-02-27 18:15:05,0.0
2010-02-28 18:15:05,0.0
2010-03-01 18:15:05,0.0
2010-03-02 18:15:05,0.0
2010-03-03 18:15:05,0.0
2010-03-04 18:15:05,0.0
2010-03-05 18:15:05,0.0
2010-03-06 18:15:05,0.0
2010-03-07 18:15:05,0.0
2010-03-08 18:15:05,0.0
2010-03-09 18:15:05,0.0
2010-03-10 18:15:05,0.0
2010-03-11 18:15:05,0.0
2010-03-12 18:15:05,0.0
2010-03-13 18:15:05,0.0
2010-03-14 18:15:05,0.0
2010-03-15 18:15:05,0.0
2010-03-16 18:15:05,0.0
2010-03-17 18:15:05,0.0
2010-03-18 18:15:05,0.0
2010-03-19 18:15:05,0.0
2010-03-20 18:15:05,0.0
2010-03-21 18:15:05,0.0
2010-03-22 18:15:05,0.0
2010-03-23 18:15:05,0.0
2010-03-24 18:15:05,0.0
2010-03-25 18:15:05,0.0
2010-03-26 18:15:05,0.0
2010-03-27 18:15:05,0.0
2010-03-28 18:15:05,0.0
2010-03-29 18:15:05,0.0
2010-03-30 18:15:05,0.0
2010-03-31 18:15:05,0.0
2010-04-01 18:15:05,0.0
2010-04-02 18:15:05,0.0
2010-04-03 18:15:05,0.0
2010-04-04 18:15:05,0.0
2010-04-05 18:15:05,0.0
2010-04-06 18:15:05,0.0
2010-04-07 18:15:05,0.0
2010-04-08 18:15:05,0.0
2010-04-09 18:15:05,0.0
2010-04-10 18:15:05,0.0
2010-04-11 18:15:05,0.0
2010-04-12 18:15:05,0.0
2010-04-13 18:15:05,0.0
2010-04-14 18:15:05,0.0
2010-04-15 18:15:05,0.0
2010-04-16 18:15:05,0.0
2010-04-17 18:15:05,0.0
2010-04-18 18:15:05,0.0
2010-04-19 18:15:05,0.0
2010-04-20 18:15:05,0.0
2010-04-21 18:15:05,0.0
2010-04-22 18:15:05,0.0
2010-04-23 18:15:05,0.0
2010-04-24 18:15:05,0.0
2010-04-25 18:15:05,0.0
2010-04-26 18:15:05,0.0
2010-04-27 18:15:05,0.0
2010-04-28 18:15:05,0.0
2010-04-29 18:15:05,0.0
2010-04-30 18:15:05,0.0
2010-05-01 18:15:05,0.0
2010-05-02 18:15:05,0.0
2010-05-03 18:15:05,0.0
2010-05-04 18:15:05,0.0
2010-05-05 18:15:05,0.0
2010-05-06 18:15:05,0.0
2010-05-07 18:15:05,0.0
2010-05-08 18:15:05,0.0
2010-05-09 18:15:05,0.0
2010-05-10 18:15:05,0.0
2010-05-11 18:15:05,0.0
2010-05-12 18:15:05,0.0
2010-05-13 18:15:05,0.0
2010-05-14 18:15:05,0.0
2010-05-15 18:15:05,0.0
2010-05-16 18:15:05,0.0
2010-05-17 18:15:05,0.0
2010-05-18 18:15:05,0.0
2010-05-19 18:15:05,0.0
2010-05-20 18:15:05,0.0
2010-05-21 18:15:05,0.0
2010-05-22 18:15:05,0.0
2010-05-23 18:15:05,0.0
2010-05-24 18:15:05,0.0
2010-05-25 18:15:05,0.0
2010-05-26 18:15:05,0.0
2010-05-27 18:15:05,0.0
2010-05-28 18:15:05,0.0
2010-05-29 18:15:05,0.0
2010-05-30 18:15:05,0.0
2010-05-31 18:15:05,0.0
2010-06-01 18:15:05,0.0
2010-06-02 18:15:05,0.0
2010-06-03 18:15:05,0.0
2010-06-04 18:15:05,0.0
2010-06-05 18:15:05,0.0
2010-06-06 18:15:05,0.0
2010-06-07 18:15:05,0.0
2010-06-08 18:15:05,0.0
2010-06-09 18:15:05,0.0
2010-06-10 18:15:05,0.0
2010-06-11 18:15:05,0.0
2010-06-12 18:15:05,0.0
2010-06-13 18:15:05,0.0
2010-06-14 18:15:05,0.0
2010-06-15 18:15:05,0.0
2010-06-16 18:15:05,0.0
2010-06-17 18:15:05,0.0
2010-06-18 18:15:05,0.0
2010-06-19 18:15:05,0.0
2010-06-20 18:15:05,0.0
2010-06-21 18:15:05,0.0
2010-06-22 18:15:05,0.0
2010-06-23 18:15:05,0.0
2010-06-24 18:15:05,0.0
2010-06-25 18:15:05,0.0
2010-06-26 18:15:05,0.0
2010-06-27 18:15:05,0.0
2010-06-28 18:15:05,0.0
2010-06-29 18:15:05,0.0
2010-06-30 18:15:05,0.0
2010-07-01 18:15:05,0.0
2010-07-02 18:15:05,0.0
2010-07-03 18:15:05,0.0
2010-07-04 18:15:05,0.0
2010-07-05 18:15:05,0.0
2010-07-06 18:15:05,0.0
2010-07-07 18:15:05,0.0
2010-07-08 18:15:05,0.0
2010-07-09 18:15:05,0.0
2010-07-10 18:15:05,0.0
2010-07-11 18:15:05,0.0
2010-07-12 18:15:05,0.0
2010-07-13 18:15:05,0.0
2010-07-14 18:15:05,0.0
2010-07-15 18:15:05,0.0
2010-07-16 18:15:05,0.0
2010-07-17 18:15:05,0.0
2010-07-18 18:15:05,0.0
2010-07-19 18:15:05,0.0
2010-07-20 18:15:05,0.0
2010-07-21 18:15:05,0.0
2010-07-22 18:15:05,0.0
2010-07-23 18:15:05,0.0
2010-07-24 18:15:05,0.0
2010-07-25 18:15:05,0.0
2010-07-26 18:15:05,0.0
2010-07-27 18:15:05,0.0
2010-07-28 18:15:05,0.0
2010-07-29 18:15:05,0.0
2010-07-30 18:15:05,0.0
2010-07-31 18:15:05,0.0
2010-08-01 18:15:05,0.0
2010-08-02 18:15:05,0.0
2010-08-03 18:15:05,0.0
2010-08-04 18:15:05,0.0
2010-08-05 18:15:05,0.0
2010-08-06 18:15:05,0.0
2010-08-07 18:15:05,0.0
2010-08-08 18:15:05,0.0
2010-08-09 18:15:05,0.0
2010-08-10 18:15:05,0.0
2010-08-11 18:15:05,0.0
2010-08-12 18:15:05,0.0
2010-08-13 18:15:05,0.0
2010-08-14 18:15:05,0.0
2010-08-15 18:15:05,0.0
2010-08-16 18:15:05,0.0
2010-08-17 18:15:05,825.9829
2010-08-18 18:15:05,142.08
2010-08-19 18:15:05,194.4288
2010-08-20 18:15:05,227.1802
2010-08-21 18:15:05,473.778718
2010-08-22 18:15:05,1295.1984
2010-08-23 18:15:05,264.132
2010-08-24 18:15:05,667.55222
2010-08-25 18:15:05,190.6555
2010-08-26 18:15:05,366.608987
2010-08-27 18:15:05,577.265
2010-08-28 18:15:05,397.41
2010-08-29 18:15:05,195.4368
2010-08-30 18:15:05,2099.946
2010-08-31 18:15:05,333.23113
2010-09-01 18:15:05,1019.7088
2010-09-02 18:15:05,382.2433
2010-09-03 18:15:05,521.5918
2010-09-04 18:15:05,96.1797
2010-09-05 18:15:05,272.6086
2010-09-06 18:15:05,432.0
2010-09-07 18:15:05,134.3382
2010-09-08 18:15:05,155.83113
2010-09-09 18:15:05,167.2944
2010-09-10 18:15:05,315.38286
2010-09-11 18:15:05,57.598
2010-09-12 18:15:05,494.382394
2010-09-13 18:15:05,92.76696
2010-09-14 18:15:05,1293.538
2010-09-15 18:15:05,1035.825
2010-09-16 18:15:05,51.3151
2010-09-17 18:15:05,252.735
2010-09-18 18:15:05,442.9866
2010-09-19 18:15:05,730.655528
2010-09-20 18:15:05,1006.3482
2010-09-21 18:15:05,432.5289
2010-09-22 18:15:05,415.6104
2010-09-23 18:15:05,1213.884
2010-09-24 18:15:05,197.41183
2010-09-25 18:15:05,129.7296
2010-09-26 18:15:05,61.718489
2010-09-27 18:15:05,990.132902
2010-09-28 18:15:05,537.80096
2010-09-29 18:15:05,1080.30249
2010-09-30 18:15:05,895.79664
2010-10-01 18:15:05,358.540217
2010-10-02 18:15:05,783.481363
2010-10-03 18:15:05,423.353
2010-10-04 18:15:05,1443.236
2010-10-05 18:15:05,2346.68143
2010-10-06 18:15:05,1241.1231
2010-10-07 18:15:05,1900.7296
2010-10-08 18:15:05,12529.968
2010-10-09 18:15:05,20848.1372
2010-10-10 18:15:05,9321.6
2010-10-11 18:15:05,3318.3306
2010-10-12 18:15:05,2558.556
2010-10-13 18:15:05,3432.92
2010-10-14 18:15:05,5152.77
2010-10-15 18:15:05,2436.406
2010-10-16 18:15:05,592.633
2010-10-17 18:15:05,2536.842
2010-10-18 18:15:05,1003.941
2010-10-19 18:15:05,2060.5952
2010-10-20 18:15:05,3507.15
2010-10-21 18:15:05,4883.963
2010-10-22 18:15:05,3208.716
2010-10-23 18:15:05,994.38922
2010-10-24 18:15:05,2612.88
2010-10-25 18:15:05,3248.4
2010-10-26 18:15:05,4876.35
2010-10-27 18:15:05,10365.07
2010-10-28 18:15:05,5242.94593
2010-10-29 18:15:05,4804.987
2010-10-30 18:15:05,3084.6006
2010-10-31 18:15:05,9809.904
2010-11-01 18:15:05,4219.9825
2010-11-02 18:15:05,3516.0675
2010-11-03 18:15:05,13665.025
2010-11-04 18:15:05,9353.54832
2010-11-05 18:15:05,6805.4832
2010-11-06 18:15:05,8351.71
2010-11-07 18:15:05,44081.411837
2010-11-08 18:15:05,34757.8
2010-11-09 18:15:05,24843.3784
2010-11-10 18:15:05,6364.7955
2010-11-11 18:15:05,3077.28
2010-11-12 18:15:05,3416.612
2010-11-13 18:15:05,14431.8
2010-11-14 18:15:05,4980.443
2010-11-15 18:15:05,1380.6296
2010-11-16 18:15:05,7390.9088
2010-11-17 18:15:05,6985.16
2010-11-18 18:15:05,7452.684301
2010-11-19 18:15:05,9694.731
2010-11-20 18:15:05,3988.778
2010-11-21 18:15:05,429.78
2010-11-22 18:15:05,3732.834
2010-11-23 18:15:05,4704.8618
2010-11-24 18:15:05,1361.74788
2010-11-25 18:15:05,789.5421
2010-11-26 18:15:05,9325.741
2010-11-27 18:15:05,969.80059
2010-11-28 18:15:05,2773.80906
2010-11-29 18:15:05,9227.324034
2010-11-30 18:15:05,9022.0251
2010-12-01 18:15:05,1785.787875
2010-12-02 18:15:05,4686.9295
2010-12-03 18:15:05,1371.195876
2010-12-04 18:15:05,5647.8209109
2010-12-05 18:15:05,2472.8862
2010-12-06 18:15:05,1371.816
2010-12-07 18:15:05,3707.27123
2010-12-08 18:15:05,2957.2271365
2010-12-09 18:15:05,4996.9358496
2010-12-10 18:15:05,339.324216
2010-12-11 18:15:05,1424.973095
2010-12-12 18:15:05,364.608024
2010-12-13 18:15:05,1252.53513484
2010-12-14 18:15:05,1234.35273
2010-12-15 18:15:05,2067.6301808
2010-12-16 18:15:05,973.3644125
2010-12-17 18:15:05,3277.436205
2010-12-18 18:15:05,79.288323
2010-12-19 18:15:05,500.2390743
2010-12-20 18:15:05,2878.022125
2010-12-21 18:15:05,283.39724621
2010-12-22 18:15:05,3268.146216
2010-12-23 18:15:05,1402.2805
2010-12-24 18:15:05,1157.69375
2010-12-25 18:15:05,1029.125
2010-12-26 18:15:05,4465.50536103
2010-12-27 18:15:05,438.29675
2010-12-28 18:15:05,5186.17652
2010-12-29 18:15:05,5364.534574
2010-12-30 18:15:05,363.286489041
2010-12-31 18:15:05,1013.8157206
2011-01-01 18:15:05,985.624829124
2011-01-02 18:15:05,706.308482428
2011-01-03 18:15:05,1082.67118214
2011-01-04 18:15:05,789.5440973
2011-01-05 18:15:05,57.813954282
2011-01-06 18:15:05,890.419309
2011-01-07 18:15:05,13047.281576
2011-01-08 18:15:05,1273.38830235
2011-01-09 18:15:05,639.89456778
2011-01-10 18:15:05,3418.867984
2011-01-11 18:15:05,1335.411987
2011-01-12 18:15:05,10463.0505
2011-01-13 18:15:05,5852.6631
2011-01-14 18:15:05,15553.8252
2011-01-15 18:15:05,803.5836
2011-01-16 18:15:05,410.5024
2011-01-17 18:15:05,2393.5536
2011-01-18 18:15:05,5974.91338365
2011-01-19 18:15:05,5956.8603426
2011-01-20 18:15:05,6592.0286775
2011-01-21 18:15:05,6360.46884
2011-01-22 18:15:05,3326.6603481
2011-01-23 18:15:05,1393.7251143
2011-01-24 18:15:05,2980.879664
2011-01-25 18:15:05,2972.04455
2011-01-26 18:15:05,3600.406625
2011-01-27 18:15:05,4439.124132
2011-01-28 18:15:05,12566.61135
2011-01-29 18:15:05,1534.340796
2011-01-30 18:15:05,4618.87344
2011-01-31 18:15:05,5127.3955
2011-02-01 18:15:05,70422.8274
2011-02-02 18:15:05,12758.269316
2011-02-03 18:15:05,6046.44375
2011-02-04 18:15:05,28553.00976
2011-02-05 18:15:05,24646.002019
2011-02-06 18:15:05,4343.53712
2011-02-07 18:15:05,6098.37876945
2011-02-08 18:15:05,4071.375
2011-02-09 18:15:05,8980.208435
2011-02-10 18:15:05,72060.0309
2011-02-11 18:15:05,10896.3116295
2011-02-12 18:15:05,10715.0728356
2011-02-13 18:15:05,4282.82532
2011-02-14 18:15:05,5708.4912
2011-02-15 18:15:05,11014.975335
2011-02-16 18:15:05,5520.7333091
2011-02-17 18:15:05,4953.42697224
2011-02-18 18:15:05,8823.61761575
2011-02-19 18:15:05,33133.5831
2011-02-20 18:15:05,9690.23399851
2011-02-21 18:15:05,2384.4715764
2011-02-22 18:15:05,4681.00351444
2011-02-23 18:15:05,11962.25845
2011-02-24 18:15:05,6298.2103107
2011-02-25 18:15:05,11143.499
2011-02-26 18:15:05,5365.16861661
2011-02-27 18:15:05,21026.42112
2011-02-28 18:15:05,5746.40242009
2011-03-01 18:15:05,22042.24605
2011-03-02 18:15:05,2016.0587772
2011-03-03 18:15:05,2784.31854
2011-03-04 18:15:05,2980.3802656
2011-03-05 18:15:05,2600.96857742
2011-03-06 18:15:05,17230.2927142
2011-03-07 18:15:05,15740.54397
2011-03-08 18:15:05,4025.8741824
2011-03-09 18:15:05,2922.43022685
2011-03-10 18:15:05,5033.00307
2011-03-11 18:15:05,8949.1184555
2011-03-12 18:15:05,4060.4433105
2011-03-13 18:15:05,1144.2757524
2011-03-14 18:15:05,4165.4682
2011-03-15 18:15:05,2533.62351785
2011-03-16 18:15:05,4380.73308
2011-03-17 18:15:05,9103.18376
2011-03-18 18:15:05,11914.8364461
2011-03-19 18:15:05,4610.830432
2011-03-20 18:15:05,7317.32523
2011-03-21 18:15:05,3606.9289257
2011-03-22 18:15:05,6986.29599546
2011-03-23 18:15:05,11509.47175
2011-03-24 18:15:05,12734.6094
2011-03-25 18:15:05,6518.06986
2011-03-26 18:15:05,8677.64499
2011-03-27 18:15:05,7058.944311
2011-03-28 18:15:05,10776.0781625
2011-03-29 18:15:05,2924.272
2011-03-30 18:15:05,3247.31265
2011-03-31 18:15:05,4741.60455892
2011-04-01 18:15:05,2950.92053633
2011-04-02 18:15:05,1753.24155148
2011-04-03 18:15:05,3394.8358788
2011-04-04 18:15:05,16756.83852
2011-04-05 18:15:05,11855.01058
2011-04-06 18:15:05,6549.49211421
2011-04-07 18:15:05,8755.8618609
2011-04-08 18:15:05,16425.096533
2011-04-09 18:15:05,9556.2354324
2011-04-10 18:15:05,2297.66462047
2011-04-11 18:15:05,8787.720623
2011-04-12 18:15:05,37800.323613
2011-04-13 18:15:05,51759.955
2011-04-14 18:15:05,10783.304
2011-04-15 18:15:05,75391.5825518
2011-04-16 18:15:05,29328.498615
2011-04-17 18:15:05,16441.2871
2011-04-18 18:15:05,45944.6005642
2011-04-19 18:15:05,16394.59311
2011-04-20 18:15:05,27024.7054572
2011-04-21 18:15:05,36693.8164494
2011-04-22 18:15:05,56032.20504
2011-04-23 18:15:05,76280.47402
2011-04-24 18:15:05,83821.3818
2011-04-25 18:15:05,26232.861123
2011-04-26 18:15:05,35059.82189
2011-04-27 18:15:05,58970.43555
2011-04-28 18:15:05,265782.09185
2011-04-29 18:15:05,104007.1833
2011-04-30 18:15:05,349701.674749
2011-05-01 18:15:05,195812.79501
2011-05-02 18:15:05,85422.87474
2011-05-03 18:15:05,45080.14852
2011-05-04 18:15:05,68236.02436
2011-05-05 18:15:05,50318.7615
2011-05-06 18:15:05,83833.168343
2011-05-07 18:15:05,51864.1247
2011-05-08 18:15:05,73003.7451
2011-05-09 18:15:05,53299.65718
2011-05-10 18:15:05,228989.8988
2011-05-11 18:15:05,346483.630765
2011-05-12 18:15:05,170586.081299
2011-05-13 18:15:05,541303.54395
2011-05-14 18:15:05,321728.0758
2011-05-15 18:15:05,387948.58065
2011-05-16 18:15:05,359376.634
2011-05-17 18:15:05,285797.89164
2011-05-18 18:15:05,207908.277096
2011-05-19 18:15:05,179823.77568
2011-05-20 18:15:05,174854.9873
2011-05-21 18:15:05,347598.31572
2011-05-22 18:15:05,147282.94918
2011-05-23 18:15:05,288515.59125
2011-05-24 18:15:05,100497.6288
2011-05-25 18:15:05,246555.91348
2011-05-26 18:15:05,658607.94684
2011-05-27 18:15:05,168676.20096
2011-05-28 18:15:05,117323.899185
2011-05-29 18:15:05,73005.9777024
2011-05-30 18:15:05,120296.781
2011-05-31 18:15:05,331557.839688
2011-06-01 18:15:05,395779.168538
2011-06-02 18:15:05,540577.45112
2011-06-03 18:15:05,930152.08
2011-06-04 18:15:05,889343.60904
2011-06-05 18:15:05,447742.185282
2011-06-06 18:15:05,1094079.92736
2011-06-07 18:15:05,515246.4069
2011-06-08 18:15:05,3238530.99642
2011-06-09 18:15:05,2910528.4635
2011-06-10 18:15:05,2004325.645
2011-06-11 18:15:05,4050559.104
2011-06-12 18:15:05,5850718.50079
2011-06-13 18:15:05,1460526.193
2011-06-14 18:15:05,1337714.54219
2011-06-15 18:15:05,600490.11234
2011-06-16 18:15:05,618741.727007
2011-06-17 18:15:05,2014003.84424
2011-06-18 18:15:05,1024462.40702
2011-06-19 18:15:05,835714.02414
2011-06-20 18:15:05,64800.4490873
2011-06-21 18:15:05,71189.9200602
2011-06-22 18:15:05,42548.5715212
2011-06-23 18:15:05,82000.0550629
2011-06-24 18:15:05,86390.363773
2011-06-25 18:15:05,99286.9846107
2011-06-26 18:15:05,86763.0497158
2011-06-27 18:15:05,875474.860824
2011-06-28 18:15:05,481289.408165
2011-06-29 18:15:05,363948.178327
2011-06-30 18:15:05,375638.674803
2011-07-01 18:15:05,736390.267732
2011-07-02 18:15:05,603043.297156
2011-07-03 18:15:05,310853.086576
2011-07-04 18:15:05,599886.634092
2011-07-05 18:15:05,1062944.3112
2011-07-06 18:15:05,2035936.09959
2011-07-07 18:15:05,1312709.6684
2011-07-08 18:15:05,699954.825697
2011-07-09 18:15:05,246364.949
2011-07-10 18:15:05,550092.901879
2011-07-11 18:15:05,933281.059967
2011-07-12 18:15:05,455700.647083
2011-07-13 18:15:05,175243.210195
2011-07-14 18:15:05,217006.452019
2011-07-15 18:15:05,300478.643024
2011-07-16 18:15:05,407703.304713
2011-07-17 18:15:05,501222.950411
2011-07-18 18:15:05,622348.653147
2011-07-19 18:15:05,1463548.75213
2011-07-20 18:15:05,274899.353927
2011-07-21 18:15:05,493514.446652
2011-07-22 18:15:05,291788.142676
2011-07-23 18:15:05,243135.330095
2011-07-24 18:15:05,311925.416405
2011-07-25 18:15:05,663203.102644
2011-07-26 18:15:05,317893.797771
2011-07-27 18:15:05,202130.40256
2011-07-28 18:15:05,340784.77762
2011-07-29 18:15:05,267373.237455
2011-07-30 18:15:05,86919.7340706
2011-07-31 18:15:05,701179.911784
2011-08-01 18:15:05,135324.339486
2011-08-02 18:15:05,652208.510321
2011-08-03 18:15:05,1260186.17661
2011-08-04 18:15:05,797232.952201
2011-08-05 18:15:05,298068.842756
2011-08-06 18:15:05,808869.775709
2011-08-07 18:15:05,1020588.3442
2011-08-08 18:15:05,619865.163027
2011-08-09 18:15:05,1306372.61659
2011-08-10 18:15:05,323752.019516
2011-08-11 18:15:05,408626.963717
2011-08-12 18:15:05,678838.915917
2011-08-13 18:15:05,251467.597976
2011-08-14 18:15:05,555156.594903
2011-08-15 18:15:05,465471.570413
2011-08-16 18:15:05,197912.751246
2011-08-17 18:15:05,209621.648666
2011-08-18 18:15:05,227917.611733
2011-08-19 18:15:05,374136.251358
2011-08-20 18:15:05,154262.619437
2011-08-21 18:15:05,130225.823076
2011-08-22 18:15:05,358469.722604
2011-08-23 18:15:05,217915.12734
2011-08-24 18:15:05,118411.118076
2011-08-25 18:15:05,427150.561881
2011-08-26 18:15:05,608901.548589
2011-08-27 18:15:05,621389.927317
2011-08-28 18:15:05,209585.741941
2011-08-29 18:15:05,210157.751242
2011-08-30 18:15:05,159144.952534
2011-08-31 18:15:05,128105.520929
2011-09-01 18:15:05,211483.553121
2011-09-02 18:15:05,127135.555469
2011-09-03 18:15:05,124327.21575
2011-09-04 18:15:05,109977.610582
2011-09-05 18:15:05,296955.360777
2011-09-06 18:15:05,680394.378901
2011-09-07 18:15:05,413541.155139
2011-09-08 18:15:05,182464.871723
2011-09-09 18:15:05,1401208.86846
2011-09-10 18:15:05,490142.687944
2011-09-11 18:15:05,773062.626443
2011-09-12 18:15:05,694994.87539
2011-09-13 18:15:05,304159.027263
2011-09-14 18:15:05,242072.0653
2011-09-15 18:15:05,299913.856084
2011-09-16 18:15:05,442696.323381
2011-09-17 18:15:05,113053.955659
2011-09-18 18:15:05,122374.975482
2011-09-19 18:15:05,365598.114604
2011-09-20 18:15:05,913547.31744
2011-09-21 18:15:05,380482.855595
2011-09-22 18:15:05,289696.58265
2011-09-23 18:15:05,372082.414975
2011-09-24 18:15:05,141653.882749
2011-09-25 18:15:05,48793.0964135
2011-09-26 18:15:05,322391.319462
2011-09-27 18:15:05,166339.678882
2011-09-28 18:15:05,154405.365876
2011-09-29 18:15:05,83638.1374449
2011-09-30 18:15:05,220748.91987
2011-10-01 18:15:05,163317.751128
2011-10-02 18:15:05,76098.0224391
2011-10-03 18:15:05,72999.5560622
2011-10-04 18:15:05,87686.9738806
2011-10-05 18:15:05,115499.199398
2011-10-06 18:15:05,266863.627444
2011-10-07 18:15:05,360869.565005
2011-10-08 18:15:05,425654.802721
2011-10-09 18:15:05,190586.15981
2011-10-10 18:15:05,93576.4323054
2011-10-11 18:15:05,198806.08687
2011-10-12 18:15:05,232757.947676
2011-10-13 18:15:05,194858.359406
2011-10-14 18:15:05,58437.5630056
2011-10-15 18:15:05,215000.672377
2011-10-16 18:15:05,113985.411955
2011-10-17 18:15:05,727239.475998
2011-10-18 18:15:05,317874.15899
2011-10-19 18:15:05,256867.556222
2011-10-20 18:15:05,194787.108447
2011-10-21 18:15:05,252380.491276
2011-10-22 18:15:05,335137.998744
2011-10-23 18:15:05,230988.732967
2011-10-24 18:15:05,156832.336637
2011-10-25 18:15:05,459931.283818
2011-10-26 18:15:05,117365.370642
2011-10-27 18:15:05,173899.35083
2011-10-28 18:15:05,223321.462988
2011-10-29 18:15:05,327611.709102
2011-10-30 18:15:05,194443.066185
2011-10-31 18:15:05,115362.062703
2011-11-01 18:15:05,167162.955163
2011-11-02 18:15:05,126384.516159
2011-11-03 18:15:05,97206.2258323
2011-11-04 18:15:05,149101.048911
2011-11-05 18:15:05,184400.332037
2011-11-06 18:15:05,68710.572652
2011-11-07 18:15:05,53845.9593368
2011-11-08 18:15:05,255153.176354
2011-11-09 18:15:05,195261.768901
2011-11-10 18:15:05,88246.8501078
2011-11-11 18:15:05,121758.577104
2011-11-12 18:15:05,149387.097607
2011-11-13 18:15:05,39810.3551853
2011-11-14 18:15:05,1047522.76823
2011-11-15 18:15:05,333163.425185
2011-11-16 18:15:05,101963.934889
2011-11-17 18:15:05,380780.16171
2011-11-18 18:15:05,99253.8001565
2011-11-19 18:15:05,348626.477469
2011-11-20 18:15:05,256401.036622
2011-11-21 18:15:05,110200.999205
2011-11-22 18:15:05,112267.632459
2011-11-23 18:15:05,104758.997236
2011-11-24 18:15:05,132862.116457
2011-11-25 18:15:05,207195.986195
2011-11-26 18:15:05,161761.781733
2011-11-27 18:15:05,64291.6382679
2011-11-28 18:15:05,128670.557007
2011-11-29 18:15:05,560597.273147
2011-11-30 18:15:05,302525.591897
2011-12-01 18:15:05,360947.275796
2011-12-02 18:15:05,215031.277817
2011-12-03 18:15:05,279870.273191
2011-12-04 18:15:05,432545.74342
2011-12-05 18:15:05,132611.52254
2011-12-06 18:15:05,192633.827981
2011-12-07 18:15:05,197024.805601
2011-12-08 18:15:05,140165.843317
2011-12-09 18:15:05,135255.898761
2011-12-10 18:15:05,176107.962598
2011-12-11 18:15:05,455091.767488
2011-12-12 18:15:05,189891.384333
2011-12-13 18:15:05,118072.734755
2011-12-14 18:15:05,254484.352155
2011-12-15 18:15:05,74118.0456674
2011-12-16 18:15:05,182288.19456
2011-12-17 18:15:05,70908.4371106
2011-12-18 18:15:05,53711.2842767
2011-12-19 18:15:05,510063.277349
2011-12-20 18:15:05,662323.373816
2011-12-21 18:15:05,418278.253995
2011-12-22 18:15:05,257009.433073
2011-12-23 18:15:05,118547.041078
2011-12-24 18:15:05,72107.9587901
2011-12-25 18:15:05,350822.337749
2011-12-26 18:15:05,419204.353023
2011-12-27 18:15:05,153015.192383
2011-12-28 18:15:05,165417.159031
2011-12-29 18:15:05,307207.518708
2011-12-30 18:15:05,184602.216423
2011-12-31 18:15:05,648541.697417
2012-01-01 18:15:05,426262.035271
2012-01-02 18:15:05,594783.344525
2012-01-03 18:15:05,557476.602318
2012-01-04 18:15:05,473018.599717
2012-01-05 18:15:05,1054656.81813
2012-01-06 18:15:05,1888020.11586
2012-01-07 18:15:05,484924.266891
2012-01-08 18:15:05,428239.435131
2012-01-09 18:15:05,935777.458691
2012-01-10 18:15:05,848166.172425
2012-01-11 18:15:05,841167.10546
2012-01-12 18:15:05,909030.295354
2012-01-13 18:15:05,452370.556915
2012-01-14 18:15:05,781797.291696
2012-01-15 18:15:05,608385.040367
2012-01-16 18:15:05,742853.822772
2012-01-17 18:15:05,929941.520538
2012-01-18 18:15:05,2327006.60673
2012-01-19 18:15:05,730224.229471
2012-01-20 18:15:05,601985.154708
2012-01-21 18:15:05,446998.407757
2012-01-22 18:15:05,220711.106262
2012-01-23 18:15:05,259120.972559
2012-01-24 18:15:05,211725.841247
2012-01-25 18:15:05,529706.301226
2012-01-26 18:15:05,996019.80095
2012-01-27 18:15:05,825301.832351
2012-01-28 18:15:05,531539.450065
2012-01-29 18:15:05,299939.361315
2012-01-30 18:15:05,281662.550121
2012-01-31 18:15:05,222331.809498
2012-02-01 18:15:05,281803.063454
2012-02-02 18:15:05,858000.309899
2012-02-03 18:15:05,399486.449796
2012-02-04 18:15:05,151418.289155
2012-02-05 18:15:05,703127.204421
2012-02-06 18:15:05,388811.42951
2012-02-07 18:15:05,499825.872085
2012-02-08 18:15:05,1410604.19028
2012-02-09 18:15:05,390715.046567
2012-02-10 18:15:05,501592.274771
2012-02-11 18:15:05,166725.347325
2012-02-12 18:15:05,605923.158767
2012-02-13 18:15:05,1150509.00459
2012-02-14 18:15:05,1595943.96728
2012-02-15 18:15:05,606265.920409
2012-02-16 18:15:05,1022854.93167
2012-02-17 18:15:05,689769.489315
2012-02-18 18:15:05,325162.164411
2012-02-19 18:15:05,157343.745691
2012-02-20 18:15:05,279579.973522
2012-02-21 18:15:05,199367.959757
2012-02-22 18:15:05,382274.63639
2012-02-23 18:15:05,681747.658978
2012-02-24 18:15:05,682550.977289
2012-02-25 18:15:05,338506.455315
2012-02-26 18:15:05,390657.302719
2012-02-27 18:15:05,244820.335916
2012-02-28 18:15:05,269874.599328
2012-02-29 18:15:05,209114.020032
2012-03-01 18:15:05,192357.785619
2012-03-02 18:15:05,673421.518843
2012-03-03 18:15:05,197621.937436
2012-03-04 18:15:05,210428.503019
2012-03-05 18:15:05,387615.242624
2012-03-06 18:15:05,208535.282091
2012-03-07 18:15:05,243593.749918
2012-03-08 18:15:05,253573.622211
2012-03-09 18:15:05,202271.818468
2012-03-10 18:15:05,170994.419871
2012-03-11 18:15:05,202433.022814
2012-03-12 18:15:05,111077.907704
2012-03-13 18:15:05,616879.766344
2012-03-14 18:15:05,373636.887535
2012-03-15 18:15:05,260320.838894
2012-03-16 18:15:05,162261.126921
2012-03-17 18:15:05,149637.957297
2012-03-18 18:15:05,212994.983972
2012-03-19 18:15:05,501626.309373
2012-03-20 18:15:05,763389.52049
2012-03-21 18:15:05,246229.48822
2012-03-22 18:15:05,183497.031828
2012-03-23 18:15:05,335345.642284
2012-03-24 18:15:05,214667.030354
2012-03-25 18:15:05,310873.445415
2012-03-26 18:15:05,330843.537977
2012-03-27 18:15:05,282240.280127
2012-03-28 18:15:05,247231.876076
2012-03-29 18:15:05,186601.091402
2012-03-30 18:15:05,163903.618157
2012-03-31 18:15:05,239657.365403
2012-04-01 18:15:05,174322.463399
2012-04-02 18:15:05,363920.435727
2012-04-03 18:15:05,347947.19866
2012-04-04 18:15:05,305609.316704
2012-04-05 18:15:05,181999.040944
2012-04-06 18:15:05,249517.872009
2012-04-07 18:15:05,410663.8892
2012-04-08 18:15:05,268961.962356
2012-04-09 18:15:05,124253.243918
2012-04-10 18:15:05,279791.163535
2012-04-11 18:15:05,211884.238374
2012-04-12 18:15:05,326390.791102
2012-04-13 18:15:05,393935.342303
2012-04-14 18:15:05,453609.726954
2012-04-15 18:15:05,142891.622208
2012-04-16 18:15:05,143852.478345
2012-04-17 18:15:05,162666.85324
2012-04-18 18:15:05,415769.625447
2012-04-19 18:15:05,208230.251141
2012-04-20 18:15:05,251079.271135
2012-04-21 18:15:05,666085.012791
2012-04-22 18:15:05,177455.107444
2012-04-23 18:15:05,175572.355384
2012-04-24 18:15:05,440369.959388
2012-04-25 18:15:05,200035.852952
2012-04-26 18:15:05,312026.861147
2012-04-27 18:15:05,145131.760091
2012-04-28 18:15:05,479852.201416
2012-04-29 18:15:05,110804.128092
2012-04-30 18:15:05,228062.885151
2012-05-01 18:15:05,190453.785172
2012-05-02 18:15:05,510833.583157
2012-05-03 18:15:05,205678.083432
2012-05-04 18:15:05,170522.155599
2012-05-05 18:15:05,164735.277546
2012-05-06 18:15:05,88451.0678183
2012-05-07 18:15:05,211685.067183
2012-05-08 18:15:05,354303.677863
2012-05-09 18:15:05,201085.750076
2012-05-10 18:15:05,197645.357425
2012-05-11 18:15:05,419431.883591
2012-05-12 18:15:05,163632.629202
2012-05-13 18:15:05,93828.2345516
2012-05-14 18:15:05,216470.671448
2012-05-15 18:15:05,208556.216219
2012-05-16 18:15:05,282259.95375
2012-05-17 18:15:05,249436.723394
2012-05-18 18:15:05,270743.79299
2012-05-19 18:15:05,148239.480876
2012-05-20 18:15:05,91465.9003368
2012-05-21 18:15:05,117273.323899
2012-05-22 18:15:05,222442.350259
2012-05-23 18:15:05,311516.23766
2012-05-24 18:15:05,173979.998276
2012-05-25 18:15:05,103589.31678
2012-05-26 18:15:05,108596.391819
2012-05-27 18:15:05,95369.822717
2012-05-28 18:15:05,121688.880643
2012-05-29 18:15:05,314474.678927
2012-05-30 18:15:05,184107.148116
2012-05-31 18:15:05,199788.736937
2012-06-01 18:15:05,248544.550774
2012-06-02 18:15:05,115503.908897
2012-06-03 18:15:05,65399.8309422
2012-06-04 18:15:05,206747.034061
2012-06-05 18:15:05,512115.509471
2012-06-06 18:15:05,152083.653544
2012-06-07 18:15:05,290691.925157
2012-06-08 18:15:05,318157.810707
2012-06-09 18:15:05,164232.196464
2012-06-10 18:15:05,195814.146323
2012-06-11 18:15:05,208158.730697
2012-06-12 18:15:05,432563.429841
2012-06-13 18:15:05,354203.393366
2012-06-14 18:15:05,229663.622476
2012-06-15 18:15:05,312361.653408
2012-06-16 18:15:05,649100.09516
2012-06-17 18:15:05,162965.592976
2012-06-18 18:15:05,419938.025059
2012-06-19 18:15:05,307427.032909
2012-06-20 18:15:05,344185.597992
2012-06-21 18:15:05,406421.8574
2012-06-22 18:15:05,399950.888882
2012-06-23 18:15:05,159049.371294
2012-06-24 18:15:05,210829.486988
2012-06-25 18:15:05,359578.59323
2012-06-26 18:15:05,353169.234178
2012-06-27 18:15:05,228544.039315
2012-06-28 18:15:05,333193.569777
2012-06-29 18:15:05,180993.137266
2012-06-30 18:15:05,155703.311121
2012-07-01 18:15:05,156167.13193
2012-07-02 18:15:05,164969.804097
2012-07-03 18:15:05,477182.244209
2012-07-04 18:15:05,250947.418686
2012-07-05 18:15:05,270718.721892
2012-07-06 18:15:05,242774.801427
2012-07-07 18:15:05,198336.565287
2012-07-08 18:15:05,291591.984628
2012-07-09 18:15:05,227316.582666
2012-07-10 18:15:05,588869.641088
2012-07-11 18:15:05,375530.223268
2012-07-12 18:15:05,251974.99431
2012-07-13 18:15:05,748966.056105
2012-07-14 18:15:05,174250.085313
2012-07-15 18:15:05,145251.824347
2012-07-16 18:15:05,608643.124166
2012-07-17 18:15:05,2217552.05266
2012-07-18 18:15:05,1061472.88351
2012-07-19 18:15:05,433033.304433
2012-07-20 18:15:05,1453495.00949
2012-07-21 18:15:05,1350688.65446
2012-07-22 18:15:05,300378.076041
2012-07-23 18:15:05,1236244.41226
2012-07-24 18:15:05,398218.93949
2012-07-25 18:15:05,350256.933479
2012-07-26 18:15:05,593481.536107
2012-07-27 18:15:05,237103.603393
2012-07-28 18:15:05,194334.796007
2012-07-29 18:15:05,90202.6001398
2012-07-30 18:15:05,405296.121057
2012-07-31 18:15:05,695638.695739
2012-08-01 18:15:05,550479.324363
2012-08-02 18:15:05,528962.919603
2012-08-03 18:15:05,1553677.20546
2012-08-04 18:15:05,614373.120353
2012-08-05 18:15:05,575889.60323
2012-08-06 18:15:05,709410.202492
2012-08-07 18:15:05,470601.086137
2012-08-08 18:15:05,461723.277451
2012-08-09 18:15:05,915898.372534
2012-08-10 18:15:05,892905.801486
2012-08-11 18:15:05,367448.180524
2012-08-12 18:15:05,289226.208641
2012-08-13 18:15:05,389537.215568
2012-08-14 18:15:05,743549.812671
2012-08-15 18:15:05,661329.759446
2012-08-16 18:15:05,1506129.01085
2012-08-17 18:15:05,1444851.12853
2012-08-18 18:15:05,3208627.49691
2012-08-19 18:15:05,1976252.30007
2012-08-20 18:15:05,2746175.55591
2012-08-21 18:15:05,730786.46907
2012-08-22 18:15:05,704257.314464
2012-08-23 18:15:05,641114.69518
2012-08-24 18:15:05,471155.051966
2012-08-25 18:15:05,471155.051966
2012-08-26 18:15:05,339698.647247
2012-08-27 18:15:05,1638081.55274
2012-08-28 18:15:05,866531.597853
2012-08-29 18:15:05,689356.925143
2012-08-30 18:15:05,423186.059598
2012-08-31 18:15:05,392090.091401
2012-09-01 18:15:05,601947.78151
2012-09-02 18:15:05,199716.417663
2012-09-03 18:15:05,273077.817642
2012-09-04 18:15:05,356674.559583
2012-09-05 18:15:05,282718.707795
2012-09-06 18:15:05,958222.082559
2012-09-07 18:15:05,526861.52831
2012-09-08 18:15:05,339342.782875
2012-09-09 18:15:05,182659.274108
2012-09-10 18:15:05,407288.704718
2012-09-11 18:15:05,419908.004156
2012-09-12 18:15:05,909612.286282
2012-09-13 18:15:05,332370.471486
2012-09-14 18:15:05,472220.133219
2012-09-15 18:15:05,251851.828784
2012-09-16 18:15:05,377179.016987
2012-09-17 18:15:05,268742.536562
2012-09-18 18:15:05,380144.873742
2012-09-19 18:15:05,583585.795057
2012-09-20 18:15:05,382997.57666
2012-09-21 18:15:05,544746.58064
2012-09-22 18:15:05,215428.568342
2012-09-23 18:15:05,446867.44084
2012-09-24 18:15:05,305509.055478
2012-09-25 18:15:05,311960.865388
2012-09-26 18:15:05,270621.574509
2012-09-27 18:15:05,274687.25421
2012-09-28 18:15:05,323116.947437
2012-09-29 18:15:05,258006.809953
2012-09-30 18:15:05,106842.118101
2012-10-01 18:15:05,235193.565784
2012-10-02 18:15:05,600613.753164
2012-10-03 18:15:05,439467.30062
2012-10-04 18:15:05,420087.957022
2012-10-05 18:15:05,518737.52783
2012-10-06 18:15:05,239066.39415
2012-10-07 18:15:05,801645.479648
2012-10-08 18:15:05,1197548.75805
2012-10-09 18:15:05,641399.259021
2012-10-10 18:15:05,335935.723571
2012-10-11 18:15:05,281366.82658
2012-10-12 18:15:05,247404.648891
2012-10-13 18:15:05,174942.482024
2012-10-14 18:15:05,158414.651127
2012-10-15 18:15:05,381814.938062
2012-10-16 18:15:05,273315.255713
2012-10-17 18:15:05,509839.909836
2012-10-18 18:15:05,265629.139993
2012-10-19 18:15:05,303574.501237
2012-10-20 18:15:05,279328.467555
2012-10-21 18:15:05,119816.020632
2012-10-22 18:15:05,363254.837564
2012-10-23 18:15:05,554136.574263
2012-10-24 18:15:05,554812.750581
2012-10-25 18:15:05,767514.056473
2012-10-26 18:15:05,1097740.37495
2012-10-27 18:15:05,760130.114936
2012-10-28 18:15:05,171520.107488
2012-10-29 18:15:05,475257.612809
2012-10-30 18:15:05,262587.573783
2012-10-31 18:15:05,388650.382908
2012-11-01 18:15:05,362027.444785
2012-11-02 18:15:05,579616.606348
2012-11-03 18:15:05,173907.599918
2012-11-04 18:15:05,124956.25925
2012-11-05 18:15:05,290173.562191
2012-11-06 18:15:05,255683.318325
2012-11-07 18:15:05,371817.893804
2012-11-08 18:15:05,292598.657225
2012-11-09 18:15:05,201205.421012
2012-11-10 18:15:05,155136.110301
2012-11-11 18:15:05,122909.430541
2012-11-12 18:15:05,446622.788449
2012-11-13 18:15:05,183274.895345
2012-11-14 18:15:05,153309.856518
2012-11-15 18:15:05,309778.412311
2012-11-16 18:15:05,800300.483125
2012-11-17 18:15:05,273967.36353
2012-11-18 18:15:05,185891.6868
2012-11-19 18:15:05,251963.013766
2012-11-20 18:15:05,339193.419221
2012-11-21 18:15:05,238923.452636
2012-11-22 18:15:05,632633.311348
2012-11-23 18:15:05,296374.42633
2012-11-24 18:15:05,273890.923938
2012-11-25 18:15:05,311167.173914
2012-11-26 18:15:05,279963.662925
2012-11-27 18:15:05,560148.264965
2012-11-28 18:15:05,389726.803117
2012-11-29 18:15:05,327242.549663
2012-11-30 18:15:05,331048.971461
2012-12-01 18:15:05,209191.991172
2012-12-02 18:15:05,172804.675035
2012-12-03 18:15:05,318586.58009
2012-12-04 18:15:05,453902.331796
2012-12-05 18:15:05,767885.293689
2012-12-06 18:15:05,421549.667703
2012-12-07 18:15:05,641634.975539
2012-12-08 18:15:05,229543.826137
2012-12-09 18:15:05,365629.40444
2012-12-10 18:15:05,332645.708986
2012-12-11 18:15:05,371502.935643
2012-12-12 18:15:05,371502.935643
2012-12-13 18:15:05,481292.800872
2012-12-14 18:15:05,593435.396683
2012-12-15 18:15:05,623933.435799
2012-12-16 18:15:05,271442.248372
2012-12-17 18:15:05,1052793.85128
2012-12-18 18:15:05,382479.855314
2012-12-19 18:15:05,358371.292039
2012-12-20 18:15:05,576443.671468
2012-12-21 18:15:05,392136.452155
2012-12-22 18:15:05,255538.450503
2012-12-23 18:15:05,302820.620277
2012-12-24 18:15:05,217806.809791
2012-12-25 18:15:05,205264.915534
2012-12-26 18:15:05,150826.746645
2012-12-27 18:15:05,261103.300518
2012-12-28 18:15:05,295265.031557
2012-12-29 18:15:05,461475.753364
2012-12-30 18:15:05,91013.4353746
2012-12-31 18:15:05,245873.589133
2013-01-01 18:15:05,385760.190995
2013-01-02 18:15:05,185387.359079
2013-01-03 18:15:05,289720.324444
2013-01-04 18:15:05,324014.732335
2013-01-05 18:15:05,330088.300961
2013-01-06 18:15:05,221086.872899
2013-01-07 18:15:05,236739.788516
2013-01-08 18:15:05,642299.332015
2013-01-09 18:15:05,413792.028281
2013-01-10 18:15:05,590919.725997
2013-01-11 18:15:05,525216.270545
2013-01-12 18:15:05,635707.836607
2013-01-13 18:15:05,485825.84916
2013-01-14 18:15:05,321845.760168
2013-01-15 18:15:05,729209.732247
2013-01-16 18:15:05,571175.702862
2013-01-17 18:15:05,817603.172092
2013-01-18 18:15:05,1083797.5313
2013-01-19 18:15:05,724143.974082
2013-01-20 18:15:05,436124.63056
2013-01-21 18:15:05,937247.655082
2013-01-22 18:15:05,1000932.63082
2013-01-23 18:15:05,930942.435008
2013-01-24 18:15:05,1933937.43764
2013-01-25 18:15:05,2793933.84383
2013-01-26 18:15:05,620998.956208
2013-01-27 18:15:05,586354.508299
2013-01-28 18:15:05,709883.614571
2013-01-29 18:15:05,1886961.87577
2013-01-30 18:15:05,985244.232915
2013-01-31 18:15:05,1882737.7459
2013-02-01 18:15:05,1100175.27516
2013-02-02 18:15:05,1940971.18847
2013-02-03 18:15:05,689759.293699
2013-02-04 18:15:05,933639.857834
2013-02-05 18:15:05,775701.455689
2013-02-06 18:15:05,1122279.7016
2013-02-07 18:15:05,1206092.74153
2013-02-08 18:15:05,1206092.74153
2013-02-09 18:15:05,891576.985849
2013-02-10 18:15:05,1258169.45211
2013-02-11 18:15:05,751784.868632
2013-02-12 18:15:05,1437994.43301
2013-02-13 18:15:05,2220697.25163
2013-02-14 18:15:05,3899267.07286
2013-02-15 18:15:05,1942356.96062
2013-02-16 18:15:05,764706.205193
2013-02-17 18:15:05,1537991.91539
2013-02-18 18:15:05,1154477.32515
2013-02-19 18:15:05,2571787.89393
2013-02-20 18:15:05,1461527.9526
2013-02-21 18:15:05,1001237.39491
2013-02-22 18:15:05,1711160.76818
2013-02-23 18:15:05,2413130.02195
2013-02-24 18:15:05,764548.494173
2013-02-25 18:15:05,867820.909672
2013-02-26 18:15:05,1311639.59169
2013-02-27 18:15:05,895089.215779
2013-02-28 18:15:05,3268705.11969
2013-03-01 18:15:05,2266380.42287
2013-03-02 18:15:05,1600542.14047
2013-03-03 18:15:05,387798.656125
2013-03-04 18:15:05,1487782.64641
2013-03-05 18:15:05,3211122.92668
2013-03-06 18:15:05,5075535.41732
2013-03-07 18:15:05,7412289.28992
2013-03-08 18:15:05,7490189.54791
2013-03-09 18:15:05,2242168.31805
2013-03-10 18:15:05,1373787.19226
2013-03-11 18:15:05,2204674.39552
2013-03-12 18:15:05,7709790.44815
2013-03-13 18:15:05,2811125.16038
2013-03-14 18:15:05,1958836.30111
2013-03-15 18:15:05,862012.776554
2013-03-16 18:15:05,933449.069241
2013-03-17 18:15:05,674530.174884
2013-03-18 18:15:05,902913.046981
2013-03-19 18:15:05,8356380.37053
2013-03-20 18:15:05,5289891.83875
2013-03-21 18:15:05,7188542.11769
2013-03-22 18:15:05,4745058.65584
2013-03-23 18:15:05,10134180.3278
2013-03-24 18:15:05,3429027.0366
2013-03-25 18:15:05,5786993.34377
2013-03-26 18:15:05,4670702.29584
2013-03-27 18:15:05,6389386.81038
2013-03-28 18:15:05,5920328.80281
2013-03-29 18:15:05,13835892.2302
2013-03-30 18:15:05,4521524.95383
2013-03-31 18:15:05,1725894.6495
2013-04-01 18:15:05,7892510.74379
2013-04-02 18:15:05,8000595.47089
2013-04-03 18:15:05,17880111.1248
2013-04-04 18:15:05,16606910.6555
2013-04-05 18:15:05,9283812.07017
2013-04-06 18:15:05,4643979.47591
2013-04-07 18:15:05,8255439.50007
2013-04-08 18:15:05,18309092.0797
2013-04-09 18:15:05,25430811.2754
2013-04-10 18:15:05,19372605.4505
2013-04-11 18:15:05,29346237.8449
2013-04-12 18:15:05,31760658.9344
2013-04-13 18:15:05,34970447.034
2013-04-14 18:15:05,25602974.7685
2013-04-15 18:15:05,25602974.7685
2013-04-16 18:15:05,25602974.7685
2013-04-17 18:15:05,27350449.773
2013-04-18 18:15:05,14647188.4457
2013-04-19 18:15:05,38613495.9087
2013-04-20 18:15:05,6680545.51208
2013-04-21 18:15:05,12799768.4921
2013-04-22 18:15:05,10898151.5008
2013-04-23 18:15:05,12551729.743
2013-04-24 18:15:05,33655839.3436
2013-04-25 18:15:05,16725092.0799
2013-04-26 18:15:05,32935614.4881
2013-04-27 18:15:05,6037557.54177
2013-04-28 18:15:05,6094606.38614
2013-04-29 18:15:05,9777728.43625
2013-04-30 18:15:05,7055592.91411
2013-05-01 18:15:05,12473986.7954
2013-05-02 18:15:05,30499232.3592
2013-05-03 18:15:05,24562503.6727
2013-05-04 18:15:05,15874162.4357
2013-05-05 18:15:05,10847146.7046
2013-05-06 18:15:05,12440874.3704
2013-05-07 18:15:05,17186242.9536
2013-05-08 18:15:05,9983220.03191
2013-05-09 18:15:05,6429884.36065
2013-05-10 18:15:05,8813667.15711
2013-05-11 18:15:05,3080022.31514
2013-05-12 18:15:05,2987755.49073
2013-05-13 18:15:05,2818145.99844
2013-05-14 18:15:05,3016444.63201
2013-05-15 18:15:05,19896442.9489
2013-05-16 18:15:05,4649132.30664
2013-05-17 18:15:05,9881054.59942
2013-05-18 18:15:05,4669566.86334
2013-05-19 18:15:05,2250100.79358
2013-05-20 18:15:05,1983151.42975
2013-05-21 18:15:05,1779133.8849
2013-05-22 18:15:05,2099132.00296
2013-05-23 18:15:05,2969063.3073
2013-05-24 18:15:05,4850475.80115
2013-05-25 18:15:05,3838889.33767
2013-05-26 18:15:05,3067074.3832
2013-05-27 18:15:05,2246642.66472
2013-05-28 18:15:05,6738126.22323
2013-05-29 18:15:05,1618565.51387
2013-05-30 18:15:05,2792371.23183
2013-05-31 18:15:05,2835243.23382
2013-06-01 18:15:05,1577293.26163
2013-06-02 18:15:05,11628005.8376
2013-06-03 18:15:05,3461730.31113
2013-06-04 18:15:05,2955801.57582
2013-06-05 18:15:05,1779222.8639
2013-06-06 18:15:05,1887393.32593
2013-06-07 18:15:05,7662141.61041
2013-06-08 18:15:05,2521636.93457
2013-06-09 18:15:05,12718662.3258
2013-06-10 18:15:05,8842004.389
2013-06-11 18:15:05,1603831.4172
2013-06-12 18:15:05,2009336.53246
2013-06-13 18:15:05,1087043.74903
2013-06-14 18:15:05,5432334.34644
2013-06-15 18:15:05,2183767.39987
2013-06-16 18:15:05,1265613.59536
2013-06-17 18:15:05,1345147.55816
2013-06-18 18:15:05,5609934.2304
2013-06-19 18:15:05,2853373.54561
2013-06-20 18:15:05,4122616.9296
2013-06-21 18:15:05,4817673.75793
2013-06-22 18:15:05,938452.83586
2013-06-23 18:15:05,1154882.48106
2013-06-24 18:15:05,2653919.49653
2013-06-25 18:15:05,9346237.41777
2013-06-26 18:15:05,1912907.61399
2013-06-27 18:15:05,963621.00967
2013-06-28 18:15:05,3870268.17574
2013-06-29 18:15:05,3298354.37503
2013-06-30 18:15:05,1259368.36803
2013-07-01 18:15:05,3447066.13603
2013-07-02 18:15:05,3523000.56366
2013-07-03 18:15:05,3466577.65238
2013-07-04 18:15:05,7595580.48181
2013-07-05 18:15:05,3952252.56831
2013-07-06 18:15:05,4894711.2926
2013-07-07 18:15:05,2220238.98174
2013-07-08 18:15:05,5452234.26753
2013-07-09 18:15:05,2111352.4503
2013-07-10 18:15:05,1867056.47291
2013-07-11 18:15:05,6439647.31053
2013-07-12 18:15:05,9287658.69451
2013-07-13 18:15:05,3785155.40561
2013-07-14 18:15:05,1661401.50583
2013-07-15 18:15:05,3291606.71968
2013-07-16 18:15:05,1786082.59685
2013-07-17 18:15:05,1550144.17905
2013-07-18 18:15:05,5153881.69827
2013-07-19 18:15:05,2080220.95898
2013-07-20 18:15:05,1310049.7982
2013-07-21 18:15:05,931799.772368
2013-07-22 18:15:05,693136.370917
2013-07-23 18:15:05,2348345.51174
2013-07-24 18:15:05,1106993.52391
2013-07-25 18:15:05,2223482.50136
2013-07-26 18:15:05,1117117.72227
2013-07-27 18:15:05,1441169.90752
2013-07-28 18:15:05,3179627.37552
2013-07-29 18:15:05,3138902.23092
2013-07-30 18:15:05,1518599.56058
2013-07-31 18:15:05,5807821.22601
2013-08-01 18:15:05,1611370.63666
2013-08-02 18:15:05,2975372.91962
2013-08-03 18:15:05,847828.085755
2013-08-04 18:15:05,542437.000041
2013-08-05 18:15:05,1724175.69424
2013-08-06 18:15:05,1133582.42176
2013-08-07 18:15:05,931663.625241
2013-08-08 18:15:05,2045846.96846
2013-08-09 18:15:05,1338741.04314
2013-08-10 18:15:05,510114.187395
2013-08-11 18:15:05,575449.689988
2013-08-12 18:15:05,820406.742112
2013-08-13 18:15:05,2483614.52471
2013-08-14 18:15:05,2073928.98617
2013-08-15 18:15:05,1071052.50588
2013-08-16 18:15:05,808676.273788
2013-08-17 18:15:05,524028.044985
2013-08-18 18:15:05,494040.7063
2013-08-19 18:15:05,1879331.07289
2013-08-20 18:15:05,1250208.59202
2013-08-21 18:15:05,2178352.13823
2013-08-22 18:15:05,1576756.03376
2013-08-23 18:15:05,1310236.09211
2013-08-24 18:15:05,483357.366862
2013-08-25 18:15:05,927782.878554
2013-08-26 18:15:05,974240.889234
2013-08-27 18:15:05,2393060.75745
2013-08-28 18:15:05,1313735.33897
2013-08-29 18:15:05,1231358.90848
2013-08-30 18:15:05,1673618.20412
2013-08-31 18:15:05,2420599.19249
2013-09-01 18:15:05,1836451.86975
2013-09-02 18:15:05,1084020.80584
2013-09-03 18:15:05,1577335.62095
2013-09-04 18:15:05,999690.993922
2013-09-05 18:15:05,3558189.52271
2013-09-06 18:15:05,1671586.6833
2013-09-07 18:15:05,2058154.91245
2013-09-08 18:15:05,630089.545296
2013-09-09 18:15:05,2081076.57097
2013-09-10 18:15:05,1957413.76108
2013-09-11 18:15:05,1793640.21043
2013-09-12 18:15:05,2101228.44006
2013-09-13 18:15:05,1305675.03608
2013-09-14 18:15:05,1014870.3305
2013-09-15 18:15:05,842965.754458
2013-09-16 18:15:05,965474.808713
2013-09-17 18:15:05,972721.506979
2013-09-18 18:15:05,1290734.81278
2013-09-19 18:15:05,1706707.80877
2013-09-20 18:15:05,1354933.8525
2013-09-21 18:15:05,636144.729908
2013-09-22 18:15:05,384291.605672
2013-09-23 18:15:05,915463.099011
2013-09-24 18:15:05,827226.364047
2013-09-25 18:15:05,1274036.49861
2013-09-26 18:15:05,958266.789783
2013-09-27 18:15:05,1434695.69236
2013-09-28 18:15:05,1090006.24896
2013-09-29 18:15:05,658253.627127
2013-09-30 18:15:05,1537778.5039
2013-10-01 18:15:05,1034453.54212
2013-10-02 18:15:05,3104396.21312
2013-10-03 18:15:05,6188639.16594
2013-10-04 18:15:05,2011481.35049
2013-10-05 18:15:05,489851.782103
2013-10-06 18:15:05,459914.165312
2013-10-07 18:15:05,781361.648147
2013-10-08 18:15:05,1596909.12498
2013-10-09 18:15:05,2490305.30906
2013-10-10 18:15:05,2005791.73512
2013-10-11 18:15:05,992198.89365
2013-10-12 18:15:05,876363.146946
2013-10-13 18:15:05,1081240.49114
2013-10-14 18:15:05,3557089.21856
2013-10-15 18:15:05,1768501.45934
2013-10-16 18:15:05,4398511.61939
2013-10-17 18:15:05,2913283.14301
2013-10-18 18:15:05,3425207.87897
2013-10-19 18:15:05,6187881.4694
2013-10-20 18:15:05,1268467.9714
2013-10-21 18:15:05,4684998.81486
2013-10-22 18:15:05,8169910.69914
2013-10-23 18:15:05,4871058.71447
2013-10-24 18:15:05,10689265.3273
2013-10-25 18:15:05,5866632.75407
2013-10-26 18:15:05,2772752.64286
2013-10-27 18:15:05,1077352.42452
2013-10-28 18:15:05,2704981.01432
2013-10-29 18:15:05,2939387.24423
2013-10-30 18:15:05,4753775.27892
2013-10-31 18:15:05,3547390.00192
2013-11-01 18:15:05,1585174.84615
2013-11-02 18:15:05,1425709.17887
2013-11-03 18:15:05,1484220.30695
2013-11-04 18:15:05,5415906.61934
2013-11-05 18:15:05,8262453.12977
2013-11-06 18:15:05,13307470.0993
2013-11-07 18:15:05,13309556.2116
2013-11-08 18:15:05,14089013.9337
2013-11-09 18:15:05,14477171.7642
2013-11-10 18:15:05,20053910.8409
2013-11-11 18:15:05,11509222.6051
2013-11-12 18:15:05,6827828.83166
2013-11-13 18:15:05,13932937.4012
2013-11-14 18:15:05,13310930.6322
2013-11-15 18:15:05,10680850.9369
2013-11-16 18:15:05,13206368.4702
2013-11-17 18:15:05,9467000.46135
2013-11-18 18:15:05,26396846.1667
2013-11-19 18:15:05,51468001.2852
2013-11-20 18:15:05,29401413.7641
2013-11-21 18:15:05,27820861.9278
2013-11-22 18:15:05,20545165.6326
2013-11-23 18:15:05,17943616.9462
2013-11-24 18:15:05,16913925.9398
2013-11-25 18:15:05,10870023.1517
2013-11-26 18:15:05,27112782.8655
2013-11-27 18:15:05,28005244.2108
2013-11-28 18:15:05,41250395.8812
2013-11-29 18:15:05,25685288.7203
2013-11-30 18:15:05,17773842.4348
2013-12-01 18:15:05,26557474.5699
2013-12-02 18:15:05,62569704.1613
2013-12-03 18:15:05,16889510.1006
2013-12-04 18:15:05,14221497.1382
2013-12-05 18:15:05,56082558.2788
2013-12-06 18:15:05,28473416.6056
2013-12-07 18:15:05,71950734.3038
2013-12-08 18:15:05,19251155.3373
2013-12-09 18:15:05,26254647.3335
2013-12-10 18:15:05,18923485.8446
2013-12-11 18:15:05,30884927.5888
2013-12-12 18:15:05,13702449.4518
2013-12-13 18:15:05,13658135.9123
2013-12-14 18:15:05,7165449.73387
2013-12-15 18:15:05,9690220.09601
2013-12-16 18:15:05,18628897.8591
2013-12-17 18:15:05,49864735.0759
2013-12-18 18:15:05,72050489.2357
2013-12-19 18:15:05,42939133.9339
2013-12-20 18:15:05,20692457.0756
2013-12-21 18:15:05,21561556.7352
2013-12-22 18:15:05,11309057.6955
2013-12-23 18:15:05,7094014.16869
2013-12-24 18:15:05,10227927.1773
2013-12-25 18:15:05,3671203.11505
2013-12-26 18:15:05,14586203.7083
2013-12-27 18:15:05,17031135.9975
2013-12-28 18:15:05,8684724.90288
2013-12-29 18:15:05,5709053.23116
2013-12-30 18:15:05,6175352.43235
2013-12-31 18:15:05,5888482.5625
2014-01-01 18:15:05,6136683.50782
2014-01-02 18:15:05,5773483.61987
2014-01-03 18:15:05,15945573.4398
2014-01-04 18:15:05,10067025.947
2014-01-05 18:15:05,17461277.5848
2014-01-06 18:15:05,26853239.5657
2014-01-07 18:15:05,19755518.7575
2014-01-08 18:15:05,32434576.7738
2014-01-09 18:15:05,13678077.9012
2014-01-10 18:15:05,15341573.7808
2014-01-11 18:15:05,16675962.3576
2014-01-12 18:15:05,11171979.1911
2014-01-13 18:15:05,13419687.1286
2014-01-14 18:15:05,10036413.3526
2014-01-15 18:15:05,10885454.7419
2014-01-16 18:15:05,6073510.13809
2014-01-17 18:15:05,11288488.3849
2014-01-18 18:15:05,8248056.82498
2014-01-19 18:15:05,6486746.49701
2014-01-20 18:15:05,5465133.5047
2014-01-21 18:15:05,6338548.32152
2014-01-22 18:15:05,6932278.28644
2014-01-23 18:15:05,6127909.38343
2014-01-24 18:15:05,11907988.6782
2014-01-25 18:15:05,6997182.45858
2014-01-26 18:15:05,8807290.49676
2014-01-27 18:15:05,11258300.0426
2014-01-28 18:15:05,23185647.7315
2014-01-29 18:15:05,6658715.05302
2014-01-30 18:15:05,10211352.2942
2014-01-31 18:15:05,6958858.42833
2014-02-01 18:15:05,5947538.11696
2014-02-02 18:15:05,3673585.2792
2014-02-03 18:15:05,4536817.25875
2014-02-04 18:15:05,5454760.45392
2014-02-05 18:15:05,4349131.19077
2014-02-06 18:15:05,15753523.0392
2014-02-07 18:15:05,49852548.5038
2014-02-08 18:15:05,8449899.91139
2014-02-09 18:15:05,12373413.3157
2014-02-10 18:15:05,45281410.3927
2014-02-11 18:15:05,17486897.8311
2014-02-12 18:15:05,23622517.1702
2014-02-13 18:15:05,10326596.2939
2014-02-14 18:15:05,51070232.986
2014-02-15 18:15:05,14306450.6178
2014-02-16 18:15:05,12215850.5495
2014-02-17 18:15:05,18743382.2611
2014-02-18 18:15:05,10145711.0721
2014-02-19 18:15:05,4100506.09185
2014-02-20 18:15:05,17953764.6632
2014-02-21 18:15:05,21045093.3134
2014-02-22 18:15:05,10942027.0023
2014-02-23 18:15:05,11013569.0711
2014-02-24 18:15:05,25554791.2104
2014-02-25 18:15:05,28633896.9697
2014-02-26 18:15:05,29824414.5598
2014-02-27 18:15:05,14560568.0035
2014-02-28 18:15:05,9573434.94723
2014-03-01 18:15:05,12629466.5456
2014-03-02 18:15:05,2667620.87528
2014-03-03 18:15:05,33646872.6538
2014-03-04 18:15:05,27726273.4628
2014-03-05 18:15:05,10069481.6693
2014-03-06 18:15:05,6644491.21934
2014-03-07 18:15:05,11533475.2123
2014-03-08 18:15:05,7378972.86238
2014-03-09 18:15:05,6357701.64366
2014-03-10 18:15:05,6763274.88417
2014-03-11 18:15:05,5391617.99061
2014-03-12 18:15:05,9309698.02458
2014-03-13 18:15:05,4786086.21641
2014-03-14 18:15:05,5350789.63545
2014-03-15 18:15:05,2522435.23633
2014-03-16 18:15:05,2073449.09781
2014-03-17 18:15:05,4399818.74931
2014-03-18 18:15:05,4533543.76029
2014-03-19 18:15:05,4424994.8337
2014-03-20 18:15:05,6173088.60368
2014-03-21 18:15:05,12134002.5459
2014-03-22 18:15:05,7773411.46318
2014-03-23 18:15:05,3768574.27643
2014-03-24 18:15:05,5621252.84603
2014-03-25 18:15:05,7230990.78936
2014-03-26 18:15:05,6384680.23308
2014-03-27 18:15:05,17947985.1301
2014-03-28 18:15:05,21660004.8214
2014-03-29 18:15:05,6383424.66542
2014-03-30 18:15:05,11680078.817
2014-03-31 18:15:05,9899400.51464
2014-04-01 18:15:05,11933723.0391
2014-04-02 18:15:05,13183696.263
2014-04-03 18:15:05,13651170.1497
2014-04-04 18:15:05,7827738.07648
2014-04-05 18:15:05,2413207.41084
2014-04-06 18:15:05,2858575.74569
2014-04-07 18:15:05,3185471.98925
2014-04-08 18:15:05,2590340.95081
2014-04-09 18:15:05,3635252.10153
2014-04-10 18:15:05,14696324.8165
2014-04-11 18:15:05,23034954.2046
2014-04-12 18:15:05,5630343.87206
2014-04-13 18:15:05,3924022.19855
2014-04-14 18:15:05,14248632.2169
2014-04-15 18:15:05,14255961.1123
2014-04-16 18:15:05,17293604.9893
2014-04-17 18:15:05,10999219.5818
2014-04-18 18:15:05,5910268.09861
2014-04-19 18:15:05,4766233.24969
2014-04-20 18:15:05,3517855.74162
2014-04-21 18:15:05,4077741.38323
2014-04-22 18:15:05,3319630.72023
2014-04-23 18:15:05,3387938.33633
2014-04-24 18:15:05,2950180.15545
2014-04-25 18:15:05,14864619.0544
2014-04-26 18:15:05,5488431.2551
2014-04-27 18:15:05,3004849.99037
2014-04-28 18:15:05,7435225.80719
2014-04-29 18:15:05,5867459.59143
2014-04-30 18:15:05,6613111.09721
2014-05-01 18:15:05,4875835.14374
2014-05-02 18:15:05,3482262.37966
2014-05-03 18:15:05,3330775.1949
2014-05-04 18:15:05,2183121.32116
2014-05-05 18:15:05,3702307.56465
2014-05-06 18:15:05,3589800.16927
2014-05-07 18:15:05,4859661.74835
2014-05-08 18:15:05,3672052.53392
2014-05-09 18:15:05,3479164.12754
2014-05-10 18:15:05,1987268.04243
2014-05-11 18:15:05,4017454.8715
2014-05-12 18:15:05,2146397.56703
2014-05-13 18:15:05,2631621.40245
2014-05-14 18:15:05,2580421.61955
2014-05-15 18:15:05,2812034.16881
2014-05-16 18:15:05,1673318.64424
2014-05-17 18:15:05,1210724.5628
2014-05-18 18:15:05,1040708.52633
2014-05-19 18:15:05,1830522.70062
2014-05-20 18:15:05,11431636.3559
2014-05-21 18:15:05,5867533.83487
2014-05-22 18:15:05,8273162.57552
2014-05-23 18:15:05,9905039.89549
2014-05-24 18:15:05,4227327.36092
2014-05-25 18:15:05,11020114.3446
2014-05-26 18:15:05,6905630.69135
2014-05-27 18:15:05,11110797.8591
2014-05-28 18:15:05,5211005.77788
2014-05-29 18:15:05,5341070.01597
2014-05-30 18:15:05,10417485.6296
2014-05-31 18:15:05,8690735.14155
2014-06-01 18:15:05,9828012.8575
2014-06-02 18:15:05,13128228.4851
2014-06-03 18:15:05,15062190.4919
2014-06-04 18:15:05,11331619.528
2014-06-05 18:15:05,7171685.02365
2014-06-06 18:15:05,3423735.08983
2014-06-07 18:15:05,5282829.0175
2014-06-08 18:15:05,1650470.75985
2014-06-09 18:15:05,3773083.5432
2014-06-10 18:15:05,4358768.8156
2014-06-11 18:15:05,4917376.85601
2014-06-12 18:15:05,5290172.33935
2014-06-13 18:15:05,20999116.4711
2014-06-14 18:15:05,8696987.11546
2014-06-15 18:15:05,3812291.51055
2014-06-16 18:15:05,8714228.15506
2014-06-17 18:15:05,3078078.83339
2014-06-18 18:15:05,5370642.47576
2014-06-19 18:15:05,1828068.31575
2014-06-20 18:15:05,4531653.29796
2014-06-21 18:15:05,2181393.92394
2014-06-22 18:15:05,2470475.72685
2014-06-23 18:15:05,2906661.94415
2014-06-24 18:15:05,2312887.33764
2014-06-25 18:15:05,5713137.18193
2014-06-26 18:15:05,3089629.11109
2014-06-27 18:15:05,4008598.56359
2014-06-28 18:15:05,3682753.6602
2014-06-29 18:15:05,986521.497695
2014-06-30 18:15:05,7341093.03142
2014-07-01 18:15:05,7233282.59393
2014-07-02 18:15:05,4473747.88999
2014-07-03 18:15:05,2873518.20482
2014-07-04 18:15:05,5984390.056
2014-07-05 18:15:05,1483175.51813
2014-07-06 18:15:05,2033092.69148
2014-07-07 18:15:05,4154806.79247
2014-07-08 18:15:05,1898911.71562
2014-07-09 18:15:05,1504875.44234
2014-07-10 18:15:05,3861342.39076
2014-07-11 18:15:05,3164691.20355
2014-07-12 18:15:05,3241515.39792
2014-07-13 18:15:05,2537902.19703
2014-07-14 18:15:05,2119002.35713
2014-07-15 18:15:05,2130092.22307
2014-07-16 18:15:05,2671748.78221
2014-07-17 18:15:05,4091992.92579
2014-07-18 18:15:05,2412825.5353
2014-07-19 18:15:05,1920723.95666
2014-07-20 18:15:05,1011690.67083
2014-07-21 18:15:05,2279965.49295
2014-07-22 18:15:05,2102604.17487
2014-07-23 18:15:05,1821393.43707
2014-07-24 18:15:05,6237962.00411
2014-07-25 18:15:05,3341942.56411
2014-07-26 18:15:05,2386789.84206
2014-07-27 18:15:05,2257131.11307
2014-07-28 18:15:05,5624067.34767
2014-07-29 18:15:05,2815216.59368
2014-07-30 18:15:05,4145810.97858
2014-07-31 18:15:05,6917701.92177
2014-08-01 18:15:05,7216949.14115
2014-08-02 18:15:05,2711525.26632
2014-08-03 18:15:05,1719802.61778
2014-08-04 18:15:05,2323087.95911
2014-08-05 18:15:05,4052712.00992
2014-08-06 18:15:05,4620012.30634
2014-08-07 18:15:05,3166937.84489
2014-08-08 18:15:05,2961285.4482
2014-08-09 18:15:05,1171969.14037
2014-08-10 18:15:05,1745276.30999
2014-08-11 18:15:05,2371659.34951
2014-08-12 18:15:05,4574834.83924
2014-08-13 18:15:05,13355520.1831
2014-08-14 18:15:05,12855082.6947
2014-08-15 18:15:05,8298506.79055
2014-08-16 18:15:05,6187407.02583
2014-08-17 18:15:05,6020978.09221
2014-08-18 18:15:05,12555610.8492
2014-08-19 18:15:05,8989449.07859
2014-08-20 18:15:05,8069204.96225
2014-08-21 18:15:05,8433115.22164
2014-08-22 18:15:05,8286029.15529
2014-08-23 18:15:05,4840024.88406
2014-08-24 18:15:05,3707719.62742
2014-08-25 18:15:05,2916764.29378
2014-08-26 18:15:05,3517602.57052
2014-08-27 18:15:05,3748502.0828
2014-08-28 18:15:05,4062969.75669
2014-08-29 18:15:05,3752062.19862
2014-08-30 18:15:05,2341133.76462
2014-08-31 18:15:05,4680272.99326
2014-09-01 18:15:05,4469424.45419
2014-09-02 18:15:05,3493402.36963
2014-09-03 18:15:05,2489654.96886
2014-09-04 18:15:05,5008741.25569
2014-09-05 18:15:05,5118483.65167
2014-09-06 18:15:05,1606067.5125
2014-09-07 18:15:05,1387220.61562
2014-09-08 18:15:05,6226048.98435
2014-09-09 18:15:05,3335590.91601
2014-09-10 18:15:05,6346407.79646
2014-09-11 18:15:05,4074503.78039
2014-09-12 18:15:05,3468571.79262
2014-09-13 18:15:05,2844690.84922
2014-09-14 18:15:05,1850051.20916
2014-09-15 18:15:05,2524429.50586
2014-09-16 18:15:05,2796018.21974
2014-09-17 18:15:05,5007061.59407
2014-09-18 18:15:05,6474529.07013
2014-09-19 18:15:05,13959017.8116
2014-09-20 18:15:05,8717319.11537
2014-09-21 18:15:05,5180652.93045
2014-09-22 18:15:05,4898291.21151
2014-09-23 18:15:05,5500695.6971
2014-09-24 18:15:05,12703948.8531
2014-09-25 18:15:05,6189931.28865
2014-09-26 18:15:05,4146170.29836
2014-09-27 18:15:05,2409099.75791
2014-09-28 18:15:05,3971546.27508
2014-09-29 18:15:05,7778308.24158
2014-09-30 18:15:05,5461742.9261
2014-10-01 18:15:05,7052814.38239
2014-10-02 18:15:05,3450003.57193
2014-10-03 18:15:05,5568420.73926
2014-10-04 18:15:05,9352563.97651
2014-10-05 18:15:05,14715813.3623
2014-10-06 18:15:05,28089071.5319
2014-10-07 18:15:05,8268087.29187
2014-10-08 18:15:05,9273578.80299
2014-10-09 18:15:05,15131487.586
2014-10-10 18:15:05,11248182.1326
2014-10-11 18:15:05,3618894.28536
2014-10-12 18:15:05,3761063.58338
2014-10-13 18:15:05,8081594.46526
2014-10-14 18:15:05,12614893.7489
2014-10-15 18:15:05,8751642.32427
2014-10-16 18:15:05,6974276.30531
2014-10-17 18:15:05,5953062.27796
2014-10-18 18:15:05,3032030.32944
2014-10-19 18:15:05,1463419.63554
2014-10-20 18:15:05,4094610.97299
2014-10-21 18:15:05,3184745.49403
2014-10-22 18:15:05,3342809.09884
2014-10-23 18:15:05,6378388.1246
2014-10-24 18:15:05,6960388.60476
2014-10-25 18:15:05,3913031.76149
2014-10-26 18:15:05,2890240.63227
2014-10-27 18:15:05,2725857.57438
2014-10-28 18:15:05,2622826.72902
2014-10-29 18:15:05,4210924.88205
2014-10-30 18:15:05,3671261.96546
2014-10-31 18:15:05,4354922.07295
2014-11-01 18:15:05,3981304.06333
2014-11-02 18:15:05,3637782.51784
2014-11-03 18:15:05,3473706.22694
2014-11-04 18:15:05,4549999.06773
2014-11-05 18:15:05,4919218.31301
2014-11-06 18:15:05,4520802.11388
2014-11-07 18:15:05,3681058.27495
2014-11-08 18:15:05,1077208.90481
2014-11-09 18:15:05,3014861.33218
2014-11-10 18:15:05,7095171.62138
2014-11-11 18:15:05,3730304.51545
2014-11-12 18:15:05,13701896.4048
2014-11-13 18:15:05,19558835.401
2014-11-14 18:15:05,14005578.1224
2014-11-15 18:15:05,5008203.5411
2014-11-16 18:15:05,4219656.24606
2014-11-17 18:15:05,8319084.81748
2014-11-18 18:15:05,6157877.81472
2014-11-19 18:15:05,4134954.04644
2014-11-20 18:15:05,5695435.05769
2014-11-21 18:15:05,5580672.78977
2014-11-22 18:15:05,2498648.3882
2014-11-23 18:15:05,1909531.38511
2014-11-24 18:15:05,6048700.44245
2014-11-25 18:15:05,7808526.35023
2014-11-26 18:15:05,4289865.23807
2014-11-27 18:15:05,3447448.61422
2014-11-28 18:15:05,4143427.00538
2014-11-29 18:15:05,3675373.63947
2014-11-30 18:15:05,1378610.32536
2014-12-01 18:15:05,2142298.70436
2014-12-02 18:15:05,2688428.19111
2014-12-03 18:15:05,3147124.92429
2014-12-04 18:15:05,4490174.35686
2014-12-05 18:15:05,2895748.42745
2014-12-06 18:15:05,1743444.3763
2014-12-07 18:15:05,891903.195019
2014-12-08 18:15:05,3089535.8233
2014-12-09 18:15:05,7768458.04875
2014-12-10 18:15:05,2043127.04209
2014-12-11 18:15:05,5803133.70167
2014-12-12 18:15:05,2743962.42529
2014-12-13 18:15:05,2120593.00165
2014-12-14 18:15:05,1445863.6775
2014-12-15 18:15:05,2792637.41903
2014-12-16 18:15:05,5806208.80179
2014-12-17 18:15:05,7045461.436
2014-12-18 18:15:05,7102865.20575
2014-12-19 18:15:05,5278321.87497
2014-12-20 18:15:05,4201699.02725
2014-12-21 18:15:05,2065043.55872
2014-12-22 18:15:05,3999684.2719
2014-12-23 18:15:05,2639069.77984
2014-12-24 18:15:05,2076350.07563
2014-12-25 18:15:05,1506598.71847
2014-12-26 18:15:05,1370436.1764
2014-12-27 18:15:05,2924530.55196
2014-12-28 18:15:05,1789810.03335
2014-12-29 18:15:05,1612460.87217
2014-12-30 18:15:05,2454059.74892
2014-12-31 18:15:05,2366224.10143
2015-01-01 18:15:05,1546927.09344
2015-01-02 18:15:05,1016669.63239
2015-01-03 18:15:05,3629503.46062
2015-01-04 18:15:05,11849100.4031
2015-01-05 18:15:05,10769340.8267
2015-01-06 18:15:05,10769340.8267
2015-01-07 18:15:05,10769340.8267
2015-01-08 18:15:05,10769340.8267
2015-01-09 18:15:05,10769340.8267
2015-01-10 18:15:05,10206899.6655
2015-01-11 18:15:05,2847004.61346
2015-01-12 18:15:05,3371922.79854
2015-01-13 18:15:05,10679959.7884
2015-01-14 18:15:05,20003943.7875
2015-01-15 18:15:05,19804382.7349
2015-01-16 18:15:05,10063648.1721
2015-01-17 18:15:05,4567169.46396
2015-01-18 18:15:05,3721863.95464
2015-01-19 18:15:05,2677624.61068
2015-01-20 18:15:05,3255763.95522
2015-01-21 18:15:05,2988445.53744
2015-01-22 18:15:05,7856570.19498
2015-01-23 18:15:05,3662928.21224
2015-01-24 18:15:05,2839467.84661
2015-01-25 18:15:05,6624843.33167
2015-01-26 18:15:05,15302136.4088
2015-01-27 18:15:05,6818344.42184
2015-01-28 18:15:05,3953455.43359
2015-01-29 18:15:05,7780990.20221
2015-01-30 18:15:05,5417548.37787
2015-01-31 18:15:05,3253319.91742
2015-02-01 18:15:05,4223952.11758
2015-02-02 18:15:05,3867133.97478
2015-02-03 18:15:05,4094181.67555
2015-02-04 18:15:05,4041719.03888
2015-02-05 18:15:05,3103400.58243
2015-02-06 18:15:05,2428434.54273
2015-02-07 18:15:05,1614452.68542
2015-02-08 18:15:05,3802427.60443
2015-02-09 18:15:05,3550609.45892
2015-02-10 18:15:05,2058429.79781
2015-02-11 18:15:05,2290977.89738
2015-02-12 18:15:05,1667205.47753
2015-02-13 18:15:05,4783505.35051
2015-02-14 18:15:05,3932517.32376
2015-02-15 18:15:05,7200685.85011
2015-02-16 18:15:05,4051377.60587
2015-02-17 18:15:05,2923405.96575
2015-02-18 18:15:05,3259977.94613
2015-02-19 18:15:05,1863197.01722
2015-02-20 18:15:05,2844072.14626
2015-02-21 18:15:05,948087.452809
2015-02-22 18:15:05,1342658.74001
2015-02-23 18:15:05,1489492.04474
2015-02-24 18:15:05,1422548.45874
2015-02-25 18:15:05,1091100.6777
2015-02-26 18:15:05,1306098.48278
2015-02-27 18:15:05,5142151.57568
2015-02-28 18:15:05,1809685.33129
2015-03-01 18:15:05,1166508.16387
2015-03-02 18:15:05,4190275.83929
2015-03-03 18:15:05,6322638.0752
2015-03-04 18:15:05,4175486.61184
2015-03-05 18:15:05,3247071.61518
2015-03-06 18:15:05,2790042.68953
2015-03-07 18:15:05,1278948.67358
2015-03-08 18:15:05,1598282.26372
2015-03-09 18:15:05,2624649.30032
2015-03-10 18:15:05,4541544.01607
2015-03-11 18:15:05,2017351.32252
2015-03-12 18:15:05,2264480.10284
2015-03-13 18:15:05,2829325.0313
2015-03-14 18:15:05,1667974.39353
2015-03-15 18:15:05,696621.676054
2015-03-16 18:15:05,1924370.48565
2015-03-17 18:15:05,1638629.86702
2015-03-18 18:15:05,3990297.82661
2015-03-19 18:15:05,5077345.21753
2015-03-20 18:15:05,2211571.49314
2015-03-21 18:15:05,1199329.84025
2015-03-22 18:15:05,739422.59969
2015-03-23 18:15:05,2600779.00588
2015-03-24 18:15:05,4563612.29464
2015-03-25 18:15:05,3800537.26941
2015-03-26 18:15:05,1879171.37886
2015-03-27 18:15:05,1762548.20045
2015-03-28 18:15:05,1454108.68409
2015-03-29 18:15:05,1394413.52362
2015-03-30 18:15:05,2020679.42757
2015-03-31 18:15:05,1931577.51714
2015-04-01 18:15:05,1486479.40929
2015-04-02 18:15:05,2073907.99848
2015-04-03 18:15:05,1958133.00281
2015-04-04 18:15:05,815494.561008
2015-04-05 18:15:05,1211778.66049
2015-04-06 18:15:05,1564105.63653
2015-04-07 18:15:05,1531937.93459
2015-04-08 18:15:05,2669120.52901
2015-04-09 18:15:05,2216224.72393
2015-04-10 18:15:05,2675116.12878
2015-04-11 18:15:05,1140185.63099
2015-04-12 18:15:05,675937.431409
2015-04-13 18:15:05,2112299.33052
2015-04-14 18:15:05,4257460.58428
2015-04-15 18:15:05,2666738.76691
2015-04-16 18:15:05,2376336.69346
2015-04-17 18:15:05,2048217.22006
2015-04-18 18:15:05,1085148.33899
2015-04-19 18:15:05,1282638.2878
2015-04-20 18:15:05,1314495.73344
2015-04-21 18:15:05,1214171.13658
2015-04-22 18:15:05,3082931.51057
2015-04-23 18:15:05,2574137.14255
2015-04-24 18:15:05,1785947.06855
2015-04-25 18:15:05,1441666.34578
2015-04-26 18:15:05,2205193.13275
2015-04-27 18:15:05,2518529.62011
2015-04-28 18:15:05,2701221.05147
2015-04-29 18:15:05,1833578.5136
2015-04-30 18:15:05,2664411.20956
2015-05-01 18:15:05,2008394.0045
2015-05-02 18:15:05,1266259.34956
2015-05-03 18:15:05,1041482.49385
2015-05-04 18:15:05,1535336.53776
2015-05-05 18:15:05,2093073.88106
2015-05-06 18:15:05,1347892.37273
2015-05-07 18:15:05,2515896.02661
2015-05-08 18:15:05,2975459.38757
2015-05-09 18:15:05,1638017.40519
2015-05-10 18:15:05,812668.808367
2015-05-11 18:15:05,1904904.06317
2015-05-12 18:15:05,2404838.89611
2015-05-13 18:15:05,1396294.36373
2015-05-14 18:15:05,2207220.56359
2015-05-15 18:15:05,1531716.97602
2015-05-16 18:15:05,795922.661405
2015-05-17 18:15:05,735036.923305
2015-05-18 18:15:05,1151300.87603
2015-05-19 18:15:05,1645994.51369
2015-05-20 18:15:05,1878977.71632
2015-05-21 18:15:05,1188036.812
2015-05-22 18:15:05,2072782.03936
2015-05-23 18:15:05,1284918.23032
2015-05-24 18:15:05,704331.905985
2015-05-25 18:15:05,1090396.64385
2015-05-26 18:15:05,1966702.79067
2015-05-27 18:15:05,1917704.58942
2015-05-28 18:15:05,1329201.29597
2015-05-29 18:15:05,1599476.10412
2015-05-30 18:15:05,1100197.16335
2015-05-31 18:15:05,862849.440218
2015-06-01 18:15:05,2404867.59715
2015-06-02 18:15:05,2086859.88626
2015-06-03 18:15:05,1172704.72219
2015-06-04 18:15:05,1129310.37472
2015-06-05 18:15:05,1887450.54278
2015-06-06 18:15:05,803238.477854
2015-06-07 18:15:05,781109.490895
2015-06-08 18:15:05,1672692.11949
2015-06-09 18:15:05,2215932.11102
2015-06-10 18:15:05,1320103.41759
2015-06-11 18:15:05,1390374.47144
2015-06-12 18:15:05,1164648.42708
2015-06-13 18:15:05,802279.944095
2015-06-14 18:15:05,1187052.31361
2015-06-15 18:15:05,2207160.22381
2015-06-16 18:15:05,4056676.69195
2015-06-17 18:15:05,4321270.16872
2015-06-18 18:15:05,3052713.67435
2015-06-19 18:15:05,1502419.59492
2015-06-20 18:15:05,1498695.21334
2015-06-21 18:15:05,488875.566987
2015-06-22 18:15:05,1174145.20952
2015-06-23 18:15:05,1177823.52299
2015-06-24 18:15:05,1660686.68979
2015-06-25 18:15:05,1256182.32866
2015-06-26 18:15:05,960393.330711
2015-06-27 18:15:05,1655413.08416
2015-06-28 18:15:05,1776223.69927
2015-06-29 18:15:05,3466515.28928
2015-06-30 18:15:05,5102700.85193
2015-07-01 18:15:05,3870044.77822
2015-07-02 18:15:05,2669145.66293
2015-07-03 18:15:05,2179138.46338
2015-07-04 18:15:05,1875664.25846
2015-07-05 18:15:05,4223919.90053
2015-07-06 18:15:05,6496801.86671
2015-07-07 18:15:05,4037671.08321
2015-07-08 18:15:05,4469428.10356
2015-07-09 18:15:05,3839394.28406
2015-07-10 18:15:05,7216507.33055
2015-07-11 18:15:05,4683709.26078
2015-07-12 18:15:05,6677463.4551
2015-07-13 18:15:05,8667679.21323
2015-07-14 18:15:05,3289740.47151
2015-07-15 18:15:05,2047775.77478
2015-07-16 18:15:05,6262766.45236
2015-07-17 18:15:05,3553708.15598
2015-07-18 18:15:05,2954144.36787
2015-07-19 18:15:05,1334571.80963
2015-07-20 18:15:05,2502265.57039
2015-07-21 18:15:05,2083742.55123
2015-07-22 18:15:05,2490978.0238
2015-07-23 18:15:05,2030312.57482
2015-07-24 18:15:05,3887226.08315
2015-07-25 18:15:05,2821464.94316
2015-07-26 18:15:05,1633205.21247
2015-07-27 18:15:05,2693970.016
2015-07-28 18:15:05,3886676.36882
2015-07-29 18:15:05,2745024.7158
2015-07-30 18:15:05,2745976.51328
2015-07-31 18:15:05,2293641.88344
2015-08-01 18:15:05,2084708.43761
2015-08-02 18:15:05,1231691.55728
2015-08-03 18:15:05,1780252.12684
2015-08-04 18:15:05,1718770.86364
2015-08-05 18:15:05,1847303.66227
2015-08-06 18:15:05,1891671.65385
2015-08-07 18:15:05,2555552.49955
2015-08-08 18:15:05,2251104.13602
2015-08-09 18:15:05,2590061.86639
2015-08-10 18:15:05,2729155.28567
2015-08-11 18:15:05,1851465.45608
2015-08-12 18:15:05,2902827.01076
2015-08-13 18:15:05,2601765.979
2015-08-14 18:15:05,2537895.24648
2015-08-15 18:15:05,1279542.14661
2015-08-16 18:15:05,2457715.62167
2015-08-17 18:15:05,1939477.64252
2015-08-18 18:15:05,2428063.44804
2015-08-19 18:15:05,6016070.54364
2015-08-20 18:15:05,4795997.86532
2015-08-21 18:15:05,2324137.63446
2015-08-22 18:15:05,3290821.05976
2015-08-23 18:15:05,3340102.00078
2015-08-24 18:15:05,5737263.80312
2015-08-25 18:15:05,10110194.3083
2015-08-26 18:15:05,7262770.6845
2015-08-27 18:15:05,3172231.28815
2015-08-28 18:15:05,5062241.00219
2015-08-29 18:15:05,3926243.55147
2015-08-30 18:15:05,3614395.12736
2015-08-31 18:15:05,3814154.66558
2015-09-01 18:15:05,5285395.00715
2015-09-02 18:15:05,4513201.22032
2015-09-03 18:15:05,4960784.0288
2015-09-04 18:15:05,4678278.55412
2015-09-05 18:15:05,4661730.02543
2015-09-06 18:15:05,5284299.88217
2015-09-07 18:15:05,6253952.4572
2015-09-08 18:15:05,6322302.20829
2015-09-09 18:15:05,5211016.68131
2015-09-10 18:15:05,5293523.60225
2015-09-11 18:15:05,3198606.73255
2015-09-12 18:15:05,3940288.00866
2015-09-13 18:15:05,3526922.19968
2015-09-14 18:15:05,4885952.06488
2015-09-15 18:15:05,4390462.45688
2015-09-16 18:15:05,3927533.70123
2015-09-17 18:15:05,3021589.47938
2015-09-18 18:15:05,4510620.17216
2015-09-19 18:15:05,3324257.51137
2015-09-20 18:15:05,3070520.89291
2015-09-21 18:15:05,2802222.98891
2015-09-22 18:15:05,4403511.70688
2015-09-23 18:15:05,2515124.09556
2015-09-24 18:15:05,6143939.93931
2015-09-25 18:15:05,5662004.77127
2015-09-26 18:15:05,3603087.92631
2015-09-27 18:15:05,2374274.02566
2015-09-28 18:15:05,5409704.00691
2015-09-29 18:15:05,4991164.28707
2015-09-30 18:15:05,5270879.91119
2015-10-01 18:15:05,3786233.91052
2015-10-02 18:15:05,5136638.31323
2015-10-03 18:15:05,4398547.94101
2015-10-04 18:15:05,3051262.57631
2015-10-05 18:15:05,4674509.05229
2015-10-06 18:15:05,7104493.0841
2015-10-07 18:15:05,5443412.05338
2015-10-08 18:15:05,3544977.56704
2015-10-09 18:15:05,3791162.80547
2015-10-10 18:15:05,4398058.72661
2015-10-11 18:15:05,1991663.5001
2015-10-12 18:15:05,5048207.9399
2015-10-13 18:15:05,6489474.05438
2015-10-14 18:15:05,6701017.94006
2015-10-15 18:15:05,5857389.07178
2015-10-16 18:15:05,7237489.64106
2015-10-17 18:15:05,7378777.67306
2015-10-18 18:15:05,3942590.94076
2015-10-19 18:15:05,4146928.22188
2015-10-20 18:15:05,7005373.07606
2015-10-21 18:15:05,6811545.34385
2015-10-22 18:15:05,6546667.91082
2015-10-23 18:15:05,6368249.32979
2015-10-24 18:15:05,6089211.25135
2015-10-25 18:15:05,7843753.87625
2015-10-26 18:15:05,7475448.36757
2015-10-27 18:15:05,9673545.13009
2015-10-28 18:15:05,9361565.20944
2015-10-29 18:15:05,10555470.9796
2015-10-30 18:15:05,12504803.1127
2015-10-31 18:15:05,8198334.28759
2015-11-01 18:15:05,5186503.48482
2015-11-02 18:15:05,8474723.45242
2015-11-03 18:15:05,30679411.8111
2015-11-04 18:15:05,42637208.1454
2015-11-05 18:15:05,33926137.5878
2015-11-06 18:15:05,18852837.2388
2015-11-07 18:15:05,13164083.0014
2015-11-08 18:15:05,9364707.19491
2015-11-09 18:15:05,10133578.6973
2015-11-10 18:15:05,12703982.9831
2015-11-11 18:15:05,18671886.6378
2015-11-12 18:15:05,13193960.7098
2015-11-13 18:15:05,8526840.51183
2015-11-14 18:15:05,7182468.05847
2015-11-15 18:15:05,7221892.24507
2015-11-16 18:15:05,9613214.02796
2015-11-17 18:15:05,11060242.1556
2015-11-18 18:15:05,9387140.15379
2015-11-19 18:15:05,8981796.63931
2015-11-20 18:15:05,6960341.4744
2015-11-21 18:15:05,2120482.23377
2015-11-22 18:15:05,1244050.16882
2015-11-23 18:15:05,1548259.69712
2015-11-24 18:15:05,2489124.34418
2015-11-25 18:15:05,3609487.88539
2015-11-26 18:15:05,11926942.3137
2015-11-27 18:15:05,5850941.17046
2015-11-28 18:15:05,2445268.99823
2015-11-29 18:15:05,1753604.55398
2015-11-30 18:15:05,6518301.15789
2015-12-01 18:15:05,6746806.71249
2015-12-02 18:15:05,4028450.33161
2015-12-03 18:15:05,4637675.8564
2015-12-04 18:15:05,3669384.18285
2015-12-05 18:15:05,5106790.53404
2015-12-06 18:15:05,6807888.98298
2015-12-07 18:15:05,5428565.20881
2015-12-08 18:15:05,3703438.20894
2015-12-09 18:15:05,10039429.0896
2015-12-10 18:15:05,3908387.23435
2015-12-11 18:15:05,8176905.86701
2015-12-12 18:15:05,16691144.6197
2015-12-13 18:15:05,4262438.34949
2015-12-14 18:15:05,6083498.88603
2015-12-15 18:15:05,8847019.20277
2015-12-16 18:15:05,10135765.9634
2015-12-17 18:15:05,4592972.37358
2015-12-18 18:15:05,5112384.73491
2015-12-19 18:15:05,4070876.86949
2015-12-20 18:15:05,5577253.72068
2015-12-21 18:15:05,9061587.01819
2015-12-22 18:15:05,3625892.29557
2015-12-23 18:15:05,3442564.84955
2015-12-24 18:15:05,4949726.8383
2015-12-25 18:15:05,1685137.05172
2015-12-26 18:15:05,9750449.17996
2015-12-27 18:15:05,4054014.58946
2015-12-28 18:15:05,2640093.34354
2015-12-29 18:15:05,3991988.23458
2015-12-30 18:15:05,4412445.45045
2015-12-31 18:15:05,2829033.49276
2016-01-01 18:15:05,1676937.86228
2016-01-02 18:15:05,1413741.955
2016-01-03 18:15:05,1676695.61197
2016-01-04 18:15:05,2113357.54902
2016-01-05 18:15:05,2246730.38856
2016-01-06 18:15:05,2308594.27174
2016-01-07 18:15:05,6567649.21028
2016-01-08 18:15:05,5250478.84104
2016-01-09 18:15:05,2340232.63907
2016-01-10 18:15:05,1868936.18245
2016-01-11 18:15:05,3399905.42711
2016-01-12 18:15:05,1992391.45345
2016-01-13 18:15:05,5419821.32588
2016-01-14 18:15:05,1845637.85618
2016-01-15 18:15:05,11197858.9873
2016-01-16 18:15:05,10019902.21
2016-01-17 18:15:05,5521610.43657
2016-01-18 18:15:05,3004188.48632
2016-01-19 18:15:05,2378046.5094
2016-01-20 18:15:05,8657528.51622
2016-01-21 18:15:05,5619451.73708
2016-01-22 18:15:05,4755001.70375
2016-01-23 18:15:05,4049606.58157
2016-01-24 18:15:05,2217865.52279
2016-01-25 18:15:05,3013501.03127
2016-01-26 18:15:05,2407845.02035
2016-01-27 18:15:05,2169876.31671
2016-01-28 18:15:05,4212021.8699
2016-01-29 18:15:05,4614923.01993
2016-01-30 18:15:05,1620409.81609
2016-01-31 18:15:05,1201012.97114
2016-02-01 18:15:05,2777039.42907
2016-02-02 18:15:05,2379253.18225
2016-02-03 18:15:05,2349071.29729
2016-02-04 18:15:05,4163133.912
2016-02-05 18:15:05,3975579.90036
2016-02-06 18:15:05,2407116.76063
2016-02-07 18:15:05,1131189.26199
2016-02-08 18:15:05,1627261.08192
2016-02-09 18:15:05,3001751.49455
2016-02-10 18:15:05,3821055.05322
2016-02-11 18:15:05,2291136.78898
2016-02-12 18:15:05,2656527.25188
2016-02-13 18:15:05,2860458.2349
2016-02-14 18:15:05,3514906.87256
2016-02-15 18:15:05,3656329.93239
2016-02-16 18:15:05,3321746.03168
2016-02-17 18:15:05,4189919.67031
2016-02-18 18:15:05,4208388.25107
2016-02-19 18:15:05,2479707.55159
2016-02-20 18:15:05,3781532.48982
2016-02-21 18:15:05,5686825.78411
2016-02-22 18:15:05,2356175.13185
2016-02-23 18:15:05,4467627.64513
2016-02-24 18:15:05,3206478.21378
2016-02-25 18:15:05,2352423.75636
2016-02-26 18:15:05,1720670.37086
2016-02-27 18:15:05,2185656.58815
2016-02-28 18:15:05,1426175.54751
2016-02-29 18:15:05,3355863.50661
2016-03-01 18:15:05,2745580.55107
2016-03-02 18:15:05,2555701.55995
2016-03-03 18:15:05,3168588.89829
2016-03-04 18:15:05,2534594.06151
2016-03-05 18:15:05,7358905.89896
2016-03-06 18:15:05,2609692.28617
2016-03-07 18:15:05,2213183.00411
2016-03-08 18:15:05,2462718.3808
2016-03-09 18:15:05,2099721.51638
2016-03-10 18:15:05,2263213.29527
2016-03-11 18:15:05,2460188.32906
2016-03-12 18:15:05,2046654.80041
2016-03-13 18:15:05,1271711.97328
2016-03-14 18:15:05,1805974.84531
2016-03-15 18:15:05,1886749.72499
2016-03-16 18:15:05,1721925.05834
2016-03-17 18:15:05,1745496.90153
2016-03-18 18:15:05,2085791.96979
2016-03-19 18:15:05,1726882.37997
2016-03-20 18:15:05,890150.049624
2016-03-21 18:15:05,1551456.85777
2016-03-22 18:15:05,1559157.21947
2016-03-23 18:15:05,1841920.94039
2016-03-24 18:15:05,1551346.88503
2016-03-25 18:15:05,1044953.03965
2016-03-26 18:15:05,632689.26319
2016-03-27 18:15:05,1830831.11589
2016-03-28 18:15:05,1558051.46344
2016-03-29 18:15:05,2353611.33346
2016-03-30 18:15:05,1949470.17095
2016-03-31 18:15:05,1607678.21988
2016-04-01 18:15:05,1567819.67775
2016-04-02 18:15:05,1124673.54497
2016-04-03 18:15:05,513944.810518
2016-04-04 18:15:05,1352351.23304
2016-04-05 18:15:05,1675286.57027
2016-04-06 18:15:05,1068243.24096
2016-04-07 18:15:05,1136016.78657
2016-04-08 18:15:05,1542537.11415
2016-04-09 18:15:05,2170687.83728
2016-04-10 18:15:05,677591.797976
2016-04-11 18:15:05,1379423.14301
2016-04-12 18:15:05,2215697.43795
2016-04-13 18:15:05,2004657.64062
2016-04-14 18:15:05,1708146.94161
2016-04-15 18:15:05,1803733.63314
2016-04-16 18:15:05,970785.7635
2016-04-17 18:15:05,641867.11474
2016-04-18 18:15:05,1344097.77437
2016-04-19 18:15:05,1262648.78438
2016-04-20 18:15:05,3338048.4205
2016-04-21 18:15:05,2147892.6357
2016-04-22 18:15:05,3008293.85135
2016-04-23 18:15:05,855534.182333
2016-04-24 18:15:05,1773454.7659
2016-04-25 18:15:05,3423984.86218
2016-04-26 18:15:05,2983376.38144
2016-04-27 18:15:05,2633843.9851
2016-04-28 18:15:05,4344106.55584
2016-04-29 18:15:05,1490269.36609
2016-04-30 18:15:05,1140251.89857
2016-05-01 18:15:05,709130.856737
2016-05-02 18:15:05,2445923.47287
