Date,TransactionFeesUSD
03/01/2009 18:15:05,0.0
04/01/2009 18:15:05,0.0
05/01/2009 18:15:05,0.0
06/01/2009 18:15:05,0.0
07/01/2009 18:15:05,0.0
08/01/2009 18:15:05,0.0
09/01/2009 18:15:05,0.0
10/01/2009 18:15:05,0.0
11/01/2009 18:15:05,0.0
12/01/2009 18:15:05,0.0
13/01/2009 18:15:05,0.0
14/01/2009 18:15:05,0.0
15/01/2009 18:15:05,0.0
16/01/2009 18:15:05,0.0
17/01/2009 18:15:05,0.0
18/01/2009 18:15:05,0.0
19/01/2009 18:15:05,0.0
20/01/2009 18:15:05,0.0
21/01/2009 18:15:05,0.0
22/01/2009 18:15:05,0.0
23/01/2009 18:15:05,0.0
24/01/2009 18:15:05,0.0
25/01/2009 18:15:05,0.0
26/01/2009 18:15:05,0.0
27/01/2009 18:15:05,0.0
28/01/2009 18:15:05,0.0
29/01/2009 18:15:05,0.0
30/01/2009 18:15:05,0.0
31/01/2009 18:15:05,0.0
01/02/2009 18:15:05,0.0
02/02/2009 18:15:05,0.0
03/02/2009 18:15:05,0.0
04/02/2009 18:15:05,0.0
05/02/2009 18:15:05,0.0
06/02/2009 18:15:05,0.0
07/02/2009 18:15:05,0.0
08/02/2009 18:15:05,0.0
09/02/2009 18:15:05,0.0
10/02/2009 18:15:05,0.0
11/02/2009 18:15:05,0.0
12/02/2009 18:15:05,0.0
13/02/2009 18:15:05,0.0
14/02/2009 18:15:05,0.0
15/02/2009 18:15:05,0.0
16/02/2009 18:15:05,0.0
17/02/2009 18:15:05,0.0
18/02/2009 18:15:05,0.0
19/02/2009 18:15:05,0.0
20/02/2009 18:15:05,0.0
21/02/2009 18:15:05,0.0
22/02/2009 18:15:05,0.0
23/02/2009 18:15:05,0.0
24/02/2009 18:15:05,0.0
25/02/2009 18:15:05,0.0
26/02/2009 18:15:05,0.0
27/02/2009 18:15:05,0.0
28/02/2009 18:15:05,0.0
01/03/2009 18:15:05,0.0
02/03/2009 18:15:05,0.0
03/03/2009 18:15:05,0.0
04/03/2009 18:15:05,0.0
05/03/2009 18:15:05,0.0
06/03/2009 18:15:05,0.0
07/03/2009 18:15:05,0.0
08/03/2009 18:15:05,0.0
09/03/2009 18:15:05,0.0
10/03/2009 18:15:05,0.0
11/03/2009 18:15:05,0.0
12/03/2009 18:15:05,0.0
13/03/2009 18:15:05,0.0
14/03/2009 18:15:05,0.0
15/03/2009 18:15:05,0.0
16/03/2009 18:15:05,0.0
17/03/2009 18:15:05,0.0
18/03/2009 18:15:05,0.0
19/03/2009 18:15:05,0.0
20/03/2009 18:15:05,0.0
21/03/2009 18:15:05,0.0
22/03/2009 18:15:05,0.0
23/03/2009 18:15:05,0.0
24/03/2009 18:15:05,0.0
25/03/2009 18:15:05,0.0
26/03/2009 18:15:05,0.0
27/03/2009 18:15:05,0.0
28/03/2009 18:15:05,0.0
29/03/2009 18:15:05,0.0
30/03/2009 18:15:05,0.0
31/03/2009 18:15:05,0.0
01/04/2009 18:15:05,0.0
02/04/2009 18:15:05,0.0
03/04/2009 18:15:05,0.0
04/04/2009 18:15:05,0.0
05/04/2009 18:15:05,0.0
06/04/2009 18:15:05,0.0
07/04/2009 18:15:05,0.0
08/04/2009 18:15:05,0.0
09/04/2009 18:15:05,0.0
10/04/2009 18:15:05,0.0
11/04/2009 18:15:05,0.0
12/04/2009 18:15:05,0.0
13/04/2009 18:15:05,0.0
14/04/2009 18:15:05,0.0
15/04/2009 18:15:05,0.0
16/04/2009 18:15:05,0.0
17/04/2009 18:15:05,0.0
18/04/2009 18:15:05,0.0
19/04/2009 18:15:05,0.0
20/04/2009 18:15:05,0.0
21/04/2009 18:15:05,0.0
22/04/2009 18:15:05,0.0
23/04/2009 18:15:05,0.0
24/04/2009 18:15:05,0.0
25/04/2009 18:15:05,0.0
26/04/2009 18:15:05,0.0
27/04/2009 18:15:05,0.0
28/04/2009 18:15:05,0.0
29/04/2009 18:15:05,0.0
30/04/2009 18:15:05,0.0
01/05/2009 18:15:05,0.0
02/05/2009 18:15:05,0.0
03/05/2009 18:15:05,0.0
04/05/2009 18:15:05,0.0
05/05/2009 18:15:05,0.0
06/05/2009 18:15:05,0.0
07/05/2009 18:15:05,0.0
08/05/2009 18:15:05,0.0
09/05/2009 18:15:05,0.0
10/05/2009 18:15:05,0.0
11/05/2009 18:15:05,0.0
12/05/2009 18:15:05,0.0
13/05/2009 18:15:05,0.0
14/05/2009 18:15:05,0.0
15/05/2009 18:15:05,0.0
16/05/2009 18:15:05,0.0
17/05/2009 18:15:05,0.0
18/05/2009 18:15:05,0.0
19/05/2009 18:15:05,0.0
20/05/2009 18:15:05,0.0
21/05/2009 18:15:05,0.0
22/05/2009 18:15:05,0.0
23/05/2009 18:15:05,0.0
24/05/2009 18:15:05,0.0
25/05/2009 18:15:05,0.0
26/05/2009 18:15:05,0.0
27/05/2009 18:15:05,0.0
28/05/2009 18:15:05,0.0
29/05/2009 18:15:05,0.0
30/05/2009 18:15:05,0.0
31/05/2009 18:15:05,0.0
01/06/2009 18:15:05,0.0
02/06/2009 18:15:05,0.0
03/06/2009 18:15:05,0.0
04/06/2009 18:15:05,0.0
05/06/2009 18:15:05,0.0
06/06/2009 18:15:05,0.0
07/06/2009 18:15:05,0.0
08/06/2009 18:15:05,0.0
09/06/2009 18:15:05,0.0
10/06/2009 18:15:05,0.0
11/06/2009 18:15:05,0.0
12/06/2009 18:15:05,0.0
13/06/2009 18:15:05,0.0
14/06/2009 18:15:05,0.0
15/06/2009 18:15:05,0.0
16/06/2009 18:15:05,0.0
17/06/2009 18:15:05,0.0
18/06/2009 18:15:05,0.0
19/06/2009 18:15:05,0.0
20/06/2009 18:15:05,0.0
21/06/2009 18:15:05,0.0
22/06/2009 18:15:05,0.0
23/06/2009 18:15:05,0.0
24/06/2009 18:15:05,0.0
25/06/2009 18:15:05,0.0
26/06/2009 18:15:05,0.0
27/06/2009 18:15:05,0.0
28/06/2009 18:15:05,0.0
29/06/2009 18:15:05,0.0
30/06/2009 18:15:05,0.0
01/07/2009 18:15:05,0.0
02/07/2009 18:15:05,0.0
03/07/2009 18:15:05,0.0
04/07/2009 18:15:05,0.0
05/07/2009 18:15:05,0.0
06/07/2009 18:15:05,0.0
07/07/2009 18:15:05,0.0
08/07/2009 18:15:05,0.0
09/07/2009 18:15:05,0.0
10/07/2009 18:15:05,0.0
11/07/2009 18:15:05,0.0
12/07/2009 18:15:05,0.0
13/07/2009 18:15:05,0.0
14/07/2009 18:15:05,0.0
15/07/2009 18:15:05,0.0
16/07/2009 18:15:05,0.0
17/07/2009 18:15:05,0.0
18/07/2009 18:15:05,0.0
19/07/2009 18:15:05,0.0
20/07/2009 18:15:05,0.0
21/07/2009 18:15:05,0.0
22/07/2009 18:15:05,0.0
23/07/2009 18:15:05,0.0
24/07/2009 18:15:05,0.0
25/07/2009 18:15:05,0.0
26/07/2009 18:15:05,0.0
27/07/2009 18:15:05,0.0
28/07/2009 18:15:05,0.0
29/07/2009 18:15:05,0.0
30/07/2009 18:15:05,0.0
31/07/2009 18:15:05,0.0
01/08/2009 18:15:05,0.0
02/08/2009 18:15:05,0.0
03/08/2009 18:15:05,0.0
04/08/2009 18:15:05,0.0
05/08/2009 18:15:05,0.0
06/08/2009 18:15:05,0.0
07/08/2009 18:15:05,0.0
08/08/2009 18:15:05,0.0
09/08/2009 18:15:05,0.0
10/08/2009 18:15:05,0.0
11/08/2009 18:15:05,0.0
12/08/2009 18:15:05,0.0
13/08/2009 18:15:05,0.0
14/08/2009 18:15:05,0.0
15/08/2009 18:15:05,0.0
16/08/2009 18:15:05,0.0
17/08/2009 18:15:05,0.0
18/08/2009 18:15:05,0.0
19/08/2009 18:15:05,0.0
20/08/2009 18:15:05,0.0
21/08/2009 18:15:05,0.0
22/08/2009 18:15:05,0.0
23/08/2009 18:15:05,0.0
24/08/2009 18:15:05,0.0
25/08/2009 18:15:05,0.0
26/08/2009 18:15:05,0.0
27/08/2009 18:15:05,0.0
28/08/2009 18:15:05,0.0
29/08/2009 18:15:05,0.0
30/08/2009 18:15:05,0.0
31/08/2009 18:15:05,0.0
01/09/2009 18:15:05,0.0
02/09/2009 18:15:05,0.0
03/09/2009 18:15:05,0.0
04/09/2009 18:15:05,0.0
05/09/2009 18:15:05,0.0
06/09/2009 18:15:05,0.0
07/09/2009 18:15:05,0.0
08/09/2009 18:15:05,0.0
09/09/2009 18:15:05,0.0
10/09/2009 18:15:05,0.0
11/09/2009 18:15:05,0.0
12/09/2009 18:15:05,0.0
13/09/2009 18:15:05,0.0
14/09/2009 18:15:05,0.0
15/09/2009 18:15:05,0.0
16/09/2009 18:15:05,0.0
17/09/2009 18:15:05,0.0
18/09/2009 18:15:05,0.0
19/09/2009 18:15:05,0.0
20/09/2009 18:15:05,0.0
21/09/2009 18:15:05,0.0
22/09/2009 18:15:05,0.0
23/09/2009 18:15:05,0.0
24/09/2009 18:15:05,0.0
25/09/2009 18:15:05,0.0
26/09/2009 18:15:05,0.0
27/09/2009 18:15:05,0.0
28/09/2009 18:15:05,0.0
29/09/2009 18:15:05,0.0
30/09/2009 18:15:05,0.0
01/10/2009 18:15:05,0.0
02/10/2009 18:15:05,0.0
03/10/2009 18:15:05,0.0
04/10/2009 18:15:05,0.0
05/10/2009 18:15:05,0.0
06/10/2009 18:15:05,0.0
07/10/2009 18:15:05,0.0
08/10/2009 18:15:05,0.0
09/10/2009 18:15:05,0.0
10/10/2009 18:15:05,0.0
11/10/2009 18:15:05,0.0
12/10/2009 18:15:05,0.0
13/10/2009 18:15:05,0.0
14/10/2009 18:15:05,0.0
15/10/2009 18:15:05,0.0
16/10/2009 18:15:05,0.0
17/10/2009 18:15:05,0.0
18/10/2009 18:15:05,0.0
19/10/2009 18:15:05,0.0
20/10/2009 18:15:05,0.0
21/10/2009 18:15:05,0.0
22/10/2009 18:15:05,0.0
23/10/2009 18:15:05,0.0
24/10/2009 18:15:05,0.0
25/10/2009 18:15:05,0.0
26/10/2009 18:15:05,0.0
27/10/2009 18:15:05,0.0
28/10/2009 18:15:05,0.0
29/10/2009 18:15:05,0.0
30/10/2009 18:15:05,0.0
31/10/2009 18:15:05,0.0
01/11/2009 18:15:05,0.0
02/11/2009 18:15:05,0.0
03/11/2009 18:15:05,0.0
04/11/2009 18:15:05,0.0
05/11/2009 18:15:05,0.0
06/11/2009 18:15:05,0.0
07/11/2009 18:15:05,0.0
08/11/2009 18:15:05,0.0
09/11/2009 18:15:05,0.0
10/11/2009 18:15:05,0.0
11/11/2009 18:15:05,0.0
12/11/2009 18:15:05,0.0
13/11/2009 18:15:05,0.0
14/11/2009 18:15:05,0.0
15/11/2009 18:15:05,0.0
16/11/2009 18:15:05,0.0
17/11/2009 18:15:05,0.0
18/11/2009 18:15:05,0.0
19/11/2009 18:15:05,0.0
20/11/2009 18:15:05,0.0
21/11/2009 18:15:05,0.0
22/11/2009 18:15:05,0.0
23/11/2009 18:15:05,0.0
24/11/2009 18:15:05,0.0
25/11/2009 18:15:05,0.0
26/11/2009 18:15:05,0.0
27/11/2009 18:15:05,0.0
28/11/2009 18:15:05,0.0
29/11/2009 18:15:05,0.0
30/11/2009 18:15:05,0.0
01/12/2009 18:15:05,0.0
02/12/2009 18:15:05,0.0
03/12/2009 18:15:05,0.0
04/12/2009 18:15:05,0.0
05/12/2009 18:15:05,0.0
06/12/2009 18:15:05,0.0
07/12/2009 18:15:05,0.0
08/12/2009 18:15:05,0.0
09/12/2009 18:15:05,0.0
10/12/2009 18:15:05,0.0
11/12/2009 18:15:05,0.0
12/12/2009 18:15:05,0.0
13/12/2009 18:15:05,0.0
14/12/2009 18:15:05,0.0
15/12/2009 18:15:05,0.0
16/12/2009 18:15:05,0.0
17/12/2009 18:15:05,0.0
18/12/2009 18:15:05,0.0
19/12/2009 18:15:05,0.0
20/12/2009 18:15:05,0.0
21/12/2009 18:15:05,0.0
22/12/2009 18:15:05,0.0
23/12/2009 18:15:05,0.0
24/12/2009 18:15:05,0.0
25/12/2009 18:15:05,0.0
26/12/2009 18:15:05,0.0
27/12/2009 18:15:05,0.0
28/12/2009 18:15:05,0.0
29/12/2009 18:15:05,0.0
30/12/2009 18:15:05,0.0
31/12/2009 18:15:05,0.0
01/01/2010 18:15:05,0.0
02/01/2010 18:15:05,0.0
03/01/2010 18:15:05,0.0
04/01/2010 18:15:05,0.0
05/01/2010 18:15:05,0.0
06/01/2010 18:15:05,0.0
07/01/2010 18:15:05,0.0
08/01/2010 18:15:05,0.0
09/01/2010 18:15:05,0.0
10/01/2010 18:15:05,0.0
11/01/2010 18:15:05,0.0
12/01/2010 18:15:05,0.0
13/01/2010 18:15:05,0.0
14/01/2010 18:15:05,0.0
15/01/2010 18:15:05,0.0
16/01/2010 18:15:05,0.0
17/01/2010 18:15:05,0.0
18/01/2010 18:15:05,0.0
19/01/2010 18:15:05,0.0
20/01/2010 18:15:05,0.0
21/01/2010 18:15:05,0.0
22/01/2010 18:15:05,0.0
23/01/2010 18:15:05,0.0
24/01/2010 18:15:05,0.0
25/01/2010 18:15:05,0.0
26/01/2010 18:15:05,0.0
27/01/2010 18:15:05,0.0
28/01/2010 18:15:05,0.0
29/01/2010 18:15:05,0.0
30/01/2010 18:15:05,0.0
31/01/2010 18:15:05,0.0
01/02/2010 18:15:05,0.0
02/02/2010 18:15:05,0.0
03/02/2010 18:15:05,0.0
04/02/2010 18:15:05,0.0
05/02/2010 18:15:05,0.0
06/02/2010 18:15:05,0.0
07/02/2010 18:15:05,0.0
08/02/2010 18:15:05,0.0
09/02/2010 18:15:05,0.0
10/02/2010 18:15:05,0.0
11/02/2010 18:15:05,0.0
12/02/2010 18:15:05,0.0
13/02/2010 18:15:05,0.0
14/02/2010 18:15:05,0.0
15/02/2010 18:15:05,0.0
16/02/2010 18:15:05,0.0
17/02/2010 18:15:05,0.0
18/02/2010 18:15:05,0.0
19/02/2010 18:15:05,0.0
20/02/2010 18:15:05,0.0
21/02/2010 18:15:05,0.0
22/02/2010 18:15:05,0.0
23/02/2010 18:15:05,0.0
24/02/2010 18:15:05,0.0
25/02/2010 18:15:05,0.0
26/02/2010 18:15:05,0.0
27/02/2010 18:15:05,0.0
28/02/2010 18:15:05,0.0
01/03/2010 18:15:05,0.0
02/03/2010 18:15:05,0.0
03/03/2010 18:15:05,0.0
04/03/2010 18:15:05,0.0
05/03/2010 18:15:05,0.0
06/03/2010 18:15:05,0.0
07/03/2010 18:15:05,0.0
08/03/2010 18:15:05,0.0
09/03/2010 18:15:05,0.0
10/03/2010 18:15:05,0.0
11/03/2010 18:15:05,0.0
12/03/2010 18:15:05,0.0
13/03/2010 18:15:05,0.0
14/03/2010 18:15:05,0.0
15/03/2010 18:15:05,0.0
16/03/2010 18:15:05,0.0
17/03/2010 18:15:05,0.0
18/03/2010 18:15:05,0.0
19/03/2010 18:15:05,0.0
20/03/2010 18:15:05,0.0
21/03/2010 18:15:05,0.0
22/03/2010 18:15:05,0.0
23/03/2010 18:15:05,0.0
24/03/2010 18:15:05,0.0
25/03/2010 18:15:05,0.0
26/03/2010 18:15:05,0.0
27/03/2010 18:15:05,0.0
28/03/2010 18:15:05,0.0
29/03/2010 18:15:05,0.0
30/03/2010 18:15:05,0.0
31/03/2010 18:15:05,0.0
01/04/2010 18:15:05,0.0
02/04/2010 18:15:05,0.0
03/04/2010 18:15:05,0.0
04/04/2010 18:15:05,0.0
05/04/2010 18:15:05,0.0
06/04/2010 18:15:05,0.0
07/04/2010 18:15:05,0.0
08/04/2010 18:15:05,0.0
09/04/2010 18:15:05,0.0
10/04/2010 18:15:05,0.0
11/04/2010 18:15:05,0.0
12/04/2010 18:15:05,0.0
13/04/2010 18:15:05,0.0
14/04/2010 18:15:05,0.0
15/04/2010 18:15:05,0.0
16/04/2010 18:15:05,0.0
17/04/2010 18:15:05,0.0
18/04/2010 18:15:05,0.0
19/04/2010 18:15:05,0.0
20/04/2010 18:15:05,0.0
21/04/2010 18:15:05,0.0
22/04/2010 18:15:05,0.0
23/04/2010 18:15:05,0.0
24/04/2010 18:15:05,0.0
25/04/2010 18:15:05,0.0
26/04/2010 18:15:05,0.0
27/04/2010 18:15:05,0.0
28/04/2010 18:15:05,0.0
29/04/2010 18:15:05,0.0
30/04/2010 18:15:05,0.0
01/05/2010 18:15:05,0.0
02/05/2010 18:15:05,0.0
03/05/2010 18:15:05,0.0
04/05/2010 18:15:05,0.0
05/05/2010 18:15:05,0.0
06/05/2010 18:15:05,0.0
07/05/2010 18:15:05,0.0
08/05/2010 18:15:05,0.0
09/05/2010 18:15:05,0.0
10/05/2010 18:15:05,0.0
11/05/2010 18:15:05,0.0
12/05/2010 18:15:05,0.0
13/05/2010 18:15:05,0.0
14/05/2010 18:15:05,0.0
15/05/2010 18:15:05,0.0
16/05/2010 18:15:05,0.0
17/05/2010 18:15:05,0.0
18/05/2010 18:15:05,0.0
19/05/2010 18:15:05,0.0
20/05/2010 18:15:05,0.0
21/05/2010 18:15:05,0.0
22/05/2010 18:15:05,0.0
23/05/2010 18:15:05,0.0
24/05/2010 18:15:05,0.0
25/05/2010 18:15:05,0.0
26/05/2010 18:15:05,0.0
27/05/2010 18:15:05,0.0
28/05/2010 18:15:05,0.0
29/05/2010 18:15:05,0.0
30/05/2010 18:15:05,0.0
31/05/2010 18:15:05,0.0
01/06/2010 18:15:05,0.0
02/06/2010 18:15:05,0.0
03/06/2010 18:15:05,0.0
04/06/2010 18:15:05,0.0
05/06/2010 18:15:05,0.0
06/06/2010 18:15:05,0.0
07/06/2010 18:15:05,0.0
08/06/2010 18:15:05,0.0
09/06/2010 18:15:05,0.0
10/06/2010 18:15:05,0.0
11/06/2010 18:15:05,0.0
12/06/2010 18:15:05,0.0
13/06/2010 18:15:05,0.0
14/06/2010 18:15:05,0.0
15/06/2010 18:15:05,0.0
16/06/2010 18:15:05,0.0
17/06/2010 18:15:05,0.0
18/06/2010 18:15:05,0.0
19/06/2010 18:15:05,0.0
20/06/2010 18:15:05,0.0
21/06/2010 18:15:05,0.0
22/06/2010 18:15:05,0.0
23/06/2010 18:15:05,0.0
24/06/2010 18:15:05,0.0
25/06/2010 18:15:05,0.0
26/06/2010 18:15:05,0.0
27/06/2010 18:15:05,0.0
28/06/2010 18:15:05,0.0
29/06/2010 18:15:05,0.0
30/06/2010 18:15:05,0.0
01/07/2010 18:15:05,0.0
02/07/2010 18:15:05,0.0
03/07/2010 18:15:05,0.0
04/07/2010 18:15:05,0.0
05/07/2010 18:15:05,0.0
06/07/2010 18:15:05,0.0
07/07/2010 18:15:05,0.0
08/07/2010 18:15:05,0.0
09/07/2010 18:15:05,0.0
10/07/2010 18:15:05,0.0
11/07/2010 18:15:05,0.0
12/07/2010 18:15:05,0.0
13/07/2010 18:15:05,0.0
14/07/2010 18:15:05,0.0
15/07/2010 18:15:05,0.0
16/07/2010 18:15:05,0.0
17/07/2010 18:15:05,0.0
18/07/2010 18:15:05,0.0
19/07/2010 18:15:05,0.0
20/07/2010 18:15:05,0.0
21/07/2010 18:15:05,0.0
22/07/2010 18:15:05,0.0
23/07/2010 18:15:05,0.0
24/07/2010 18:15:05,0.0
25/07/2010 18:15:05,0.0
26/07/2010 18:15:05,0.0
27/07/2010 18:15:05,0.0
28/07/2010 18:15:05,0.0
29/07/2010 18:15:05,0.0
30/07/2010 18:15:05,0.0
31/07/2010 18:15:05,0.0
01/08/2010 18:15:05,0.0
02/08/2010 18:15:05,0.0
03/08/2010 18:15:05,0.0
04/08/2010 18:15:05,0.0
05/08/2010 18:15:05,0.0
06/08/2010 18:15:05,0.0
07/08/2010 18:15:05,0.0
08/08/2010 18:15:05,0.0
09/08/2010 18:15:05,0.0
10/08/2010 18:15:05,0.0
11/08/2010 18:15:05,0.0
12/08/2010 18:15:05,0.0
13/08/2010 18:15:05,0.0
14/08/2010 18:15:05,0.0
15/08/2010 18:15:05,0.0
16/08/2010 18:15:05,0.0
17/08/2010 18:15:05,0.051523
18/08/2010 18:15:05,0.11544
19/08/2010 18:15:05,0.0
20/08/2010 18:15:05,0.0
21/08/2010 18:15:05,0.0
22/08/2010 18:15:05,0.0
23/08/2010 18:15:05,0.0
24/08/2010 18:15:05,0.0
25/08/2010 18:15:05,0.053200000000000004
26/08/2010 18:15:05,0.0
27/08/2010 18:15:05,0.0
28/08/2010 18:15:05,0.0000000325
29/08/2010 18:15:05,0.00907203888
30/08/2010 18:15:05,0.027600000000000003
31/08/2010 18:15:05,0.012994019491
01/09/2010 18:15:05,0.008437006490000001
02/09/2010 18:15:05,0.0000000062899999999999996
03/09/2010 18:15:05,0.0
04/09/2010 18:15:05,0.0
05/09/2010 18:15:05,0.000629
06/09/2010 18:15:05,0.0000000064
07/09/2010 18:15:05,0.0
08/09/2010 18:15:05,0.000000012401999999999999
09/09/2010 18:15:05,0.0068639999999999994
10/09/2010 18:15:05,0.000000012401999999999999
11/09/2010 18:15:05,0.0
12/09/2010 18:15:05,0.00974985
13/09/2010 18:15:05,0.0
14/09/2010 18:15:05,0.000615592042
15/09/2010 18:15:05,0.0
16/09/2010 18:15:05,0.0
17/09/2010 18:15:05,0.0
18/09/2010 18:15:05,0.010962
19/09/2010 18:15:05,0.0
20/09/2010 18:15:05,0.0
21/09/2010 18:15:05,0.0000000063299999999999994
22/09/2010 18:15:05,0.0
23/09/2010 18:15:05,0.0
24/09/2010 18:15:05,0.0
25/09/2010 18:15:05,0.0
26/09/2010 18:15:05,0.0
27/09/2010 18:15:05,0.00124412
28/09/2010 18:15:05,0.0257111
29/09/2010 18:15:05,0.06405570000000001
30/09/2010 18:15:05,0.0
01/10/2010 18:15:05,0.034719440000000004
02/10/2010 18:15:05,0.00048149353385
03/10/2010 18:15:05,0.00047696318200000004
04/10/2010 18:15:05,0.00000006758
05/10/2010 18:15:05,0.0
06/10/2010 18:15:05,0.00000006899699999999999
07/10/2010 18:15:05,0.0
08/10/2010 18:15:05,0.0
09/10/2010 18:15:05,0.0
10/10/2010 18:15:05,0.0
11/10/2010 18:15:05,0.000000141809
12/10/2010 18:15:05,0.0
13/10/2010 18:15:05,0.0
14/10/2010 18:15:05,0.03675
15/10/2010 18:15:05,0.0
16/10/2010 18:15:05,0.0
17/10/2010 18:15:05,0.0
18/10/2010 18:15:05,0.0020599999999999998
19/10/2010 18:15:05,0.0
20/10/2010 18:15:05,0.0
21/10/2010 18:15:05,0.00084651035
22/10/2010 18:15:05,0.0
23/10/2010 18:15:05,0.0054505000000000005
24/10/2010 18:15:05,0.0
25/10/2010 18:15:05,0.0
26/10/2010 18:15:05,0.0
27/10/2010 18:15:05,0.0
28/10/2010 18:15:05,0.0
29/10/2010 18:15:05,0.0
30/10/2010 18:15:05,0.0
31/10/2010 18:15:05,0.0
01/11/2010 18:15:05,0.0
02/11/2010 18:15:05,0.0
03/11/2010 18:15:05,0.0
04/11/2010 18:15:05,0.0
05/11/2010 18:15:05,0.0
06/11/2010 18:15:05,0.0
07/11/2010 18:15:05,0.0
08/11/2010 18:15:05,0.3071
09/11/2010 18:15:05,0.0
10/11/2010 18:15:05,0.0
11/11/2010 18:15:05,0.0
12/11/2010 18:15:05,0.0
13/11/2010 18:15:05,0.0
14/11/2010 18:15:05,0.0
15/11/2010 18:15:05,0.0
16/11/2010 18:15:05,0.135696
17/11/2010 18:15:05,0.0
18/11/2010 18:15:05,0.0
19/11/2010 18:15:05,0.0
20/11/2010 18:15:05,0.21097
21/11/2010 18:15:05,0.33929999999999993
22/11/2010 18:15:05,0.1692
23/11/2010 18:15:05,0.155466
24/11/2010 18:15:05,0.08772690000000001
25/11/2010 18:15:05,0.0
26/11/2010 18:15:05,0.10693
27/11/2010 18:15:05,0.0028439900000000002
28/11/2010 18:15:05,0.0028461
29/11/2010 18:15:05,0.00837
30/11/2010 18:15:05,0.0027500000000000003
01/12/2010 18:15:05,0.0045000000000000005
02/12/2010 18:15:05,0.0175
03/12/2010 18:15:05,0.005106
04/12/2010 18:15:05,0.002589
05/12/2010 18:15:05,0.00491320845
06/12/2010 18:15:05,0.01241710425
07/12/2010 18:15:05,0.00726507962
08/12/2010 18:15:05,0.019816
09/12/2010 18:15:05,0.011288438976
10/12/2010 18:15:05,0.012240222359999999
11/12/2010 18:15:05,0.017573915449999998
12/12/2010 18:15:05,0.038516872199999996
13/12/2010 18:15:05,0.07759728378599999
14/12/2010 18:15:05,0.007810503300000001
15/12/2010 18:15:05,0.01786713536
16/12/2010 18:15:05,0.025754535679
17/12/2010 18:15:05,0.01372457685
18/12/2010 18:15:05,0.05464173528
19/12/2010 18:15:05,0.028033989417
20/12/2010 18:15:05,0.021679253750000002
21/12/2010 18:15:05,0.0344864452368
22/12/2010 18:15:05,0.047373948840000006
23/12/2010 18:15:05,0.015
24/12/2010 18:15:05,0.02207332
25/12/2010 18:15:05,0.01185763
26/12/2010 18:15:05,0.018899930000000002
27/12/2010 18:15:05,0.028712429350000002
28/12/2010 18:15:05,0.0253577492
29/12/2010 18:15:05,0.03687747252
30/12/2010 18:15:05,0.039715523614480004
31/12/2010 18:15:05,0.0070051596493900005
01/01/2011 18:15:05,0.02074563569484
02/01/2011 18:15:05,0.02738690783636
03/01/2011 18:15:05,0.20891453022717998
04/01/2011 18:15:05,0.023855444962070003
05/01/2011 18:15:05,0.017457404867279997
06/01/2011 18:15:05,0.02618516121
07/01/2011 18:15:05,0.02367508864
08/01/2011 18:15:05,0.0064579600000000004
09/01/2011 18:15:05,0.04446207328134
10/01/2011 18:15:05,0.02593990301
11/01/2011 18:15:05,0.00987
12/01/2011 18:15:05,0.08474517449999999
13/01/2011 18:15:05,0.032400000000000005
14/01/2011 18:15:05,0.024722491500000002
15/01/2011 18:15:05,0.043951096
16/01/2011 18:15:05,0.031340032000000004
17/01/2011 18:15:05,0.061105712000000006
18/01/2011 18:15:05,0.014575604832900001
19/01/2011 18:15:05,0.021507597504
20/01/2011 18:15:05,0.04680725122499999
21/01/2011 18:15:05,0.009013734399999999
22/01/2011 18:15:05,0.197215932861
23/01/2011 18:15:05,0.129062823168
24/01/2011 18:15:05,0.13691322117
25/01/2011 18:15:05,0.059500000000000004
26/01/2011 18:15:05,0.05485015575
27/01/2011 18:15:05,0.20452599999999999
28/01/2011 18:15:05,0.0585
29/01/2011 18:15:05,0.13913241168
30/01/2011 18:15:05,0.10612218239999999
31/01/2011 18:15:05,1.695
01/02/2011 18:15:05,0.647033486
02/02/2011 18:15:05,0.23522772000000003
03/02/2011 18:15:05,0.088642305
04/02/2011 18:15:05,0.075561508
05/02/2011 18:15:05,0.19800334985999998
06/02/2011 18:15:05,0.11960000000000001
07/02/2011 18:15:05,0.1752612219765
08/02/2011 18:15:05,0.288441675
09/02/2011 18:15:05,0.0424651568
10/02/2011 18:15:05,0.8833484880000001
11/02/2011 18:15:05,0.512416064655
12/02/2011 18:15:05,0.688674393666
13/02/2011 18:15:05,0.3456
14/02/2011 18:15:05,2.3004000000000002
15/02/2011 18:15:05,0.9114
16/02/2011 18:15:05,0.2346774842667
17/02/2011 18:15:05,0.6547534842667
18/02/2011 18:15:05,0.4830874
19/02/2011 18:15:05,0.5202
20/02/2011 18:15:05,0.17188128
21/02/2011 18:15:05,0.4398
22/02/2011 18:15:05,0.16520481
23/02/2011 18:15:05,0.3831558905
24/02/2011 18:15:05,0.149794214528
25/02/2011 18:15:05,0.26097152
26/02/2011 18:15:05,0.70237265209025
27/02/2011 18:15:05,0.7103999999999999
28/02/2011 18:15:05,0.51054747195087
01/03/2011 18:15:05,0.7125171569
02/03/2011 18:15:05,0.2341257
03/03/2011 18:15:05,6.007822
04/03/2011 18:15:05,1.31356512
05/03/2011 18:15:05,1.11582149348901
06/03/2011 18:15:05,4.67176643760445
07/03/2011 18:15:05,5.180515932960001
08/03/2011 18:15:05,4.180683725568
09/03/2011 18:15:05,3.10770419640549
10/03/2011 18:15:05,2.1572845728
11/03/2011 18:15:05,6.191557442384
12/03/2011 18:15:05,1.367535204746
13/03/2011 18:15:05,1.393687080324
14/03/2011 18:15:05,1.96345458
15/03/2011 18:15:05,1.52998446800115
16/03/2011 18:15:05,1.6109
17/03/2011 18:15:05,1.318233796
18/03/2011 18:15:05,1.04013445058766
19/03/2011 18:15:05,1.1188213908
20/03/2011 18:15:05,1.0562921730000001
21/03/2011 18:15:05,5.421764182485
22/03/2011 18:15:05,9.012250313800001
23/03/2011 18:15:05,14.098666202
24/03/2011 18:15:05,8.659433097
25/03/2011 18:15:05,5.6410302091
26/03/2011 18:15:05,4.3259905000000005
27/03/2011 18:15:05,5.264825052660001
28/03/2011 18:15:05,4.170022500000001
29/03/2011 18:15:05,3.03208
30/03/2011 18:15:05,3.1250655079500005
31/03/2011 18:15:05,3.3320768000000003
01/04/2011 18:15:05,2.479907
02/04/2011 18:15:05,2.3832591039394
03/04/2011 18:15:05,2.5194499959959997
04/04/2011 18:15:05,4.658525720000001
05/04/2011 18:15:05,3.855797
06/04/2011 18:15:05,4.18822554507844
07/04/2011 18:15:05,2.43376254
08/04/2011 18:15:05,3.0362799000000003
09/04/2011 18:15:05,3.2085679999999996
10/04/2011 18:15:05,3.9007408599999995
11/04/2011 18:15:05,3.6869360918500003
12/04/2011 18:15:05,4.00487463246
13/04/2011 18:15:05,3.67138575
14/04/2011 18:15:05,14.591713999999998
15/04/2011 18:15:05,2.3446158827651997
16/04/2011 18:15:05,4.1718249071999995
17/04/2011 18:15:05,2.1076124999999997
18/04/2011 18:15:05,2.682021267601
19/04/2011 18:15:05,6.9987257347
20/04/2011 18:15:05,8.810443430712
21/04/2011 18:15:05,4.360355173448999
22/04/2011 18:15:05,5.8524534216
23/04/2011 18:15:05,8.2256547
24/04/2011 18:15:05,14.357893407
25/04/2011 18:15:05,13.39242532992
26/04/2011 18:15:05,9.5649578847
27/04/2011 18:15:05,17.4499593645
28/04/2011 18:15:05,16.941666823
29/04/2011 18:15:05,18.940189041
30/04/2011 18:15:05,39.699408688408795
01/05/2011 18:15:05,47.083455538799996
02/05/2011 18:15:05,23.2385666142
03/05/2011 18:15:05,16.489818077600003
04/05/2011 18:15:05,20.5489003182
05/05/2011 18:15:05,27.097358085
06/05/2011 18:15:05,34.148524742334
07/05/2011 18:15:05,25.1779561
08/05/2011 18:15:05,23.225384754
09/05/2011 18:15:05,46.05631709978
10/05/2011 18:15:05,38.580474764
11/05/2011 18:15:05,58.61829881105001
12/05/2011 18:15:05,33.376560726502795
13/05/2011 18:15:05,95.67741748499999
14/05/2011 18:15:05,123.57303122500001
15/05/2011 18:15:05,123.5258713215
16/05/2011 18:15:05,132.709036725
17/05/2011 18:15:05,111.53077422503242
18/05/2011 18:15:05,131.47497035662
19/05/2011 18:15:05,136.6077258386
20/05/2011 18:15:05,120.41524037099998
21/05/2011 18:15:05,125.51596896656399
22/05/2011 18:15:05,139.9245553294
23/05/2011 18:15:05,142.46453681900002
24/05/2011 18:15:05,137.48969844
25/05/2011 18:15:05,160.7138458197
26/05/2011 18:15:05,188.995827375
27/05/2011 18:15:05,146.5809908692
28/05/2011 18:15:05,115.144427588
29/05/2011 18:15:05,122.67699256832
30/05/2011 18:15:05,143.62154712
31/05/2011 18:15:05,199.09381358804998
01/06/2011 18:15:05,203.0517841005
02/06/2011 18:15:05,265.11808756930003
03/06/2011 18:15:05,380.92023398000003
04/06/2011 18:15:05,551.6127063647
05/06/2011 18:15:05,446.84496407628006
06/06/2011 18:15:05,508.80482007
07/06/2011 18:15:05,543.8069845498
08/06/2011 18:15:05,1251.423491912737
09/06/2011 18:15:05,1524.60387135
10/06/2011 18:15:05,1324.8804184
11/06/2011 18:15:05,1101.6251226000002
12/06/2011 18:15:05,1028.3767344501
13/06/2011 18:15:05,995.963742585
14/06/2011 18:15:05,702.5359580364999
15/06/2011 18:15:05,848.783773
16/06/2011 18:15:05,633.1842381112
17/06/2011 18:15:05,596.565572904364
18/06/2011 18:15:05,520.745292004
19/06/2011 18:15:05,505.63576824944397
20/06/2011 18:15:05,365.41811388600007
21/06/2011 18:15:05,282.83234338
22/06/2011 18:15:05,269.243355899
23/06/2011 18:15:05,256.75587776
24/06/2011 18:15:05,253.05598777049698
25/06/2011 18:15:05,387.108818096
26/06/2011 18:15:05,395.4798913271178
27/06/2011 18:15:05,513.0163764
28/06/2011 18:15:05,368.69083146959997
29/06/2011 18:15:05,350.783979207
30/06/2011 18:15:05,320.54898732500004
01/07/2011 18:15:05,288.28233412000003
02/07/2011 18:15:05,290.8684583873
03/07/2011 18:15:05,203.40298295699998
04/07/2011 18:15:05,241.9072789065
05/07/2011 18:15:05,256.575669
06/07/2011 18:15:05,309.088587555
07/07/2011 18:15:05,240.200150775
08/07/2011 18:15:05,203.4942741569892
09/07/2011 18:15:05,202.5922641
10/07/2011 18:15:05,200.6544322272
11/07/2011 18:15:05,209.31897262043597
12/07/2011 18:15:05,178.2810719965596
13/07/2011 18:15:05,221.342079953
14/07/2011 18:15:05,201.981712938
15/07/2011 18:15:05,199.241150251
16/07/2011 18:15:05,189.506788416
17/07/2011 18:15:05,173.86369929120002
18/07/2011 18:15:05,143.108139392251
19/07/2011 18:15:05,251.17464993599995
20/07/2011 18:15:05,161.5297581612
21/07/2011 18:15:05,130.47635443490998
22/07/2011 18:15:05,164.18260538860798
23/07/2011 18:15:05,136.60853949120002
24/07/2011 18:15:05,110.5017132577281
25/07/2011 18:15:05,194.53410717938402
26/07/2011 18:15:05,124.04648836800001
27/07/2011 18:15:05,129.6940045968
28/07/2011 18:15:05,104.39796765999999
29/07/2011 18:15:05,91.85900034000001
30/07/2011 18:15:05,91.160177586
31/07/2011 18:15:05,91.306241671319
01/08/2011 18:15:05,100.998702455877
02/08/2011 18:15:05,106.05830585499999
03/08/2011 18:15:05,98.127444915
04/08/2011 18:15:05,99.38101739565563
05/08/2011 18:15:05,73.80849768600001
06/08/2011 18:15:05,81.83749420000001
07/08/2011 18:15:05,224.666646302
08/08/2011 18:15:05,71.2771699549
09/08/2011 18:15:05,134.07291623
10/08/2011 18:15:05,100.911718297
11/08/2011 18:15:05,94.14537157884702
12/08/2011 18:15:05,62.462709325402756
13/08/2011 18:15:05,68.31961458
14/08/2011 18:15:05,109.90704814120001
15/08/2011 18:15:05,110.13990897529999
16/08/2011 18:15:05,108.99663059400001
17/08/2011 18:15:05,90.387172466
18/08/2011 18:15:05,71.356909365
19/08/2011 18:15:05,87.5498174789
20/08/2011 18:15:05,72.01472607308
21/08/2011 18:15:05,64.5565212531
22/08/2011 18:15:05,83.15844111505
23/08/2011 18:15:05,62.6976370809
24/08/2011 18:15:05,108.588794034
25/08/2011 18:15:05,75.12687770062621
26/08/2011 18:15:05,52.382896327000005
27/08/2011 18:15:05,46.2415945778
28/08/2011 18:15:05,40.280408041200005
29/08/2011 18:15:05,50.752538401176
30/08/2011 18:15:05,48.87953314679499
31/08/2011 18:15:05,90.90193292999999
01/09/2011 18:15:05,48.12118635233003
02/09/2011 18:15:05,44.706079253583006
03/09/2011 18:15:05,52.93537343217001
04/09/2011 18:15:05,78.21983593245798
05/09/2011 18:15:05,60.68713325782
06/09/2011 18:15:05,49.0640340025082
07/09/2011 18:15:05,61.58511315592441
08/09/2011 18:15:05,36.220829798489
09/09/2011 18:15:05,51.3498146556
10/09/2011 18:15:05,36.593951272536344
11/09/2011 18:15:05,34.915159001999996
12/09/2011 18:15:05,38.150704130550004
13/09/2011 18:15:05,29.667854
14/09/2011 18:15:05,23.0987914073706
15/09/2011 18:15:05,22.116688656900003
16/09/2011 18:15:05,41.75237114080001
17/09/2011 18:15:05,27.4985400366
18/09/2011 18:15:05,24.802347450000003
19/09/2011 18:15:05,33.651140936
20/09/2011 18:15:05,40.88953104885
21/09/2011 18:15:05,33.5882895506088
22/09/2011 18:15:05,26.100572671144597
23/09/2011 18:15:05,21.904337133002798
24/09/2011 18:15:05,40.5900434016
25/09/2011 18:15:05,17.79429443
26/09/2011 18:15:05,18.1894758234574
27/09/2011 18:15:05,21.417281184083404
28/09/2011 18:15:05,22.83017168064
29/09/2011 18:15:05,17.13391237803
30/09/2011 18:15:05,18.109180867
01/10/2011 18:15:05,18.90661739
02/10/2011 18:15:05,16.821721156800002
03/10/2011 18:15:05,47.438601907366795
04/10/2011 18:15:05,17.109545251500002
05/10/2011 18:15:05,17.708327331
06/10/2011 18:15:05,32.8468207216
07/10/2011 18:15:05,27.5561790885
08/10/2011 18:15:05,18.0487673127
09/10/2011 18:15:05,13.514123639940001
10/10/2011 18:15:05,13.544564677303498
11/10/2011 18:15:05,19.917949946874
12/10/2011 18:15:05,19.0416729820776
13/10/2011 18:15:05,20.8463197235
14/10/2011 18:15:05,14.285907897937502
15/10/2011 18:15:05,14.0900798835
16/10/2011 18:15:05,10.961335906011989
17/10/2011 18:15:05,16.7983029431484
18/10/2011 18:15:05,9.15568483
19/10/2011 18:15:05,9.0834279097842
20/10/2011 18:15:05,13.893198849200001
21/10/2011 18:15:05,7.599051849370399
22/10/2011 18:15:05,8.791755324
23/10/2011 18:15:05,10.11004932
24/10/2011 18:15:05,10.380880096
25/10/2011 18:15:05,9.1697768384
26/10/2011 18:15:05,9.76658470176
27/10/2011 18:15:05,7.684961217297
28/10/2011 18:15:05,10.25565996945
29/10/2011 18:15:05,13.0213686729489
30/10/2011 18:15:05,12.447126153948998
31/10/2011 18:15:05,8.69117551764
01/11/2011 18:15:05,17.106993420000002
02/11/2011 18:15:05,11.1287994872
03/11/2011 18:15:05,9.502386321149999
04/11/2011 18:15:05,10.7471770318584
05/11/2011 18:15:05,11.007074977199999
06/11/2011 18:15:05,8.193877826
07/11/2011 18:15:05,10.442175215178
08/11/2011 18:15:05,11.971623256500001
09/11/2011 18:15:05,11.800057448879999
10/11/2011 18:15:05,10.29364803
11/11/2011 18:15:05,6.12639729
12/11/2011 18:15:05,8.0477396293
13/11/2011 18:15:05,7.818396783690001
14/11/2011 18:15:05,8.3819980497
15/11/2011 18:15:05,8.6170492407
16/11/2011 18:15:05,9.302636642
17/11/2011 18:15:05,7.694772058215899
18/11/2011 18:15:05,7.9933998893646
19/11/2011 18:15:05,7.026602833
20/11/2011 18:15:05,10.073294569800002
21/11/2011 18:15:05,5.7262883768999995
22/11/2011 18:15:05,7.9316444944999995
23/11/2011 18:15:05,8.1316760042
24/11/2011 18:15:05,8.5907944356
25/11/2011 18:15:05,9.6898499584
26/11/2011 18:15:05,9.12100874625
27/11/2011 18:15:05,6.82375125494
28/11/2011 18:15:05,7.7277596665167
29/11/2011 18:15:05,13.23985832367
30/11/2011 18:15:05,9.76168365458
01/12/2011 18:15:05,13.550240919
02/12/2011 18:15:05,13.50893397864
03/12/2011 18:15:05,12.812471650454999
04/12/2011 18:15:05,10.491427115
05/12/2011 18:15:05,10.5943905142
06/12/2011 18:15:05,10.673081123
07/12/2011 18:15:05,12.3239208189
08/12/2011 18:15:05,10.187575477
09/12/2011 18:15:05,8.999883230730001
10/12/2011 18:15:05,9.1897665712
11/12/2011 18:15:05,307.5736176812
12/12/2011 18:15:05,1020.0984592246285
13/12/2011 18:15:05,15.764209065
14/12/2011 18:15:05,11.9485688901
15/12/2011 18:15:05,26.811187638686
16/12/2011 18:15:05,9.160318760000001
17/12/2011 18:15:05,8.8169375892
18/12/2011 18:15:05,12.65601272
19/12/2011 18:15:05,13.3679851812892
20/12/2011 18:15:05,26.266520745
21/12/2011 18:15:05,16.4092689546
22/12/2011 18:15:05,16.5891665777874
23/12/2011 18:15:05,12.248157669500001
24/12/2011 18:15:05,8.843650131955
25/12/2011 18:15:05,12.225559928127002
26/12/2011 18:15:05,14.6866496200956
27/12/2011 18:15:05,11.2359416386
28/12/2011 18:15:05,13.973943329673599
29/12/2011 18:15:05,17.473487675
30/12/2011 18:15:05,15.139478141
31/12/2011 18:15:05,18.08384480325
01/01/2012 18:15:05,16.757568932
02/01/2012 18:15:05,28.63750575861
03/01/2012 18:15:05,30.5924432624
04/01/2012 18:15:05,79.719878377083
05/01/2012 18:15:05,35.515966435020005
06/01/2012 18:15:05,48.05139574339999
07/01/2012 18:15:05,33.945294425299195
08/01/2012 18:15:05,24.795500184
09/01/2012 18:15:05,44.377054128
10/01/2012 18:15:05,31.9742586046
11/01/2012 18:15:05,36.96564097388
12/01/2012 18:15:05,292.67664453236
13/01/2012 18:15:05,68.2162804546383
14/01/2012 18:15:05,79.2329513175
15/01/2012 18:15:05,46.862481085728
16/01/2012 18:15:05,220.533157456808
17/01/2012 18:15:05,161.67754190760002
18/01/2012 18:15:05,77.898467709
19/01/2012 18:15:05,45.706662224999995
20/01/2012 18:15:05,287.8421601412
21/01/2012 18:15:05,34.8816276115
22/01/2012 18:15:05,20.566008411299997
23/01/2012 18:15:05,27.942658100806
24/01/2012 18:15:05,56.94698701915
25/01/2012 18:15:05,48.491235256500005
26/01/2012 18:15:05,44.35012055000001
27/01/2012 18:15:05,122.02614309167
28/01/2012 18:15:05,35.7489378785325
29/01/2012 18:15:05,1274.593256352
30/01/2012 18:15:05,28.045469423999997
31/01/2012 18:15:05,156.8673727505
01/02/2012 18:15:05,43.24478684692
02/02/2012 18:15:05,65.25821432800001
03/02/2012 18:15:05,43.92254996128
04/02/2012 18:15:05,53.147587619999996
05/02/2012 18:15:05,26.569795269375003
06/02/2012 18:15:05,25.9502690904
07/02/2012 18:15:05,31.4093830897275
08/02/2012 18:15:05,25.778566273782
09/02/2012 18:15:05,34.549978356
10/02/2012 18:15:05,43.050060657115004
11/02/2012 18:15:05,24.47442024
12/02/2012 18:15:05,20.348047512
13/02/2012 18:15:05,27.5330353584
14/02/2012 18:15:05,38.978875263999996
15/02/2012 18:15:05,74.5031099136
16/02/2012 18:15:05,46.05909020677439
17/02/2012 18:15:05,16.866938102289
18/02/2012 18:15:05,17.046475778429997
19/02/2012 18:15:05,10.610075261730701
20/02/2012 18:15:05,17.751551036
21/02/2012 18:15:05,16.344421367458
22/02/2012 18:15:05,15.118769316
23/02/2012 18:15:05,20.636650940277896
24/02/2012 18:15:05,22.531240221225396
25/02/2012 18:15:05,21.6273093036
26/02/2012 18:15:05,13.0639202039199
27/02/2012 18:15:05,24.396992298
28/02/2012 18:15:05,27.3763608
29/02/2012 18:15:05,15.454181001000002
01/03/2012 18:15:05,33.0777413645756
02/03/2012 18:15:05,22.206285041054397
03/03/2012 18:15:05,14.577427950449001
04/03/2012 18:15:05,19.386541202
05/03/2012 18:15:05,23.0720463792
06/03/2012 18:15:05,24.1033025095
07/03/2012 18:15:05,25.220837136300002
08/03/2012 18:15:05,21.4291598
09/03/2012 18:15:05,17.653399637959
10/03/2012 18:15:05,24.9618502822
11/03/2012 18:15:05,15.361083315900002
12/03/2012 18:15:05,17.452647925398
13/03/2012 18:15:05,54.4417372029
14/03/2012 18:15:05,32.5989996891
15/03/2012 18:15:05,22.687123477500002
16/03/2012 18:15:05,43.012955772
17/03/2012 18:15:05,22.855727952204003
18/03/2012 18:15:05,16.2096014336346
19/03/2012 18:15:05,22.506346363987
20/03/2012 18:15:05,21.3436342434
21/03/2012 18:15:05,20.4486365716
22/03/2012 18:15:05,16.1735445872
23/03/2012 18:15:05,18.6240163683
24/03/2012 18:15:05,21.21914516908
25/03/2012 18:15:05,64.97358341671381
26/03/2012 18:15:05,34.4239783566045
27/03/2012 18:15:05,18.721126041
28/03/2012 18:15:05,22.672949043595196
29/03/2012 18:15:05,22.8093533493652
30/03/2012 18:15:05,19.535745329100003
31/03/2012 18:15:05,23.068246212000002
01/04/2012 18:15:05,21.40231919013
02/04/2012 18:15:05,21.037087415200002
03/04/2012 18:15:05,23.1796777719
04/04/2012 18:15:05,19.644986641699997
05/04/2012 18:15:05,30.715819725732
06/04/2012 18:15:05,24.522938318399998
07/04/2012 18:15:05,19.401170203800003
08/04/2012 18:15:05,18.2710776
09/04/2012 18:15:05,18.399204672
10/04/2012 18:15:05,22.986620349000003
11/04/2012 18:15:05,32.007041607931
12/04/2012 18:15:05,34.6623200952
13/04/2012 18:15:05,21.867224344025598
14/04/2012 18:15:05,29.584529083600003
15/04/2012 18:15:05,20.089135480338197
16/04/2012 18:15:05,23.2628166834
17/04/2012 18:15:05,37.8015097488801
18/04/2012 18:15:05,30.414871152396003
19/04/2012 18:15:05,30.868456189800003
20/04/2012 18:15:05,31.3962373923
21/04/2012 18:15:05,34.32557468
22/04/2012 18:15:05,27.472900165425003
23/04/2012 18:15:05,22.688892347325904
24/04/2012 18:15:05,28.286656164
25/04/2012 18:15:05,27.2356579248
26/04/2012 18:15:05,69.0538602908
27/04/2012 18:15:05,35.77384823292
28/04/2012 18:15:05,27.28802731448
29/04/2012 18:15:05,29.089443053952
30/04/2012 18:15:05,24.81858355
01/05/2012 18:15:05,32.45688185
02/05/2012 18:15:05,34.610834853117
03/05/2012 18:15:05,44.04728388096
04/05/2012 18:15:05,54.22771058100001
05/05/2012 18:15:05,51.105856559085
06/05/2012 18:15:05,43.234334724920004
07/05/2012 18:15:05,53.890120153584
08/05/2012 18:15:05,65.19767202599999
09/05/2012 18:15:05,76.2440852993073
10/05/2012 18:15:05,50.769152358750006
11/05/2012 18:15:05,50.3448319783108
12/05/2012 18:15:05,64.47861265
13/05/2012 18:15:05,50.81387364209599
14/05/2012 18:15:05,142.40162769015998
15/05/2012 18:15:05,99.7563063123
16/05/2012 18:15:05,71.17897194648239
17/05/2012 18:15:05,51.90894359721
18/05/2012 18:15:05,80.8315360623
19/05/2012 18:15:05,171.2709164777563
20/05/2012 18:15:05,113.4948899565
21/05/2012 18:15:05,92.6905480173
22/05/2012 18:15:05,74.14751974400001
23/05/2012 18:15:05,83.0454611592
24/05/2012 18:15:05,107.74580867102
25/05/2012 18:15:05,98.39250537750002
26/05/2012 18:15:05,86.88665112750999
27/05/2012 18:15:05,78.73162891308
28/05/2012 18:15:05,104.3338931784
29/05/2012 18:15:05,97.8403181530797
30/05/2012 18:15:05,87.237965097025
31/05/2012 18:15:05,70.5984507765
01/06/2012 18:15:05,82.6397289573
02/06/2012 18:15:05,52.59281810573
03/06/2012 18:15:05,79.09379382289261
04/06/2012 18:15:05,148.454812675665
05/06/2012 18:15:05,164.91103519
06/06/2012 18:15:05,72.6828733927
07/06/2012 18:15:05,113.32163675565
08/06/2012 18:15:05,95.19004572480002
09/06/2012 18:15:05,128.4200507442701
10/06/2012 18:15:05,137.18458137320002
11/06/2012 18:15:05,114.65014517803048
12/06/2012 18:15:05,71.801895603
13/06/2012 18:15:05,209.65071939199998
14/06/2012 18:15:05,213.579130114
15/06/2012 18:15:05,219.55469645924998
16/06/2012 18:15:05,198.14688731683
17/06/2012 18:15:05,159.333037184038
18/06/2012 18:15:05,169.18041819812402
19/06/2012 18:15:05,175.9986371497308
20/06/2012 18:15:05,143.5068858118472
21/06/2012 18:15:05,178.696099352
22/06/2012 18:15:05,202.861368175887
23/06/2012 18:15:05,101.0796873593076
24/06/2012 18:15:05,105.886143059825
25/06/2012 18:15:05,95.6467290437677
26/06/2012 18:15:05,126.80296820266598
27/06/2012 18:15:05,114.2373834430205
28/06/2012 18:15:05,112.40449560678029
29/06/2012 18:15:05,77.2125650105
30/06/2012 18:15:05,94.83473335949999
01/07/2012 18:15:05,67.10945499524
02/07/2012 18:15:05,89.7772314825
03/07/2012 18:15:05,119.79070550040001
04/07/2012 18:15:05,78.913409509
05/07/2012 18:15:05,90.62654014339999
06/07/2012 18:15:05,83.6268742506183
07/07/2012 18:15:05,306.4005783225
08/07/2012 18:15:05,85.14678687
09/07/2012 18:15:05,109.74724393183999
10/07/2012 18:15:05,164.38871617364998
11/07/2012 18:15:05,129.08176127157
12/07/2012 18:15:05,117.8885284836
13/07/2012 18:15:05,100.457244036
14/07/2012 18:15:05,126.05935582377809
15/07/2012 18:15:05,128.7081933901077
16/07/2012 18:15:05,176.815271048373
17/07/2012 18:15:05,192.2509953962
18/07/2012 18:15:05,237.36933970533036
19/07/2012 18:15:05,189.1369783237572
20/07/2012 18:15:05,278.3792741313555
21/07/2012 18:15:05,280.42595143
22/07/2012 18:15:05,138.18579066
23/07/2012 18:15:05,213.08983815599998
24/07/2012 18:15:05,157.29202952960003
25/07/2012 18:15:05,134.118388115589
26/07/2012 18:15:05,166.311364068
27/07/2012 18:15:05,135.821729727
28/07/2012 18:15:05,184.8955182825
29/07/2012 18:15:05,157.74221735306998
30/07/2012 18:15:05,197.590691931
31/07/2012 18:15:05,187.3236016528
01/08/2012 18:15:05,192.8437776684
02/08/2012 18:15:05,194.688463452
03/08/2012 18:15:05,199.30348374859997
04/08/2012 18:15:05,273.841916157
05/08/2012 18:15:05,274.408965552756
06/08/2012 18:15:05,250.65391014184
07/08/2012 18:15:05,231.03998993279998
08/08/2012 18:15:05,581.8085283486613
09/08/2012 18:15:05,220.43823024
10/08/2012 18:15:05,531.9301731559999
11/08/2012 18:15:05,201.47595169429562
12/08/2012 18:15:05,205.79028521675002
13/08/2012 18:15:05,297.33923198318456
14/08/2012 18:15:05,267.2012297238735
15/08/2012 18:15:05,356.3353509303
16/08/2012 18:15:05,452.65512546347935
17/08/2012 18:15:05,471.084602142
18/08/2012 18:15:05,316.9100153010596
19/08/2012 18:15:05,227.46091212
20/08/2012 18:15:05,294.166307715
21/08/2012 18:15:05,239.6369313665592
22/08/2012 18:15:05,252.027027828
23/08/2012 18:15:05,220.72480707999998
24/08/2012 18:15:05,192.8289768775
25/08/2012 18:15:05,224.6912543975
26/08/2012 18:15:05,237.2912944282593
27/08/2012 18:15:05,352.76455537056324
28/08/2012 18:15:05,268.876358362889
29/08/2012 18:15:05,275.1719693492924
30/08/2012 18:15:05,299.05975044712
31/08/2012 18:15:05,351.020902553268
01/09/2012 18:15:05,300.9160371196
02/09/2012 18:15:05,324.7161893327687
03/09/2012 18:15:05,388.01546290500005
04/09/2012 18:15:05,324.14929843225406
05/09/2012 18:15:05,266.4163856609216
06/09/2012 18:15:05,317.9110103145
07/09/2012 18:15:05,211.70759100659998
08/09/2012 18:15:05,268.1828274621
09/09/2012 18:15:05,229.19180545892962
10/09/2012 18:15:05,248.7796646952
11/09/2012 18:15:05,327.2228729326982
12/09/2012 18:15:05,261.790726299726
13/09/2012 18:15:05,229.34694767579
14/09/2012 18:15:05,251.51193060749998
15/09/2012 18:15:05,188.89314877332
16/09/2012 18:15:05,172.3664000146
17/09/2012 18:15:05,173.338360878375
18/09/2012 18:15:05,239.8111618734
19/09/2012 18:15:05,283.47111744769995
20/09/2012 18:15:05,262.493479551926
21/09/2012 18:15:05,370.7978172809957
22/09/2012 18:15:05,195.4520272963
23/09/2012 18:15:05,186.823590358658
24/09/2012 18:15:05,336.0427609238656
25/09/2012 18:15:05,210.19983343237288
26/09/2012 18:15:05,225.93338708119998
27/09/2012 18:15:05,221.21340934280002
28/09/2012 18:15:05,721.5861252132
29/09/2012 18:15:05,185.74036698740002
30/09/2012 18:15:05,154.3305263033061
01/10/2012 18:15:05,187.86916964844
02/10/2012 18:15:05,328.9250881056
03/10/2012 18:15:05,308.248599020453
04/10/2012 18:15:05,1689.54914806185
05/10/2012 18:15:05,355.11417903840004
06/10/2012 18:15:05,304.8988920590865
07/10/2012 18:15:05,296.107371212268
08/10/2012 18:15:05,352.561404136
09/10/2012 18:15:05,307.879090103
10/10/2012 18:15:05,274.35289408650004
11/10/2012 18:15:05,306.636710907
12/10/2012 18:15:05,230.58624075300003
13/10/2012 18:15:05,298.04484109499003
14/10/2012 18:15:05,196.41131244000002
15/10/2012 18:15:05,230.8560842382
16/10/2012 18:15:05,311.3164122442
17/10/2012 18:15:05,802.0518095271
18/10/2012 18:15:05,217.21409954991236
19/10/2012 18:15:05,206.86538521716
20/10/2012 18:15:05,196.650921114
21/10/2012 18:15:05,262.77215234443497
22/10/2012 18:15:05,272.8351026747
23/10/2012 18:15:05,292.45954788
24/10/2012 18:15:05,262.48763075520003
25/10/2012 18:15:05,213.92179873790002
26/10/2012 18:15:05,186.5826787341528
27/10/2012 18:15:05,149.1762835669224
28/10/2012 18:15:05,136.25719440289998
29/10/2012 18:15:05,165.31818235499998
30/10/2012 18:15:05,252.60282739299998
31/10/2012 18:15:05,257.48663170220004
01/11/2012 18:15:05,248.53646417363
02/11/2012 18:15:05,282.2910922056973
03/11/2012 18:15:05,218.2076836925221
04/11/2012 18:15:05,193.0169916804
05/11/2012 18:15:05,281.611976535
06/11/2012 18:15:05,250.3012952957517
07/11/2012 18:15:05,329.2288196945475
08/11/2012 18:15:05,305.355479910822
09/11/2012 18:15:05,227.68443689670002
10/11/2012 18:15:05,234.75418704960322
11/11/2012 18:15:05,196.04079429861002
12/11/2012 18:15:05,203.5581961426
13/11/2012 18:15:05,205.09321775744
14/11/2012 18:15:05,251.00320409450003
15/11/2012 18:15:05,328.53676135464
16/11/2012 18:15:05,381.838682248
17/11/2012 18:15:05,329.54665574200004
18/11/2012 18:15:05,301.05762255840006
19/11/2012 18:15:05,318.8767497360166
20/11/2012 18:15:05,333.31492067519997
21/11/2012 18:15:05,387.45105959088005
22/11/2012 18:15:05,293.102130262
23/11/2012 18:15:05,298.2845923992
24/11/2012 18:15:05,282.122603583308
25/11/2012 18:15:05,349.25798804399994
26/11/2012 18:15:05,345.01144485154003
27/11/2012 18:15:05,1001.8715752775895
28/11/2012 18:15:05,554.9226755721353
29/11/2012 18:15:05,389.7101690066
30/11/2012 18:15:05,276.782616308
01/12/2012 18:15:05,380.5354613767686
02/12/2012 18:15:05,190.5579099912
03/12/2012 18:15:05,239.03278775702162
04/12/2012 18:15:05,313.4061401616675
05/12/2012 18:15:05,360.09024525
06/12/2012 18:15:05,425.14960383036
07/12/2012 18:15:05,355.274232048
08/12/2012 18:15:05,339.565634391
09/12/2012 18:15:05,330.66322825469996
10/12/2012 18:15:05,441.7434406515
11/12/2012 18:15:05,417.96763015589397
12/12/2012 18:15:05,376.65537076989636
13/12/2012 18:15:05,590.2967521325277
14/12/2012 18:15:05,457.1678819846142
15/12/2012 18:15:05,363.9467463736
16/12/2012 18:15:05,374.43569442272764
17/12/2012 18:15:05,435.30116991244
18/12/2012 18:15:05,496.91992740969
19/12/2012 18:15:05,525.93348301138
20/12/2012 18:15:05,420.14537426680005
21/12/2012 18:15:05,485.47609853485005
22/12/2012 18:15:05,543.339534213643
23/12/2012 18:15:05,436.94469300214126
24/12/2012 18:15:05,413.794088503
25/12/2012 18:15:05,290.0275630855
26/12/2012 18:15:05,391.342203700374
27/12/2012 18:15:05,477.24356257260007
28/12/2012 18:15:05,525.779757183428
29/12/2012 18:15:05,418.0622534895
30/12/2012 18:15:05,476.189618562467
31/12/2012 18:15:05,366.8711096376
01/01/2013 18:15:05,316.98524864706
02/01/2013 18:15:05,391.03854727600003
03/01/2013 18:15:05,480.43170948168006
04/01/2013 18:15:05,578.6934838786356
05/01/2013 18:15:05,407.30744646671997
06/01/2013 18:15:05,500.9672514484824
07/01/2013 18:15:05,471.0537610942
08/01/2013 18:15:05,412.1476275288
09/01/2013 18:15:05,470.2336520877198
10/01/2013 18:15:05,2179.1134343152003
11/01/2013 18:15:05,631.1446369178053
12/01/2013 18:15:05,550.4908314849285
13/01/2013 18:15:05,513.397815948684
14/01/2013 18:15:05,507.3056464190001
15/01/2013 18:15:05,494.82356878660835
16/01/2013 18:15:05,588.06895754521
17/01/2013 18:15:05,566.883272034
18/01/2013 18:15:05,635.5478221656
19/01/2013 18:15:05,998.4589822654816
20/01/2013 18:15:05,535.6019124434999
21/01/2013 18:15:05,520.0312601832001
22/01/2013 18:15:05,525.4509693368
23/01/2013 18:15:05,803.175392163053
24/01/2013 18:15:05,820.9501703730505
25/01/2013 18:15:05,755.903448618276
26/01/2013 18:15:05,847.367251349435
27/01/2013 18:15:05,859.6719609642008
28/01/2013 18:15:05,787.1598465884999
29/01/2013 18:15:05,1005.4823688360001
30/01/2013 18:15:05,770.965783709
31/01/2013 18:15:05,906.7111900973999
01/02/2013 18:15:05,1048.1567387280002
02/02/2013 18:15:05,1156.2770109740002
03/02/2013 18:15:05,1496.3561515408
04/02/2013 18:15:05,996.914673245
05/02/2013 18:15:05,892.0682642718
06/02/2013 18:15:05,714.251345984106
07/02/2013 18:15:05,1005.0785818515
08/02/2013 18:15:05,1186.6345888905
09/02/2013 18:15:05,990.9865329380794
10/02/2013 18:15:05,1035.2521221162494
11/02/2013 18:15:05,1193.51387660099
12/02/2013 18:15:05,1252.858754412757
13/02/2013 18:15:05,1344.3314259422907
14/02/2013 18:15:05,1313.1419016163031
15/02/2013 18:15:05,1440.7863764961323
16/02/2013 18:15:05,1459.6128306918483
17/02/2013 18:15:05,1257.42182215683
18/02/2013 18:15:05,1048.0797394203887
19/02/2013 18:15:05,1454.3426345142418
20/02/2013 18:15:05,1450.5651162606055
21/02/2013 18:15:05,1412.3605953352
22/02/2013 18:15:05,1760.51534915399
23/02/2013 18:15:05,1456.6517734474007
24/02/2013 18:15:05,1404.721622946052
25/02/2013 18:15:05,1957.01550344706
26/02/2013 18:15:05,1700.7992227999798
27/02/2013 18:15:05,1634.7287380913676
28/02/2013 18:15:05,2066.7389049768026
01/03/2013 18:15:05,2483.687626541617
02/03/2013 18:15:05,1862.9393941498079
03/03/2013 18:15:05,1413.1373156754353
04/03/2013 18:15:05,1942.186568269
05/03/2013 18:15:05,2048.0967775268
06/03/2013 18:15:05,2878.072750325
07/03/2013 18:15:05,6735.158240920687
08/03/2013 18:15:05,2393.4740523259998
09/03/2013 18:15:05,1833.1392058988542
10/03/2013 18:15:05,3003.9349098750004
11/03/2013 18:15:05,2714.00160604813
12/03/2013 18:15:05,2267.3578496843993
13/03/2013 18:15:05,2949.1588009257284
14/03/2013 18:15:05,2628.212905461192
15/03/2013 18:15:05,2961.7425306232635
16/03/2013 18:15:05,1787.6798953839
17/03/2013 18:15:05,1471.509320089303
18/03/2013 18:15:05,1733.1930303379997
19/03/2013 18:15:05,3092.336942632
20/03/2013 18:15:05,2165.255379264113
21/03/2013 18:15:05,3453.4318107239997
22/03/2013 18:15:05,4621.23095005
23/03/2013 18:15:05,3906.79441425
24/03/2013 18:15:05,2706.853338731
25/03/2013 18:15:05,3499.6146182516004
26/03/2013 18:15:05,3429.52885938
27/03/2013 18:15:05,5228.322417731
28/03/2013 18:15:05,4249.3111898824845
29/03/2013 18:15:05,6794.0814814469995
30/03/2013 18:15:05,4181.0573296330995
31/03/2013 18:15:05,5022.028431496934
01/04/2013 18:15:05,5436.786883229137
02/04/2013 18:15:05,6264.5614804192
03/04/2013 18:15:05,10092.151920809
04/04/2013 18:15:05,10510.402465080946
05/04/2013 18:15:05,7572.5557487900005
06/04/2013 18:15:05,6002.269760018041
07/04/2013 18:15:05,8117.329031180118
08/04/2013 18:15:05,8951.923041439999
09/04/2013 18:15:05,10284.6535111038
10/04/2013 18:15:05,13845.04176132
11/04/2013 18:15:05,7679.265195108381
12/04/2013 18:15:05,4223.18085195696
13/04/2013 18:15:05,4865.974705208708
14/04/2013 18:15:05,4617.50537703
15/04/2013 18:15:05,6973.649065109999
16/04/2013 18:15:05,4341.3969781
17/04/2013 18:15:05,4696.402216978818
18/04/2013 18:15:05,7333.1616012449995
19/04/2013 18:15:05,6258.5801574136
20/04/2013 18:15:05,5900.5769950226
21/04/2013 18:15:05,4212.98272125
22/04/2013 18:15:05,5667.7231041319
23/04/2013 18:15:05,5726.53545580063
24/04/2013 18:15:05,12199.283967021507
25/04/2013 18:15:05,7673.541938462019
26/04/2013 18:15:05,6894.92270298558
27/04/2013 18:15:05,5449.977700659474
28/04/2013 18:15:05,4429.251581019664
29/04/2013 18:15:05,5069.958863366858
30/04/2013 18:15:05,7594.463037406191
01/05/2013 18:15:05,4462.7914243553705
02/05/2013 18:15:05,5783.856229029879
03/05/2013 18:15:05,4583.708664012
04/05/2013 18:15:05,4787.335272749307
05/05/2013 18:15:05,4497.022794768292
06/05/2013 18:15:05,6168.377291322469
07/05/2013 18:15:05,4811.2585231821
08/05/2013 18:15:05,5623.822794833709
09/05/2013 18:15:05,7498.410459217108
10/05/2013 18:15:05,7082.897061916
11/05/2013 18:15:05,7350.765297146001
12/05/2013 18:15:05,6748.702908814399
13/05/2013 18:15:05,7060.31395843835
14/05/2013 18:15:05,6505.05267342
15/05/2013 18:15:05,5708.958263918693
16/05/2013 18:15:05,6660.677172940122
17/05/2013 18:15:05,11017.180393779
18/05/2013 18:15:05,4881.912007584503
19/05/2013 18:15:05,5108.677025284905
20/05/2013 18:15:05,6019.005192225409
21/05/2013 18:15:05,5266.6297992
22/05/2013 18:15:05,6754.7778246647995
23/05/2013 18:15:05,6712.1804319588
24/05/2013 18:15:05,5521.447217755
25/05/2013 18:15:05,7428.6796233441
26/05/2013 18:15:05,4111.227710854081
27/05/2013 18:15:05,6339.191307895149
28/05/2013 18:15:05,7001.9540439600605
29/05/2013 18:15:05,6751.570777708296
30/05/2013 18:15:05,6119.073085307377
31/05/2013 18:15:05,6234.308470840123
01/06/2013 18:15:05,5085.54148989091
02/06/2013 18:15:05,5385.697394002445
03/06/2013 18:15:05,5940.529010488003
04/06/2013 18:15:05,7823.585785771114
05/06/2013 18:15:05,7420.771855168552
06/06/2013 18:15:05,5234.695026873288
07/06/2013 18:15:05,4465.259233249395
08/06/2013 18:15:05,4924.909540628
09/06/2013 18:15:05,3594.3247050871746
10/06/2013 18:15:05,3589.3866014793302
11/06/2013 18:15:05,5101.8839798399995
12/06/2013 18:15:05,4702.585149556372
13/06/2013 18:15:05,4244.29825054
14/06/2013 18:15:05,3816.9916190000004
15/06/2013 18:15:05,3798.582271827772
16/06/2013 18:15:05,2907.4691900000003
17/06/2013 18:15:05,3523.7096101205466
18/06/2013 18:15:05,3972.610753404853
19/06/2013 18:15:05,3896.8501547157
20/06/2013 18:15:05,7009.4883784624
21/06/2013 18:15:05,6162.30838536
22/06/2013 18:15:05,4972.7892219263
23/06/2013 18:15:05,4376.037107600902
24/06/2013 18:15:05,3856.8933645303623
25/06/2013 18:15:05,3762.1671923825393
26/06/2013 18:15:05,3990.2950645582678
27/06/2013 18:15:05,3406.0402098332697
28/06/2013 18:15:05,4570.297944787809
29/06/2013 18:15:05,2472.6099389397273
30/06/2013 18:15:05,1918.459591055
01/07/2013 18:15:05,2907.86977347958
02/07/2013 18:15:05,3320.2441321200004
03/07/2013 18:15:05,2442.337320312
04/07/2013 18:15:05,1683.9082386
05/07/2013 18:15:05,2267.1686535688164
06/07/2013 18:15:05,2201.7610329950207
07/07/2013 18:15:05,1228.22952702752
08/07/2013 18:15:05,2440.8585273372
09/07/2013 18:15:05,2683.7761767615802
10/07/2013 18:15:05,2063.656043459468
11/07/2013 18:15:05,2947.1484448455003
12/07/2013 18:15:05,3134.51097321
13/07/2013 18:15:05,2412.9251564289502
14/07/2013 18:15:05,3015.8601153975
15/07/2013 18:15:05,2297.0100389637646
16/07/2013 18:15:05,3299.7718355867
17/07/2013 18:15:05,3272.8791031152005
18/07/2013 18:15:05,2494.5060544289045
19/07/2013 18:15:05,3085.0203135985903
20/07/2013 18:15:05,1974.3167360738248
21/07/2013 18:15:05,2356.376104843399
22/07/2013 18:15:05,2018.7048932484001
23/07/2013 18:15:05,3044.34536872564
24/07/2013 18:15:05,3082.304948849496
25/07/2013 18:15:05,3354.2971228520005
26/07/2013 18:15:05,2198.206501692815
27/07/2013 18:15:05,2922.307806949516
28/07/2013 18:15:05,1973.2024870733626
29/07/2013 18:15:05,3119.3127922946865
30/07/2013 18:15:05,3807.41245653476
31/07/2013 18:15:05,4777.683097662143
01/08/2013 18:15:05,3281.1367756653
02/08/2013 18:15:05,4327.114733415
03/08/2013 18:15:05,2908.2220376455066
04/08/2013 18:15:05,3427.224140638541
05/08/2013 18:15:05,2878.623408192
06/08/2013 18:15:05,4332.920185915275
07/08/2013 18:15:05,3187.062245664
08/08/2013 18:15:05,5056.357268010001
09/08/2013 18:15:05,4690.4460999
10/08/2013 18:15:05,3012.433538928476
11/08/2013 18:15:05,3524.2020860115067
12/08/2013 18:15:05,2534.9180685797774
13/08/2013 18:15:05,3171.3341418919244
14/08/2013 18:15:05,4303.6695956646
15/08/2013 18:15:05,6292.384798518
16/08/2013 18:15:05,4492.569706992701
17/08/2013 18:15:05,2895.3733858232
18/08/2013 18:15:05,4448.6404586122
19/08/2013 18:15:05,3859.7413704108
20/08/2013 18:15:05,4788.6822354331
21/08/2013 18:15:05,3747.0895792300003
22/08/2013 18:15:05,4111.8791229607
23/08/2013 18:15:05,3764.620291322
24/08/2013 18:15:05,3053.1228220911003
25/08/2013 18:15:05,3470.6489399620004
26/08/2013 18:15:05,3069.166917518
27/08/2013 18:15:05,6104.805961217599
28/08/2013 18:15:05,29039.800418594998
29/08/2013 18:15:05,5333.0711945552
30/08/2013 18:15:05,5404.2123222818
31/08/2013 18:15:05,4294.7745806474995
01/09/2013 18:15:05,3308.1070700334
02/09/2013 18:15:05,6136.3752024685
03/09/2013 18:15:05,4032.7689309114994
04/09/2013 18:15:05,3117.4678690438
05/09/2013 18:15:05,4234.5142525649
06/09/2013 18:15:05,4041.5762813091997
07/09/2013 18:15:05,3292.420354659
08/09/2013 18:15:05,2667.6856946047
09/09/2013 18:15:05,3702.8947245906
10/09/2013 18:15:05,3464.2342496214
11/09/2013 18:15:05,2930.5618153459995
12/09/2013 18:15:05,3207.2046689164995
13/09/2013 18:15:05,3390.1434581908998
14/09/2013 18:15:05,2723.78885352
15/09/2013 18:15:05,3032.1741196529997
16/09/2013 18:15:05,3758.9873456843998
17/09/2013 18:15:05,11600.033420324402
18/09/2013 18:15:05,38555.5818013827
19/09/2013 18:15:05,13828.191965600001
20/09/2013 18:15:05,4461.7622256818
21/09/2013 18:15:05,3232.9814167299996
22/09/2013 18:15:05,3374.210885696
23/09/2013 18:15:05,4474.4093991827995
24/09/2013 18:15:05,3891.1495902019005
25/09/2013 18:15:05,3827.414950366
26/09/2013 18:15:05,3470.023134747
27/09/2013 18:15:05,10393.985808447998
28/09/2013 18:15:05,3521.995680885
29/09/2013 18:15:05,2530.5481040279997
30/09/2013 18:15:05,3270.865753144
01/10/2013 18:15:05,4579.1787912767995
02/10/2013 18:15:05,3697.7297461370995
03/10/2013 18:15:05,4721.7307591415
04/10/2013 18:15:05,4091.8695921800004
05/10/2013 18:15:05,3245.2224633576
06/10/2013 18:15:05,2673.224338048
07/10/2013 18:15:05,4078.737253224
08/10/2013 18:15:05,2003.7981801024002
09/10/2013 18:15:05,3169.5304128383996
10/10/2013 18:15:05,3758.7947501843
11/10/2013 18:15:05,3610.0668883776
12/10/2013 18:15:05,4108.4044355952
13/10/2013 18:15:05,4042.3568360968
14/10/2013 18:15:05,3360.1086103608
15/10/2013 18:15:05,6525.9472494496
16/10/2013 18:15:05,5225.4765802785005
17/10/2013 18:15:05,5661.888613742901
18/10/2013 18:15:05,6857.8170319604005
19/10/2013 18:15:05,5912.664895355
20/10/2013 18:15:05,4622.5644815410005
21/10/2013 18:15:05,6521.4834979506995
22/10/2013 18:15:05,7992.0326474628
23/10/2013 18:15:05,7333.2065819145
24/10/2013 18:15:05,9645.665105895
25/10/2013 18:15:05,8079.6450966132
26/10/2013 18:15:05,9643.8980368595
27/10/2013 18:15:05,8325.1542059856
28/10/2013 18:15:05,8585.901698112499
29/10/2013 18:15:05,5284.4650450123
30/10/2013 18:15:05,7746.719595255299
31/10/2013 18:15:05,6055.4159176906005
01/11/2013 18:15:05,7195.298974464401
02/11/2013 18:15:05,4873.233361971001
03/11/2013 18:15:05,5165.8638369870005
04/11/2013 18:15:05,15167.145285811997
05/11/2013 18:15:05,11626.154588563499
06/11/2013 18:15:05,30567.6615063645
07/11/2013 18:15:05,34438.5081115488
08/11/2013 18:15:05,35223.3799728132
09/11/2013 18:15:05,31045.076825099997
10/11/2013 18:15:05,15583.8566134098
11/11/2013 18:15:05,21043.5295986176
12/11/2013 18:15:05,7112.279051505
13/11/2013 18:15:05,9512.067706178
14/11/2013 18:15:05,9969.119410705
15/11/2013 18:15:05,7952.392351778401
16/11/2013 18:15:05,6693.578781225299
17/11/2013 18:15:05,6992.7395133
18/11/2013 18:15:05,14739.179601295198
19/11/2013 18:15:05,18224.165406663502
20/11/2013 18:15:05,14983.003703850001
21/11/2013 18:15:05,18468.244914043502
22/11/2013 18:15:05,17967.65367822
23/11/2013 18:15:05,18319.4876360736
24/11/2013 18:15:05,14645.461418605199
25/11/2013 18:15:05,15693.75453008
26/11/2013 18:15:05,20327.969262685
27/11/2013 18:15:05,27037.141505620002
28/11/2013 18:15:05,33281.26053837
29/11/2013 18:15:05,28095.689707863003
30/11/2013 18:15:05,24657.8282150256
01/12/2013 18:15:05,17186.6184786
02/12/2013 18:15:05,19492.558928999402
03/12/2013 18:15:05,23167.5155338
04/12/2013 18:15:05,24329.01160502
05/12/2013 18:15:05,22611.5152538166
06/12/2013 18:15:05,16617.24908436
07/12/2013 18:15:05,14916.066022700099
08/12/2013 18:15:05,23405.0605648162
09/12/2013 18:15:05,11165.512991880001
10/12/2013 18:15:05,18718.0223250592
11/12/2013 18:15:05,15679.533356508002
12/12/2013 18:15:05,12601.49729101
13/12/2013 18:15:05,13061.531123879999
14/12/2013 18:15:05,11430.631448544002
15/12/2013 18:15:05,9559.857826409
16/12/2013 18:15:05,9933.86138491
17/12/2013 18:15:05,11390.059045548998
18/12/2013 18:15:05,10662.517171508798
19/12/2013 18:15:05,10324.76032868
20/12/2013 18:15:05,10722.179839800001
21/12/2013 18:15:05,9003.474564875
22/12/2013 18:15:05,7098.07503678
23/12/2013 18:15:05,7318.111144041
24/12/2013 18:15:05,8184.9499661605
25/12/2013 18:15:05,8198.234645149501
26/12/2013 18:15:05,8649.5405333294
27/12/2013 18:15:05,9674.6641364869
28/12/2013 18:15:05,8280.8198636709
29/12/2013 18:15:05,8192.2349803292
30/12/2013 18:15:05,11023.467585994
31/12/2013 18:15:05,8357.12097193
01/01/2014 18:15:05,6859.327317072999
02/01/2014 18:15:05,9191.3729919792
03/01/2014 18:15:05,11742.084831613302
04/01/2014 18:15:05,10427.972021147201
05/01/2014 18:15:05,11865.02644992
06/01/2014 18:15:05,27755.8185150156
07/01/2014 18:15:05,13334.9554670374
08/01/2014 18:15:05,11792.2946816736
09/01/2014 18:15:05,10479.1232246063
10/01/2014 18:15:05,10623.1918237398
11/01/2014 18:15:05,11123.302290564501
12/01/2014 18:15:05,9839.10505007
13/01/2014 18:15:05,9919.600337056301
14/01/2014 18:15:05,10371.2268017925
15/01/2014 18:15:05,16517.753633619
16/01/2014 18:15:05,11074.463980006
17/01/2014 18:15:05,11846.10283493
18/01/2014 18:15:05,10315.2400630384
19/01/2014 18:15:05,10053.46244749
20/01/2014 18:15:05,11239.769762951999
21/01/2014 18:15:05,13580.239272616
22/01/2014 18:15:05,11329.311738450999
23/01/2014 18:15:05,13038.230152129
24/01/2014 18:15:05,13409.024611306999
25/01/2014 18:15:05,9986.12980326
26/01/2014 18:15:05,9361.645562104499
27/01/2014 18:15:05,10035.00737757
28/01/2014 18:15:05,11064.432232704
29/01/2014 18:15:05,11041.845083192
30/01/2014 18:15:05,10693.7617535892
31/01/2014 18:15:05,11273.140313175001
01/02/2014 18:15:05,10508.3721287916
02/02/2014 18:15:05,8174.875881893701
03/02/2014 18:15:05,10098.891741172
04/02/2014 18:15:05,11020.6010537865
05/02/2014 18:15:05,11105.91608
06/02/2014 18:15:05,11645.56459156
07/02/2014 18:15:05,11591.7107449758
08/02/2014 18:15:05,8727.03705447
09/02/2014 18:15:05,7852.6294011
10/02/2014 18:15:05,8849.24544
11/02/2014 18:15:05,8021.3892157
12/02/2014 18:15:05,10636.831615247
13/02/2014 18:15:05,8876.0295225861
14/02/2014 18:15:05,11534.93459833
15/02/2014 18:15:05,8955.021069225
16/02/2014 18:15:05,6937.405726915
17/02/2014 18:15:05,7949.77070964
18/02/2014 18:15:05,15249.6485068658
19/02/2014 18:15:05,8509.273072775699
20/02/2014 18:15:05,8695.867854593002
21/02/2014 18:15:05,8321.4021630096
22/02/2014 18:15:05,7591.2912853752
23/02/2014 18:15:05,7384.3210969357
24/02/2014 18:15:05,7619.1758313
25/02/2014 18:15:05,9747.04902336
26/02/2014 18:15:05,8688.300284134
27/02/2014 18:15:05,8146.4108939372
28/02/2014 18:15:05,8835.0026051688
01/03/2014 18:15:05,8513.983446344999
02/03/2014 18:15:05,6214.7984688364
03/03/2014 18:15:05,9836.74771812
04/03/2014 18:15:05,12351.8990199204
05/03/2014 18:15:05,9775.4834667995
06/03/2014 18:15:05,9775.056307744
07/03/2014 18:15:05,8199.292378412998
08/03/2014 18:15:05,7906.59619113
09/03/2014 18:15:05,7694.598464717999
10/03/2014 18:15:05,8978.2413979023
11/03/2014 18:15:05,9625.289557569999
12/03/2014 18:15:05,11094.920351495
13/03/2014 18:15:05,9549.0529870459
14/03/2014 18:15:05,8915.6343037405
15/03/2014 18:15:05,7496.3473587701
16/03/2014 18:15:05,6594.499043546801
17/03/2014 18:15:05,9067.383028518001
18/03/2014 18:15:05,6650.07038322
19/03/2014 18:15:05,7551.556203048
20/03/2014 18:15:05,8071.4804152
21/03/2014 18:15:05,8731.5059933976
22/03/2014 18:15:05,8134.69220181
23/03/2014 18:15:05,8161.0103298674
24/03/2014 18:15:05,7075.40917512
25/03/2014 18:15:05,8359.9362191226
26/03/2014 18:15:05,9126.160187298
27/03/2014 18:15:05,7151.886301536001
28/03/2014 18:15:05,6422.1029659900005
29/03/2014 18:15:05,4954.9888699752
30/03/2014 18:15:05,4827.1751009481995
31/03/2014 18:15:05,5461.252176059999
01/04/2014 18:15:05,6017.2026292439
02/04/2014 18:15:05,5825.3032317
03/04/2014 18:15:05,5990.1605951319
04/04/2014 18:15:05,6068.4787028142
05/04/2014 18:15:05,5493.1981204096
06/04/2014 18:15:05,4214.3986159813
07/04/2014 18:15:05,6226.3652475472
08/04/2014 18:15:05,6855.0821940982
09/04/2014 18:15:05,5883.3364188900005
10/04/2014 18:15:05,8542.502466670001
11/04/2014 18:15:05,6235.8350703547
12/04/2014 18:15:05,4214.771860710601
13/04/2014 18:15:05,3768.8494495500004
14/04/2014 18:15:05,6522.5844483582
15/04/2014 18:15:05,8036.0463708295
16/04/2014 18:15:05,7679.95997175
17/04/2014 18:15:05,7562.225127600001
18/04/2014 18:15:05,5815.7568091024
19/04/2014 18:15:05,6651.931497569999
20/04/2014 18:15:05,5395.3159712814
21/04/2014 18:15:05,5764.2984441749995
22/04/2014 18:15:05,7603.6214680988
23/04/2014 18:15:05,6959.177033105
24/04/2014 18:15:05,6973.494767992001
25/04/2014 18:15:05,6613.461403282499
26/04/2014 18:15:05,4882.3141863816
27/04/2014 18:15:05,4962.167219025
28/04/2014 18:15:05,5516.1228701400005
29/04/2014 18:15:05,5448.7804002170005
30/04/2014 18:15:05,5628.08210049
01/05/2014 18:15:05,5528.0353092682
02/05/2014 18:15:05,5150.6111359836
03/05/2014 18:15:05,4783.01662575
04/05/2014 18:15:05,4361.3167805829
05/05/2014 18:15:05,5291.9438899353
06/05/2014 18:15:05,6545.8162235675
07/05/2014 18:15:05,5976.3350828345
08/05/2014 18:15:05,5996.163574675
09/05/2014 18:15:05,7171.817439414
10/05/2014 18:15:05,4917.051034892001
11/05/2014 18:15:05,4056.2629222499995
12/05/2014 18:15:05,5625.772668425
13/05/2014 18:15:05,5728.4318230895
14/05/2014 18:15:05,5389.5302166792
15/05/2014 18:15:05,5727.0311876732
16/05/2014 18:15:05,5403.8512801664
17/05/2014 18:15:05,4397.2637763719995
18/05/2014 18:15:05,3991.0370866311996
19/05/2014 18:15:05,4786.721753892
20/05/2014 18:15:05,6159.0243168738
21/05/2014 18:15:05,6569.7734558479
22/05/2014 18:15:05,6661.462911094401
23/05/2014 18:15:05,6852.9989568417
24/05/2014 18:15:05,6312.8739710472
25/05/2014 18:15:05,5503.95998975
26/05/2014 18:15:05,6958.8809572
27/05/2014 18:15:05,7176.1000274011
28/05/2014 18:15:05,7608.020664807801
29/05/2014 18:15:05,7038.6884498399995
30/05/2014 18:15:05,7348.0842192717
31/05/2014 18:15:05,6166.509368753501
01/06/2014 18:15:05,7211.3088542584
02/06/2014 18:15:05,6892.8249721724
03/06/2014 18:15:05,9245.442719223
04/06/2014 18:15:05,7907.4863376826
05/06/2014 18:15:05,8066.467742400001
06/06/2014 18:15:05,7421.892941489999
07/06/2014 18:15:05,5967.7438565249995
08/06/2014 18:15:05,5678.606492319999
09/06/2014 18:15:05,6689.086852981399
10/06/2014 18:15:05,7924.2640937099995
11/06/2014 18:15:05,7011.7549132176
12/06/2014 18:15:05,7498.5835764700005
13/06/2014 18:15:05,7114.53609324
14/06/2014 18:15:05,5552.389985700799
15/06/2014 18:15:05,5234.1642594234
16/06/2014 18:15:05,6621.5342788
17/06/2014 18:15:05,7164.882607652
18/06/2014 18:15:05,7395.804107304
19/06/2014 18:15:05,7636.742624179201
20/06/2014 18:15:05,6676.812485140101
21/06/2014 18:15:05,5389.6898818906
22/06/2014 18:15:05,5618.181435943201
23/06/2014 18:15:05,5867.977459435
24/06/2014 18:15:05,6817.094438517
25/06/2014 18:15:05,6552.064549799999
26/06/2014 18:15:05,6473.80378176
27/06/2014 18:15:05,6063.669687673801
28/06/2014 18:15:05,5898.165892700401
29/06/2014 18:15:05,5271.12232808
30/06/2014 18:15:05,6763.8544058
01/07/2014 18:15:05,8091.155061966
02/07/2014 18:15:05,8981.6688771
03/07/2014 18:15:05,7137.183778167599
04/07/2014 18:15:05,6728.7262362669
05/07/2014 18:15:05,5227.248427011
06/07/2014 18:15:05,5868.554621166701
07/07/2014 18:15:05,6497.226348271801
08/07/2014 18:15:05,7619.657060169
09/07/2014 18:15:05,7458.200024388
10/07/2014 18:15:05,6957.733696190199
11/07/2014 18:15:05,7011.204883495099
12/07/2014 18:15:05,5697.4189040676
13/07/2014 18:15:05,5882.254817391
14/07/2014 18:15:05,7068.897036576
15/07/2014 18:15:05,7401.925118835199
16/07/2014 18:15:05,7639.4046436684
17/07/2014 18:15:05,7976.2927755
18/07/2014 18:15:05,7309.9543354376
19/07/2014 18:15:05,6597.379776304
20/07/2014 18:15:05,5929.556515927099
21/07/2014 18:15:05,6204.0086251236
22/07/2014 18:15:05,7363.797023202
23/07/2014 18:15:05,6988.3513682296
24/07/2014 18:15:05,6392.3619695
25/07/2014 18:15:05,6145.4513070443
26/07/2014 18:15:05,5665.792378823599
27/07/2014 18:15:05,5199.6789152128
28/07/2014 18:15:05,5695.933345000801
29/07/2014 18:15:05,6194.8696433
30/07/2014 18:15:05,6227.9601747228
31/07/2014 18:15:05,6460.568305739999
01/08/2014 18:15:05,6548.9123881384
02/08/2014 18:15:05,5538.1943004896
03/08/2014 18:15:05,4934.787798605899
04/08/2014 18:15:05,6002.960976130801
05/08/2014 18:15:05,7050.1715414165
06/08/2014 18:15:05,7521.068089056001
07/08/2014 18:15:05,6587.211036909201
08/08/2014 18:15:05,6532.910215456
09/08/2014 18:15:05,5825.3515337435
10/08/2014 18:15:05,5669.607314877
11/08/2014 18:15:05,6765.2496746855995
12/08/2014 18:15:05,7079.2951799834
13/08/2014 18:15:05,6931.60280898
14/08/2014 18:15:05,6588.332826644
15/08/2014 18:15:05,5466.662760863201
16/08/2014 18:15:05,7481.78060622
17/08/2014 18:15:05,18346.20455331
18/08/2014 18:15:05,5000.6920317528
19/08/2014 18:15:05,6277.7403243750005
20/08/2014 18:15:05,6098.044617072
21/08/2014 18:15:05,6279.943313545199
22/08/2014 18:15:05,5623.0159670925
23/08/2014 18:15:05,4643.7333798024
24/08/2014 18:15:05,4421.4693389325
25/08/2014 18:15:05,7219.6546777362
26/08/2014 18:15:05,6717.438570673499
27/08/2014 18:15:05,5978.3988117536
28/08/2014 18:15:05,5431.0254831105
29/08/2014 18:15:05,5232.5751138312
30/08/2014 18:15:05,4911.115094808
31/08/2014 18:15:05,4312.6979931148
01/09/2014 18:15:05,4973.2671908293
02/09/2014 18:15:05,5519.5949124154995
03/09/2014 18:15:05,5334.5399203724
04/09/2014 18:15:05,5421.91447818
05/09/2014 18:15:05,5206.042412505
06/09/2014 18:15:05,5046.607303287
07/09/2014 18:15:05,9355.5788670316
08/09/2014 18:15:05,5396.97292887
09/09/2014 18:15:05,6067.0751115016
10/09/2014 18:15:05,7112.808901298099
11/09/2014 18:15:05,4818.59303233
12/09/2014 18:15:05,4914.079226244
13/09/2014 18:15:05,4739.8398425794
14/09/2014 18:15:05,4952.7670231112
15/09/2014 18:15:05,5678.27420986
16/09/2014 18:15:05,6895.390086
17/09/2014 18:15:05,5499.51116288
18/09/2014 18:15:05,5334.9967161645
19/09/2014 18:15:05,4446.7923009958
20/09/2014 18:15:05,4142.838846385201
21/09/2014 18:15:05,3985.7770414930005
22/09/2014 18:15:05,4365.2921110458
23/09/2014 18:15:05,4910.12956413
24/09/2014 18:15:05,5796.6214502493
25/09/2014 18:15:05,5336.8884852568
26/09/2014 18:15:05,19219.560728592198
27/09/2014 18:15:05,4547.6732318081995
28/09/2014 18:15:05,4210.6858094
29/09/2014 18:15:05,4375.7464729498
30/09/2014 18:15:05,4719.4437657659
01/10/2014 18:15:05,4867.6447431601
02/10/2014 18:15:05,4437.421255421001
03/10/2014 18:15:05,4254.0737209125
04/10/2014 18:15:05,4401.59908944
05/10/2014 18:15:05,3357.3094771437004
06/10/2014 18:15:05,4072.5529283519995
07/10/2014 18:15:05,4388.033765367
08/10/2014 18:15:05,4528.1401189206
09/10/2014 18:15:05,5059.6027419752
10/10/2014 18:15:05,4813.887956731301
11/10/2014 18:15:05,3784.4866256513
12/10/2014 18:15:05,4038.5734922844
13/10/2014 18:15:05,4897.9400792077995
14/10/2014 18:15:05,5391.8347633329
15/10/2014 18:15:05,4980.7687654599995
16/10/2014 18:15:05,4607.9850508736
17/10/2014 18:15:05,4454.6123990214
18/10/2014 18:15:05,4348.003711052
19/10/2014 18:15:05,4010.119421147
20/10/2014 18:15:05,4713.359296609
21/10/2014 18:15:05,5027.966214120001
22/10/2014 18:15:05,4812.21741753
23/10/2014 18:15:05,4580.8955272443
24/10/2014 18:15:05,4673.5933357888
25/10/2014 18:15:05,4034.4596139788
26/10/2014 18:15:05,3824.6541330279997
27/10/2014 18:15:05,4565.67153607
28/10/2014 18:15:05,4870.1598228528
29/10/2014 18:15:05,4657.4541591731995
30/10/2014 18:15:05,4842.74656208
31/10/2014 18:15:05,4504.480986498
01/11/2014 18:15:05,4311.6907749111
02/11/2014 18:15:05,4049.4913333693003
03/11/2014 18:15:05,4181.3810915239
04/11/2014 18:15:05,5570.262434688
05/11/2014 18:15:05,4597.998677063
06/11/2014 18:15:05,4737.7078790352
07/11/2014 18:15:05,4856.8161508202
08/11/2014 18:15:05,3950.4956253312
09/11/2014 18:15:05,5375.3864270004
10/11/2014 18:15:05,4837.433955037201
11/11/2014 18:15:05,4882.5849928752
12/11/2014 18:15:05,5840.3340251022
13/11/2014 18:15:05,6414.7846017024
14/11/2014 18:15:05,5419.5338392304
15/11/2014 18:15:05,4287.8014944875995
16/11/2014 18:15:05,4315.345573245
17/11/2014 18:15:05,5522.2945360968
18/11/2014 18:15:05,4986.9686848316005
19/11/2014 18:15:05,5030.1273480930995
20/11/2014 18:15:05,4666.66262335
21/11/2014 18:15:05,4675.286413344
22/11/2014 18:15:05,4167.3985216500005
23/11/2014 18:15:05,4161.5650534863
24/11/2014 18:15:05,4799.7336
25/11/2014 18:15:05,4652.2667119617
26/11/2014 18:15:05,4839.4534979656
27/11/2014 18:15:05,4391.7709673736
28/11/2014 18:15:05,4384.3502901408
29/11/2014 18:15:05,4354.250101641001
30/11/2014 18:15:05,4397.40448524
01/12/2014 18:15:05,5344.867163898
02/12/2014 18:15:05,5428.728160176301
03/12/2014 18:15:05,5138.536530835
04/12/2014 18:15:05,5222.4212004549
05/12/2014 18:15:05,5129.8774668912
06/12/2014 18:15:05,4367.192455674501
07/12/2014 18:15:05,4093.9490301888004
08/12/2014 18:15:05,4632.4765103687005
09/12/2014 18:15:05,5233.1016783233
10/12/2014 18:15:05,4444.2035002887005
11/12/2014 18:15:05,4341.804025302001
12/12/2014 18:15:05,4078.8661558127997
13/12/2014 18:15:05,3838.8312468168
14/12/2014 18:15:05,3781.4260921344
15/12/2014 18:15:05,5211.581009881
16/12/2014 18:15:05,4911.4205132489005
17/12/2014 18:15:05,4404.1466966
18/12/2014 18:15:05,4989.111305517
19/12/2014 18:15:05,4543.3017070026
20/12/2014 18:15:05,4201.323200041999
21/12/2014 18:15:05,3706.7810787244002
22/12/2014 18:15:05,4365.005955343
23/12/2014 18:15:05,4754.930870476799
24/12/2014 18:15:05,4061.2268453942997
25/12/2014 18:15:05,3080.7282204416
26/12/2014 18:15:05,5390.4401486922
27/12/2014 18:15:05,6106.0890165365
28/12/2014 18:15:05,3823.5464168999997
29/12/2014 18:15:05,4423.5010731252005
30/12/2014 18:15:05,4367.8720804805
31/12/2014 18:15:05,3951.30230037
01/01/2015 18:15:05,2526.571052159
02/01/2015 18:15:05,3391.560723666
03/01/2015 18:15:05,3599.5675487603994
04/01/2015 18:15:05,5496.6568376379
05/01/2015 18:15:05,4696.488732176
06/01/2015 18:15:05,3558.7255833760005
07/01/2015 18:15:05,3710.5633293120004
08/01/2015 18:15:05,4000.8359049920005
09/01/2015 18:15:05,4468.882801808
10/01/2015 18:15:05,4292.49212092
11/01/2015 18:15:05,3892.7321772074997
12/01/2015 18:15:05,8812.7847828
13/01/2015 18:15:05,3336.1518470159
14/01/2015 18:15:05,2802.028494575
15/01/2015 18:15:05,3609.5037510064003
16/01/2015 18:15:05,3262.1129602725
17/01/2015 18:15:05,2492.7739119360003
18/01/2015 18:15:05,2692.5991127632
19/01/2015 18:15:05,3356.7241989125996
20/01/2015 18:15:05,3070.3274539834
21/01/2015 18:15:05,3005.948105168
22/01/2015 18:15:05,3146.428291972
23/01/2015 18:15:05,3068.6985187411
24/01/2015 18:15:05,2979.8533897967995
25/01/2015 18:15:05,3036.2712857730003
26/01/2015 18:15:05,4433.448373815
27/01/2015 18:15:05,3682.3288956783
28/01/2015 18:15:05,3062.79013155
29/01/2015 18:15:05,2751.8415616701
30/01/2015 18:15:05,2754.3957622911003
31/01/2015 18:15:05,2792.1913808179997
01/02/2015 18:15:05,2429.1271243016
02/02/2015 18:15:05,2703.73260558
03/02/2015 18:15:05,3180.1078736338
04/02/2015 18:15:05,2747.7769933120003
05/02/2015 18:15:05,2721.3670364136
06/02/2015 18:15:05,2524.4310991359002
07/02/2015 18:15:05,2724.7458832048
08/02/2015 18:15:05,2559.7710549900003
09/02/2015 18:15:05,3037.8601876351
10/02/2015 18:15:05,3122.8840083968
11/02/2015 18:15:05,3254.9678825603005
12/02/2015 18:15:05,2992.5280823865005
13/02/2015 18:15:05,3824.5825400688
14/02/2015 18:15:05,4091.3298724467
15/02/2015 18:15:05,3277.9983205404
16/02/2015 18:15:05,3666.2814825678
17/02/2015 18:15:05,3693.20222924
18/02/2015 18:15:05,3594.4919838777
19/02/2015 18:15:05,3313.5894533856
20/02/2015 18:15:05,3391.4709629736
21/02/2015 18:15:05,3539.6502184163996
22/02/2015 18:15:05,2937.43433576
23/02/2015 18:15:05,3280.7378467773
24/02/2015 18:15:05,3495.966306742
25/02/2015 18:15:05,3612.0252118004996
26/02/2015 18:15:05,3426.231935875
27/02/2015 18:15:05,3600.6369008200004
28/02/2015 18:15:05,3470.7543134991997
01/03/2015 18:15:05,3136.4681684856
02/03/2015 18:15:05,4243.1863169863
03/03/2015 18:15:05,4227.617474066001
04/03/2015 18:15:05,4251.156980131
05/03/2015 18:15:05,3773.3857252252
06/03/2015 18:15:05,4683.6983285204005
07/03/2015 18:15:05,3743.9674662834
08/03/2015 18:15:05,3599.3476023381
09/03/2015 18:15:05,4028.5973261292006
10/03/2015 18:15:05,4943.991758238
11/03/2015 18:15:05,4535.9669309715
12/03/2015 18:15:05,4269.9904272287995
13/03/2015 18:15:05,4018.0131929456998
14/03/2015 18:15:05,3519.063834782
15/03/2015 18:15:05,3361.6489564126
16/03/2015 18:15:05,4085.0880583392
17/03/2015 18:15:05,4234.7553805612
18/03/2015 18:15:05,4041.458915169
19/03/2015 18:15:05,4178.8219817028
20/03/2015 18:15:05,4184.074796436001
21/03/2015 18:15:05,3782.9602228256
22/03/2015 18:15:05,3136.32975759
23/03/2015 18:15:05,4623.21715401
24/03/2015 18:15:05,3551.1393067788
25/03/2015 18:15:05,3763.2671957256
26/03/2015 18:15:05,3546.4018753138002
27/03/2015 18:15:05,3823.3555346106996
28/03/2015 18:15:05,3243.7469539776002
29/03/2015 18:15:05,2975.8949107545
30/03/2015 18:15:05,3630.370930901
31/03/2015 18:15:05,3579.7094277155998
01/04/2015 18:15:05,4396.665480939
02/04/2015 18:15:05,4042.8413424960004
03/04/2015 18:15:05,3719.309122195
04/04/2015 18:15:05,3821.9087313825003
05/04/2015 18:15:05,3677.424801874
06/04/2015 18:15:05,3900.123277371
07/04/2015 18:15:05,4134.95350824
08/04/2015 18:15:05,3805.7708008353998
09/04/2015 18:15:05,4160.5634493396
10/04/2015 18:15:05,7025.8649222502
11/04/2015 18:15:05,4048.811687961
12/04/2015 18:15:05,3399.3203652755997
13/04/2015 18:15:05,3596.2628885622003
14/04/2015 18:15:05,3660.52413168
15/04/2015 18:15:05,3301.8898744888
16/04/2015 18:15:05,3448.9308314994
17/04/2015 18:15:05,3178.850035263
18/04/2015 18:15:05,3093.2260008552
19/04/2015 18:15:05,2723.2836166008
20/04/2015 18:15:05,3586.3859754863
21/04/2015 18:15:05,3780.2925573624
22/04/2015 18:15:05,3826.954736109
23/04/2015 18:15:05,3479.1753765552
24/04/2015 18:15:05,3747.8308310897996
25/04/2015 18:15:05,22851.763539713997
26/04/2015 18:15:05,2904.3827720124
27/04/2015 18:15:05,3382.523404504
28/04/2015 18:15:05,3518.0913712626
29/04/2015 18:15:05,3900.5151668148
30/04/2015 18:15:05,3783.0822418878997
01/05/2015 18:15:05,3571.8947505015003
02/05/2015 18:15:05,3295.3225356519
03/05/2015 18:15:05,2977.0893046602
04/05/2015 18:15:05,3293.2105302260998
05/05/2015 18:15:05,3763.3233636204
06/05/2015 18:15:05,3776.6255418647
07/05/2015 18:15:05,3827.6633514923997
08/05/2015 18:15:05,3883.6791406392
09/05/2015 18:15:05,3564.5881688172003
10/05/2015 18:15:05,3642.3396926299997
11/05/2015 18:15:05,3951.0792000970996
12/05/2015 18:15:05,4045.9202448674996
13/05/2015 18:15:05,3739.6443000752
14/05/2015 18:15:05,3383.7840986688
15/05/2015 18:15:05,3583.3761612
16/05/2015 18:15:05,3264.5902840007
17/05/2015 18:15:05,2908.0608741632
18/05/2015 18:15:05,3511.7073084344997
19/05/2015 18:15:05,3587.8474586335997
20/05/2015 18:15:05,3678.350557944
21/05/2015 18:15:05,3413.28820868
22/05/2015 18:15:05,3684.740107945
23/05/2015 18:15:05,3216.7617163038
24/05/2015 18:15:05,3065.1830265848002
25/05/2015 18:15:05,3650.0490700064997
26/05/2015 18:15:05,4186.926908599599
27/05/2015 18:15:05,3783.1840260500003
28/05/2015 18:15:05,3813.8328388063996
29/05/2015 18:15:05,4133.9362708515
30/05/2015 18:15:05,4191.1629660648005
31/05/2015 18:15:05,3163.52360315
01/06/2015 18:15:05,10062.995877088
02/06/2015 18:15:05,4293.950922908601
03/06/2015 18:15:05,4041.9981531912
04/06/2015 18:15:05,3941.0571382434
05/06/2015 18:15:05,3625.010698236
06/06/2015 18:15:05,3424.7108317380003
07/06/2015 18:15:05,3037.3891673159997
08/06/2015 18:15:05,3484.9212922799998
09/06/2015 18:15:05,3839.210059932
10/06/2015 18:15:05,4609.4951988153
11/06/2015 18:15:05,4176.37903387
12/06/2015 18:15:05,4169.7975556758
13/06/2015 18:15:05,4037.5623581964
14/06/2015 18:15:05,3711.710348892
15/06/2015 18:15:05,4378.946500353601
16/06/2015 18:15:05,4846.1451132639995
17/06/2015 18:15:05,6234.3192292992
18/06/2015 18:15:05,4901.4892219125
19/06/2015 18:15:05,7152.926033414999
20/06/2015 18:15:05,5504.7653782704
21/06/2015 18:15:05,3192.2818597954997
22/06/2015 18:15:05,5722.5147724615
23/06/2015 18:15:05,5592.7849490864
24/06/2015 18:15:05,4029.6504057343996
25/06/2015 18:15:05,4029.4073611008
26/06/2015 18:15:05,4358.9753855826
27/06/2015 18:15:05,4228.76903617
28/06/2015 18:15:05,3817.4607583524
29/06/2015 18:15:05,4475.69953731
30/06/2015 18:15:05,7200.938719882799
01/07/2015 18:15:05,6046.7152798575
02/07/2015 18:15:05,5598.1192753278
03/07/2015 18:15:05,6423.051464667
04/07/2015 18:15:05,5092.015240166401
05/07/2015 18:15:05,4913.962670650801
06/07/2015 18:15:05,8011.26011709
07/07/2015 18:15:05,11930.321324188399
08/07/2015 18:15:05,13497.953537151201
09/07/2015 18:15:05,11490.587362104001
10/07/2015 18:15:05,11190.147516534
11/07/2015 18:15:05,10841.563578105
12/07/2015 18:15:05,14095.131941721002
13/07/2015 18:15:05,9872.979793547
14/07/2015 18:15:05,8204.8910591301
15/07/2015 18:15:05,8151.9823800635
16/07/2015 18:15:05,7497.9199179576
17/07/2015 18:15:05,6908.2057093927
18/07/2015 18:15:05,12456.0430405312
19/07/2015 18:15:05,5235.2236931868
20/07/2015 18:15:05,9552.7272231124
21/07/2015 18:15:05,7833.427036687501
22/07/2015 18:15:05,8225.1443582954
23/07/2015 18:15:05,7273.6328721056
24/07/2015 18:15:05,6843.3008121660005
25/07/2015 18:15:05,6113.2918051096
26/07/2015 18:15:05,5646.596382192301
27/07/2015 18:15:05,9027.937926682202
28/07/2015 18:15:05,7995.085645531601
29/07/2015 18:15:05,10958.46417864
30/07/2015 18:15:05,9840.646057787999
31/07/2015 18:15:05,10321.710287681199
01/08/2015 18:15:05,9974.887104468
02/08/2015 18:15:05,6515.2022072896
03/08/2015 18:15:05,6951.0652203178
04/08/2015 18:15:05,9709.836136799999
05/08/2015 18:15:05,9735.9999021279
06/08/2015 18:15:05,9947.340796113001
07/08/2015 18:15:05,8282.8486301601
08/08/2015 18:15:05,6218.845596308899
09/08/2015 18:15:05,4897.4303287336
10/08/2015 18:15:05,7043.8134681672
11/08/2015 18:15:05,7087.555092813001
12/08/2015 18:15:05,6749.0306054395
13/08/2015 18:15:05,6726.8960556783
14/08/2015 18:15:05,6306.6339544942
15/08/2015 18:15:05,5997.577221238501
16/08/2015 18:15:05,4710.4915166521005
17/08/2015 18:15:05,5801.016315002
18/08/2015 18:15:05,6545.818172927599
19/08/2015 18:15:05,5780.009666578299
20/08/2015 18:15:05,5862.193905339
21/08/2015 18:15:05,5521.5078973369
22/08/2015 18:15:05,5191.9445932132
23/08/2015 18:15:05,4673.776338312
24/08/2015 18:15:05,5288.641004172
25/08/2015 18:15:05,5698.8378096428005
26/08/2015 18:15:05,5876.516501431201
27/08/2015 18:15:05,5381.6054899572
28/08/2015 18:15:05,5640.5160603923005
29/08/2015 18:15:05,5249.5311328036
30/08/2015 18:15:05,3989.1401998935003
31/08/2015 18:15:05,5783.203059570001
01/09/2015 18:15:05,6585.0268298304
02/09/2015 18:15:05,10180.6267698152
03/09/2015 18:15:05,8288.5436640646
04/09/2015 18:15:05,5064.154035136
05/09/2015 18:15:05,7525.513958666699
06/09/2015 18:15:05,5266.463043382
07/09/2015 18:15:05,6271.1385828981
08/09/2015 18:15:05,6896.5936187176
09/09/2015 18:15:05,6339.722660708
10/09/2015 18:15:05,6882.8326628992
11/09/2015 18:15:05,6956.7053121749
12/09/2015 18:15:05,8886.7120554121
13/09/2015 18:15:05,5842.2876798438
14/09/2015 18:15:05,6975.3626708064
15/09/2015 18:15:05,6840.607622099999
16/09/2015 18:15:05,6183.9037826124
17/09/2015 18:15:05,6136.97173596
18/09/2015 18:15:05,6191.563011496601
19/09/2015 18:15:05,5243.5091827647
20/09/2015 18:15:05,4719.722120103999
21/09/2015 18:15:05,6070.1571116544
22/09/2015 18:15:05,6132.0341215329
23/09/2015 18:15:05,6415.775719479
24/09/2015 18:15:05,5675.693079811
25/09/2015 18:15:05,6395.9303810195
26/09/2015 18:15:05,6005.0824755216
27/09/2015 18:15:05,4886.8083014065005
28/09/2015 18:15:05,6210.9426275338
29/09/2015 18:15:05,6166.3138108824
30/09/2015 18:15:05,6698.2391434051
01/10/2015 18:15:05,7059.831271428599
02/10/2015 18:15:05,5857.142666828399
03/10/2015 18:15:05,5946.6051079086
04/10/2015 18:15:05,4505.6394583508
05/10/2015 18:15:05,5345.4807450396
06/10/2015 18:15:05,5869.0924698553
07/10/2015 18:15:05,6585.73225146
08/10/2015 18:15:05,6441.2069248834
09/10/2015 18:15:05,5757.3502909320005
10/10/2015 18:15:05,6266.5006877865
11/10/2015 18:15:05,4912.275903332
12/10/2015 18:15:05,5857.4011236582
13/10/2015 18:15:05,6319.7384425704
14/10/2015 18:15:05,6623.1003375479995
15/10/2015 18:15:05,7470.929289490799
16/10/2015 18:15:05,7149.9324942016
17/10/2015 18:15:05,7641.031374890999
18/10/2015 18:15:05,6065.4839995692
19/10/2015 18:15:05,7105.9687931648
20/10/2015 18:15:05,8052.30962715
21/10/2015 18:15:05,8323.192288593002
22/10/2015 18:15:05,8018.2466592499995
23/10/2015 18:15:05,7812.095134939
24/10/2015 18:15:05,8010.319507515
25/10/2015 18:15:05,7138.3112818013
26/10/2015 18:15:05,7205.544059747
27/10/2015 18:15:05,8853.5050910109
28/10/2015 18:15:05,8660.416889161499
29/10/2015 18:15:05,10393.675322466
30/10/2015 18:15:05,10933.428672792
31/10/2015 18:15:05,8818.100644329601
01/11/2015 18:15:05,8603.239357195
02/11/2015 18:15:05,10535.298842336799
03/11/2015 18:15:05,13459.59505224
04/11/2015 18:15:05,20331.088365537
05/11/2015 18:15:05,14260.120287999998
06/11/2015 18:15:05,12629.434750284
07/11/2015 18:15:05,10554.660866729
08/11/2015 18:15:05,9225.3558089682
09/11/2015 18:15:05,10692.018091964
10/11/2015 18:15:05,9676.7435882508
11/11/2015 18:15:05,9385.12895913
12/11/2015 18:15:05,8471.393562952
13/11/2015 18:15:05,8716.190030988
14/11/2015 18:15:05,8308.530912235
15/11/2015 18:15:05,7281.4188800435995
16/11/2015 18:15:05,8519.282519412
17/11/2015 18:15:05,8939.3913349665
18/11/2015 18:15:05,9584.3112525412
19/11/2015 18:15:05,8393.54918724
20/11/2015 18:15:05,8236.080689447801
21/11/2015 18:15:05,8206.7442893352
22/11/2015 18:15:05,7183.8172013252
23/11/2015 18:15:05,8278.2325861466
24/11/2015 18:15:05,8009.860458197001
25/11/2015 18:15:05,8313.61386375
26/11/2015 18:15:05,10156.53637032
27/11/2015 18:15:05,9139.0563431202
28/11/2015 18:15:05,9910.398748212
29/11/2015 18:15:05,7873.125184494201
30/11/2015 18:15:05,12010.5565644496
01/12/2015 18:15:05,11737.325502203601
02/12/2015 18:15:05,11343.5530406488
03/12/2015 18:15:05,11302.9415572389
04/12/2015 18:15:05,9756.1938641752
05/12/2015 18:15:05,12356.4648582088
06/12/2015 18:15:05,11731.3452282012
07/12/2015 18:15:05,12751.470507527998
08/12/2015 18:15:05,12684.594782938098
09/12/2015 18:15:05,15458.2901609924
10/12/2015 18:15:05,14673.8232278844
11/12/2015 18:15:05,17607.2356653501
12/12/2015 18:15:05,17885.2984297902
13/12/2015 18:15:05,14483.6255636369
14/12/2015 18:15:05,17595.249248168
15/12/2015 18:15:05,18103.0156559196
16/12/2015 18:15:05,17788.540926304002
17/12/2015 18:15:05,16878.906850589698
18/12/2015 18:15:05,17405.6460773495
19/12/2015 18:15:05,16572.6632066436
20/12/2015 18:15:05,14171.0285578498
21/12/2015 18:15:05,17786.958043073
22/12/2015 18:15:05,16683.974582357
23/12/2015 18:15:05,17629.36817514
24/12/2015 18:15:05,18282.3946882955
25/12/2015 18:15:05,13859.7296922324
26/12/2015 18:15:05,12053.220679079699
27/12/2015 18:15:05,11294.4529657232
28/12/2015 18:15:05,12778.974515188802
29/12/2015 18:15:05,13828.106439831601
30/12/2015 18:15:05,13565.082114519999
31/12/2015 18:15:05,11653.8040460536
01/01/2016 18:15:05,8532.329863341
02/01/2016 18:15:05,12947.0086541224
03/01/2016 18:15:05,10210.5244177641
04/01/2016 18:15:05,12575.65886631
05/01/2016 18:15:05,14363.463985612
06/01/2016 18:15:05,13004.2657791175
07/01/2016 18:15:05,15470.7539894021
08/01/2016 18:15:05,16001.9270138112
09/01/2016 18:15:05,13351.3634309865
10/01/2016 18:15:05,12869.7422558016
11/01/2016 18:15:05,15174.2971840558
12/01/2016 18:15:05,15492.4830079924
13/01/2016 18:15:05,14668.947003965399
14/01/2016 18:15:05,14009.955701419998
15/01/2016 18:15:05,13927.814859177
16/01/2016 18:15:05,12989.148615432
17/01/2016 18:15:05,13154.106010487001
18/01/2016 18:15:05,14872.105185728
19/01/2016 18:15:05,15193.195673718003
20/01/2016 18:15:05,18931.133144792697
21/01/2016 18:15:05,18348.41190648
22/01/2016 18:15:05,19454.476483575
23/01/2016 18:15:05,16303.489900845001
24/01/2016 18:15:05,15019.2492231925
25/01/2016 18:15:05,17254.4793522948
26/01/2016 18:15:05,18698.1478072432
27/01/2016 18:15:05,18791.560472027
28/01/2016 18:15:05,19154.1262526472
29/01/2016 18:15:05,17119.685652133998
30/01/2016 18:15:05,16587.406351910402
31/01/2016 18:15:05,11877.3810897984
01/02/2016 18:15:05,18982.546758
02/02/2016 18:15:05,21554.8350369776
03/02/2016 18:15:05,17982.0768079948
04/02/2016 18:15:05,15886.7016447204
05/02/2016 18:15:05,15864.6796781577
06/02/2016 18:15:05,15752.63510374
07/02/2016 18:15:05,14442.439248819
08/02/2016 18:15:05,15371.34942932
09/02/2016 18:15:05,15823.35947297
10/02/2016 18:15:05,16859.301039721002
11/02/2016 18:15:05,16706.868505415
12/02/2016 18:15:05,15213.275223631397
13/02/2016 18:15:05,14300.531353490001
14/02/2016 18:15:05,13934.8739606384
15/02/2016 18:15:05,16180.837906307199
16/02/2016 18:15:05,17000.5619571814
17/02/2016 18:15:05,18709.7723173396
18/02/2016 18:15:05,17882.1886476159
19/02/2016 18:15:05,19361.9313973572
20/02/2016 18:15:05,18938.116701298
21/02/2016 18:15:05,17672.2183661877
22/02/2016 18:15:05,19088.988020455
23/02/2016 18:15:05,20106.630250410002
24/02/2016 18:15:05,19003.857780985003
25/02/2016 18:15:05,20093.507263885997
26/02/2016 18:15:05,18309.680403587998
27/02/2016 18:15:05,16506.513612
28/02/2016 18:15:05,18474.391840610402
29/02/2016 18:15:05,23314.920339348402
01/03/2016 18:15:05,24184.1055224079
02/03/2016 18:15:05,33258.0078686691
03/03/2016 18:15:05,30648.9951960096
04/03/2016 18:15:05,21909.465589294403
05/03/2016 18:15:05,25276.29187482
06/03/2016 18:15:05,16820.82646585
07/03/2016 18:15:05,18180.500908400998
08/03/2016 18:15:05,18120.6058581427
09/03/2016 18:15:05,21731.24410101
10/03/2016 18:15:05,18069.1640272
11/03/2016 18:15:05,17363.928126279603
12/03/2016 18:15:05,14792.5952542
13/03/2016 18:15:05,12088.629235132801
14/03/2016 18:15:05,18144.8028912217
15/03/2016 18:15:05,17713.750388411998
16/03/2016 18:15:05,20014.722842889
17/03/2016 18:15:05,19368.1608103632
18/03/2016 18:15:05,17412.1144817004
19/03/2016 18:15:05,15438.8092834246
20/03/2016 18:15:05,13495.163514255999
21/03/2016 18:15:05,15866.9845161723
22/03/2016 18:15:05,18169.7135320935
23/03/2016 18:15:05,16171.252991280002
24/03/2016 18:15:05,16216.266936741702
25/03/2016 18:15:05,14043.4695151868
26/03/2016 18:15:05,14423.401897130698
27/03/2016 18:15:05,14244.531198700002
28/03/2016 18:15:05,17986.352644749597
29/03/2016 18:15:05,21413.64010932
30/03/2016 18:15:05,21955.775047002
31/03/2016 18:15:05,18558.3749211804
01/04/2016 18:15:05,19168.60245975
02/04/2016 18:15:05,23486.854365116
03/04/2016 18:15:05,18710.0005128347
04/04/2016 18:15:05,18316.4084282608
05/04/2016 18:15:05,20774.195414362497
06/04/2016 18:15:05,18940.463806464002
07/04/2016 18:15:05,24794.2217301969
08/04/2016 18:15:05,18411.511752506
09/04/2016 18:15:05,15941.9422465829
10/04/2016 18:15:05,13999.1470877324
11/04/2016 18:15:05,19752.495945108898
12/04/2016 18:15:05,21347.5301873824
13/04/2016 18:15:05,19280.6353622425
14/04/2016 18:15:05,19595.4139764984
15/04/2016 18:15:05,19626.979120747197
16/04/2016 18:15:05,15773.4423837889
17/04/2016 18:15:05,14285.9349542436
18/04/2016 18:15:05,18954.0238491912
19/04/2016 18:15:05,18563.060857532102
20/04/2016 18:15:05,19746.7913813214
21/04/2016 18:15:05,19156.757764031998
22/04/2016 18:15:05,19276.126823443
23/04/2016 18:15:05,15556.633020719999
24/04/2016 18:15:05,14500.2565708742
25/04/2016 18:15:05,19386.4224196468
26/04/2016 18:15:05,157676.25285278662
27/04/2016 18:15:05,20829.2084033085
28/04/2016 18:15:05,22278.1726008816
29/04/2016 18:15:05,22947.36321206
30/04/2016 18:15:05,19820.138653204503
01/05/2016 18:15:05,15379.621234644099
02/05/2016 18:15:05,18730.255815525
03/05/2016 16:36:36,21082.84659264