Date,TransactionFees
2009-01-03 18:15:05,0.0
2009-01-04 18:15:05,0.0
2009-01-05 18:15:05,0.0
2009-01-06 18:15:05,0.0
2009-01-07 18:15:05,0.0
2009-01-08 18:15:05,0.0
2009-01-09 18:15:05,0.0
2009-01-10 18:15:05,0.0
2009-01-11 18:15:05,0.0
2009-01-12 18:15:05,0.0
2009-01-13 18:15:05,0.0
2009-01-14 18:15:05,0.0
2009-01-15 18:15:05,0.0
2009-01-16 18:15:05,0.0
2009-01-17 18:15:05,0.0
2009-01-18 18:15:05,0.0
2009-01-19 18:15:05,0.0
2009-01-20 18:15:05,0.0
2009-01-21 18:15:05,0.0
2009-01-22 18:15:05,0.0
2009-01-23 18:15:05,0.0
2009-01-24 18:15:05,0.0
2009-01-25 18:15:05,0.0
2009-01-26 18:15:05,0.0
2009-01-27 18:15:05,0.0
2009-01-28 18:15:05,0.0
2009-01-29 18:15:05,0.0
2009-01-30 18:15:05,0.0
2009-01-31 18:15:05,0.0
2009-02-01 18:15:05,0.0
2009-02-02 18:15:05,0.0
2009-02-03 18:15:05,2.01
2009-02-04 18:15:05,0.0
2009-02-05 18:15:05,0.0
2009-02-06 18:15:05,0.0
2009-02-07 18:15:05,0.0
2009-02-08 18:15:05,0.0
2009-02-09 18:15:05,0.0
2009-02-10 18:15:05,0.0
2009-02-11 18:15:05,0.0
2009-02-12 18:15:05,0.0
2009-02-13 18:15:05,0.0
2009-02-14 18:15:05,0.0
2009-02-15 18:15:05,0.0
2009-02-16 18:15:05,0.0
2009-02-17 18:15:05,0.0
2009-02-18 18:15:05,0.0
2009-02-19 18:15:05,0.0
2009-02-20 18:15:05,0.0
2009-02-21 18:15:05,0.0
2009-02-22 18:15:05,0.0
2009-02-23 18:15:05,0.0
2009-02-24 18:15:05,0.0
2009-02-25 18:15:05,0.0
2009-02-26 18:15:05,0.0
2009-02-27 18:15:05,0.0
2009-02-28 18:15:05,0.0
2009-03-01 18:15:05,0.0
2009-03-02 18:15:05,0.0
2009-03-03 18:15:05,0.0
2009-03-04 18:15:05,0.0
2009-03-05 18:15:05,0.0
2009-03-06 18:15:05,0.0
2009-03-07 18:15:05,0.0
2009-03-08 18:15:05,0.0
2009-03-09 18:15:05,0.0
2009-03-10 18:15:05,0.0
2009-03-11 18:15:05,0.0
2009-03-12 18:15:05,0.0
2009-03-13 18:15:05,0.0
2009-03-14 18:15:05,0.0
2009-03-15 18:15:05,0.0
2009-03-16 18:15:05,0.0
2009-03-17 18:15:05,0.0
2009-03-18 18:15:05,0.0
2009-03-19 18:15:05,0.0
2009-03-20 18:15:05,0.0
2009-03-21 18:15:05,0.0
2009-03-22 18:15:05,0.0
2009-03-23 18:15:05,0.0
2009-03-24 18:15:05,0.0
2009-03-25 18:15:05,0.0
2009-03-26 18:15:05,0.0
2009-03-27 18:15:05,0.0
2009-03-28 18:15:05,0.0
2009-03-29 18:15:05,0.0
2009-03-30 18:15:05,0.0
2009-03-31 18:15:05,0.0
2009-04-01 18:15:05,0.0
2009-04-02 18:15:05,0.0
2009-04-03 18:15:05,0.0
2009-04-04 18:15:05,0.0
2009-04-05 18:15:05,0.0
2009-04-06 18:15:05,0.0
2009-04-07 18:15:05,0.0
2009-04-08 18:15:05,0.0
2009-04-09 18:15:05,0.0
2009-04-10 18:15:05,0.0
2009-04-11 18:15:05,0.0
2009-04-12 18:15:05,0.0
2009-04-13 18:15:05,0.0
2009-04-14 18:15:05,0.0
2009-04-15 18:15:05,0.0
2009-04-16 18:15:05,0.0
2009-04-17 18:15:05,0.0
2009-04-18 18:15:05,0.0
2009-04-19 18:15:05,0.0
2009-04-20 18:15:05,0.0
2009-04-21 18:15:05,0.0
2009-04-22 18:15:05,0.0
2009-04-23 18:15:05,0.0
2009-04-24 18:15:05,0.0
2009-04-25 18:15:05,0.0
2009-04-26 18:15:05,0.0
2009-04-27 18:15:05,0.0
2009-04-28 18:15:05,0.0
2009-04-29 18:15:05,0.0
2009-04-30 18:15:05,0.0
2009-05-01 18:15:05,0.0
2009-05-02 18:15:05,0.03
2009-05-03 18:15:05,0.0
2009-05-04 18:15:05,0.0
2009-05-05 18:15:05,0.0
2009-05-06 18:15:05,0.0
2009-05-07 18:15:05,0.0
2009-05-08 18:15:05,0.0
2009-05-09 18:15:05,0.0
2009-05-10 18:15:05,0.0
2009-05-11 18:15:05,0.1
2009-05-12 18:15:05,0.0
2009-05-13 18:15:05,0.0
2009-05-14 18:15:05,0.0
2009-05-15 18:15:05,0.0
2009-05-16 18:15:05,0.0
2009-05-17 18:15:05,0.0
2009-05-18 18:15:05,0.0
2009-05-19 18:15:05,0.0
2009-05-20 18:15:05,0.0
2009-05-21 18:15:05,0.0
2009-05-22 18:15:05,0.0
2009-05-23 18:15:05,0.0
2009-05-24 18:15:05,0.0
2009-05-25 18:15:05,0.0
2009-05-26 18:15:05,0.0
2009-05-27 18:15:05,0.0
2009-05-28 18:15:05,0.0
2009-05-29 18:15:05,0.0
2009-05-30 18:15:05,0.0
2009-05-31 18:15:05,0.0
2009-06-01 18:15:05,0.0
2009-06-02 18:15:05,0.0
2009-06-03 18:15:05,0.0
2009-06-04 18:15:05,0.0
2009-06-05 18:15:05,0.0
2009-06-06 18:15:05,0.0
2009-06-07 18:15:05,0.0
2009-06-08 18:15:05,0.0
2009-06-09 18:15:05,0.0
2009-06-10 18:15:05,0.0
2009-06-11 18:15:05,0.0
2009-06-12 18:15:05,0.0
2009-06-13 18:15:05,0.0
2009-06-14 18:15:05,0.0
2009-06-15 18:15:05,0.0
2009-06-16 18:15:05,0.0
2009-06-17 18:15:05,0.0
2009-06-18 18:15:05,0.0
2009-06-19 18:15:05,0.0
2009-06-20 18:15:05,0.0
2009-06-21 18:15:05,0.0
2009-06-22 18:15:05,0.0
2009-06-23 18:15:05,0.0
2009-06-24 18:15:05,0.0
2009-06-25 18:15:05,0.0
2009-06-26 18:15:05,0.0
2009-06-27 18:15:05,0.0
2009-06-28 18:15:05,0.0
2009-06-29 18:15:05,0.0
2009-06-30 18:15:05,0.0
2009-07-01 18:15:05,0.0
2009-07-02 18:15:05,0.0
2009-07-03 18:15:05,0.0
2009-07-04 18:15:05,0.0
2009-07-05 18:15:05,0.0
2009-07-06 18:15:05,0.0
2009-07-07 18:15:05,0.0
2009-07-08 18:15:05,0.0
2009-07-09 18:15:05,0.0
2009-07-10 18:15:05,0.0
2009-07-11 18:15:05,0.0
2009-07-12 18:15:05,0.0
2009-07-13 18:15:05,0.0
2009-07-14 18:15:05,0.0
2009-07-15 18:15:05,0.0
2009-07-16 18:15:05,0.0
2009-07-17 18:15:05,0.0
2009-07-18 18:15:05,0.0
2009-07-19 18:15:05,0.0
2009-07-20 18:15:05,0.0
2009-07-21 18:15:05,0.14
2009-07-22 18:15:05,0.0
2009-07-23 18:15:05,0.0
2009-07-24 18:15:05,0.0
2009-07-25 18:15:05,0.0
2009-07-26 18:15:05,0.0
2009-07-27 18:15:05,0.0
2009-07-28 18:15:05,0.0
2009-07-29 18:15:05,0.0
2009-07-30 18:15:05,0.0
2009-07-31 18:15:05,0.0
2009-08-01 18:15:05,0.0
2009-08-02 18:15:05,0.0
2009-08-03 18:15:05,0.0
2009-08-04 18:15:05,0.0
2009-08-05 18:15:05,0.0
2009-08-06 18:15:05,0.0
2009-08-07 18:15:05,0.0
2009-08-08 18:15:05,0.13
2009-08-09 18:15:05,0.0
2009-08-10 18:15:05,0.0
2009-08-11 18:15:05,0.0
2009-08-12 18:15:05,0.0
2009-08-13 18:15:05,0.0
2009-08-14 18:15:05,0.0
2009-08-15 18:15:05,0.0
2009-08-16 18:15:05,0.0
2009-08-17 18:15:05,0.0
2009-08-18 18:15:05,0.0
2009-08-19 18:15:05,0.0
2009-08-20 18:15:05,0.0
2009-08-21 18:15:05,0.0
2009-08-22 18:15:05,0.0
2009-08-23 18:15:05,0.0
2009-08-24 18:15:05,0.0
2009-08-25 18:15:05,0.0
2009-08-26 18:15:05,0.0
2009-08-27 18:15:05,0.0
2009-08-28 18:15:05,0.0
2009-08-29 18:15:05,0.0
2009-08-30 18:15:05,0.0
2009-08-31 18:15:05,0.0
2009-09-01 18:15:05,0.0
2009-09-02 18:15:05,0.0
2009-09-03 18:15:05,0.0
2009-09-04 18:15:05,0.0
2009-09-05 18:15:05,0.0
2009-09-06 18:15:05,0.0
2009-09-07 18:15:05,0.0
2009-09-08 18:15:05,0.0
2009-09-09 18:15:05,0.0
2009-09-10 18:15:05,0.0
2009-09-11 18:15:05,0.0
2009-09-12 18:15:05,0.0
2009-09-13 18:15:05,0.0
2009-09-14 18:15:05,0.0
2009-09-15 18:15:05,0.0
2009-09-16 18:15:05,0.0
2009-09-17 18:15:05,0.12
2009-09-18 18:15:05,0.0
2009-09-19 18:15:05,0.0
2009-09-20 18:15:05,0.0
2009-09-21 18:15:05,0.0
2009-09-22 18:15:05,0.0
2009-09-23 18:15:05,0.0
2009-09-24 18:15:05,0.0
2009-09-25 18:15:05,0.0
2009-09-26 18:15:05,0.0
2009-09-27 18:15:05,0.0
2009-09-28 18:15:05,0.0
2009-09-29 18:15:05,0.0
2009-09-30 18:15:05,0.0
2009-10-01 18:15:05,0.0
2009-10-02 18:15:05,0.0
2009-10-03 18:15:05,0.0
2009-10-04 18:15:05,0.0
2009-10-05 18:15:05,0.0
2009-10-06 18:15:05,0.0
2009-10-07 18:15:05,0.0
2009-10-08 18:15:05,0.0
2009-10-09 18:15:05,0.0
2009-10-10 18:15:05,0.0
2009-10-11 18:15:05,0.0
2009-10-12 18:15:05,0.0
2009-10-13 18:15:05,0.0
2009-10-14 18:15:05,0.0
2009-10-15 18:15:05,0.0
2009-10-16 18:15:05,0.0
2009-10-17 18:15:05,0.0
2009-10-18 18:15:05,0.0
2009-10-19 18:15:05,0.0
2009-10-20 18:15:05,0.0
2009-10-21 18:15:05,0.12
2009-10-22 18:15:05,0.0
2009-10-23 18:15:05,0.0
2009-10-24 18:15:05,0.0
2009-10-25 18:15:05,0.0
2009-10-26 18:15:05,0.0
2009-10-27 18:15:05,0.0
2009-10-28 18:15:05,0.0
2009-10-29 18:15:05,0.0
2009-10-30 18:15:05,0.0
2009-10-31 18:15:05,0.0
2009-11-01 18:15:05,0.0
2009-11-02 18:15:05,0.0
2009-11-03 18:15:05,0.0
2009-11-04 18:15:05,0.0
2009-11-05 18:15:05,0.0
2009-11-06 18:15:05,0.0
2009-11-07 18:15:05,0.0
2009-11-08 18:15:05,0.0
2009-11-09 18:15:05,0.0
2009-11-10 18:15:05,0.0
2009-11-11 18:15:05,0.0
2009-11-12 18:15:05,0.0
2009-11-13 18:15:05,0.0
2009-11-14 18:15:05,0.0
2009-11-15 18:15:05,0.0
2009-11-16 18:15:05,0.0
2009-11-17 18:15:05,0.0
2009-11-18 18:15:05,0.0
2009-11-19 18:15:05,0.0
2009-11-20 18:15:05,0.0
2009-11-21 18:15:05,0.0
2009-11-22 18:15:05,0.0
2009-11-23 18:15:05,0.0
2009-11-24 18:15:05,0.0
2009-11-25 18:15:05,0.0
2009-11-26 18:15:05,0.0
2009-11-27 18:15:05,0.0
2009-11-28 18:15:05,0.0
2009-11-29 18:15:05,0.0
2009-11-30 18:15:05,0.0
2009-12-01 18:15:05,0.0
2009-12-02 18:15:05,0.22
2009-12-03 18:15:05,0.0
2009-12-04 18:15:05,0.0
2009-12-05 18:15:05,0.0
2009-12-06 18:15:05,0.0
2009-12-07 18:15:05,0.0
2009-12-08 18:15:05,0.0
2009-12-09 18:15:05,0.0
2009-12-10 18:15:05,0.0
2009-12-11 18:15:05,0.0
2009-12-12 18:15:05,0.0
2009-12-13 18:15:05,0.0
2009-12-14 18:15:05,0.0
2009-12-15 18:15:05,0.0
2009-12-16 18:15:05,0.0
2009-12-17 18:15:05,0.0
2009-12-18 18:15:05,0.0
2009-12-19 18:15:05,0.0
2009-12-20 18:15:05,0.0
2009-12-21 18:15:05,0.0
2009-12-22 18:15:05,0.0
2009-12-23 18:15:05,0.0
2009-12-24 18:15:05,0.0
2009-12-25 18:15:05,0.0
2009-12-26 18:15:05,0.0
2009-12-27 18:15:05,0.0
2009-12-28 18:15:05,0.0
2009-12-29 18:15:05,0.0
2009-12-30 18:15:05,0.0
2009-12-31 18:15:05,0.0
2010-01-01 18:15:05,0.0
2010-01-02 18:15:05,0.0
2010-01-03 18:15:05,0.0
2010-01-04 18:15:05,0.0
2010-01-05 18:15:05,0.0
2010-01-06 18:15:05,0.0
2010-01-07 18:15:05,0.0
2010-01-08 18:15:05,0.0
2010-01-09 18:15:05,0.0
2010-01-10 18:15:05,0.0
2010-01-11 18:15:05,0.0
2010-01-12 18:15:05,0.26
2010-01-13 18:15:05,0.0
2010-01-14 18:15:05,0.0
2010-01-15 18:15:05,0.0
2010-01-16 18:15:05,0.0
2010-01-17 18:15:05,0.0
2010-01-18 18:15:05,0.0
2010-01-19 18:15:05,0.0
2010-01-20 18:15:05,0.0
2010-01-21 18:15:05,0.0
2010-01-22 18:15:05,0.0
2010-01-23 18:15:05,0.0
2010-01-24 18:15:05,0.0
2010-01-25 18:15:05,0.0
2010-01-26 18:15:05,0.0
2010-01-27 18:15:05,0.0
2010-01-28 18:15:05,0.0
2010-01-29 18:15:05,0.0
2010-01-30 18:15:05,0.0
2010-01-31 18:15:05,0.0
2010-02-01 18:15:05,0.0
2010-02-02 18:15:05,0.0
2010-02-03 18:15:05,0.0
2010-02-04 18:15:05,0.0
2010-02-05 18:15:05,0.0
2010-02-06 18:15:05,0.0
2010-02-07 18:15:05,0.0
2010-02-08 18:15:05,0.0
2010-02-09 18:15:05,0.0
2010-02-10 18:15:05,0.44
2010-02-11 18:15:05,0.0
2010-02-12 18:15:05,0.0
2010-02-13 18:15:05,0.0
2010-02-14 18:15:05,0.0
2010-02-15 18:15:05,0.0
2010-02-16 18:15:05,0.0
2010-02-17 18:15:05,0.0
2010-02-18 18:15:05,0.0
2010-02-19 18:15:05,0.0
2010-02-20 18:15:05,0.0
2010-02-21 18:15:05,0.0
2010-02-22 18:15:05,0.0
2010-02-23 18:15:05,0.0
2010-02-24 18:15:05,0.0
2010-02-25 18:15:05,0.0
2010-02-26 18:15:05,0.0
2010-02-27 18:15:05,0.0
2010-02-28 18:15:05,0.0
2010-03-01 18:15:05,0.0
2010-03-02 18:15:05,0.0
2010-03-03 18:15:05,0.0
2010-03-04 18:15:05,0.0
2010-03-05 18:15:05,0.0
2010-03-06 18:15:05,0.0
2010-03-07 18:15:05,0.0
2010-03-08 18:15:05,0.0
2010-03-09 18:15:05,0.0
2010-03-10 18:15:05,0.0
2010-03-11 18:15:05,0.0
2010-03-12 18:15:05,0.0
2010-03-13 18:15:05,0.0
2010-03-14 18:15:05,0.0
2010-03-15 18:15:05,0.0
2010-03-16 18:15:05,0.0
2010-03-17 18:15:05,0.0
2010-03-18 18:15:05,0.0
2010-03-19 18:15:05,0.0
2010-03-20 18:15:05,0.0
2010-03-21 18:15:05,0.0
2010-03-22 18:15:05,0.0
2010-03-23 18:15:05,0.0
2010-03-24 18:15:05,0.0
2010-03-25 18:15:05,0.0
2010-03-26 18:15:05,0.0
2010-03-27 18:15:05,0.0
2010-03-28 18:15:05,0.0
2010-03-29 18:15:05,0.0
2010-03-30 18:15:05,0.0
2010-03-31 18:15:05,0.0
2010-04-01 18:15:05,0.0
2010-04-02 18:15:05,0.0
2010-04-03 18:15:05,0.0
2010-04-04 18:15:05,0.26
2010-04-05 18:15:05,0.0
2010-04-06 18:15:05,0.0
2010-04-07 18:15:05,0.0
2010-04-08 18:15:05,0.0
2010-04-09 18:15:05,0.0
2010-04-10 18:15:05,0.0
2010-04-11 18:15:05,0.0
2010-04-12 18:15:05,0.0
2010-04-13 18:15:05,0.0
2010-04-14 18:15:05,0.0
2010-04-15 18:15:05,0.0
2010-04-16 18:15:05,0.0
2010-04-17 18:15:05,0.0
2010-04-18 18:15:05,0.0
2010-04-19 18:15:05,0.0
2010-04-20 18:15:05,0.0
2010-04-21 18:15:05,0.0
2010-04-22 18:15:05,0.0
2010-04-23 18:15:05,0.0
2010-04-24 18:15:05,0.0
2010-04-25 18:15:05,0.0
2010-04-26 18:15:05,0.0
2010-04-27 18:15:05,0.0
2010-04-28 18:15:05,0.0
2010-04-29 18:15:05,0.0
2010-04-30 18:15:05,0.0
2010-05-01 18:15:05,0.0
2010-05-02 18:15:05,0.0
2010-05-03 18:15:05,0.0
2010-05-04 18:15:05,0.0
2010-05-05 18:15:05,0.0
2010-05-06 18:15:05,0.0
2010-05-07 18:15:05,0.0
2010-05-08 18:15:05,0.0
2010-05-09 18:15:05,0.0
2010-05-10 18:15:05,0.0
2010-05-11 18:15:05,0.0
2010-05-12 18:15:05,0.0
2010-05-13 18:15:05,0.0
2010-05-14 18:15:05,0.0
2010-05-15 18:15:05,9.35
2010-05-16 18:15:05,0.0
2010-05-17 18:15:05,0.0
2010-05-18 18:15:05,0.0
2010-05-19 18:15:05,0.0
2010-05-20 18:15:05,0.0
2010-05-21 18:15:05,0.0
2010-05-22 18:15:05,0.0
2010-05-23 18:15:05,0.99
2010-05-24 18:15:05,0.0
2010-05-25 18:15:05,0.0
2010-05-26 18:15:05,0.0
2010-05-27 18:15:05,0.0
2010-05-28 18:15:05,0.0
2010-05-29 18:15:05,0.0
2010-05-30 18:15:05,0.0
2010-05-31 18:15:05,0.0
2010-06-01 18:15:05,0.0
2010-06-02 18:15:05,0.0
2010-06-03 18:15:05,0.0
2010-06-04 18:15:05,0.0
2010-06-05 18:15:05,0.0
2010-06-06 18:15:05,0.0
2010-06-07 18:15:05,0.0
2010-06-08 18:15:05,0.0
2010-06-09 18:15:05,0.0
2010-06-10 18:15:05,0.0
2010-06-11 18:15:05,0.0
2010-06-12 18:15:05,0.0
2010-06-13 18:15:05,0.0
2010-06-14 18:15:05,0.0
2010-06-15 18:15:05,0.0
2010-06-16 18:15:05,0.0
2010-06-17 18:15:05,0.0
2010-06-18 18:15:05,0.0
2010-06-19 18:15:05,0.0
2010-06-20 18:15:05,0.0
2010-06-21 18:15:05,0.0
2010-06-22 18:15:05,0.0
2010-06-23 18:15:05,0.0
2010-06-24 18:15:05,0.0
2010-06-25 18:15:05,0.0
2010-06-26 18:15:05,0.0
2010-06-27 18:15:05,0.0
2010-06-28 18:15:05,0.0
2010-06-29 18:15:05,0.0
2010-06-30 18:15:05,0.0
2010-07-01 18:15:05,1.37
2010-07-02 18:15:05,0.0
2010-07-03 18:15:05,0.0
2010-07-04 18:15:05,0.0
2010-07-05 18:15:05,0.0
2010-07-06 18:15:05,0.0
2010-07-07 18:15:05,0.0
2010-07-08 18:15:05,0.0
2010-07-09 18:15:05,0.0
2010-07-10 18:15:05,0.0
2010-07-11 18:15:05,0.0
2010-07-12 18:15:05,0.0
2010-07-13 18:15:05,0.0
2010-07-14 18:15:05,0.01
2010-07-15 18:15:05,0.61
2010-07-16 18:15:05,0.23
2010-07-17 18:15:05,0.09
2010-07-18 18:15:05,0.66
2010-07-19 18:15:05,0.31
2010-07-20 18:15:05,0.0
2010-07-21 18:15:05,0.0
2010-07-22 18:15:05,0.0
2010-07-23 18:15:05,0.01
2010-07-24 18:15:05,0.0
2010-07-25 18:15:05,2.87
2010-07-26 18:15:05,0.24
2010-07-27 18:15:05,1.9
2010-07-28 18:15:05,0.17
2010-07-29 18:15:05,0.95
2010-07-30 18:15:05,1.04
2010-07-31 18:15:05,0.41
2010-08-01 18:15:05,0.19
2010-08-02 18:15:05,0.36
2010-08-03 18:15:05,0.0
2010-08-04 18:15:05,0.0
2010-08-05 18:15:05,0.0
2010-08-06 18:15:05,0.0
2010-08-07 18:15:05,2.31
2010-08-08 18:15:05,0.0
2010-08-09 18:15:05,0.0
2010-08-10 18:15:05,4.32
2010-08-11 18:15:05,0.0
2010-08-12 18:15:05,0.0
2010-08-13 18:15:05,0.0
2010-08-14 18:15:05,0.0
2010-08-15 18:15:05,0.0
2010-08-16 18:15:05,0.0
2010-08-17 18:15:05,0.67
2010-08-18 18:15:05,1.56
2010-08-19 18:15:05,0.0
2010-08-20 18:15:05,0.0
2010-08-21 18:15:05,0.0
2010-08-22 18:15:05,0.0
2010-08-23 18:15:05,0.0
2010-08-24 18:15:05,0.0
2010-08-25 18:15:05,0.8
2010-08-26 18:15:05,0.0
2010-08-27 18:15:05,0.0
2010-08-28 18:15:05,5e-07
2010-08-29 18:15:05,0.1400006
2010-08-30 18:15:05,0.4
2010-08-31 18:15:05,0.2000003
2010-09-01 18:15:05,0.1300001
2010-09-02 18:15:05,1e-07
2010-09-03 18:15:05,0.0
2010-09-04 18:15:05,0.0
2010-09-05 18:15:05,0.01
2010-09-06 18:15:05,1e-07
2010-09-07 18:15:05,0.0
2010-09-08 18:15:05,2e-07
2010-09-09 18:15:05,0.11
2010-09-10 18:15:05,2e-07
2010-09-11 18:15:05,0.0
2010-09-12 18:15:05,0.15
2010-09-13 18:15:05,0.0
2010-09-14 18:15:05,0.00960362
2010-09-15 18:15:05,0.0
2010-09-16 18:15:05,0.0
2010-09-17 18:15:05,0.0
2010-09-18 18:15:05,0.18
2010-09-19 18:15:05,0.0
2010-09-20 18:15:05,0.0
2010-09-21 18:15:05,1e-07
2010-09-22 18:15:05,0.0
2010-09-23 18:15:05,0.0
2010-09-24 18:15:05,0.0
2010-09-25 18:15:05,0.0
2010-09-26 18:15:05,0.0
2010-09-27 18:15:05,0.02
2010-09-28 18:15:05,0.41
2010-09-29 18:15:05,1.03
2010-09-30 18:15:05,0.0
2010-10-01 18:15:05,0.56
2010-10-02 18:15:05,0.00776615
2010-10-03 18:15:05,0.00776813
2010-10-04 18:15:05,1.09e-06
2010-10-05 18:15:05,0.0
2010-10-06 18:15:05,1.09e-06
2010-10-07 18:15:05,0.0
2010-10-08 18:15:05,0.0
2010-10-09 18:15:05,0.0
2010-10-10 18:15:05,0.0
2010-10-11 18:15:05,1.09e-06
2010-10-12 18:15:05,0.0
2010-10-13 18:15:05,0.0
2010-10-14 18:15:05,0.35
2010-10-15 18:15:05,0.0
2010-10-16 18:15:05,0.0
2010-10-17 18:15:05,0.0
2010-10-18 18:15:05,0.02
2010-10-19 18:15:05,0.0
2010-10-20 18:15:05,0.0
2010-10-21 18:15:05,0.00776615
2010-10-22 18:15:05,0.0
2010-10-23 18:15:05,0.05
2010-10-24 18:15:05,0.0
2010-10-25 18:15:05,0.0
2010-10-26 18:15:05,0.0
2010-10-27 18:15:05,0.0
2010-10-28 18:15:05,0.0
2010-10-29 18:15:05,0.0
2010-10-30 18:15:05,0.0
2010-10-31 18:15:05,0.0
2010-11-01 18:15:05,0.0
2010-11-02 18:15:05,0.0
2010-11-03 18:15:05,0.0
2010-11-04 18:15:05,0.0
2010-11-05 18:15:05,0.0
2010-11-06 18:15:05,0.0
2010-11-07 18:15:05,0.0
2010-11-08 18:15:05,0.83
2010-11-09 18:15:05,0.0
2010-11-10 18:15:05,0.0
2010-11-11 18:15:05,0.0
2010-11-12 18:15:05,0.0
2010-11-13 18:15:05,0.0
2010-11-14 18:15:05,0.0
2010-11-15 18:15:05,0.0
2010-11-16 18:15:05,0.48
2010-11-17 18:15:05,0.0
2010-11-18 18:15:05,0.0
2010-11-19 18:15:05,0.0
2010-11-20 18:15:05,0.73
2010-11-21 18:15:05,1.17
2010-11-22 18:15:05,0.6
2010-11-23 18:15:05,0.54
2010-11-24 18:15:05,0.31
2010-11-25 18:15:05,0.0
2010-11-26 18:15:05,0.37
2010-11-27 18:15:05,0.01
2010-11-28 18:15:05,0.01
2010-11-29 18:15:05,0.03
2010-11-30 18:15:05,0.01
2010-12-01 18:15:05,0.02
2010-12-02 18:15:05,0.07
2010-12-03 18:15:05,0.02
2010-12-04 18:15:05,0.01
2010-12-05 18:15:05,0.02090727
2010-12-06 18:15:05,0.05518713
2010-12-07 18:15:05,0.03214637
2010-12-08 18:15:05,0.08
2010-12-09 18:15:05,0.04727152
2010-12-10 18:15:05,0.06000109
2010-12-11 18:15:05,0.07724798
2010-12-12 18:15:05,0.16893365
2010-12-13 18:15:05,0.34111695
2010-12-14 18:15:05,0.03395871
2010-12-15 18:15:05,0.07239519999999999
2010-12-16 18:15:05,0.10473581
2010-12-17 18:15:05,0.05382187
2010-12-18 18:15:05,0.21944472
2010-12-19 18:15:05,0.11218083
2010-12-20 18:15:05,0.07883365
2010-12-21 18:15:05,0.12815952
2010-12-22 18:15:05,0.17743052
2010-12-23 18:15:05,0.06
2010-12-24 18:15:05,0.08829328
2010-12-25 18:15:05,0.04743052
2010-12-26 18:15:05,0.07
2010-12-27 18:15:05,0.10834879
2010-12-28 18:15:05,0.09056339
2010-12-29 18:15:05,0.12251652
2010-12-30 18:15:05,0.13238552
2010-12-31 18:15:05,0.02335061
2011-01-01 18:15:05,0.06915258
2011-01-02 18:15:05,0.09129091
2011-01-03 18:15:05,0.69638641
2011-01-04 18:15:05,0.07954493
2011-01-05 18:15:05,0.05838636
2011-01-06 18:15:05,0.08757579
2011-01-07 18:15:05,0.07352512
2011-01-08 18:15:05,0.02
2011-01-09 18:15:05,0.13765433
2011-01-10 18:15:05,0.07884469
2011-01-11 18:15:05,0.03
2011-01-12 18:15:05,0.24212907
2011-01-13 18:15:05,0.08
2011-01-14 18:15:05,0.05493887
2011-01-15 18:15:05,0.10987774
2011-01-16 18:15:05,0.07835008
2011-01-17 18:15:05,0.15276428
2011-01-18 18:15:05,0.03768351
2011-01-19 18:15:05,0.06323904
2011-01-20 18:15:05,0.12736667
2011-01-21 18:15:05,0.02048576
2011-01-22 18:15:05,0.45874839
2011-01-23 18:15:05,0.29048576
2011-01-24 18:15:05,0.30905919
2011-01-25 18:15:05,0.14
2011-01-26 18:15:05,0.12905919
2011-01-27 18:15:05,0.49
2011-01-28 18:15:05,0.13
2011-01-29 18:15:05,0.31195608
2011-01-30 18:15:05,0.22108788
2011-01-31 18:15:05,3.39
2011-02-01 18:15:05,0.68108788
2011-02-02 18:15:05,0.28
2011-02-03 18:15:05,0.11818974
2011-02-04 18:15:05,0.08586535
2011-02-05 18:15:05,0.21599580000000002
2011-02-06 18:15:05,0.13
2011-02-07 18:15:05,0.19347709
2011-02-08 18:15:05,0.32049075
2011-02-09 18:15:05,0.04541728
2011-02-10 18:15:05,0.80304408
2011-02-11 18:15:05,0.50910687
2011-02-12 18:15:05,0.63186934
2011-02-13 18:15:05,0.32
2011-02-14 18:15:05,2.13
2011-02-15 18:15:05,0.84
2011-02-16 18:15:05,0.22346193
2011-02-17 18:15:05,0.62346193
2011-02-18 18:15:05,0.46
2011-02-19 18:15:05,0.51
2011-02-20 18:15:05,0.18
2011-02-21 18:15:05,0.5
2011-02-22 18:15:05,0.19
2011-02-23 18:15:05,0.40332199
2011-02-24 18:15:05,0.15769472
2011-02-25 18:15:05,0.26097152
2011-02-26 18:15:05,0.71049575
2011-02-27 18:15:05,0.74
2011-02-28 18:15:05,0.53785377
2011-03-01 18:15:05,0.73455377
2011-03-02 18:15:05,0.2465
2011-03-03 18:15:05,6.3913
2011-03-04 18:15:05,1.3986
2011-03-05 18:15:05,1.21430001
2011-03-06 18:15:05,5.13130001
2011-03-07 18:15:05,5.69913744
2011-03-08 18:15:05,4.60833744
2011-03-09 18:15:05,3.51649299
2011-03-10 18:15:05,2.47963744
2011-03-11 18:15:05,6.63689296
2011-03-12 18:15:05,1.48693618
2011-03-13 18:15:05,1.51553619
2011-03-14 18:15:05,2.1816162
2011-03-15 18:15:05,1.70019999
2011-03-16 18:15:05,1.81
2011-03-17 18:15:05,1.49799295
2011-03-18 18:15:05,1.22279998
2011-03-19 18:15:05,1.35779295
2011-03-20 18:15:05,1.3370787
2011-03-21 18:15:05,6.87779295
2011-03-22 18:15:05,11.2703
2011-03-23 18:15:05,16.58666612
2011-03-24 18:15:05,9.62159233
2011-03-25 18:15:05,6.33823619
2011-03-26 18:15:05,4.7801
2011-03-27 18:15:05,5.8772327
2011-03-28 18:15:05,4.863
2011-03-29 18:15:05,3.7901
2011-03-30 18:15:05,3.93090001
2011-03-31 18:15:05,4.16
2011-04-01 18:15:05,3.1
2011-04-02 18:15:05,2.99040002
2011-04-03 18:15:05,3.15010002
2011-04-04 18:15:05,5.896868
2011-04-05 18:15:05,5.4307
2011-04-06 18:15:05,5.60040001
2011-04-07 18:15:05,3.1702
2011-04-08 18:15:05,3.8001
2011-04-09 18:15:05,4.18
2011-04-10 18:15:05,5.14
2011-04-11 18:15:05,4.72078885
2011-04-12 18:15:05,4.46474318
2011-04-13 18:15:05,3.67138575
2011-04-14 18:15:05,15.5231
2011-04-15 18:15:05,2.15104348
2011-04-16 18:15:05,3.80988576
2011-04-17 18:15:05,1.9425
2011-04-18 18:15:05,2.23520399
2011-04-19 18:15:05,5.88128213
2011-04-20 18:15:05,7.35490728
2011-04-21 18:15:05,3.63999931
2011-04-22 18:15:05,4.3937338
2011-04-23 18:15:05,5.3103
2011-04-24 18:15:05,7.36302226
2011-04-25 18:15:05,7.87326592
2011-04-26 18:15:05,5.52887739
2011-04-27 18:15:05,8.94869711
2011-04-28 18:15:05,6.39308182
2011-04-29 18:15:05,7.01488483
2011-04-30 18:15:05,9.56621478
2011-05-01 18:15:05,11.51184732
2011-05-02 18:15:05,6.64908916
2011-05-03 18:15:05,4.72487624
2011-05-04 18:15:05,5.73991629
2011-05-05 18:15:05,7.74210231
2011-05-06 18:15:05,9.48622833
2011-05-07 18:15:05,6.804853
2011-05-08 18:15:05,5.95522686
2011-05-09 18:15:05,11.69832794
2011-05-10 18:15:05,7.41932207
2011-05-11 18:15:05,9.66501217
2011-05-12 18:15:05,5.60952486
2011-05-13 18:15:05,11.322771300000001
2011-05-14 18:15:05,13.88461025
2011-05-15 18:15:05,14.44747033
2011-05-16 18:15:05,15.61282785
2011-05-17 18:15:05,13.29486724
2011-05-18 18:15:05,16.69735463
2011-05-19 18:15:05,18.61140679
2011-05-20 18:15:05,16.95989301
2011-05-21 18:15:05,19.00720349
2011-05-22 18:15:05,21.16861654
2011-05-23 18:15:05,19.12275662
2011-05-24 18:15:05,19.09579145
2011-05-25 18:15:05,21.39997947
2011-05-26 18:15:05,20.2567875
2011-05-27 18:15:05,16.43284651
2011-05-28 18:15:05,13.1819608
2011-05-29 18:15:05,14.43394585
2011-05-30 18:15:05,15.95794968
2011-05-31 18:15:05,20.95768475
2011-06-01 18:15:05,21.6219555
2011-06-02 18:15:05,25.08212749
2011-06-03 18:15:05,26.6377786
2011-06-04 18:15:05,31.68367067
2011-06-05 18:15:05,23.52063186
2011-06-06 18:15:05,26.458909000000002
2011-06-07 18:15:05,28.53132133
2011-06-08 18:15:05,39.21740563
2011-06-09 18:15:05,48.4001229
2011-06-10 18:15:05,37.85372624
2011-06-11 18:15:05,36.72083742
2011-06-12 18:15:05,41.15152999
2011-06-13 18:15:05,40.65158133
2011-06-14 18:15:05,33.47003135
2011-06-15 18:15:05,42.43918865
2011-06-16 18:15:05,31.72265722
2011-06-17 18:15:05,30.76697918
2011-06-18 18:15:05,30.27588907
2011-06-19 18:15:05,26.78637934
2011-06-20 18:15:05,21.06156276
2011-06-21 18:15:05,18.24724796
2011-06-22 18:15:05,17.88992398
2011-06-23 18:15:05,16.04724236
2011-06-24 18:15:05,15.10772997
2011-06-25 18:15:05,21.99481921
2011-06-26 18:15:05,22.58593178
2011-06-27 18:15:05,28.5009098
2011-06-28 18:15:05,21.04399723
2011-06-29 18:15:05,20.27653059
2011-06-30 18:15:05,18.31708499
2011-07-01 18:15:05,16.95778436
2011-07-02 18:15:05,17.63908177
2011-07-03 18:15:05,12.95560401
2011-07-04 18:15:05,15.26228889
2011-07-05 18:15:05,17.105044600000003
2011-07-06 18:15:05,18.73264167
2011-07-07 18:15:05,14.78154774
2011-07-08 18:15:05,13.00884717
2011-07-09 18:15:05,13.50615094
2011-07-10 18:15:05,12.79683879
2011-07-11 18:15:05,13.77107564
2011-07-12 18:15:05,12.17776867
2011-07-13 18:15:05,15.64254982
2011-07-14 18:15:05,14.32494418
2011-07-15 18:15:05,13.93294757
2011-07-16 18:15:05,13.44019776
2011-07-17 18:15:05,12.45441972
2011-07-18 18:15:05,10.45340351
2011-07-19 18:15:05,17.08671088
2011-07-20 18:15:05,11.50496853
2011-07-21 18:15:05,9.360591900000001
2011-07-22 18:15:05,11.77873472
2011-07-23 18:15:05,9.81383186
2011-07-24 18:15:05,7.9042718999999995
2011-07-25 18:15:05,13.19779016
2011-07-26 18:15:05,8.61433947
2011-07-27 18:15:05,9.17862736
2011-07-28 18:15:05,7.45699769
2011-07-29 18:15:05,6.6564493
2011-07-30 18:15:05,6.60580997
2011-07-31 18:15:05,6.12797681
2011-08-01 18:15:05,7.45372377
2011-08-02 18:15:05,7.8853759000000005
2011-08-03 18:15:05,7.49064465
2011-08-04 18:15:05,8.65111491
2011-08-05 18:15:05,6.39034612
2011-08-06 18:15:05,7.439772200000001
2011-08-07 18:15:05,22.92516799
2011-08-08 18:15:05,8.01767941
2011-08-09 18:15:05,11.080406300000002
2011-08-10 18:15:05,9.43100171
2011-08-11 18:15:05,8.96972833
2011-08-12 18:15:05,6.31242296
2011-08-13 18:15:05,6.7979716
2011-08-14 18:15:05,9.77820713
2011-08-15 18:15:05,9.26323877
2011-08-16 18:15:05,9.577911300000002
2011-08-17 18:15:05,7.99886482
2011-08-18 18:15:05,6.1145595
2011-08-19 18:15:05,7.41319369
2011-08-20 18:15:05,6.10397746
2011-08-21 18:15:05,5.57001909
2011-08-22 18:15:05,7.23054005
2011-08-23 18:15:05,5.45671341
2011-08-24 18:15:05,9.52533281
2011-08-25 18:15:05,6.85117903
2011-08-26 18:15:05,5.08571809
2011-08-27 18:15:05,5.07591598
2011-08-28 18:15:05,4.24898819
2011-08-29 18:15:05,5.35302216
2011-08-30 18:15:05,5.3418445
2011-08-31 18:15:05,10.10021477
2011-09-01 18:15:05,5.69525979
2011-09-02 18:15:05,5.26021947
2011-09-03 18:15:05,6.07488965
2011-09-04 18:15:05,9.10167977
2011-09-05 18:15:05,7.16748946
2011-09-06 18:15:05,6.40762714
2011-09-07 18:15:05,8.10420009
2011-09-08 18:15:05,4.9515221
2011-09-09 18:15:05,7.39910874
2011-09-10 18:15:05,5.89377078
2011-09-11 18:15:05,4.71826473
2011-09-12 18:15:05,5.38775655
2011-09-13 18:15:05,4.74685664
2011-09-14 18:15:05,3.85622561
2011-09-15 18:15:05,3.88694001
2011-09-16 18:15:05,7.98324496
2011-09-17 18:15:05,5.475615299999999
2011-09-18 18:15:05,4.96046949
2011-09-19 18:15:05,6.00913231
2011-09-20 18:15:05,6.01759103
2011-09-21 18:15:05,5.34280467
2011-09-22 18:15:05,4.47693446
2011-09-23 18:15:05,3.83846876
2011-09-24 18:15:05,7.17138576
2011-09-25 18:15:05,3.23532626
2011-09-26 18:15:05,3.33132041
2011-09-27 18:15:05,4.17476213
2011-09-28 18:15:05,4.57610176
2011-09-29 18:15:05,3.56288467
2011-09-30 18:15:05,3.38489362
2011-10-01 18:15:05,3.5672862999999997
2011-10-02 18:15:05,3.26002348
2011-10-03 18:15:05,9.34666058
2011-10-04 18:15:05,3.40150005
2011-10-05 18:15:05,3.52404524
2011-10-06 18:15:05,6.66264112
2011-10-07 18:15:05,5.68168641
2011-10-08 18:15:05,3.92876955
2011-10-09 18:15:05,3.07908946
2011-10-10 18:15:05,3.17994555
2011-10-11 18:15:05,4.8110874
2011-10-12 18:15:05,4.52713498
2011-10-13 18:15:05,4.68456623
2011-10-14 18:15:05,3.47204625
2011-10-15 18:15:05,3.47903207
2011-10-16 18:15:05,2.8099505000000002
2011-10-17 18:15:05,4.46768129
2011-10-18 18:15:05,3.1571327
2011-10-19 18:15:05,3.42772158
2011-10-20 18:15:05,5.74099126
2011-10-21 18:15:05,2.79374852
2011-10-22 18:15:05,2.66416828
2011-10-23 18:15:05,3.00894325
2011-10-24 18:15:05,3.24402503
2011-10-25 18:15:05,3.01637396
2011-10-26 18:15:05,3.39589176
2011-10-27 18:15:05,2.51974203
2011-10-28 18:15:05,3.15074039
2011-10-29 18:15:05,3.40234917
2011-10-30 18:15:05,3.40992865
2011-10-31 18:15:05,2.56528203
2011-11-01 18:15:05,5.1065652
2011-11-02 18:15:05,3.23511613
2011-11-03 18:15:05,2.88038385
2011-11-04 18:15:05,3.33893916
2011-11-05 18:15:05,3.42899532
2011-11-06 18:15:05,2.68651732
2011-11-07 18:15:05,3.44751402
2011-11-08 18:15:05,3.72947765
2011-11-09 18:15:05,3.78935692
2011-11-10 18:15:05,3.43121601
2011-11-11 18:15:05,2.04213243
2011-11-12 18:15:05,2.58769763
2011-11-13 18:15:05,2.52287731
2011-11-14 18:15:05,2.76633599
2011-11-15 18:15:05,3.20336403
2011-11-16 18:15:05,3.57793717
2011-11-17 18:15:05,2.95917489
2011-11-18 18:15:05,3.34454677
2011-11-19 18:15:05,3.05504471
2011-11-20 18:15:05,4.0309302
2011-11-21 18:15:05,2.50056261
2011-11-22 18:15:05,3.37516787
2011-11-23 18:15:05,3.41667059
2011-11-24 18:15:05,3.49219286
2011-11-25 18:15:05,3.78509764
2011-11-26 18:15:05,3.60336148
2011-11-27 18:15:05,2.73332716
2011-11-28 18:15:05,3.04363533
2011-11-29 18:15:05,4.44141507
2011-11-30 18:15:05,3.29898062
2011-12-01 18:15:05,4.31536335
2011-12-02 18:15:05,4.30495028
2011-12-03 18:15:05,4.0934545
2011-12-04 18:15:05,3.5088385000000004
2011-12-05 18:15:05,3.61583294
2011-12-06 18:15:05,3.49937086
2011-12-07 18:15:05,3.99867645
2011-12-08 18:15:05,3.28631467
2011-12-09 18:15:05,2.96146207
2011-12-10 18:15:05,3.02294953
2011-12-11 18:15:05,90.99811174
2011-12-12 18:15:05,305.20213478
2011-12-13 18:15:05,4.77703305
2011-12-14 18:15:05,3.6461913
2011-12-15 18:15:05,8.39607542
2011-12-16 18:15:05,2.8360119999999998
2011-12-17 18:15:05,2.72970204
2011-12-18 18:15:05,3.89415776
2011-12-19 18:15:05,3.61261747
2011-12-20 18:15:05,5.83700461
2011-12-21 18:15:05,3.99252286
2011-12-22 18:15:05,4.15561326
2011-12-23 18:15:05,3.10079941
2011-12-24 18:15:05,2.23895545
2011-12-25 18:15:05,2.78505591
2011-12-26 18:15:05,3.40552884
2011-12-27 18:15:05,2.76747331
2011-12-28 18:15:05,3.33596172
2011-12-29 18:15:05,4.0354475
2011-12-30 18:15:05,3.52080887
2011-12-31 18:15:05,3.62038935
2012-01-01 18:15:05,3.22260941
2012-01-02 18:15:05,5.2069139
2012-01-03 18:15:05,5.78307056
2012-01-04 18:15:05,14.21969541
2012-01-05 18:15:05,5.55023698
2012-01-06 18:15:05,6.65531797
2012-01-07 18:15:05,4.83857232
2012-01-08 18:15:05,3.44381947
2012-01-09 18:15:05,6.16347974
2012-01-10 18:15:05,4.64067614
2012-01-11 18:15:05,5.17871126
2012-01-12 18:15:05,41.82887588
2012-01-13 18:15:05,9.94639858
2012-01-14 18:15:05,11.73821501
2012-01-15 18:15:05,6.7042272
2012-01-16 18:15:05,30.676984100000002
2012-01-17 18:15:05,23.16297162
2012-01-18 18:15:05,11.20841262
2012-01-19 18:15:05,7.25502575
2012-01-20 18:15:05,43.74500914
2012-01-21 18:15:05,5.32543933
2012-01-22 18:15:05,3.21846767
2012-01-23 18:15:05,4.32893996
2012-01-24 18:15:05,8.74090361
2012-01-25 18:15:05,7.51802097
2012-01-26 18:15:05,7.15324525
2012-01-27 18:15:05,21.44948903
2012-01-28 18:15:05,6.21920755
2012-01-29 18:15:05,221.28355145
2012-01-30 18:15:05,5.00811954
2012-01-31 18:15:05,27.76413677
2012-02-01 18:15:05,7.67023534
2012-02-02 18:15:05,10.52551844
2012-02-03 18:15:05,7.14420136
2012-02-04 18:15:05,8.85793127
2012-02-05 18:15:05,4.45615015
2012-02-06 18:15:05,4.48191176
2012-02-07 18:15:05,5.50077725
2012-02-08 18:15:05,4.40704453
2012-02-09 18:15:05,5.95689282
2012-02-10 18:15:05,7.26552646
2012-02-11 18:15:05,4.07907004
2012-02-12 18:15:05,3.47829872
2012-02-13 18:15:05,4.81346772
2012-02-14 18:15:05,6.96051344
2012-02-15 18:15:05,15.26703072
2012-02-16 18:15:05,9.73008108
2012-02-17 18:15:05,3.53606055
2012-02-18 18:15:05,3.79084356
2012-02-19 18:15:05,2.44848079
2012-02-20 18:15:05,3.9273343
2012-02-21 18:15:05,3.68499377
2012-02-22 18:15:05,3.3301254
2012-02-23 18:15:05,4.19034459
2012-02-24 18:15:05,4.33478143
2012-02-25 18:15:05,4.26574148
2012-02-26 18:15:05,2.61240263
2012-02-27 18:15:05,4.78372398
2012-02-28 18:15:05,5.47527216
2012-02-29 18:15:05,3.15391449
2012-03-01 18:15:05,6.63650636
2012-03-02 18:15:05,4.45115638
2012-03-03 18:15:05,3.04970302
2012-03-04 18:15:05,3.95643698
2012-03-05 18:15:05,4.57778698
2012-03-06 18:15:05,4.77293119
2012-03-07 18:15:05,4.97452409
2012-03-08 18:15:05,4.28583196
2012-03-09 18:15:05,3.56641541
2012-03-10 18:15:05,5.05300613
2012-03-11 18:15:05,3.07837341
2012-03-12 18:15:05,3.51928212
2012-03-13 18:15:05,10.06316769
2012-03-14 18:15:05,5.98762025
2012-03-15 18:15:05,4.16277495
2012-03-16 18:15:05,7.96536218
2012-03-17 18:15:05,4.23269898
2012-03-18 18:15:05,3.01294827
2012-03-19 18:15:05,4.23856313
2012-03-20 18:15:05,4.28587033
2012-03-21 18:15:05,4.19889868
2012-03-22 18:15:05,3.31425094
2012-03-23 18:15:05,3.85590401
2012-03-24 18:15:05,4.46816675
2012-03-25 18:15:05,13.87452827
2012-03-26 18:15:05,7.26561565
2012-03-27 18:15:05,3.94960465
2012-03-28 18:15:05,4.67877081
2012-03-29 18:15:05,4.69239431
2012-03-30 18:15:05,4.04466777
2012-03-31 18:15:05,4.66025176
2012-04-01 18:15:05,4.34212197
2012-04-02 18:15:05,4.14115894
2012-04-03 18:15:05,4.62668219
2012-04-04 18:15:05,3.95271361
2012-04-05 18:15:05,6.211666200000001
2012-04-06 18:15:05,4.94414079
2012-04-07 18:15:05,3.89581731
2012-04-08 18:15:05,3.8064745
2012-04-09 18:15:05,3.83316764
2012-04-10 18:15:05,4.69114701
2012-04-11 18:15:05,6.53992391
2012-04-12 18:15:05,6.96030524
2012-04-13 18:15:05,4.42240979
2012-04-14 18:15:05,5.88161612
2012-04-15 18:15:05,4.03081438
2012-04-16 18:15:05,4.67124833
2012-04-17 18:15:05,7.52707743
2012-04-18 18:15:05,5.87363778
2012-04-19 18:15:05,5.94767942
2012-04-20 18:15:05,6.07277319
2012-04-21 18:15:05,6.263791
2012-04-22 18:15:05,5.15564775
2012-04-23 18:15:05,4.34820541
2012-04-24 18:15:05,5.43974157
2012-04-25 18:15:05,5.27822828
2012-04-26 18:15:05,13.33086106
2012-04-27 18:15:05,6.9636860999999985
2012-04-28 18:15:05,5.332192299999999
2012-04-29 18:15:05,5.79655728
2012-04-30 18:15:05,4.96371671
2012-05-01 18:15:05,6.49137637
2012-05-02 18:15:05,6.68304753
2012-05-03 18:15:05,8.49677544
2012-05-04 18:15:05,10.52965254
2012-05-05 18:15:05,9.92443083
2012-05-06 18:15:05,8.47898308
2012-05-07 18:15:05,10.57768272
2012-05-08 18:15:05,12.78385726
2012-05-09 18:15:05,14.96129097
2012-05-10 18:15:05,9.90617607
2012-05-11 18:15:05,10.00517341
2012-05-12 18:15:05,12.89572253
2012-05-13 18:15:05,10.1650517
2012-05-14 18:15:05,28.27673306
2012-05-15 18:15:05,19.59848847
2012-05-16 18:15:05,13.98413588
2012-05-17 18:15:05,10.10983418
2012-05-18 18:15:05,15.75663471
2012-05-19 18:15:05,33.30233593
2012-05-20 18:15:05,22.03784271
2012-05-21 18:15:05,18.00690588
2012-05-22 18:15:05,14.48193745
2012-05-23 18:15:05,16.09408162
2012-05-24 18:15:05,20.59204355
2012-05-25 18:15:05,19.10534085
2012-05-26 18:15:05,16.87447099
2012-05-27 18:15:05,15.29363421
2012-05-28 18:15:05,20.21974674
2012-05-29 18:15:05,18.96538173
2012-05-30 18:15:05,16.86572549
2012-05-31 18:15:05,13.60278435
2012-06-01 18:15:05,15.68116299
2012-06-02 18:15:05,9.96264787
2012-06-03 18:15:05,15.02353311
2012-06-04 18:15:05,28.12443169
2012-06-05 18:15:05,29.98382458
2012-06-06 18:15:05,13.28754541
2012-06-07 18:15:05,20.49586485
2012-06-08 18:15:05,16.81802928
2012-06-09 18:15:05,22.52987299
2012-06-10 18:15:05,24.41006786
2012-06-11 18:15:05,20.67463329
2012-06-12 18:15:05,12.59682379
2012-06-13 18:15:05,35.176295200000006
2012-06-14 18:15:05,35.89565212
2012-06-15 18:15:05,35.61308945
2012-06-16 18:15:05,30.02680517
2012-06-17 18:15:05,24.4001962
2012-06-18 18:15:05,26.16138093
2012-06-19 18:15:05,26.94018882
2012-06-20 18:15:05,21.58001528
2012-06-21 18:15:05,26.27883814
2012-06-22 18:15:05,29.83422135
2012-06-23 18:15:05,15.19853598
2012-06-24 18:15:05,16.06404355
2012-06-25 18:15:05,14.82897323
2012-06-26 18:15:05,19.65510869
2012-06-27 18:15:05,17.42605631
2012-06-28 18:15:05,16.85485099
2012-06-29 18:15:05,11.58999775
2012-06-30 18:15:05,14.1692415
2012-07-01 18:15:05,10.02531446
2012-07-02 18:15:05,13.30033059
2012-07-03 18:15:05,17.70742136
2012-07-04 18:15:05,12.04784878
2012-07-05 18:15:05,13.38649042
2012-07-06 18:15:05,12.41769967
2012-07-07 18:15:05,45.39267827
2012-07-08 18:15:05,12.394001
2012-07-09 18:15:05,15.91462354
2012-07-10 18:15:05,22.70876035
2012-07-11 18:15:05,17.78720701
2012-07-12 18:15:05,16.10499023
2012-07-13 18:15:05,12.71610684
2012-07-14 18:15:05,16.39495791
2012-07-15 18:15:05,16.82730601
2012-07-16 18:15:05,21.32899927
2012-07-17 18:15:05,20.25827138
2012-07-18 18:15:05,25.25477096
2012-07-19 18:15:05,20.39232492
2012-07-20 18:15:05,30.14867241
2012-07-21 18:15:05,28.909891899999998
2012-07-22 18:15:05,15.35397674
2012-07-23 18:15:05,23.16193893
2012-07-24 18:15:05,17.55491401
2012-07-25 18:15:05,15.29289555
2012-07-26 18:15:05,18.68667012
2012-07-27 18:15:05,15.17561226
2012-07-28 18:15:05,20.70498525
2012-07-29 18:15:05,17.74577763
2012-07-30 18:15:05,21.59461114
2012-07-31 18:15:05,19.84360187
2012-08-01 18:15:05,20.21423246
2012-08-02 18:15:05,19.86616974
2012-08-03 18:15:05,17.924909500000002
2012-08-04 18:15:05,24.23379789
2012-08-05 18:15:05,24.52949124
2012-08-06 18:15:05,22.199207
2012-08-07 18:15:05,20.92753532
2012-08-08 18:15:05,52.18018387
2012-08-09 18:15:05,18.36985252
2012-08-10 18:15:05,45.85604941
2012-08-11 18:15:05,17.37179137
2012-08-12 18:15:05,17.49173695
2012-08-13 18:15:05,25.04966154
2012-08-14 18:15:05,21.93973905
2012-08-15 18:15:05,28.12433709
2012-08-16 18:15:05,32.70348326
2012-08-17 18:15:05,30.58990923
2012-08-18 18:15:05,20.76717614
2012-08-19 18:15:05,18.95507601
2012-08-20 18:15:05,28.01583883
2012-08-21 18:15:05,23.26574408
2012-08-22 18:15:05,24.5640378
2012-08-23 18:15:05,21.53412752
2012-08-24 18:15:05,18.81258311
2012-08-25 18:15:05,21.92109799
2012-08-26 18:15:05,22.34564361
2012-08-27 18:15:05,29.03414368
2012-08-28 18:15:05,23.62564327
2012-08-29 18:15:05,24.54703076
2012-08-30 18:15:05,27.34385576
2012-08-31 18:15:05,32.39425452
2012-09-01 18:15:05,28.87869838
2012-09-02 18:15:05,31.86619313
2012-09-03 18:15:05,36.95385361
2012-09-04 18:15:05,30.59917481
2012-09-05 18:15:05,25.18379882
2012-09-06 18:15:05,28.46114685
2012-09-07 18:15:05,18.75177954
2012-09-08 18:15:05,23.92353501
2012-09-09 18:15:05,20.56845317
2012-09-10 18:15:05,22.358197600000004
2012-09-11 18:15:05,29.23196182
2012-09-12 18:15:05,23.00668134
2012-09-13 18:15:05,20.11991821
2012-09-14 18:15:05,21.40527069
2012-09-15 18:15:05,16.00925068
2012-09-16 18:15:05,14.37584654
2012-09-17 18:15:05,14.49014511
2012-09-18 18:15:05,19.83549726
2012-09-19 18:15:05,22.47986657
2012-09-20 18:15:05,20.690511100000002
2012-09-21 18:15:05,29.49860957
2012-09-22 18:15:05,15.707410999999999
2012-09-23 18:15:05,15.21996842
2012-09-24 18:15:05,27.32303762
2012-09-25 18:15:05,17.18850981
2012-09-26 18:15:05,18.39848429
2012-09-27 18:15:05,17.75388518
2012-09-28 18:15:05,57.9866703
2012-09-29 18:15:05,14.87112626
2012-09-30 18:15:05,12.37119439
2012-10-01 18:15:05,15.05241324
2012-10-02 18:15:05,25.53766212
2012-10-03 18:15:05,23.89542547
2012-10-04 18:15:05,129.0727315
2012-10-05 18:15:05,27.33750416
2012-10-06 18:15:05,23.63559135
2012-10-07 18:15:05,23.24799372
2012-10-08 18:15:05,29.1855467
2012-10-09 18:15:05,24.92948098
2012-10-10 18:15:05,22.58048511
2012-10-11 18:15:05,25.1547753
2012-10-12 18:15:05,18.97829142
2012-10-13 18:15:05,24.55671427
2012-10-14 18:15:05,16.36760937
2012-10-15 18:15:05,19.19003194
2012-10-16 18:15:05,25.96467158
2012-10-17 18:15:05,66.89339529
2012-10-18 18:15:05,18.16174438
2012-10-19 18:15:05,17.28631948
2012-10-20 18:15:05,16.59501444
2012-10-21 18:15:05,22.27543359
2012-10-22 18:15:05,23.10204087
2012-10-23 18:15:05,24.37162899
2012-10-24 18:15:05,22.20707536
2012-10-25 18:15:05,18.26830049
2012-10-26 18:15:05,16.80943206
2012-10-27 18:15:05,13.76313528
2012-10-28 18:15:05,12.84233689
2012-10-29 18:15:05,15.0975509
2012-10-30 18:15:05,23.28136658
2012-10-31 18:15:05,23.11370123
2012-11-01 18:15:05,22.03532797
2012-11-02 18:15:05,25.18210027
2012-11-03 18:15:05,20.58374693
2012-11-04 18:15:05,18.07275203
2012-11-05 18:15:05,25.83596115
2012-11-06 18:15:05,22.98457161
2012-11-07 18:15:05,29.35341825
2012-11-08 18:15:05,27.51470818
2012-11-09 18:15:05,20.56769981
2012-11-10 18:15:05,21.42115168
2012-11-11 18:15:05,17.92127199
2012-11-12 18:15:05,18.20735207
2012-11-13 18:15:05,18.42871936
2012-11-14 18:15:05,22.71522209
2012-11-15 18:15:05,29.56062276
2012-11-16 18:15:05,32.35921036
2012-11-17 18:15:05,27.92768269
2012-11-18 18:15:05,25.4443562
2012-11-19 18:15:05,27.02349917
2012-11-20 18:15:05,28.15159803
2012-11-21 18:15:05,32.87941782
2012-11-22 18:15:05,23.86825165
2012-11-23 18:15:05,23.99715144
2012-11-24 18:15:05,22.73202401
2012-11-25 18:15:05,27.71888794
2012-11-26 18:15:05,27.27039836
2012-11-27 18:15:05,79.95789105
2012-11-28 18:15:05,44.72614721
2012-11-29 18:15:05,30.9318334
2012-11-30 18:15:05,21.88004872
2012-12-01 18:15:05,29.99228087
2012-12-02 18:15:05,15.02822634
2012-12-03 18:15:05,18.85263816
2012-12-04 18:15:05,24.16998401
2012-12-05 18:15:05,26.673351500000003
2012-12-06 18:15:05,31.05820845
2012-12-07 18:15:05,25.9703386
2012-12-08 18:15:05,25.06019442
2012-12-09 18:15:05,24.43926299
2012-12-10 18:15:05,32.60099193
2012-12-11 18:15:05,30.642810600000004
2012-12-12 18:15:05,27.61405036
2012-12-13 18:15:05,42.77546793
2012-12-14 18:15:05,32.88696018
2012-12-15 18:15:05,26.426188
2012-12-16 18:15:05,27.40011287
2012-12-17 18:15:05,32.24930878
2012-12-18 18:15:05,37.08634431
2012-12-19 18:15:05,39.25169662
2012-12-20 18:15:05,30.62284069
2012-12-21 18:15:05,35.57252966
2012-12-22 18:15:05,39.98089285
2012-12-23 18:15:05,32.40114679
2012-12-24 18:15:05,30.76535974
2012-12-25 18:15:05,21.56338759
2012-12-26 18:15:05,29.20703966
2012-12-27 18:15:05,35.43010858
2012-12-28 18:15:05,38.51894572
2012-12-29 18:15:05,30.58246185
2012-12-30 18:15:05,35.09140165
2012-12-31 18:15:05,26.99566664
2013-01-01 18:15:05,23.37476946
2013-01-02 18:15:05,29.18198114
2013-01-03 18:15:05,35.68268787
2013-01-04 18:15:05,42.89840546
2013-01-05 18:15:05,30.06402764
2013-01-06 18:15:05,37.02643176
2013-01-07 18:15:05,34.80264212
2013-01-08 18:15:05,29.80098536
2013-01-09 18:15:05,33.87855401
2013-01-10 18:15:05,152.17272586
2013-01-11 18:15:05,44.13601946
2013-01-12 18:15:05,38.36175715
2013-01-13 18:15:05,35.86482633
2013-01-14 18:15:05,35.47591933
2013-01-15 18:15:05,34.17528217
2013-01-16 18:15:05,40.03464889
2013-01-17 18:15:05,36.8345206
2013-01-18 18:15:05,39.75901296
2013-01-19 18:15:05,63.02193154
2013-01-20 18:15:05,33.70685415
2013-01-21 18:15:05,30.62610484
2013-01-22 18:15:05,29.87214152
2013-01-23 18:15:05,45.66376477
2013-01-24 18:15:05,42.78012497
2013-01-25 18:15:05,40.13334087
2013-01-26 18:15:05,48.09323725
2013-01-27 18:15:05,47.75957992
2013-01-28 18:15:05,42.66449033
2013-01-29 18:15:05,50.78193782
2013-01-30 18:15:05,39.13531897
2013-01-31 18:15:05,42.31036818
2013-02-01 18:15:05,49.20923656
2013-02-02 18:15:05,54.79985834
2013-02-03 18:15:05,72.35764756
2013-02-04 18:15:05,47.3593669
2013-02-05 18:15:05,42.90852642
2013-02-06 18:15:05,33.47964254
2013-02-07 18:15:05,45.37600821
2013-02-08 18:15:05,53.57266767
2013-02-09 18:15:05,41.81383069
2013-02-10 18:15:05,43.83953143
2013-02-11 18:15:05,49.32792778
2013-02-12 18:15:05,48.61700477
2013-02-13 18:15:05,51.50697092
2013-02-14 18:15:05,49.49477446
2013-02-15 18:15:05,53.36447438
2013-02-16 18:15:05,53.91976276
2013-02-17 18:15:05,49.1021201
2013-02-18 18:15:05,39.08462929
2013-02-19 18:15:05,50.51556581
2013-02-20 18:15:05,48.65658234
2013-02-21 18:15:05,47.394459999999995
2013-02-22 18:15:05,56.97276299
2013-02-23 18:15:05,49.74906996
2013-02-24 18:15:05,46.36386186
2013-02-25 18:15:05,64.69470600000001
2013-02-26 18:15:05,54.54951162
2013-02-27 18:15:05,52.05842396
2013-02-28 18:15:05,61.69368024
2013-03-01 18:15:05,71.21074427
2013-03-02 18:15:05,54.50251001
2013-03-03 18:15:05,41.44089193
2013-03-04 18:15:05,53.43016694
2013-03-05 18:15:05,51.15126817
2013-03-06 18:15:05,60.59100527
2013-03-07 18:15:05,158.50149922
2013-03-08 18:15:05,55.6880887
2013-03-09 18:15:05,39.84122112
2013-03-10 18:15:05,64.60075075
2013-03-11 18:15:05,56.849992900000004
2013-03-12 18:15:05,50.36590821
2013-03-13 18:15:05,63.01622716
2013-03-14 18:15:05,55.59309207
2013-03-15 18:15:05,62.68231527
2013-03-16 18:15:05,37.94693049
2013-03-17 18:15:05,31.01708237
2013-03-18 18:15:05,36.37341092
2013-03-19 18:15:05,53.53768945
2013-03-20 18:15:05,34.14708481
2013-03-21 18:15:05,46.79446898
2013-03-22 18:15:05,64.6326007
2013-03-23 18:15:05,62.01260975
2013-03-24 18:15:05,38.61417031
2013-03-25 18:15:05,47.36378797
2013-03-26 18:15:05,43.96831871
2013-03-27 18:15:05,58.81127579
2013-03-28 18:15:05,45.41463054
2013-03-29 18:15:05,76.29513174
2013-03-30 18:15:05,45.94568999
2013-03-31 18:15:05,54.29219339
2013-04-01 18:15:05,53.03664377
2013-04-02 18:15:05,57.61575904
2013-04-03 18:15:05,72.71526709999999
2013-04-04 18:15:05,79.62487035
2013-04-05 18:15:05,52.66033205
2013-04-06 18:15:05,42.12188594
2013-04-07 18:15:05,50.70171294
2013-04-08 18:15:05,48.65175566
2013-04-09 18:15:05,43.21464562
2013-04-10 18:15:05,69.92445334
2013-04-11 18:15:05,62.23017998
2013-04-12 18:15:05,55.21363942
2013-04-13 18:15:05,44.43812922
2013-04-14 18:15:05,50.74181733
2013-04-15 18:15:05,76.63350621
2013-04-16 18:15:05,47.7076591
2013-04-17 18:15:05,54.86451829
2013-04-18 18:15:05,75.99131193
2013-04-19 18:15:05,52.32051628
2013-04-20 18:15:05,47.63908441
2013-04-21 18:15:05,33.70386177
2013-04-22 18:15:05,45.88692146
2013-04-23 18:15:05,42.08181801
2013-04-24 18:15:05,79.62969215
2013-04-25 18:15:05,50.77780195
2013-04-26 18:15:05,50.84713758
2013-04-27 18:15:05,42.57794746
2013-04-28 18:15:05,32.57042361
2013-04-29 18:15:05,35.83009291
2013-04-30 18:15:05,54.59361391
2013-05-01 18:15:05,35.90344815
2013-05-02 18:15:05,55.08432929999999
2013-05-03 18:15:05,49.20782248
2013-05-04 18:15:05,42.74796187
2013-05-05 18:15:05,38.14591919
2013-05-06 18:15:05,50.99940307
2013-05-07 18:15:05,45.04501941
2013-05-08 18:15:05,49.35342081
2013-05-09 18:15:05,68.44017033
2013-05-10 18:15:05,60.18777245
2013-05-11 18:15:05,63.69813949
2013-05-12 18:15:05,59.03344042
2013-05-13 18:15:05,60.08625448
2013-05-14 18:15:05,54.66430818
2013-05-15 18:15:05,49.64959569
2013-05-16 18:15:05,57.87351884
2013-05-17 18:15:05,88.4985171
2013-05-18 18:15:05,39.44980994
2013-05-19 18:15:05,42.20084266
2013-05-20 18:15:05,49.07464086
2013-05-21 18:15:05,42.99289632
2013-05-22 18:15:05,55.07809707
2013-05-23 18:15:05,53.41115964
2013-05-24 18:15:05,41.98819177
2013-05-25 18:15:05,55.98522589
2013-05-26 18:15:05,30.67004412
2013-05-27 18:15:05,47.80327835
2013-05-28 18:15:05,54.56592486
2013-05-29 18:15:05,51.94317506
2013-05-30 18:15:05,46.71194711
2013-05-31 18:15:05,48.95769767
2013-06-01 18:15:05,39.3619438
2013-06-02 18:15:05,44.65643906
2013-06-03 18:15:05,49.50440017
2013-06-04 18:15:05,64.89014237
2013-06-05 18:15:05,60.62469501
2013-06-06 18:15:05,43.37307063
2013-06-07 18:15:05,40.4846895
2013-06-08 18:15:05,45.68561726
2013-06-09 18:15:05,36.50155661
2013-06-10 18:15:05,34.19488951
2013-06-11 18:15:05,47.23966648
2013-06-12 18:15:05,43.47723521
2013-06-13 18:15:05,38.93851606
2013-06-14 18:15:05,38.16991619
2013-06-15 18:15:05,37.25196643
2013-06-16 18:15:05,29.074691899999998
2013-06-17 18:15:05,35.05299427
2013-06-18 18:15:05,36.99237474
2013-06-19 18:15:05,36.13715542
2013-06-20 18:15:05,62.60148592
2013-06-21 18:15:05,55.51629176
2013-06-22 18:15:05,45.58428107
2013-06-23 18:15:05,40.63780671
2013-06-24 18:15:05,37.82404209
2013-06-25 18:15:05,36.22112769
2013-06-26 18:15:05,38.21914872
2013-06-27 18:15:05,33.13590698
2013-06-28 18:15:05,47.29444705
2013-06-29 18:15:05,25.79585074
2013-06-30 18:15:05,19.88041027
2013-07-01 18:15:05,31.95531521
2013-07-02 18:15:05,37.0769864
2013-07-03 18:15:05,29.49682754
2013-07-04 18:15:05,21.101607
2013-07-05 18:15:05,33.41026781
2013-07-06 18:15:05,31.75035904
2013-07-07 18:15:05,17.31315056
2013-07-08 18:15:05,31.43815723
2013-07-09 18:15:05,35.161138
2013-07-10 18:15:05,26.25884419
2013-07-11 18:15:05,33.81696437
2013-07-12 18:15:05,32.05021445
2013-07-13 18:15:05,25.13594621
2013-07-14 18:15:05,31.82965821
2013-07-15 18:15:05,23.34949228
2013-07-16 18:15:05,34.01475967
2013-07-17 18:15:05,33.40695216
2013-07-18 18:15:05,27.59409047
2013-07-19 18:15:05,33.02637011
2013-07-20 18:15:05,21.48857703
2013-07-21 18:15:05,26.49400011
2013-07-22 18:15:05,21.9931243
2013-07-23 18:15:05,31.91271509
2013-07-24 18:15:05,32.92301081
2013-07-25 18:15:05,34.86795346
2013-07-26 18:15:05,22.80421394
2013-07-27 18:15:05,30.69502419
2013-07-28 18:15:05,19.93133624
2013-07-29 18:15:05,30.87144133
2013-07-30 18:15:05,37.36421201
2013-07-31 18:15:05,45.52101435
2013-08-01 18:15:05,31.49185887
2013-08-02 18:15:05,41.01530553
2013-08-03 18:15:05,28.01755065
2013-08-04 18:15:05,32.74170112
2013-08-05 18:15:05,27.05473128
2013-08-06 18:15:05,40.53861293
2013-08-07 18:15:05,30.18051369
2013-08-08 18:15:05,49.6207779
2013-08-09 18:15:05,45.849913
2013-08-10 18:15:05,29.35579481
2013-08-11 18:15:05,33.93550069
2013-08-12 18:15:05,24.14323112
2013-08-13 18:15:05,29.55608972
2013-08-14 18:15:05,43.02378882
2013-08-15 18:15:05,64.02507935
2013-08-16 18:15:05,45.60521477
2013-08-17 18:15:05,29.42751688
2013-08-18 18:15:05,44.92668611
2013-08-19 18:15:05,37.81465044
2013-08-20 18:15:05,45.78527809
2013-08-21 18:15:05,34.14204628
2013-08-22 18:15:05,37.04061907
2013-08-23 18:15:05,35.02624015
2013-08-24 18:15:05,28.06437009
2013-08-25 18:15:05,30.74091178
2013-08-26 18:15:05,27.45229801
2013-08-27 18:15:05,51.94695338
2013-08-28 18:15:05,243.52033894
2013-08-29 18:15:05,44.63568124
2013-08-30 18:15:05,43.30645342
2013-08-31 18:15:05,32.35235089
2013-09-01 18:15:05,25.28747187
2013-09-02 18:15:05,46.83183395
2013-09-03 18:15:05,30.91428847
2013-09-04 18:15:05,24.59734787
2013-09-05 18:15:05,34.00943099
2013-09-06 18:15:05,33.00862693
2013-09-07 18:15:05,27.40258306
2013-09-08 18:15:05,22.51021597
2013-09-09 18:15:05,30.43641891
2013-09-10 18:15:05,28.07548626
2013-09-11 18:15:05,23.61451906
2013-09-12 18:15:05,24.96850657
2013-09-13 18:15:05,26.42562521
2013-09-14 18:15:05,21.909498499999998
2013-09-15 18:15:05,24.16845305
2013-09-16 18:15:05,29.82849822
2013-09-17 18:15:05,90.93785999
2013-09-18 18:15:05,303.03844849
2013-09-19 18:15:05,111.42781599999999
2013-09-20 18:15:05,35.98775791
2013-09-21 18:15:05,26.17798718
2013-09-22 18:15:05,27.4817632
2013-09-23 18:15:05,36.37139814
2013-09-24 18:15:05,31.74116641
2013-09-25 18:15:05,30.8215087
2013-09-26 18:15:05,28.01795022
2013-09-27 18:15:05,82.75466408
2013-09-28 18:15:05,27.84186309
2013-09-29 18:15:05,19.75447388
2013-09-30 18:15:05,26.00052268
2013-10-01 18:15:05,36.02532288
2013-10-02 18:15:05,35.39513493
2013-10-03 18:15:05,40.37392697
2013-10-04 18:15:05,33.53991469
2013-10-05 18:15:05,26.70745176
2013-10-06 18:15:05,21.98375278
2013-10-07 18:15:05,32.99949234
2013-10-08 18:15:05,16.18054086
2013-10-09 18:15:05,25.13904198
2013-10-10 18:15:05,29.73024401
2013-10-11 18:15:05,28.46158064
2013-10-12 18:15:05,32.21519984
2013-10-13 18:15:05,31.15736732
2013-10-14 18:15:05,24.76312632
2013-10-15 18:15:05,46.86833704
2013-10-16 18:15:05,36.84323895
2013-10-17 18:15:05,39.50246713
2013-10-18 18:15:05,45.53965756
2013-10-19 18:15:05,35.8234771
2013-10-20 18:15:05,27.8955071
2013-10-21 18:15:05,36.82997401
2013-10-22 18:15:05,41.67292026
2013-10-23 18:15:05,36.67520171
2013-10-24 18:15:05,49.26787775
2013-10-25 18:15:05,46.75449972
2013-10-26 18:15:05,53.66366945
2013-10-27 18:15:05,44.03445576
2013-10-28 18:15:05,43.74981757
2013-10-29 18:15:05,26.14906747
2013-10-30 18:15:05,38.08800627
2013-10-31 18:15:05,30.03529546
2013-11-01 18:15:05,35.40296681
2013-11-02 18:15:05,23.87084674
2013-11-03 18:15:05,24.97396102
2013-11-04 18:15:05,67.37958812
2013-11-05 18:15:05,47.14006645
2013-11-06 18:15:05,118.37378115
2013-11-07 18:15:05,117.81098834
2013-11-08 18:15:05,108.19320547
2013-11-09 18:15:05,86.29385375
2013-11-10 18:15:05,52.48680278
2013-11-11 18:15:05,62.00580352
2013-11-12 18:15:05,20.094021899999998
2013-11-13 18:15:05,24.28778395
2013-11-14 18:15:05,23.93546077
2013-11-15 18:15:05,18.56994291
2013-11-16 18:15:05,15.43971301
2013-11-17 18:15:05,15.1031091
2013-11-18 18:15:05,25.27467522
2013-11-19 18:15:05,32.54373365
2013-11-20 18:15:05,25.18151883
2013-11-21 18:15:05,26.57492613
2013-11-22 18:15:05,23.61058302
2013-11-23 18:15:05,21.86122464
2013-11-24 18:15:05,17.57820997
2013-11-25 18:15:05,19.27979672
2013-11-26 18:15:05,24.05961565
2013-11-27 18:15:05,28.13438242
2013-11-28 18:15:05,32.98440093
2013-11-29 18:15:05,25.92092417
2013-11-30 18:15:05,22.01670436
2013-12-01 18:15:05,17.71816338
2013-12-02 18:15:05,19.64441022
2013-12-03 18:15:05,21.85614673
2013-12-04 18:15:05,21.13728202
2013-12-05 18:15:05,21.98836499
2013-12-06 18:15:05,18.58752694
2013-12-07 18:15:05,20.50910369
2013-12-08 18:15:05,32.37259238
2013-12-09 18:15:05,12.81918828
2013-12-10 18:15:05,19.97697104
2013-12-11 18:15:05,17.69299634
2013-12-12 18:15:05,14.89978988
2013-12-13 18:15:05,14.94454362
2013-12-14 18:15:05,13.21918752
2013-12-15 18:15:05,11.2711577
2013-12-16 18:15:05,14.01108799
2013-12-17 18:15:05,16.22399978
2013-12-18 18:15:05,18.50617393
2013-12-19 18:15:05,15.81127156
2013-12-20 18:15:05,16.24572703
2013-12-21 18:15:05,14.69955031
2013-12-22 18:15:05,11.14297494
2013-12-23 18:15:05,11.43633559
2013-12-24 18:15:05,12.64534115
2013-12-25 18:15:05,12.45799785
2013-12-26 18:15:05,11.77737607
2013-12-27 18:15:05,13.52135419
2013-12-28 18:15:05,11.80259669
2013-12-29 18:15:05,11.46103748
2013-12-30 18:15:05,14.91471734
2013-12-31 18:15:05,11.43245003
2014-01-01 18:15:05,9.18372917
2014-01-02 18:15:05,12.12566192
2014-01-03 18:15:05,14.56454873
2014-01-04 18:15:05,12.68023544
2014-01-05 18:15:05,13.24221702
2014-01-06 18:15:05,29.71047036
2014-01-07 18:15:05,15.37383323
2014-01-08 18:15:05,14.28866784
2014-01-09 18:15:05,12.95045939
2014-01-10 18:15:05,12.83831463
2014-01-11 18:15:05,12.47216717
2014-01-12 18:15:05,11.56181557
2014-01-13 18:15:05,12.27931661
2014-01-14 18:15:05,12.63627999
2014-01-15 18:15:05,19.48537647
2014-01-16 18:15:05,13.32827534
2014-01-17 18:15:05,14.93833901
2014-01-18 18:15:05,12.86943728
2014-01-19 18:15:05,12.06898253
2014-01-20 18:15:05,13.513886600000001
2014-01-21 18:15:05,16.50972485
2014-01-22 18:15:05,13.93433582
2014-01-23 18:15:05,16.03678895
2014-01-24 18:15:05,16.99280777
2014-01-25 18:15:05,12.38973921
2014-01-26 18:15:05,11.32315585
2014-01-27 18:15:05,12.91506741
2014-01-28 18:15:05,13.82708352
2014-01-29 18:15:05,13.74047422
2014-01-30 18:15:05,13.37773716
2014-01-31 18:15:05,14.04752687
2014-02-01 18:15:05,12.87806484
2014-02-02 18:15:05,9.97459141
2014-02-03 18:15:05,12.40954994
2014-02-04 18:15:05,13.62165633
2014-02-05 18:15:05,13.8823951
2014-02-06 18:15:05,14.96859202
2014-02-07 18:15:05,15.60584661
2014-02-08 18:15:05,12.34375821
2014-02-09 18:15:05,11.06004141
2014-02-10 18:15:05,13.307135999999998
2014-02-11 18:15:05,11.97222271
2014-02-12 18:15:05,15.947034699999998
2014-02-13 18:15:05,14.00026739
2014-02-14 18:15:05,17.1625273
2014-02-15 18:15:05,13.74692375
2014-02-16 18:15:05,11.12655289
2014-02-17 18:15:05,12.38282042
2014-02-18 18:15:05,24.33053354
2014-02-19 18:15:05,13.63818549
2014-02-20 18:15:05,14.92340459
2014-02-21 18:15:05,14.69796906
2014-02-22 18:15:05,12.56877924
2014-02-23 18:15:05,11.78154841
2014-02-24 18:15:05,13.98013914
2014-02-25 18:15:05,18.46032012
2014-02-26 18:15:05,14.8421543
2014-02-27 18:15:05,13.92144316
2014-02-28 18:15:05,15.28626504
2014-03-01 18:15:05,14.89760883
2014-03-02 18:15:05,11.10023303
2014-03-03 18:15:05,14.75881128
2014-03-04 18:15:05,18.22862564
2014-03-05 18:15:05,14.70329167
2014-03-06 18:15:05,14.877867199999999
2014-03-07 18:15:05,13.19699401
2014-03-08 18:15:05,12.98291657
2014-03-09 18:15:05,12.0606882
2014-03-10 18:15:05,14.43470377
2014-03-11 18:15:05,15.452383300000001
2014-03-12 18:15:05,17.27911595
2014-03-13 18:15:05,14.85979519
2014-03-14 18:15:05,14.00794115
2014-03-15 18:15:05,11.78133769
2014-03-16 18:15:05,10.38601922
2014-03-17 18:15:05,14.51477994
2014-03-18 18:15:05,10.60617286
2014-03-19 18:15:05,12.4119528
2014-03-20 18:15:05,13.68047528
2014-03-21 18:15:05,15.05458024
2014-03-22 18:15:05,14.60447433
2014-03-23 18:15:05,14.39001698
2014-03-24 18:15:05,12.36959646
2014-03-25 18:15:05,14.41318613
2014-03-26 18:15:05,15.58162914
2014-03-27 18:15:05,13.74833968
2014-03-28 18:15:05,12.76760033
2014-03-29 18:15:05,9.91116708
2014-03-30 18:15:05,10.75046791
2014-03-31 18:15:05,11.95022358
2014-04-01 18:15:05,12.54864889
2014-04-02 18:15:05,13.09056906
2014-04-03 18:15:05,13.42152449
2014-04-04 18:15:05,13.60614942
2014-04-05 18:15:05,12.15739669
2014-04-06 18:15:05,9.16831339
2014-04-07 18:15:05,13.90620728
2014-04-08 18:15:05,15.09697226
2014-04-09 18:15:05,13.277671900000001
2014-04-10 18:15:05,21.30299867
2014-04-11 18:15:05,14.57004853
2014-04-12 18:15:05,9.91757697
2014-04-13 18:15:05,9.30580111
2014-04-14 18:15:05,14.39419263
2014-04-15 18:15:05,16.40310745
2014-04-16 18:15:05,15.0145845
2014-04-17 18:15:05,15.27722248
2014-04-18 18:15:05,12.11666488
2014-04-19 18:15:05,13.306524300000001
2014-04-20 18:15:05,10.78653306
2014-04-21 18:15:05,11.60986595
2014-04-22 18:15:05,15.41285036
2014-04-23 18:15:05,14.28109385
2014-04-24 18:15:05,14.18530262
2014-04-25 18:15:05,14.40370555
2014-04-26 18:15:05,10.52495082
2014-04-27 18:15:05,11.27509025
2014-04-28 18:15:05,12.34031962
2014-04-29 18:15:05,12.17060621
2014-04-30 18:15:05,12.53470401
2014-05-01 18:15:05,12.01720682
2014-05-02 18:15:05,11.50948836
2014-05-03 18:15:05,11.0080935
2014-05-04 18:15:05,9.99820449
2014-05-05 18:15:05,12.36926791
2014-05-06 18:15:05,15.21115475
2014-05-07 18:15:05,13.38035393
2014-05-08 18:15:05,13.58134445
2014-05-09 18:15:05,15.866150699999999
2014-05-10 18:15:05,10.8683326
2014-05-11 18:15:05,9.32474235
2014-05-12 18:15:05,12.74240695
2014-05-13 18:15:05,13.05030601
2014-05-14 18:15:05,12.04391208
2014-05-15 18:15:05,12.75536468
2014-05-16 18:15:05,12.02164864
2014-05-17 18:15:05,9.7917159
2014-05-18 18:15:05,8.92569908
2014-05-19 18:15:05,10.722462599999998
2014-05-20 18:15:05,12.69875738
2014-05-21 18:15:05,13.27575617
2014-05-22 18:15:05,12.71659841
2014-05-23 18:15:05,12.99220611
2014-05-24 18:15:05,12.10475911
2014-05-25 18:15:05,9.57210433
2014-05-26 18:15:05,11.91589205
2014-05-27 18:15:05,12.33282353
2014-05-28 18:15:05,13.24677566
2014-05-29 18:15:05,12.39205713
2014-05-30 18:15:05,12.06522539
2014-05-31 18:15:05,9.93876923
2014-06-01 18:15:05,10.68373708
2014-06-02 18:15:05,10.91517676
2014-06-03 18:15:05,13.71930957
2014-06-04 18:15:05,12.26613461
2014-06-05 18:15:05,12.24567
2014-06-06 18:15:05,11.31817452
2014-06-07 18:15:05,9.12080675
2014-06-08 18:15:05,8.70951916
2014-06-09 18:15:05,10.27619998
2014-06-10 18:15:05,12.193239
2014-06-11 18:15:05,10.95603824
2014-06-12 18:15:05,12.15329591
2014-06-13 18:15:05,12.22428882
2014-06-14 18:15:05,9.95194649
2014-06-15 18:15:05,9.33855066
2014-06-16 18:15:05,11.12862904
2014-06-17 18:15:05,11.98842568
2014-06-18 18:15:05,12.23255724
2014-06-19 18:15:05,12.63691856
2014-06-20 18:15:05,11.25311797
2014-06-21 18:15:05,9.11976494
2014-06-22 18:15:05,9.42521379
2014-06-23 18:15:05,9.92050289
2014-06-24 18:15:05,11.64240605
2014-06-25 18:15:05,11.555669400000001
2014-06-26 18:15:05,11.37751104
2014-06-27 18:15:05,10.29537954
2014-06-28 18:15:05,9.87835113
2014-06-29 18:15:05,8.84416498
2014-06-30 18:15:05,10.90944259
2014-07-01 18:15:05,12.36328988
2014-07-02 18:15:05,13.73343865
2014-07-03 18:15:05,11.08189519
2014-07-04 18:15:05,10.58824881
2014-07-05 18:15:05,8.26076745
2014-07-06 18:15:05,9.24924683
2014-07-07 18:15:05,10.44603741
2014-07-08 18:15:05,12.21686237
2014-07-09 18:15:05,11.9361757
2014-07-10 18:15:05,11.22613459
2014-07-11 18:15:05,11.12342321
2014-07-12 18:15:05,9.01518862
2014-07-13 18:15:05,9.32359299
2014-07-14 18:15:05,11.35018792
2014-07-15 18:15:05,11.87785856
2014-07-16 18:15:05,12.33196333
2014-07-17 18:15:05,12.74168175
2014-07-18 18:15:05,11.60568116
2014-07-19 18:15:05,10.456761199999999
2014-07-20 18:15:05,9.50599823
2014-07-21 18:15:05,10.02036474
2014-07-22 18:15:05,11.857393400000001
2014-07-23 18:15:05,11.23511096
2014-07-24 18:15:05,10.633025
2014-07-25 18:15:05,10.19839577
2014-07-26 18:15:05,9.50827747
2014-07-27 18:15:05,8.77568128
2014-07-28 18:15:05,9.70412523
2014-07-29 18:15:05,10.6532582
2014-07-30 18:15:05,10.85994311
2014-07-31 18:15:05,11.02486059
2014-08-01 18:15:05,10.87967636
2014-08-02 18:15:05,9.36154144
2014-08-03 18:15:05,8.36702521
2014-08-04 18:15:05,10.10701582
2014-08-05 18:15:05,12.15106865
2014-08-06 18:15:05,12.93168516
2014-08-07 18:15:05,11.21723833
2014-08-08 18:15:05,11.08588192
2014-08-09 18:15:05,9.89679335
2014-08-10 18:15:05,9.6259823
2014-08-11 18:15:05,11.68497448
2014-08-12 18:15:05,12.42984721
2014-08-13 18:15:05,12.599707
2014-08-14 18:15:05,12.6295534
2014-08-15 18:15:05,10.97370877
2014-08-16 18:15:05,14.69897958
2014-08-17 18:15:05,37.29813075
2014-08-18 18:15:05,10.68090312
2014-08-19 18:15:05,12.87741605
2014-08-20 18:15:05,12.02058864
2014-08-21 18:15:05,11.94405134
2014-08-22 18:15:05,10.85000669
2014-08-23 18:15:05,9.21595098
2014-08-24 18:15:05,8.65681711
2014-08-25 18:15:05,14.33068278
2014-08-26 18:15:05,13.09978465
2014-08-27 18:15:05,11.61214904
2014-08-28 18:15:05,10.66182195
2014-08-29 18:15:05,10.22007288
2014-08-30 18:15:05,9.7465966
2014-08-31 18:15:05,9.02275826
2014-09-01 18:15:05,10.30536727
2014-09-02 18:15:05,11.41237447
2014-09-03 18:15:05,11.28382249
2014-09-04 18:15:05,11.15620263
2014-09-05 18:15:05,10.714005499999999
2014-09-06 18:15:05,10.489944300000001
2014-09-07 18:15:05,19.46564618
2014-09-08 18:15:05,11.323667
2014-09-09 18:15:05,13.00607767
2014-09-10 18:15:05,14.66467827
2014-09-11 18:15:05,10.27418557
2014-09-12 18:15:05,10.445930800000001
2014-09-13 18:15:05,9.87754729
2014-09-14 18:15:05,10.41613288
2014-09-15 18:15:05,11.9467162
2014-09-16 18:15:05,14.733739499999999
2014-09-17 18:15:05,12.27569456
2014-09-18 18:15:05,12.45941455
2014-09-19 18:15:05,11.14791622
2014-09-20 18:15:05,9.96929167
2014-09-21 18:15:05,9.80993611
2014-09-22 18:15:05,10.88655821
2014-09-23 18:15:05,11.60787131
2014-09-24 18:15:05,13.42090123
2014-09-25 18:15:05,13.07804471
2014-09-26 18:15:05,47.43930673
2014-09-27 18:15:05,11.34818893
2014-09-28 18:15:05,11.08075213
2014-09-29 18:15:05,11.45663317
2014-09-30 18:15:05,12.33293377
2014-10-01 18:15:05,12.63437263
2014-10-02 18:15:05,11.80636226
2014-10-03 18:15:05,11.69504803
2014-10-04 18:15:05,13.09999729
2014-10-05 18:15:05,11.43225211
2014-10-06 18:15:05,12.29635546
2014-10-07 18:15:05,13.26892581
2014-10-08 18:15:05,13.07728331
2014-10-09 18:15:05,13.35198908
2014-10-10 18:15:05,13.41027929
2014-10-11 18:15:05,10.51275487
2014-10-12 18:15:05,11.06974068
2014-10-13 18:15:05,12.83998343
2014-10-14 18:15:05,13.09047261
2014-10-15 18:15:05,12.64154509
2014-10-16 18:15:05,12.18979168
2014-10-17 18:15:05,11.63600658
2014-10-18 18:15:05,11.15788265
2014-10-19 18:15:05,10.3090553
2014-10-20 18:15:05,12.24408182
2014-10-21 18:15:05,12.99216076
2014-10-22 18:15:05,12.496020300000001
2014-10-23 18:15:05,12.58522357
2014-10-24 18:15:05,13.03797728
2014-10-25 18:15:05,11.56370092
2014-10-26 18:15:05,10.7606396
2014-10-27 18:15:05,12.80693278
2014-10-28 18:15:05,13.72107912
2014-10-29 18:15:05,13.55763444
2014-10-30 18:15:05,14.37016784
2014-10-31 18:15:05,13.21155884
2014-11-01 18:15:05,13.16989149
2014-11-02 18:15:05,12.40614973
2014-11-03 18:15:05,12.83380219
2014-11-04 18:15:05,16.9453104
2014-11-05 18:15:05,13.4448337
2014-11-06 18:15:05,13.61566812
2014-11-07 18:15:05,14.19042877
2014-11-08 18:15:05,11.42289968
2014-11-09 18:15:05,15.08499306
2014-11-10 18:15:05,12.86996556
2014-11-11 18:15:05,13.37547938
2014-11-12 18:15:05,13.57996146
2014-11-13 18:15:05,15.77819904
2014-11-14 18:15:05,13.66636534
2014-11-15 18:15:05,11.49113334
2014-11-16 18:15:05,11.2481313
2014-11-17 18:15:05,14.59071691
2014-11-18 18:15:05,13.12671076
2014-11-19 18:15:05,13.42190503
2014-11-20 18:15:05,12.9020255
2014-11-21 18:15:05,13.09970976
2014-11-22 18:15:05,11.58254175
2014-11-23 18:15:05,11.46468237
2014-11-24 18:15:05,12.49930625
2014-11-25 18:15:05,12.20971239
2014-11-26 18:15:05,13.02889699
2014-11-27 18:15:05,11.78619228
2014-11-28 18:15:05,11.65678584
2014-11-29 18:15:05,11.54299905
2014-11-30 18:15:05,11.696469
2014-12-01 18:15:05,14.00206215
2014-12-02 18:15:05,14.21393491
2014-12-03 18:15:05,13.58502718
2014-12-04 18:15:05,14.05123147
2014-12-05 18:15:05,13.71698344
2014-12-06 18:15:05,11.67542429
2014-12-07 18:15:05,10.89598656
2014-12-08 18:15:05,12.62220787
2014-12-09 18:15:05,14.93934077
2014-12-10 18:15:05,12.66263071
2014-12-11 18:15:05,12.19265382
2014-12-12 18:15:05,11.48717516
2014-12-13 18:15:05,10.95838328
2014-12-14 18:15:05,10.70376498
2014-12-15 18:15:05,14.79932134
2014-12-16 18:15:05,14.58563393
2014-12-17 18:15:05,13.840813
2014-12-18 18:15:05,15.70384421
2014-12-19 18:15:05,14.30375502
2014-12-20 18:15:05,12.89936506
2014-12-21 18:15:05,11.33814908
2014-12-22 18:15:05,13.126653099999999
2014-12-23 18:15:05,14.11126208
2014-12-24 18:15:05,12.39728577
2014-12-25 18:15:05,9.64807936
2014-12-26 18:15:05,16.42976058
2014-12-27 18:15:05,19.41831457
2014-12-28 18:15:05,12.04266588
2014-12-29 18:15:05,14.06563348
2014-12-30 18:15:05,13.95085145
2014-12-31 18:15:05,12.44896755
2015-01-01 18:15:05,8.00307587
2015-01-02 18:15:05,10.72769484
2015-01-03 18:15:05,11.90608788
2015-01-04 18:15:05,20.28810703
2015-01-05 18:15:05,16.96708357
2015-01-06 18:15:05,12.85666757
2015-01-07 18:15:05,13.40521434
2015-01-08 18:15:05,14.45388694
2015-01-09 18:15:05,16.14480781
2015-01-10 18:15:05,15.44061914
2015-01-11 18:15:05,14.29837347
2015-01-12 18:15:05,32.63994364
2015-01-13 18:15:05,14.44909631
2015-01-14 18:15:05,15.87551555
2015-01-15 18:15:05,16.54900624
2015-01-16 18:15:05,15.88562435
2015-01-17 18:15:05,12.64597155
2015-01-18 18:15:05,12.75025624
2015-01-19 18:15:05,15.80453034
2015-01-20 18:15:05,14.41535966
2015-01-21 18:15:05,13.96816034
2015-01-22 18:15:05,13.45202348
2015-01-23 18:15:05,13.16868437
2015-01-24 18:15:05,12.18056487
2015-01-25 18:15:05,12.2871243
2015-01-26 18:15:05,16.3312645
2015-01-27 18:15:05,13.84178061
2015-01-28 18:15:05,12.2880246
2015-01-29 18:15:05,11.80085579
2015-01-30 18:15:05,11.96990901
2015-01-31 18:15:05,12.15581794
2015-02-01 18:15:05,11.00546903
2015-02-02 18:15:05,12.12436146
2015-02-03 18:15:05,13.44597638
2015-02-04 18:15:05,12.346230199999999
2015-02-05 18:15:05,12.51951528
2015-02-06 18:15:05,11.45022497
2015-02-07 18:15:05,12.10137628
2015-02-08 18:15:05,11.45311434
2015-02-09 18:15:05,13.78402009
2015-02-10 18:15:05,14.18461123
2015-02-11 18:15:05,14.66267797
2015-02-12 18:15:05,13.49018655
2015-02-13 18:15:05,15.93974552
2015-02-14 18:15:05,16.67820257
2015-02-15 18:15:05,13.43496996
2015-02-16 18:15:05,15.54431223
2015-02-17 18:15:05,15.13607471
2015-02-18 18:15:05,15.30417671
2015-02-19 18:15:05,13.71575584
2015-02-20 18:15:05,13.92458106
2015-02-21 18:15:05,14.40873654
2015-02-22 18:15:05,12.44675566
2015-02-23 18:15:05,13.83752097
2015-02-24 18:15:05,14.56045942
2015-02-25 18:15:05,15.13904695
2015-02-26 18:15:05,14.42623973
2015-02-27 18:15:05,14.17573583
2015-02-28 18:15:05,13.71948104
2015-03-01 18:15:05,12.66952726
2015-03-02 18:15:05,16.08425123
2015-03-03 18:15:05,15.32856227
2015-03-04 18:15:05,15.09375814
2015-03-05 18:15:05,14.20542004
2015-03-06 18:15:05,17.21188567
2015-03-07 18:15:05,13.57345998
2015-03-08 18:15:05,13.14254063
2015-03-09 18:15:05,14.01348729
2015-03-10 18:15:05,16.8128673
2015-03-11 18:15:05,15.46580835
2015-03-12 18:15:05,14.35821792
2015-03-13 18:15:05,13.87866807
2015-03-14 18:15:05,12.381914199999999
2015-03-15 18:15:05,11.85474118
2015-03-16 18:15:05,14.04389459
2015-03-17 18:15:05,14.75421706
2015-03-18 18:15:05,15.20202714
2015-03-19 18:15:05,16.03415694
2015-03-20 18:15:05,16.10498382
2015-03-21 18:15:05,14.67230432
2015-03-22 18:15:05,12.03965358
2015-03-23 18:15:05,17.375943
2015-03-24 18:15:05,14.32893236
2015-03-25 18:15:05,15.31775967
2015-03-26 18:15:05,14.07414031
2015-03-27 18:15:05,15.37769189
2015-03-28 18:15:05,12.89657663
2015-03-29 18:15:05,12.19379189
2015-03-30 18:15:05,14.80696195
2015-03-31 18:15:05,14.73616593
2015-04-01 18:15:05,18.11563857
2015-04-02 18:15:05,16.0150584
2015-04-03 18:15:05,14.6205005
2015-04-04 18:15:05,15.06052225
2015-04-05 18:15:05,14.3073758
2015-04-06 18:15:05,15.31261593
2015-04-07 18:15:05,16.185038
2015-04-08 18:15:05,15.47753386
2015-04-09 18:15:05,16.98327802
2015-04-10 18:15:05,29.80724162
2015-04-11 18:15:05,17.10524583
2015-04-12 18:15:05,14.35766331
2015-04-13 18:15:05,15.91337178
2015-04-14 18:15:05,16.94687098
2015-04-15 18:15:05,15.07987703
2015-04-16 18:15:05,15.02016737
2015-04-17 18:15:05,14.2760589
2015-04-18 18:15:05,13.91339511
2015-04-19 18:15:05,12.06487514
2015-04-20 18:15:05,15.96574801
2015-04-21 18:15:05,16.81026573
2015-04-22 18:15:05,16.12435635
2015-04-23 18:15:05,14.77482324
2015-04-24 18:15:05,16.22929386
2015-04-25 18:15:05,99.96396999
2015-04-26 18:15:05,13.29723822
2015-04-27 18:15:05,15.196205599999999
2015-04-28 18:15:05,15.80028461
2015-04-29 18:15:05,17.28262292
2015-04-30 18:15:05,16.08932183
2015-05-01 18:15:05,15.30178105
2015-05-02 18:15:05,14.07475563
2015-05-03 18:15:05,12.37823502
2015-05-04 18:15:05,13.94423733
2015-05-05 18:15:05,16.03734494
2015-05-06 18:15:05,16.01690293
2015-05-07 18:15:05,16.35823476
2015-05-08 18:15:05,15.86988861
2015-05-09 18:15:05,14.78591409
2015-05-10 18:15:05,15.217629800000001
2015-05-11 18:15:05,16.18034809
2015-05-12 18:15:05,16.75259925
2015-05-13 18:15:05,15.40723591
2015-05-14 18:15:05,14.19848984
2015-05-15 18:15:05,15.0815495
2015-05-16 18:15:05,13.79618089
2015-05-17 18:15:05,12.33378944
2015-05-18 18:15:05,14.85179661
2015-05-19 18:15:05,15.46219384
2015-05-20 18:15:05,15.67924364
2015-05-21 18:15:05,14.46308563
2015-05-22 18:15:05,15.32116469
2015-05-23 18:15:05,13.47221894
2015-05-24 18:15:05,12.74716388
2015-05-25 18:15:05,15.48928101
2015-05-26 18:15:05,17.74572734
2015-05-27 18:15:05,16.09865543
2015-05-28 18:15:05,16.12750693
2015-05-29 18:15:05,17.52633345
2015-05-30 18:15:05,18.13414229
2015-05-31 18:15:05,13.638817000000001
2015-06-01 18:15:05,45.24728362
2015-06-02 18:15:05,19.09865642
2015-06-03 18:15:05,17.86202728
2015-06-04 18:15:05,17.47387221
2015-06-05 18:15:05,16.17225384
2015-06-06 18:15:05,15.255516199999999
2015-06-07 18:15:05,13.64505466
2015-06-08 18:15:05,15.28474251
2015-06-09 18:15:05,16.68496332
2015-06-10 18:15:05,20.21619753
2015-06-11 18:15:05,18.23746303
2015-06-12 18:15:05,18.13113121
2015-06-13 18:15:05,17.53784362
2015-06-14 18:15:05,15.99530424
2015-06-15 18:15:05,18.51876216
2015-06-16 18:15:05,19.75196704
2015-06-17 18:15:05,24.94126752
2015-06-18 18:15:05,19.74416605
2015-06-19 18:15:05,29.023842699999996
2015-06-20 18:15:05,22.55311938
2015-06-21 18:15:05,13.16567765
2015-06-22 18:15:05,23.22920549
2015-06-23 18:15:05,22.92876742
2015-06-24 18:15:05,16.74555521
2015-06-25 18:15:05,16.65594974
2015-06-26 18:15:05,18.07278654
2015-06-27 18:15:05,17.01717922
2015-06-28 18:15:05,15.34595899
2015-06-29 18:15:05,17.63474995
2015-06-30 18:15:05,27.42901276
2015-07-01 18:15:05,23.45051495
2015-07-02 18:15:05,21.94824463
2015-07-03 18:15:05,25.17856317
2015-07-04 18:15:05,19.74261492
2015-07-05 18:15:05,18.13805799
2015-07-06 18:15:05,29.305557
2015-07-07 18:15:05,44.63938234
2015-07-08 18:15:05,50.05174109
2015-07-09 18:15:05,42.450817799999996
2015-07-10 18:15:05,38.9927783
2015-07-11 18:15:05,36.93888783
2015-07-12 18:15:05,45.57106997
2015-07-13 18:15:05,34.05650153
2015-07-14 18:15:05,28.01547123
2015-07-15 18:15:05,28.01849933
2015-07-16 18:15:05,27.19002001
2015-07-17 18:15:05,24.85055473
2015-07-18 18:15:05,44.79302014
2015-07-19 18:15:05,18.96201852
2015-07-20 18:15:05,34.33022074
2015-07-21 18:15:05,28.07981875
2015-07-22 18:15:05,29.63588801
2015-07-23 18:15:05,26.29277354
2015-07-24 18:15:05,23.81935542
2015-07-25 18:15:05,21.29176583
2015-07-26 18:15:05,19.31582931
2015-07-27 18:15:05,31.04624618
2015-07-28 18:15:05,27.07995409
2015-07-29 18:15:05,37.6968152
2015-07-30 18:15:05,34.2211923
2015-07-31 18:15:05,36.24450554
2015-08-01 18:15:05,35.53322565
2015-08-02 18:15:05,23.21137984
2015-08-03 18:15:05,24.44201702
2015-08-04 18:15:05,34.06960048
2015-08-05 18:15:05,34.44055291
2015-08-06 18:15:05,35.89801803
2015-08-07 18:15:05,29.64618859
2015-08-08 18:15:05,23.04214901
2015-08-09 18:15:05,18.45162508
2015-08-10 18:15:05,26.67403896
2015-08-11 18:15:05,26.65997778
2015-08-12 18:15:05,25.19329055
2015-08-13 18:15:05,25.29193539
2015-08-14 18:15:05,23.62123658
2015-08-15 18:15:05,22.59740485
2015-08-16 18:15:05,18.29530243
2015-08-17 18:15:05,22.53259396
2015-08-18 18:15:05,25.78007236
2015-08-19 18:15:05,24.77607127
2015-08-20 18:15:05,25.1348193
2015-08-21 18:15:05,23.63760391
2015-08-22 18:15:05,22.96914083
2015-08-23 18:15:05,20.4380634
2015-08-24 18:15:05,24.8013553
2015-08-25 18:15:05,25.66812814
2015-08-26 18:15:05,25.67958618
2015-08-27 18:15:05,23.57561436
2015-08-28 18:15:05,24.08727019
2015-08-29 18:15:05,23.00206438
2015-08-30 18:15:05,17.61443105
2015-08-31 18:15:05,25.0420155
2015-09-01 18:15:05,28.84121772
2015-09-02 18:15:05,44.13311414
2015-09-03 18:15:05,36.44597513
2015-09-04 18:15:05,21.94174192
2015-09-05 18:15:05,32.06849601
2015-09-06 18:15:05,21.92532491
2015-09-07 18:15:05,25.98789351
2015-09-08 18:15:05,28.37170322
2015-09-09 18:15:05,26.40670885
2015-09-10 18:15:05,28.71675844
2015-09-11 18:15:05,28.99472893
2015-09-12 18:15:05,37.79488817
2015-09-13 18:15:05,25.41672183
2015-09-14 18:15:05,30.21206978
2015-09-15 18:15:05,29.74177227
2015-09-16 18:15:05,27.13904934
2015-09-17 18:15:05,26.22637494
2015-09-18 18:15:05,26.57437234
2015-09-19 18:15:05,22.72770657
2015-09-20 18:15:05,20.50270252
2015-09-21 18:15:05,26.79271324
2015-09-22 18:15:05,26.72725503
2015-09-23 18:15:05,27.90074242
2015-09-24 18:15:05,24.26546849
2015-09-25 18:15:05,27.12553705
2015-09-26 18:15:05,25.68909341
2015-09-27 18:15:05,20.98693709
2015-09-28 18:15:05,25.99373327
2015-09-29 18:15:05,25.94376393
2015-09-30 18:15:05,28.15450861
2015-10-01 18:15:05,29.54151507
2015-10-02 18:15:05,24.63261278
2015-10-03 18:15:05,24.86350758
2015-10-04 18:15:05,18.81504764
2015-10-05 18:15:05,22.34545918
2015-10-06 18:15:05,23.79329659
2015-10-07 18:15:05,26.85313864
2015-10-08 18:15:05,26.40812974
2015-10-09 18:15:05,23.520509399999998
2015-10-10 18:15:05,25.49534435
2015-10-11 18:15:05,19.80117665
2015-10-12 18:15:05,23.74975114
2015-10-13 18:15:05,25.32149388
2015-10-14 18:15:05,26.01374838
2015-10-15 18:15:05,29.32881596
2015-10-16 18:15:05,27.25756736
2015-10-17 18:15:05,28.397931300000003
2015-10-18 18:15:05,23.11188843
2015-10-19 18:15:05,26.90024528
2015-10-20 18:15:05,29.84547675
2015-10-21 18:15:05,30.92973723
2015-10-22 18:15:05,29.269015000000003
2015-10-23 18:15:05,28.1587973
2015-10-24 18:15:05,28.61850485
2015-10-25 18:15:05,24.19684513
2015-10-26 18:15:05,25.28704706
2015-10-27 18:15:05,30.03937533
2015-10-28 18:15:05,28.96944937
2015-10-29 18:15:05,33.48909435
2015-10-30 18:15:05,33.21211626
2015-10-31 18:15:05,28.36131688
2015-11-01 18:15:05,27.61874593
2015-11-02 18:15:05,30.92341672
2015-11-03 18:15:05,32.90854536
2015-11-04 18:15:05,46.51890714
2015-11-05 18:15:05,35.65030072
2015-11-06 18:15:05,32.5182418
2015-11-07 18:15:05,27.24627205
2015-11-08 18:15:05,24.18116382
2015-11-09 18:15:05,28.22602453
2015-11-10 18:15:05,27.36790426
2015-11-11 18:15:05,30.2843787
2015-11-12 18:15:05,25.54702522
2015-11-13 18:15:05,26.23777854
2015-11-14 18:15:05,25.03323565
2015-11-15 18:15:05,22.58995092
2015-11-16 18:15:05,25.8693141
2015-11-17 18:15:05,26.60929107
2015-11-18 18:15:05,28.65607622
2015-11-19 18:15:05,25.51230756
2015-11-20 18:15:05,25.68798169
2015-11-21 18:15:05,25.20808542
2015-11-22 18:15:05,22.28715044
2015-11-23 18:15:05,25.51151834
2015-11-24 18:15:05,24.94506527
2015-11-25 18:15:05,25.58035035
2015-11-26 18:15:05,29.18544934
2015-11-27 18:15:05,25.41874713
2015-11-28 18:15:05,28.004969899999995
2015-11-29 18:15:05,21.63065329
2015-11-30 18:15:05,32.24050832
2015-12-01 18:15:05,32.66538323
2015-12-02 18:15:05,31.42432556
2015-12-03 18:15:05,31.18138861
2015-12-04 18:15:05,27.03445429
2015-12-05 18:15:05,32.71329254
2015-12-06 18:15:05,30.07728753
2015-12-07 18:15:05,32.2348716
2015-12-08 18:15:05,32.11371119
2015-12-09 18:15:05,37.33796324
2015-12-10 18:15:05,35.30416521
2015-12-11 18:15:05,39.63005169
2015-12-12 18:15:05,41.97835617
2015-12-13 18:15:05,33.00810311
2015-12-14 18:15:05,39.48664553
2015-12-15 18:15:05,39.39891977
2015-12-16 18:15:05,39.1447328
2015-12-17 18:15:05,37.22822923
2015-12-18 18:15:05,37.92492881
2015-12-19 18:15:05,35.93690521
2015-12-20 18:15:05,32.57857501
2015-12-21 18:15:05,40.54469579
2015-12-22 18:15:05,38.26775215
2015-12-23 18:15:05,39.9396651
2015-12-24 18:15:05,40.27402729
2015-12-25 18:15:05,30.46228338
2015-12-26 18:15:05,28.83614603
2015-12-27 18:15:05,26.99051992
2015-12-28 18:15:05,30.14051256
2015-12-29 18:15:05,32.07409932
2015-12-30 18:15:05,31.69411709
2015-12-31 18:15:05,27.14353204
2016-01-01 18:15:05,19.735687699999996
2016-01-02 18:15:05,29.83594196
2016-01-03 18:15:05,23.84912157
2016-01-04 18:15:05,29.04309207
2016-01-05 18:15:05,33.25645748
2016-01-06 18:15:05,30.18982189
2016-01-07 18:15:05,34.09833151
2016-01-08 18:15:05,35.79529128
2016-01-09 18:15:05,29.65980991
2016-01-10 18:15:05,28.84040484
2016-01-11 18:15:05,33.93862178
2016-01-12 18:15:05,34.68518114
2016-01-13 18:15:05,34.14797822
2016-01-14 18:15:05,32.437961800000004
2016-01-15 18:15:05,35.56461585
2016-01-16 18:15:05,35.06789583
2016-01-17 18:15:05,34.12662086
2016-01-18 18:15:05,38.60077135
2016-01-19 18:15:05,40.123582299999995
2016-01-20 18:15:05,46.36233719
2016-01-21 18:15:05,44.97159781
2016-01-22 18:15:05,50.43939975
2016-01-23 18:15:05,41.96522497
2016-01-24 18:15:05,37.10747183
2016-01-25 18:15:05,44.57485172
2016-01-26 18:15:05,47.44277836
2016-01-27 18:15:05,47.63990486
2016-01-28 18:15:05,50.08400338
2016-01-29 18:15:05,45.3790109
2016-01-30 18:15:05,43.85418346
2016-01-31 18:15:05,31.51669344
2016-02-01 18:15:05,51.0283515
2016-02-02 18:15:05,57.71349212
2016-02-03 18:15:05,48.81393346
2016-02-04 18:15:05,41.25773034
2016-02-05 18:15:05,41.04809873
2016-02-06 18:15:05,42.22773725
2016-02-07 18:15:05,38.64301185
2016-02-08 18:15:05,40.9030054
2016-02-09 18:15:05,42.466277000000005
2016-02-10 18:15:05,44.48599145
2016-02-11 18:15:05,44.34470738
2016-02-12 18:15:05,39.88170509
2016-02-13 18:15:05,36.80013215
2016-02-14 18:15:05,34.63112968
2016-02-15 18:15:05,40.18686148
2016-02-16 18:15:05,41.80226206
2016-02-17 18:15:05,44.75593799
2016-02-18 18:15:05,42.68131047
2016-02-19 18:15:05,46.31819386
2016-02-20 18:15:05,43.09210135
2016-02-21 18:15:05,40.65663231
2016-02-22 18:15:05,43.53246983
2016-02-23 18:15:05,48.21733873
2016-02-24 18:15:05,44.91575935
2016-02-25 18:15:05,47.68274149
2016-02-26 18:15:05,43.148608200000005
2016-02-27 18:15:05,38.20952225
2016-02-28 18:15:05,42.61977032
2016-02-29 18:15:05,53.45252038
2016-03-01 18:15:05,55.99857717
2016-03-02 18:15:05,77.34600309
2016-03-03 18:15:05,72.72445709
2016-03-04 18:15:05,52.60628503
2016-03-05 18:15:05,63.03314682
2016-03-06 18:15:05,41.1407975
2016-03-07 18:15:05,44.13385665
2016-03-08 18:15:05,43.94045893
2016-03-09 18:15:05,52.605287100000005
2016-03-10 18:15:05,43.43549045
2016-03-11 18:15:05,41.22294318
2016-03-12 18:15:05,36.07950062
2016-03-13 18:15:05,29.31003112
2016-03-14 18:15:05,43.83967453
2016-03-15 18:15:05,42.7063754
2016-03-16 18:15:05,48.1134711
2016-03-17 18:15:05,46.26447738
2016-03-18 18:15:05,42.58594292
2016-03-19 18:15:05,38.06506394
2016-03-20 18:15:05,32.8533328
2016-03-21 18:15:05,38.65376627
2016-03-22 18:15:05,43.74554841
2016-03-23 18:15:05,38.7057276
2016-03-24 18:15:05,38.93741911
2016-03-25 18:15:05,33.72267197
2016-03-26 18:15:05,34.69582617
2016-03-27 18:15:05,33.37519025
2016-03-28 18:15:05,42.52494951
2016-03-29 18:15:05,51.72376838
2016-03-30 18:15:05,53.24548332
2016-03-31 18:15:05,44.51090066
2016-04-01 18:15:05,46.0506966
2016-04-02 18:15:05,56.17923879999999
2016-04-03 18:15:05,44.75327221
2016-04-04 18:15:05,43.71562192
2016-04-05 18:15:05,49.25479625
2016-04-06 18:15:05,44.9796096
2016-04-07 18:15:05,58.98751393
2016-04-08 18:15:05,43.60850723
2016-04-09 18:15:05,38.16326873
2016-04-10 18:15:05,33.20244548
2016-04-11 18:15:05,46.95261581
2016-04-12 18:15:05,50.12451616
2016-04-13 18:15:05,45.40786925
2016-04-14 18:15:05,46.24177359
2016-04-15 18:15:05,45.74093808
2016-04-16 18:15:05,36.73111423
2016-04-17 18:15:05,33.55790316
2016-04-18 18:15:05,44.35972629
2016-04-19 18:15:05,43.21915871
2016-04-20 18:15:05,44.92092946
2016-04-21 18:15:05,42.7673024
2016-04-22 18:15:05,42.95994389
2016-04-23 18:15:05,34.74401568
2016-04-24 18:15:05,32.15277079
2016-04-25 18:15:05,41.86499324
2016-04-26 18:15:05,336.57705478
2016-04-27 18:15:05,45.81976815
2016-04-28 18:15:05,49.68702768
2016-04-29 18:15:05,50.54485289
2016-04-30 18:15:05,43.96171377
2016-05-01 18:15:05,34.13218499
2016-05-02 18:15:05,42.32826173
2016-05-03 16:36:36,47.05992543
