Date,TxTradeRatio
03/01/2009 18:15:05,0.0
04/01/2009 18:15:05,0.0
05/01/2009 18:15:05,0.0
06/01/2009 18:15:05,0.0
07/01/2009 18:15:05,0.0
08/01/2009 18:15:05,0.0
09/01/2009 18:15:05,0.0
10/01/2009 18:15:05,0.0
11/01/2009 18:15:05,0.0
12/01/2009 18:15:05,0.0
13/01/2009 18:15:05,0.0
14/01/2009 18:15:05,0.0
15/01/2009 18:15:05,0.0
16/01/2009 18:15:05,0.0
17/01/2009 18:15:05,0.0
18/01/2009 18:15:05,0.0
19/01/2009 18:15:05,0.0
20/01/2009 18:15:05,0.0
21/01/2009 18:15:05,0.0
22/01/2009 18:15:05,0.0
23/01/2009 18:15:05,0.0
24/01/2009 18:15:05,0.0
25/01/2009 18:15:05,0.0
26/01/2009 18:15:05,0.0
27/01/2009 18:15:05,0.0
28/01/2009 18:15:05,0.0
29/01/2009 18:15:05,0.0
30/01/2009 18:15:05,0.0
31/01/2009 18:15:05,0.0
01/02/2009 18:15:05,0.0
02/02/2009 18:15:05,0.0
03/02/2009 18:15:05,0.0
04/02/2009 18:15:05,0.0
05/02/2009 18:15:05,0.0
06/02/2009 18:15:05,0.0
07/02/2009 18:15:05,0.0
08/02/2009 18:15:05,0.0
09/02/2009 18:15:05,0.0
10/02/2009 18:15:05,0.0
11/02/2009 18:15:05,0.0
12/02/2009 18:15:05,0.0
13/02/2009 18:15:05,0.0
14/02/2009 18:15:05,0.0
15/02/2009 18:15:05,0.0
16/02/2009 18:15:05,0.0
17/02/2009 18:15:05,0.0
18/02/2009 18:15:05,0.0
19/02/2009 18:15:05,0.0
20/02/2009 18:15:05,0.0
21/02/2009 18:15:05,0.0
22/02/2009 18:15:05,0.0
23/02/2009 18:15:05,0.0
24/02/2009 18:15:05,0.0
25/02/2009 18:15:05,0.0
26/02/2009 18:15:05,0.0
27/02/2009 18:15:05,0.0
28/02/2009 18:15:05,0.0
01/03/2009 18:15:05,0.0
02/03/2009 18:15:05,0.0
03/03/2009 18:15:05,0.0
04/03/2009 18:15:05,0.0
05/03/2009 18:15:05,0.0
06/03/2009 18:15:05,0.0
07/03/2009 18:15:05,0.0
08/03/2009 18:15:05,0.0
09/03/2009 18:15:05,0.0
10/03/2009 18:15:05,0.0
11/03/2009 18:15:05,0.0
12/03/2009 18:15:05,0.0
13/03/2009 18:15:05,0.0
14/03/2009 18:15:05,0.0
15/03/2009 18:15:05,0.0
16/03/2009 18:15:05,0.0
17/03/2009 18:15:05,0.0
18/03/2009 18:15:05,0.0
19/03/2009 18:15:05,0.0
20/03/2009 18:15:05,0.0
21/03/2009 18:15:05,0.0
22/03/2009 18:15:05,0.0
23/03/2009 18:15:05,0.0
24/03/2009 18:15:05,0.0
25/03/2009 18:15:05,0.0
26/03/2009 18:15:05,0.0
27/03/2009 18:15:05,0.0
28/03/2009 18:15:05,0.0
29/03/2009 18:15:05,0.0
30/03/2009 18:15:05,0.0
31/03/2009 18:15:05,0.0
01/04/2009 18:15:05,0.0
02/04/2009 18:15:05,0.0
03/04/2009 18:15:05,0.0
04/04/2009 18:15:05,0.0
05/04/2009 18:15:05,0.0
06/04/2009 18:15:05,0.0
07/04/2009 18:15:05,0.0
08/04/2009 18:15:05,0.0
09/04/2009 18:15:05,0.0
10/04/2009 18:15:05,0.0
11/04/2009 18:15:05,0.0
12/04/2009 18:15:05,0.0
13/04/2009 18:15:05,0.0
14/04/2009 18:15:05,0.0
15/04/2009 18:15:05,0.0
16/04/2009 18:15:05,0.0
17/04/2009 18:15:05,0.0
18/04/2009 18:15:05,0.0
19/04/2009 18:15:05,0.0
20/04/2009 18:15:05,0.0
21/04/2009 18:15:05,0.0
22/04/2009 18:15:05,0.0
23/04/2009 18:15:05,0.0
24/04/2009 18:15:05,0.0
25/04/2009 18:15:05,0.0
26/04/2009 18:15:05,0.0
27/04/2009 18:15:05,0.0
28/04/2009 18:15:05,0.0
29/04/2009 18:15:05,0.0
30/04/2009 18:15:05,0.0
01/05/2009 18:15:05,0.0
02/05/2009 18:15:05,0.0
03/05/2009 18:15:05,0.0
04/05/2009 18:15:05,0.0
05/05/2009 18:15:05,0.0
06/05/2009 18:15:05,0.0
07/05/2009 18:15:05,0.0
08/05/2009 18:15:05,0.0
09/05/2009 18:15:05,0.0
10/05/2009 18:15:05,0.0
11/05/2009 18:15:05,0.0
12/05/2009 18:15:05,0.0
13/05/2009 18:15:05,0.0
14/05/2009 18:15:05,0.0
15/05/2009 18:15:05,0.0
16/05/2009 18:15:05,0.0
17/05/2009 18:15:05,0.0
18/05/2009 18:15:05,0.0
19/05/2009 18:15:05,0.0
20/05/2009 18:15:05,0.0
21/05/2009 18:15:05,0.0
22/05/2009 18:15:05,0.0
23/05/2009 18:15:05,0.0
24/05/2009 18:15:05,0.0
25/05/2009 18:15:05,0.0
26/05/2009 18:15:05,0.0
27/05/2009 18:15:05,0.0
28/05/2009 18:15:05,0.0
29/05/2009 18:15:05,0.0
30/05/2009 18:15:05,0.0
31/05/2009 18:15:05,0.0
01/06/2009 18:15:05,0.0
02/06/2009 18:15:05,0.0
03/06/2009 18:15:05,0.0
04/06/2009 18:15:05,0.0
05/06/2009 18:15:05,0.0
06/06/2009 18:15:05,0.0
07/06/2009 18:15:05,0.0
08/06/2009 18:15:05,0.0
09/06/2009 18:15:05,0.0
10/06/2009 18:15:05,0.0
11/06/2009 18:15:05,0.0
12/06/2009 18:15:05,0.0
13/06/2009 18:15:05,0.0
14/06/2009 18:15:05,0.0
15/06/2009 18:15:05,0.0
16/06/2009 18:15:05,0.0
17/06/2009 18:15:05,0.0
18/06/2009 18:15:05,0.0
19/06/2009 18:15:05,0.0
20/06/2009 18:15:05,0.0
21/06/2009 18:15:05,0.0
22/06/2009 18:15:05,0.0
23/06/2009 18:15:05,0.0
24/06/2009 18:15:05,0.0
25/06/2009 18:15:05,0.0
26/06/2009 18:15:05,0.0
27/06/2009 18:15:05,0.0
28/06/2009 18:15:05,0.0
29/06/2009 18:15:05,0.0
30/06/2009 18:15:05,0.0
01/07/2009 18:15:05,0.0
02/07/2009 18:15:05,0.0
03/07/2009 18:15:05,0.0
04/07/2009 18:15:05,0.0
05/07/2009 18:15:05,0.0
06/07/2009 18:15:05,0.0
07/07/2009 18:15:05,0.0
08/07/2009 18:15:05,0.0
09/07/2009 18:15:05,0.0
10/07/2009 18:15:05,0.0
11/07/2009 18:15:05,0.0
12/07/2009 18:15:05,0.0
13/07/2009 18:15:05,0.0
14/07/2009 18:15:05,0.0
15/07/2009 18:15:05,0.0
16/07/2009 18:15:05,0.0
17/07/2009 18:15:05,0.0
18/07/2009 18:15:05,0.0
19/07/2009 18:15:05,0.0
20/07/2009 18:15:05,0.0
21/07/2009 18:15:05,0.0
22/07/2009 18:15:05,0.0
23/07/2009 18:15:05,0.0
24/07/2009 18:15:05,0.0
25/07/2009 18:15:05,0.0
26/07/2009 18:15:05,0.0
27/07/2009 18:15:05,0.0
28/07/2009 18:15:05,0.0
29/07/2009 18:15:05,0.0
30/07/2009 18:15:05,0.0
31/07/2009 18:15:05,0.0
01/08/2009 18:15:05,0.0
02/08/2009 18:15:05,0.0
03/08/2009 18:15:05,0.0
04/08/2009 18:15:05,0.0
05/08/2009 18:15:05,0.0
06/08/2009 18:15:05,0.0
07/08/2009 18:15:05,0.0
08/08/2009 18:15:05,0.0
09/08/2009 18:15:05,0.0
10/08/2009 18:15:05,0.0
11/08/2009 18:15:05,0.0
12/08/2009 18:15:05,0.0
13/08/2009 18:15:05,0.0
14/08/2009 18:15:05,0.0
15/08/2009 18:15:05,0.0
16/08/2009 18:15:05,0.0
17/08/2009 18:15:05,0.0
18/08/2009 18:15:05,0.0
19/08/2009 18:15:05,0.0
20/08/2009 18:15:05,0.0
21/08/2009 18:15:05,0.0
22/08/2009 18:15:05,0.0
23/08/2009 18:15:05,0.0
24/08/2009 18:15:05,0.0
25/08/2009 18:15:05,0.0
26/08/2009 18:15:05,0.0
27/08/2009 18:15:05,0.0
28/08/2009 18:15:05,0.0
29/08/2009 18:15:05,0.0
30/08/2009 18:15:05,0.0
31/08/2009 18:15:05,0.0
01/09/2009 18:15:05,0.0
02/09/2009 18:15:05,0.0
03/09/2009 18:15:05,0.0
04/09/2009 18:15:05,0.0
05/09/2009 18:15:05,0.0
06/09/2009 18:15:05,0.0
07/09/2009 18:15:05,0.0
08/09/2009 18:15:05,0.0
09/09/2009 18:15:05,0.0
10/09/2009 18:15:05,0.0
11/09/2009 18:15:05,0.0
12/09/2009 18:15:05,0.0
13/09/2009 18:15:05,0.0
14/09/2009 18:15:05,0.0
15/09/2009 18:15:05,0.0
16/09/2009 18:15:05,0.0
17/09/2009 18:15:05,0.0
18/09/2009 18:15:05,0.0
19/09/2009 18:15:05,0.0
20/09/2009 18:15:05,0.0
21/09/2009 18:15:05,0.0
22/09/2009 18:15:05,0.0
23/09/2009 18:15:05,0.0
24/09/2009 18:15:05,0.0
25/09/2009 18:15:05,0.0
26/09/2009 18:15:05,0.0
27/09/2009 18:15:05,0.0
28/09/2009 18:15:05,0.0
29/09/2009 18:15:05,0.0
30/09/2009 18:15:05,0.0
01/10/2009 18:15:05,0.0
02/10/2009 18:15:05,0.0
03/10/2009 18:15:05,0.0
04/10/2009 18:15:05,0.0
05/10/2009 18:15:05,0.0
06/10/2009 18:15:05,0.0
07/10/2009 18:15:05,0.0
08/10/2009 18:15:05,0.0
09/10/2009 18:15:05,0.0
10/10/2009 18:15:05,0.0
11/10/2009 18:15:05,0.0
12/10/2009 18:15:05,0.0
13/10/2009 18:15:05,0.0
14/10/2009 18:15:05,0.0
15/10/2009 18:15:05,0.0
16/10/2009 18:15:05,0.0
17/10/2009 18:15:05,0.0
18/10/2009 18:15:05,0.0
19/10/2009 18:15:05,0.0
20/10/2009 18:15:05,0.0
21/10/2009 18:15:05,0.0
22/10/2009 18:15:05,0.0
23/10/2009 18:15:05,0.0
24/10/2009 18:15:05,0.0
25/10/2009 18:15:05,0.0
26/10/2009 18:15:05,0.0
27/10/2009 18:15:05,0.0
28/10/2009 18:15:05,0.0
29/10/2009 18:15:05,0.0
30/10/2009 18:15:05,0.0
31/10/2009 18:15:05,0.0
01/11/2009 18:15:05,0.0
02/11/2009 18:15:05,0.0
03/11/2009 18:15:05,0.0
04/11/2009 18:15:05,0.0
05/11/2009 18:15:05,0.0
06/11/2009 18:15:05,0.0
07/11/2009 18:15:05,0.0
08/11/2009 18:15:05,0.0
09/11/2009 18:15:05,0.0
10/11/2009 18:15:05,0.0
11/11/2009 18:15:05,0.0
12/11/2009 18:15:05,0.0
13/11/2009 18:15:05,0.0
14/11/2009 18:15:05,0.0
15/11/2009 18:15:05,0.0
16/11/2009 18:15:05,0.0
17/11/2009 18:15:05,0.0
18/11/2009 18:15:05,0.0
19/11/2009 18:15:05,0.0
20/11/2009 18:15:05,0.0
21/11/2009 18:15:05,0.0
22/11/2009 18:15:05,0.0
23/11/2009 18:15:05,0.0
24/11/2009 18:15:05,0.0
25/11/2009 18:15:05,0.0
26/11/2009 18:15:05,0.0
27/11/2009 18:15:05,0.0
28/11/2009 18:15:05,0.0
29/11/2009 18:15:05,0.0
30/11/2009 18:15:05,0.0
01/12/2009 18:15:05,0.0
02/12/2009 18:15:05,0.0
03/12/2009 18:15:05,0.0
04/12/2009 18:15:05,0.0
05/12/2009 18:15:05,0.0
06/12/2009 18:15:05,0.0
07/12/2009 18:15:05,0.0
08/12/2009 18:15:05,0.0
09/12/2009 18:15:05,0.0
10/12/2009 18:15:05,0.0
11/12/2009 18:15:05,0.0
12/12/2009 18:15:05,0.0
13/12/2009 18:15:05,0.0
14/12/2009 18:15:05,0.0
15/12/2009 18:15:05,0.0
16/12/2009 18:15:05,0.0
17/12/2009 18:15:05,0.0
18/12/2009 18:15:05,0.0
19/12/2009 18:15:05,0.0
20/12/2009 18:15:05,0.0
21/12/2009 18:15:05,0.0
22/12/2009 18:15:05,0.0
23/12/2009 18:15:05,0.0
24/12/2009 18:15:05,0.0
25/12/2009 18:15:05,0.0
26/12/2009 18:15:05,0.0
27/12/2009 18:15:05,0.0
28/12/2009 18:15:05,0.0
29/12/2009 18:15:05,0.0
30/12/2009 18:15:05,0.0
31/12/2009 18:15:05,0.0
01/01/2010 18:15:05,0.0
02/01/2010 18:15:05,0.0
03/01/2010 18:15:05,0.0
04/01/2010 18:15:05,0.0
05/01/2010 18:15:05,0.0
06/01/2010 18:15:05,0.0
07/01/2010 18:15:05,0.0
08/01/2010 18:15:05,0.0
09/01/2010 18:15:05,0.0
10/01/2010 18:15:05,0.0
11/01/2010 18:15:05,0.0
12/01/2010 18:15:05,0.0
13/01/2010 18:15:05,0.0
14/01/2010 18:15:05,0.0
15/01/2010 18:15:05,0.0
16/01/2010 18:15:05,0.0
17/01/2010 18:15:05,0.0
18/01/2010 18:15:05,0.0
19/01/2010 18:15:05,0.0
20/01/2010 18:15:05,0.0
21/01/2010 18:15:05,0.0
22/01/2010 18:15:05,0.0
23/01/2010 18:15:05,0.0
24/01/2010 18:15:05,0.0
25/01/2010 18:15:05,0.0
26/01/2010 18:15:05,0.0
27/01/2010 18:15:05,0.0
28/01/2010 18:15:05,0.0
29/01/2010 18:15:05,0.0
30/01/2010 18:15:05,0.0
31/01/2010 18:15:05,0.0
01/02/2010 18:15:05,0.0
02/02/2010 18:15:05,0.0
03/02/2010 18:15:05,0.0
04/02/2010 18:15:05,0.0
05/02/2010 18:15:05,0.0
06/02/2010 18:15:05,0.0
07/02/2010 18:15:05,0.0
08/02/2010 18:15:05,0.0
09/02/2010 18:15:05,0.0
10/02/2010 18:15:05,0.0
11/02/2010 18:15:05,0.0
12/02/2010 18:15:05,0.0
13/02/2010 18:15:05,0.0
14/02/2010 18:15:05,0.0
15/02/2010 18:15:05,0.0
16/02/2010 18:15:05,0.0
17/02/2010 18:15:05,0.0
18/02/2010 18:15:05,0.0
19/02/2010 18:15:05,0.0
20/02/2010 18:15:05,0.0
21/02/2010 18:15:05,0.0
22/02/2010 18:15:05,0.0
23/02/2010 18:15:05,0.0
24/02/2010 18:15:05,0.0
25/02/2010 18:15:05,0.0
26/02/2010 18:15:05,0.0
27/02/2010 18:15:05,0.0
28/02/2010 18:15:05,0.0
01/03/2010 18:15:05,0.0
02/03/2010 18:15:05,0.0
03/03/2010 18:15:05,0.0
04/03/2010 18:15:05,0.0
05/03/2010 18:15:05,0.0
06/03/2010 18:15:05,0.0
07/03/2010 18:15:05,0.0
08/03/2010 18:15:05,0.0
09/03/2010 18:15:05,0.0
10/03/2010 18:15:05,0.0
11/03/2010 18:15:05,0.0
12/03/2010 18:15:05,0.0
13/03/2010 18:15:05,0.0
14/03/2010 18:15:05,0.0
15/03/2010 18:15:05,0.0
16/03/2010 18:15:05,0.0
17/03/2010 18:15:05,0.0
18/03/2010 18:15:05,0.0
19/03/2010 18:15:05,0.0
20/03/2010 18:15:05,0.0
21/03/2010 18:15:05,0.0
22/03/2010 18:15:05,0.0
23/03/2010 18:15:05,0.0
24/03/2010 18:15:05,0.0
25/03/2010 18:15:05,0.0
26/03/2010 18:15:05,0.0
27/03/2010 18:15:05,0.0
28/03/2010 18:15:05,0.0
29/03/2010 18:15:05,0.0
30/03/2010 18:15:05,0.0
31/03/2010 18:15:05,0.0
01/04/2010 18:15:05,0.0
02/04/2010 18:15:05,0.0
03/04/2010 18:15:05,0.0
04/04/2010 18:15:05,0.0
05/04/2010 18:15:05,0.0
06/04/2010 18:15:05,0.0
07/04/2010 18:15:05,0.0
08/04/2010 18:15:05,0.0
09/04/2010 18:15:05,0.0
10/04/2010 18:15:05,0.0
11/04/2010 18:15:05,0.0
12/04/2010 18:15:05,0.0
13/04/2010 18:15:05,0.0
14/04/2010 18:15:05,0.0
15/04/2010 18:15:05,0.0
16/04/2010 18:15:05,0.0
17/04/2010 18:15:05,0.0
18/04/2010 18:15:05,0.0
19/04/2010 18:15:05,0.0
20/04/2010 18:15:05,0.0
21/04/2010 18:15:05,0.0
22/04/2010 18:15:05,0.0
23/04/2010 18:15:05,0.0
24/04/2010 18:15:05,0.0
25/04/2010 18:15:05,0.0
26/04/2010 18:15:05,0.0
27/04/2010 18:15:05,0.0
28/04/2010 18:15:05,0.0
29/04/2010 18:15:05,0.0
30/04/2010 18:15:05,0.0
01/05/2010 18:15:05,0.0
02/05/2010 18:15:05,0.0
03/05/2010 18:15:05,0.0
04/05/2010 18:15:05,0.0
05/05/2010 18:15:05,0.0
06/05/2010 18:15:05,0.0
07/05/2010 18:15:05,0.0
08/05/2010 18:15:05,0.0
09/05/2010 18:15:05,0.0
10/05/2010 18:15:05,0.0
11/05/2010 18:15:05,0.0
12/05/2010 18:15:05,0.0
13/05/2010 18:15:05,0.0
14/05/2010 18:15:05,0.0
15/05/2010 18:15:05,0.0
16/05/2010 18:15:05,0.0
17/05/2010 18:15:05,0.0
18/05/2010 18:15:05,0.0
19/05/2010 18:15:05,0.0
20/05/2010 18:15:05,0.0
21/05/2010 18:15:05,0.0
22/05/2010 18:15:05,0.0
23/05/2010 18:15:05,0.0
24/05/2010 18:15:05,0.0
25/05/2010 18:15:05,0.0
26/05/2010 18:15:05,0.0
27/05/2010 18:15:05,0.0
28/05/2010 18:15:05,0.0
29/05/2010 18:15:05,0.0
30/05/2010 18:15:05,0.0
31/05/2010 18:15:05,0.0
01/06/2010 18:15:05,0.0
02/06/2010 18:15:05,0.0
03/06/2010 18:15:05,0.0
04/06/2010 18:15:05,0.0
05/06/2010 18:15:05,0.0
06/06/2010 18:15:05,0.0
07/06/2010 18:15:05,0.0
08/06/2010 18:15:05,0.0
09/06/2010 18:15:05,0.0
10/06/2010 18:15:05,0.0
11/06/2010 18:15:05,0.0
12/06/2010 18:15:05,0.0
13/06/2010 18:15:05,0.0
14/06/2010 18:15:05,0.0
15/06/2010 18:15:05,0.0
16/06/2010 18:15:05,0.0
17/06/2010 18:15:05,0.0
18/06/2010 18:15:05,0.0
19/06/2010 18:15:05,0.0
20/06/2010 18:15:05,0.0
21/06/2010 18:15:05,0.0
22/06/2010 18:15:05,0.0
23/06/2010 18:15:05,0.0
24/06/2010 18:15:05,0.0
25/06/2010 18:15:05,0.0
26/06/2010 18:15:05,0.0
27/06/2010 18:15:05,0.0
28/06/2010 18:15:05,0.0
29/06/2010 18:15:05,0.0
30/06/2010 18:15:05,0.0
01/07/2010 18:15:05,0.0
02/07/2010 18:15:05,0.0
03/07/2010 18:15:05,0.0
04/07/2010 18:15:05,0.0
05/07/2010 18:15:05,0.0
06/07/2010 18:15:05,0.0
07/07/2010 18:15:05,0.0
08/07/2010 18:15:05,0.0
09/07/2010 18:15:05,0.0
10/07/2010 18:15:05,0.0
11/07/2010 18:15:05,0.0
12/07/2010 18:15:05,0.0
13/07/2010 18:15:05,0.0
14/07/2010 18:15:05,0.0
15/07/2010 18:15:05,0.0
16/07/2010 18:15:05,0.0
17/07/2010 18:15:05,0.0
18/07/2010 18:15:05,0.0
19/07/2010 18:15:05,0.0
20/07/2010 18:15:05,0.0
21/07/2010 18:15:05,0.0
22/07/2010 18:15:05,0.0
23/07/2010 18:15:05,0.0
24/07/2010 18:15:05,0.0
25/07/2010 18:15:05,0.0
26/07/2010 18:15:05,0.0
27/07/2010 18:15:05,0.0
28/07/2010 18:15:05,0.0
29/07/2010 18:15:05,0.0
30/07/2010 18:15:05,0.0
31/07/2010 18:15:05,0.0
01/08/2010 18:15:05,0.0
02/08/2010 18:15:05,0.0
03/08/2010 18:15:05,0.0
04/08/2010 18:15:05,0.0
05/08/2010 18:15:05,0.0
06/08/2010 18:15:05,0.0
07/08/2010 18:15:05,0.0
08/08/2010 18:15:05,0.0
09/08/2010 18:15:05,0.0
10/08/2010 18:15:05,0.0
11/08/2010 18:15:05,0.0
12/08/2010 18:15:05,0.0
13/08/2010 18:15:05,0.0
14/08/2010 18:15:05,0.0
15/08/2010 18:15:05,0.0
16/08/2010 18:15:05,0.0
17/08/2010 18:15:05,4.494530304440928
18/08/2010 18:15:05,18.640947916666665
19/08/2010 18:15:05,4.867721160651097
20/08/2010 18:15:05,6.207513211978861
21/08/2010 18:15:05,2.464789607455521
22/08/2010 18:15:05,1.5365236337537167
23/08/2010 18:15:05,2.829942528735632
24/08/2010 18:15:05,1.1662505010020041
25/08/2010 18:15:05,2.7649529124520407
26/08/2010 18:15:05,3.338713948848177
27/08/2010 18:15:05,1.1109717374169576
28/08/2010 18:15:05,3.973989205103042
29/08/2010 18:15:05,3.3761969489058354
30/08/2010 18:15:05,0.40225307223500034
31/08/2010 18:15:05,7.047847533632287
01/09/2010 18:15:05,0.6751298370735743
02/09/2010 18:15:05,2.948400526575613
03/09/2010 18:15:05,3.3575604716178438
04/09/2010 18:15:05,19.813760356915232
05/09/2010 18:15:05,3.162014305491463
06/09/2010 18:15:05,5.7157392592592595
07/09/2010 18:15:05,10.024304788213628
08/09/2010 18:15:05,5.065491444528452
09/09/2010 18:15:05,6.066027601641179
10/09/2010 18:15:05,2.0587259142941408
11/09/2010 18:15:05,9.644520990312163
12/09/2010 18:15:05,1.8945819090191953
13/09/2010 18:15:05,15.217272727272727
14/09/2010 18:15:05,1.0779306440277503
15/09/2010 18:15:05,4.61425916539956
16/09/2010 18:15:05,24.77956574185766
17/09/2010 18:15:05,7.0889710843373495
18/09/2010 18:15:05,8.86872834753918
19/09/2010 18:15:05,4.05529643591501
20/09/2010 18:15:05,2.336003906003906
21/09/2010 18:15:05,2.858458949217035
22/09/2010 18:15:05,4.415312783318223
23/09/2010 18:15:05,2.7230802366618225
24/09/2010 18:15:05,10.590833598472797
25/09/2010 18:15:05,8.215738335738335
26/09/2010 18:15:05,18.10013118062563
27/09/2010 18:15:05,1.4590475592134196
28/09/2010 18:15:05,4.243621407992071
29/09/2010 18:15:05,4.319244142536411
30/09/2010 18:15:05,1.5976152623211446
01/10/2010 18:15:05,6.553753634181221
02/10/2010 18:15:05,2.1051293819735695
03/10/2010 18:15:05,44.787052936910804
04/10/2010 18:15:05,2.2663287223988315
05/10/2010 18:15:05,2.7654139032838385
06/10/2010 18:15:05,2.4378094558168
07/10/2010 18:15:05,3.8050879430719657
08/10/2010 18:15:05,0.9916467911171042
09/10/2010 18:15:05,0.6885651047662906
10/10/2010 18:15:05,1.2975839340885684
11/10/2010 18:15:05,1.749743981808202
12/10/2010 18:15:05,2.078054480730537
13/10/2010 18:15:05,0.5690887203896391
14/10/2010 18:15:05,1.1107621143579085
15/10/2010 18:15:05,2.981327537364462
16/10/2010 18:15:05,16.313031083318005
17/10/2010 18:15:05,1.7695617070357554
18/10/2010 18:15:05,3.673369241817995
19/10/2010 18:15:05,1.320047706604383
20/10/2010 18:15:05,1.573592657856094
21/10/2010 18:15:05,1.3771098265895954
22/10/2010 18:15:05,0.7184657196211818
23/10/2010 18:15:05,2.4694211795658845
24/10/2010 18:15:05,4.559812390924956
25/10/2010 18:15:05,1.3235542113040266
26/10/2010 18:15:05,2.633353594389246
27/10/2010 18:15:05,1.7592808828112112
28/10/2010 18:15:05,1.2561222049070417
29/10/2010 18:15:05,3.3530428906467384
30/10/2010 18:15:05,3.313564762971258
31/10/2010 18:15:05,0.7680925430055177
01/11/2010 18:15:05,1.37165161229934
02/11/2010 18:15:05,1.415637475674173
03/11/2010 18:15:05,0.5009856915739269
04/11/2010 18:15:05,3.057050111021397
05/11/2010 18:15:05,1.2041095600676819
06/11/2010 18:15:05,3.398935032466405
07/11/2010 18:15:05,0.5501962274423511
08/11/2010 18:15:05,3.857065680221418
09/11/2010 18:15:05,1.0408889280533602
10/11/2010 18:15:05,0.9715520636915985
11/11/2010 18:15:05,1.869075807206364
12/11/2010 18:15:05,0.8939450484866295
13/11/2010 18:15:05,0.4617521722862013
14/11/2010 18:15:05,1.1387140541514078
15/11/2010 18:15:05,7.110272429332241
16/11/2010 18:15:05,2.4063964963280293
17/11/2010 18:15:05,1.1924383693430072
18/11/2010 18:15:05,0.7514689287520915
19/11/2010 18:15:05,0.6694491636745774
20/11/2010 18:15:05,3.212311983770468
21/11/2010 18:15:05,27.4589338731444
22/11/2010 18:15:05,1.125018508725542
23/11/2010 18:15:05,1.6407134989597356
24/11/2010 18:15:05,5.908106816292602
25/11/2010 18:15:05,12.721329749103942
26/11/2010 18:15:05,2.641215407976696
27/11/2010 18:15:05,4.112278592375366
28/11/2010 18:15:05,1.8242376359532115
29/11/2010 18:15:05,0.44982067766408734
30/11/2010 18:15:05,1.1431232329424577
01/12/2010 18:15:05,7.262527191254448
02/12/2010 18:15:05,2.6237059891769228
03/12/2010 18:15:05,4.271759772999784
04/12/2010 18:15:05,1.978413891476112
05/12/2010 18:15:05,1.9061268165110063
06/12/2010 18:15:05,11.228165508902796
07/12/2010 18:15:05,2.182852828824688
08/12/2010 18:15:05,2.710422242873937
09/12/2010 18:15:05,1.0229884629015589
10/12/2010 18:15:05,9.89875276098774
11/12/2010 18:15:05,5.596125114909626
12/12/2010 18:15:05,7.236883409894457
13/12/2010 18:15:05,11.121708725619232
14/12/2010 18:15:05,6.67257677544943
15/12/2010 18:15:05,3.4058189328980215
16/12/2010 18:15:05,4.85740234313323
17/12/2010 18:15:05,1.197449292433779
18/12/2010 18:15:05,87.37198792815934
19/12/2010 18:15:05,24.900370024933096
20/12/2010 18:15:05,0.9504130504059276
21/12/2010 18:15:05,24.185168762088512
22/12/2010 18:15:05,4.327811907363315
23/12/2010 18:15:05,2.153788061660987
24/12/2010 18:15:05,1.7936975992139543
25/12/2010 18:15:05,4.056681647030244
26/12/2010 18:15:05,0.37614555199023886
27/12/2010 18:15:05,22.147368421052633
28/12/2010 18:15:05,1.7334854160965583
29/12/2010 18:15:05,2.2130721754576577
30/12/2010 18:15:05,19.902135414989278
31/12/2010 18:15:05,4.494887697420575
01/01/2011 18:15:05,4.3114647118588145
02/01/2011 18:15:05,7.029123854853459
03/01/2011 18:15:05,4.474126388778052
04/01/2011 18:15:05,11.335485099916436
05/01/2011 18:15:05,82.08590838404213
06/01/2011 18:15:05,5.673932526995548
07/01/2011 18:15:05,0.40650725571248314
08/01/2011 18:15:05,7.237010932076687
09/01/2011 18:15:05,7.686915505494395
10/01/2011 18:15:05,2.810421824294129
11/01/2011 18:15:05,8.180638942326476
12/01/2011 18:15:05,1.816095841265413
13/01/2011 18:15:05,2.0854223438899124
14/01/2011 18:15:05,1.3465452358620762
15/01/2011 18:15:05,24.4648845496598
16/01/2011 18:15:05,13.866512242715267
17/01/2011 18:15:05,8.87709524262168
18/01/2011 18:15:05,2.903896342661419
19/01/2011 18:15:05,2.387826091510797
20/01/2011 18:15:05,2.1806859880865184
21/01/2011 18:15:05,1.5309315511824437
22/01/2011 18:15:05,3.890787268470949
23/01/2011 18:15:05,13.168394539706545
24/01/2011 18:15:05,4.8519343837934805
25/01/2011 18:15:05,3.227714941270227
26/01/2011 18:15:05,2.3202623816045356
27/01/2011 18:15:05,55.01028285369875
28/01/2011 18:15:05,6.046384771818378
29/01/2011 18:15:05,5.884104707074478
30/01/2011 18:15:05,1.5396759700822629
31/01/2011 18:15:05,2.1575486033796305
01/02/2011 18:15:05,0.8896882490122798
02/02/2011 18:15:05,5.488164388851086
03/02/2011 18:15:05,4.7110286935192285
04/02/2011 18:15:05,0.8265361654819817
05/02/2011 18:15:05,1.7606541533528959
06/02/2011 18:15:05,5.127000879828925
07/02/2011 18:15:05,17.401972436283618
08/02/2011 18:15:05,6.567359628810169
09/02/2011 18:15:05,2.8275447510287104
10/02/2011 18:15:05,1.0071029384727328
11/02/2011 18:15:05,4.1442413685865525
12/02/2011 18:15:05,3.4399461553390394
13/02/2011 18:15:05,5.099459624937493
14/02/2011 18:15:05,5.091523448437653
15/02/2011 18:15:05,4.905257075639199
16/02/2011 18:15:05,5.524563002079174
17/02/2011 18:15:05,3.208922092922673
18/02/2011 18:15:05,3.475023936271748
19/02/2011 18:15:05,1.2136852604439032
20/02/2011 18:15:05,3.0518517686385227
21/02/2011 18:15:05,10.191728715599004
22/02/2011 18:15:05,5.846625023868947
23/02/2011 18:15:05,2.1946749528722984
24/02/2011 18:15:05,4.9197595850261076
25/02/2011 18:15:05,2.861685544190385
26/02/2011 18:15:05,9.759014655390665
27/02/2011 18:15:05,3.7122766044933084
28/02/2011 18:15:05,4.208471527016748
01/03/2011 18:15:05,10.806859040664776
02/03/2011 18:15:05,48.13244855160665
03/03/2011 18:15:05,32.33077897976429
04/03/2011 18:15:05,13.345829063752824
05/03/2011 18:15:05,8.916822026764684
06/03/2011 18:15:05,2.337752654103407
07/03/2011 18:15:05,2.1673078075458254
08/03/2011 18:15:05,9.364871452750664
09/03/2011 18:15:05,30.82564423887641
10/03/2011 18:15:05,23.024234750907553
11/03/2011 18:15:05,10.900911987776242
12/03/2011 18:15:05,14.881234597771444
13/03/2011 18:15:05,45.09260913498066
14/03/2011 18:15:05,29.84279486604795
15/03/2011 18:15:05,28.90131898338375
16/03/2011 18:15:05,14.082414785797816
17/03/2011 18:15:05,8.482122342852406
18/03/2011 18:15:05,4.8550229748273175
19/03/2011 18:15:05,11.188281720788295
20/03/2011 18:15:05,4.774693279602333
21/03/2011 18:15:05,12.451601554146478
22/03/2011 18:15:05,9.085971949661753
23/03/2011 18:15:05,5.617874671423733
24/03/2011 18:15:05,7.710114959410062
25/03/2011 18:15:05,10.767300264867057
26/03/2011 18:15:05,11.713116025679772
27/03/2011 18:15:05,8.16350483073637
28/03/2011 18:15:05,5.323063315816088
29/03/2011 18:15:05,14.85810415140862
30/03/2011 18:15:05,13.357537271652301
31/03/2011 18:15:05,10.531213020000491
01/04/2011 18:15:05,12.986473178490282
02/04/2011 18:15:05,15.056539565613454
03/04/2011 18:15:05,13.317137797948735
04/04/2011 18:15:05,2.3508823610629457
05/04/2011 18:15:05,3.8764133958284503
06/04/2011 18:15:05,4.183977415873015
07/04/2011 18:15:05,5.938655532326722
08/04/2011 18:15:05,2.4278663627335555
09/04/2011 18:15:05,5.052172243114362
10/04/2011 18:15:05,16.180830718374008
11/04/2011 18:15:05,4.130617700649748
12/04/2011 18:15:05,1.839155597216181
13/04/2011 18:15:05,1.4381528689087928
14/04/2011 18:15:05,4.245864787823844
15/04/2011 18:15:05,1.327711349063931
16/04/2011 18:15:05,5.197009716166175
17/04/2011 18:15:05,47.48844864602532
18/04/2011 18:15:05,1.9055703807279625
19/04/2011 18:15:05,122.0199677887161
20/04/2011 18:15:05,29.912782508981785
21/04/2011 18:15:05,2.005416574071457
22/04/2011 18:15:05,3.2219066008179498
23/04/2011 18:15:05,1.682387219976331
24/04/2011 18:15:05,1.9310955023854215
25/04/2011 18:15:05,2.9134179737405397
26/04/2011 18:15:05,3.1544434011420113
27/04/2011 18:15:05,1.7825735634487183
28/04/2011 18:15:05,1.1096766700126572
29/04/2011 18:15:05,5.288529441801351
30/04/2011 18:15:05,3.4387549160234703
01/05/2011 18:15:05,1.6704394610444506
02/05/2011 18:15:05,2.5253234185170346
03/05/2011 18:15:05,7.138672455917608
04/05/2011 18:15:05,9.671291746064682
05/05/2011 18:15:05,5.313237277919989
06/05/2011 18:15:05,4.231441461813954
07/05/2011 18:15:05,7.125607123696374
08/05/2011 18:15:05,4.244286640242227
09/05/2011 18:15:05,5.362883421487001
10/05/2011 18:15:05,2.375128696156478
11/05/2011 18:15:05,1.9997637583181271
12/05/2011 18:15:05,3.5463505252042697
13/05/2011 18:15:05,5.05809765161987
14/05/2011 18:15:05,18.15148508126479
15/05/2011 18:15:05,5.997470235557283
16/05/2011 18:15:05,1.4744875265709672
17/05/2011 18:15:05,4.056735517699813
18/05/2011 18:15:05,3.0407656336011235
19/05/2011 18:15:05,2.271482986375609
20/05/2011 18:15:05,2.4968670735739185
21/05/2011 18:15:05,8.133935195201538
22/05/2011 18:15:05,11.19887316037169
23/05/2011 18:15:05,2.27593603982785
24/05/2011 18:15:05,4.092364747574939
25/05/2011 18:15:05,2.298527488139633
26/05/2011 18:15:05,1.2582921949524888
27/05/2011 18:15:05,18.445422146413016
28/05/2011 18:15:05,3.5545552319526283
29/05/2011 18:15:05,7.212303590828695
30/05/2011 18:15:05,3.634194994456583
31/05/2011 18:15:05,1.920874655697913
01/06/2011 18:15:05,1.4933316063168605
02/06/2011 18:15:05,1.5850065461154763
03/06/2011 18:15:05,2.3866558987754734
04/06/2011 18:15:05,1.711243541951411
05/06/2011 18:15:05,3.8648989871120865
06/06/2011 18:15:05,1.910231833282737
07/06/2011 18:15:05,2.646741495418636
08/06/2011 18:15:05,1.5160155424365491
09/06/2011 18:15:05,1.9194027248272414
10/06/2011 18:15:05,1.9178119321300098
11/06/2011 18:15:05,1.1412372848345211
12/06/2011 18:15:05,2.649897257271217
13/06/2011 18:15:05,2.5861641006150586
14/06/2011 18:15:05,4.681598458134129
15/06/2011 18:15:05,4.082059419453511
16/06/2011 18:15:05,4.266278733325249
17/06/2011 18:15:05,1.4723069106542999
18/06/2011 18:15:05,1.950975757470587
19/06/2011 18:15:05,2.5433239191841603
20/06/2011 18:15:05,224.0653468569047
21/06/2011 18:15:05,24.87849070444439
22/06/2011 18:15:05,43.33239349265398
23/06/2011 18:15:05,92.8769286131027
24/06/2011 18:15:05,20.580569106530003
25/06/2011 18:15:05,19.58102590999841
26/06/2011 18:15:05,12.697098637446008
27/06/2011 18:15:05,1.9936387041466883
28/06/2011 18:15:05,5.4625899853646445
29/06/2011 18:15:05,3.7500984948425007
30/06/2011 18:15:05,4.651681183571064
01/07/2011 18:15:05,2.351081999139312
02/07/2011 18:15:05,2.489245127941009
03/07/2011 18:15:05,2.223263179384318
04/07/2011 18:15:05,1.6047995287942844
05/07/2011 18:15:05,1.222056868091005
06/07/2011 18:15:05,0.7008456943370508
07/07/2011 18:15:05,0.7931909877725832
08/07/2011 18:15:05,1.114442267580204
09/07/2011 18:15:05,3.100861711947884
10/07/2011 18:15:05,1.4810070234391965
11/07/2011 18:15:05,1.1171397636861728
12/07/2011 18:15:05,1.8231877291770928
13/07/2011 18:15:05,4.471311930188864
14/07/2011 18:15:05,3.2651717627593655
15/07/2011 18:15:05,2.369998326308089
16/07/2011 18:15:05,1.4991903749827984
17/07/2011 18:15:05,1.306491919634144
18/07/2011 18:15:05,4.12347139595857
19/07/2011 18:15:05,0.7923197269046404
20/07/2011 18:15:05,2.8658670204018666
21/07/2011 18:15:05,1.5973505770867695
22/07/2011 18:15:05,2.7404896787722377
23/07/2011 18:15:05,3.084386251933222
24/07/2011 18:15:05,1.8564428398742512
25/07/2011 18:15:05,1.5340984859323912
26/07/2011 18:15:05,2.797619185554512
27/07/2011 18:15:05,4.339940759633054
28/07/2011 18:15:05,3.8092014378969314
29/07/2011 18:15:05,4.204409781319544
30/07/2011 18:15:05,7.907985305556206
31/07/2011 18:15:05,1.1371651054586753
01/08/2011 18:15:05,5.793984854660595
02/08/2011 18:15:05,1.7841604428332654
03/08/2011 18:15:05,0.9852337032014352
04/08/2011 18:15:05,1.2015720776109888
05/08/2011 18:15:05,4.542647579379683
06/08/2011 18:15:05,0.9277935707545355
07/08/2011 18:15:05,1.2520869598855313
08/08/2011 18:15:05,2.4558410418652445
09/08/2011 18:15:05,0.6418930225306576
10/08/2011 18:15:05,1.9799447254556977
11/08/2011 18:15:05,1.4197492681250925
12/08/2011 18:15:05,0.8149681701154331
13/08/2011 18:15:05,1.7930389221474232
14/08/2011 18:15:05,1.1370636369106495
15/08/2011 18:15:05,1.7065342800773824
16/08/2011 18:15:05,3.125780617936243
17/08/2011 18:15:05,3.398647053583494
18/08/2011 18:15:05,4.459790971845312
19/08/2011 18:15:05,1.7410982252103449
20/08/2011 18:15:05,3.5679047703133233
21/08/2011 18:15:05,3.640691364941668
22/08/2011 18:15:05,1.8102214416857885
23/08/2011 18:15:05,2.50841018702878
24/08/2011 18:15:05,6.289747745280989
25/08/2011 18:15:05,3.3834612619013162
26/08/2011 18:15:05,1.36986230740859
27/08/2011 18:15:05,16.57133328627561
28/08/2011 18:15:05,1.7687328731437457
29/08/2011 18:15:05,1.8574211292967509
30/08/2011 18:15:05,2.8220527937636075
31/08/2011 18:15:05,3.4813982390718667
01/09/2011 18:15:05,2.2632561015343065
02/09/2011 18:15:05,3.7512717256845542
03/09/2011 18:15:05,3.0380848399938793
04/09/2011 18:15:05,5.1702198212981765
05/09/2011 18:15:05,2.2978913313532305
06/09/2011 18:15:05,0.9494338066528949
07/09/2011 18:15:05,2.361857648603869
08/09/2011 18:15:05,2.4873601480069114
09/09/2011 18:15:05,0.6333868772847703
10/09/2011 18:15:05,0.9419223065580254
11/09/2011 18:15:05,7.309450769910053
12/09/2011 18:15:05,0.815393349871172
13/09/2011 18:15:05,1.1551108573892934
14/09/2011 18:15:05,1.9353520236782018
15/09/2011 18:15:05,0.994969561194628
16/09/2011 18:15:05,1.0491344996841407
17/09/2011 18:15:05,3.037233292067464
18/09/2011 18:15:05,2.3014333870842387
19/09/2011 18:15:05,1.0675079498141025
20/09/2011 18:15:05,0.6092373749750211
21/09/2011 18:15:05,2.0011321700882867
22/09/2011 18:15:05,1.5041893976148404
23/09/2011 18:15:05,0.8629163668022495
24/09/2011 18:15:05,2.6665443147061927
25/09/2011 18:15:05,6.008083204515881
26/09/2011 18:15:05,1.1101344132725872
27/09/2011 18:15:05,2.454515585577362
28/09/2011 18:15:05,2.105530234682848
29/09/2011 18:15:05,2.892441595814413
30/09/2011 18:15:05,1.4603976099999818
01/10/2011 18:15:05,2.291852822520052
02/10/2011 18:15:05,3.6679663207924253
03/10/2011 18:15:05,3.6550251433032415
04/10/2011 18:15:05,4.007632041369872
05/10/2011 18:15:05,3.4587884089224823
06/10/2011 18:15:05,2.4798986327654844
07/10/2011 18:15:05,1.1799733150642004
08/10/2011 18:15:05,1.1235299497879254
09/10/2011 18:15:05,1.7142724941453968
10/10/2011 18:15:05,2.540329610449164
11/10/2011 18:15:05,1.6393608876245576
12/10/2011 18:15:05,1.2709918224386898
13/10/2011 18:15:05,1.6406478927863404
14/10/2011 18:15:05,5.41508882926174
15/10/2011 18:15:05,1.418433201729739
16/10/2011 18:15:05,1.9205855950667414
17/10/2011 18:15:05,0.6081348926004413
18/10/2011 18:15:05,0.9428925173512607
19/10/2011 18:15:05,0.9378142719646069
20/10/2011 18:15:05,1.551159493039584
21/10/2011 18:15:05,1.0275796949237865
22/10/2011 18:15:05,0.9457694645855148
23/10/2011 18:15:05,1.536053450155663
24/10/2011 18:15:05,1.9349856935199852
25/10/2011 18:15:05,0.7351499031656887
26/10/2011 18:15:05,2.97848016655024
27/10/2011 18:15:05,1.3648791280750636
28/10/2011 18:15:05,1.7845656780712047
29/10/2011 18:15:05,2.204239213946141
30/10/2011 18:15:05,1.5012972888465745
31/10/2011 18:15:05,2.4892695532051907
01/11/2011 18:15:05,2.534261793144423
02/11/2011 18:15:05,3.7646939864285356
03/11/2011 18:15:05,3.885051183036412
04/11/2011 18:15:05,2.231472672244624
05/11/2011 18:15:05,1.9448295660742023
06/11/2011 18:15:05,3.5651383336284215
07/11/2011 18:15:05,3.66834349903966
08/11/2011 18:15:05,1.4738056841710174
09/11/2011 18:15:05,4.144504723382226
10/11/2011 18:15:05,4.2486390046111095
11/11/2011 18:15:05,3.4510846246267386
12/11/2011 18:15:05,1.6361833800115309
13/11/2011 18:15:05,6.114649474754537
14/11/2011 18:15:05,0.35588018685244094
15/11/2011 18:15:05,1.3247697235834544
16/11/2011 18:15:05,35.82631073534726
17/11/2011 18:15:05,17.603127435177438
18/11/2011 18:15:05,69.26319712859265
19/11/2011 18:15:05,15.81533353756597
20/11/2011 18:15:05,6.4129400166026
21/11/2011 18:15:05,24.151527466598267
22/11/2011 18:15:05,34.89717987101929
23/11/2011 18:15:05,26.055584441618315
24/11/2011 18:15:05,3.1606905171737414
25/11/2011 18:15:05,2.193675465357142
26/11/2011 18:15:05,2.7599376625570975
27/11/2011 18:15:05,43.29949507971183
28/11/2011 18:15:05,52.306064286968606
29/11/2011 18:15:05,10.887671283878761
30/11/2011 18:15:05,46.23973032540595
01/12/2011 18:15:05,21.398788738668152
02/12/2011 18:15:05,48.287957947074354
03/12/2011 18:15:05,41.17983245445942
04/12/2011 18:15:05,22.151662580263118
05/12/2011 18:15:05,41.61203425545346
06/12/2011 18:15:05,92.22913967071418
07/12/2011 18:15:05,83.11218300240957
08/12/2011 18:15:05,86.27671049536453
09/12/2011 18:15:05,26.297759121359157
10/12/2011 18:15:05,5.607631480546121
11/12/2011 18:15:05,1.999969929929128
12/12/2011 18:15:05,5.68739442159773
13/12/2011 18:15:05,4.540185190614468
14/12/2011 18:15:05,1.644225106530178
15/12/2011 18:15:05,6.1099179314297665
16/12/2011 18:15:05,2.860203425072617
17/12/2011 18:15:05,6.048498632915203
18/12/2011 18:15:05,4.881072084894816
19/12/2011 18:15:05,0.9625668004161577
20/12/2011 18:15:05,1.3401819077716635
21/12/2011 18:15:05,1.615253780728273
22/12/2011 18:15:05,1.6323005180073182
23/12/2011 18:15:05,3.2083465969402
24/12/2011 18:15:05,4.624816808181223
25/12/2011 18:15:05,0.8266179621010443
26/12/2011 18:15:05,0.8589091240585444
27/12/2011 18:15:05,2.19469297568434
28/12/2011 18:15:05,2.3626524867118124
29/12/2011 18:15:05,1.6401626959768962
30/12/2011 18:15:05,1.9669764427427574
31/12/2011 18:15:05,0.6406471901450245
01/01/2012 18:15:05,2.0598712913442623
02/01/2012 18:15:05,0.9555316684267374
03/01/2012 18:15:05,0.8017119067832928
04/01/2012 18:15:05,1.407546655551958
05/01/2012 18:15:05,1.2806279581341355
06/01/2012 18:15:05,0.6640344252969407
07/01/2012 18:15:05,1.5126679361372384
08/01/2012 18:15:05,1.3532653246569004
09/01/2012 18:15:05,1.1548445853767821
10/01/2012 18:15:05,0.8743475922303431
11/01/2012 18:15:05,0.9305842048531248
12/01/2012 18:15:05,0.6090001081934387
13/01/2012 18:15:05,2.604061617794657
14/01/2012 18:15:05,1.069965870909104
15/01/2012 18:15:05,0.9119396201527863
16/01/2012 18:15:05,1.235465283055239
17/01/2012 18:15:05,1.0891139163700507
18/01/2012 18:15:05,0.4582116168814572
19/01/2012 18:15:05,1.078216180761091
20/01/2012 18:15:05,1.6002077615183063
21/01/2012 18:15:05,1.3590710692748649
22/01/2012 18:15:05,1.801834547194393
23/01/2012 18:15:05,1.7458639480943594
24/01/2012 18:15:05,2.980089076143424
25/01/2012 18:15:05,1.4413874389395482
26/01/2012 18:15:05,0.8149519027715804
27/01/2012 18:15:05,0.9768976545852736
28/01/2012 18:15:05,0.9106809107463744
29/01/2012 18:15:05,1.8169277482954913
30/01/2012 18:15:05,1.6453916310002794
31/01/2012 18:15:05,2.138449628526063
01/02/2012 18:15:05,2.8024931997479445
02/02/2012 18:15:05,1.0068334439661155
03/02/2012 18:15:05,1.8157506342145648
04/02/2012 18:15:05,5.41766169223441
05/02/2012 18:15:05,0.9399559705641728
06/02/2012 18:15:05,1.7695447539350324
07/02/2012 18:15:05,1.3022299034046558
08/02/2012 18:15:05,0.42409410807928216
09/02/2012 18:15:05,1.3718908661230196
10/02/2012 18:15:05,1.0789059741989504
11/02/2012 18:15:05,3.7123975272041485
12/02/2012 18:15:05,1.363955678937656
13/02/2012 18:15:05,0.6791118350292653
14/02/2012 18:15:05,1.3393632403493976
15/02/2012 18:15:05,3.4575809764860583
16/02/2012 18:15:05,1.2713581685324302
17/02/2012 18:15:05,1.3050956558955198
18/02/2012 18:15:05,1.6189500039957208
19/02/2012 18:15:05,2.2436833222576644
20/02/2012 18:15:05,1.7027820738706592
21/02/2012 18:15:05,2.292203169000053
22/02/2012 18:15:05,1.7369659228905403
23/02/2012 18:15:05,0.905382432455736
24/02/2012 18:15:05,1.2757243259894449
25/02/2012 18:15:05,2.7246644015366503
26/02/2012 18:15:05,1.1436664054849144
27/02/2012 18:15:05,1.9123996633650875
28/02/2012 18:15:05,2.178532576263721
29/02/2012 18:15:05,2.4560458556955074
01/03/2012 18:15:05,4.12540821704168
02/03/2012 18:15:05,1.729148302810824
03/03/2012 18:15:05,3.8354310770423434
04/03/2012 18:15:05,2.249931264981813
05/03/2012 18:15:05,1.1518832797858545
06/03/2012 18:15:05,2.81663069494408
07/03/2012 18:15:05,2.2944243198897594
08/03/2012 18:15:05,1.9137925080001958
09/03/2012 18:15:05,2.620060829730409
10/03/2012 18:15:05,2.958341092080209
11/03/2012 18:15:05,1.8067712299527348
12/03/2012 18:15:05,4.861509218292591
13/03/2012 18:15:05,1.1841924256947534
14/03/2012 18:15:05,1.7305065210337702
15/03/2012 18:15:05,3.285973735591092
16/03/2012 18:15:05,4.6197183895957155
17/03/2012 18:15:05,3.2398199090987574
18/03/2012 18:15:05,2.2749808338645576
19/03/2012 18:15:05,1.2208864921606872
20/03/2012 18:15:05,0.8001688252490458
21/03/2012 18:15:05,2.8928902566798818
22/03/2012 18:15:05,3.353089887691843
23/03/2012 18:15:05,1.8382039682136286
24/03/2012 18:15:05,2.296251071198179
25/03/2012 18:15:05,1.9059719537706803
26/03/2012 18:15:05,1.5945656595487465
27/03/2012 18:15:05,2.291542386999127
28/03/2012 18:15:05,2.642520475799586
29/03/2012 18:15:05,3.7209304111715222
30/03/2012 18:15:05,4.087256832063509
31/03/2012 18:15:05,2.369081702383784
01/04/2012 18:15:05,2.5950107490231775
02/04/2012 18:15:05,1.5566507229578113
03/04/2012 18:15:05,2.2077438135997
04/04/2012 18:15:05,2.5453351026169795
05/04/2012 18:15:05,4.557721484461042
06/04/2012 18:15:05,3.580255408183666
07/04/2012 18:15:05,1.3213905543816824
08/04/2012 18:15:05,1.5326567853677262
09/04/2012 18:15:05,9.993136658805671
10/04/2012 18:15:05,4.497921139900843
11/04/2012 18:15:05,3.21877658423445
12/04/2012 18:15:05,3.8989495986226714
13/04/2012 18:15:05,2.4375684832918645
14/04/2012 18:15:05,2.081029435402125
15/04/2012 18:15:05,3.016359644024567
16/04/2012 18:15:05,5.664543698444946
17/04/2012 18:15:05,6.758513356143462
18/04/2012 18:15:05,2.211622530359679
19/04/2012 18:15:05,4.988043621867283
20/04/2012 18:15:05,4.58747448617525
21/04/2012 18:15:05,1.4010415357159118
22/04/2012 18:15:05,5.3017505753220355
23/04/2012 18:15:05,3.4862492705149863
24/04/2012 18:15:05,1.8408154266079864
25/04/2012 18:15:05,3.938238513673244
26/04/2012 18:15:05,3.4007364396856326
27/04/2012 18:15:05,5.1701716758737355
28/04/2012 18:15:05,1.4152566178967592
29/04/2012 18:15:05,7.226237923358476
30/04/2012 18:15:05,2.50406746201178
01/05/2012 18:15:05,4.021152008826222
02/05/2012 18:15:05,1.5662400078089043
03/05/2012 18:15:05,4.431175960329991
04/05/2012 18:15:05,4.3107818084932275
05/05/2012 18:15:05,4.563046827021688
06/05/2012 18:15:05,11.282293769691442
07/05/2012 18:15:05,4.228320598751339
08/05/2012 18:15:05,2.4745520173866757
09/05/2012 18:15:05,5.6634746983653645
10/05/2012 18:15:05,6.0759825541001335
11/05/2012 18:15:05,2.715250658846582
12/05/2012 18:15:05,5.304017771490026
13/05/2012 18:15:05,7.58461047254966
14/05/2012 18:15:05,3.264366351729885
15/05/2012 18:15:05,5.49612466089088
16/05/2012 18:15:05,3.386776331112452
17/05/2012 18:15:05,3.307448409516162
18/05/2012 18:15:05,4.856065983631484
19/05/2012 18:15:05,5.16051478254867
20/05/2012 18:15:05,8.338768070086902
21/05/2012 18:15:05,9.316495983233057
22/05/2012 18:15:05,6.302666438713487
23/05/2012 18:15:05,3.4864647390566597
24/05/2012 18:15:05,4.58842631874081
25/05/2012 18:15:05,8.025671853885141
26/05/2012 18:15:05,6.802372539950598
27/05/2012 18:15:05,7.188019088216234
28/05/2012 18:15:05,6.338421803848535
29/05/2012 18:15:05,3.2881005095737015
30/05/2012 18:15:05,5.579679176429886
31/05/2012 18:15:05,5.482775361536766
01/06/2012 18:15:05,13.149876825605766
02/06/2012 18:15:05,8.56618454873421
03/06/2012 18:15:05,9.143646801665192
04/06/2012 18:15:05,5.37180021215505
05/06/2012 18:15:05,2.579083653683375
06/06/2012 18:15:05,7.002147827818754
07/06/2012 18:15:05,4.225683022321405
08/06/2012 18:15:05,4.366074398859193
09/06/2012 18:15:05,8.007587610544084
10/06/2012 18:15:05,4.343032770430509
11/06/2012 18:15:05,4.6920684322937145
12/06/2012 18:15:05,2.698058576538958
13/06/2012 18:15:05,4.4510616671166705
14/06/2012 18:15:05,4.6756930426115
15/06/2012 18:15:05,4.002191090465922
16/06/2012 18:15:05,2.736583393660625
17/06/2012 18:15:05,6.4420787491673375
18/06/2012 18:15:05,3.007064556131326
19/06/2012 18:15:05,4.602979947723244
20/06/2012 18:15:05,4.933318431409641
21/06/2012 18:15:05,3.1744830463004687
22/06/2012 18:15:05,4.191469429433117
23/06/2012 18:15:05,6.633912855672043
24/06/2012 18:15:05,8.329653087729893
25/06/2012 18:15:05,3.328966638787627
26/06/2012 18:15:05,5.466633441299259
27/06/2012 18:15:05,6.928875011843333
28/06/2012 18:15:05,4.643218501689861
29/06/2012 18:15:05,5.450011002044164
30/06/2012 18:15:05,6.158332814679359
01/07/2012 18:15:05,4.286853435783298
02/07/2012 18:15:05,5.926460825481014
03/07/2012 18:15:05,3.9685600791681086
04/07/2012 18:15:05,6.001685473567573
05/07/2012 18:15:05,4.55921834318538
06/07/2012 18:15:05,5.458049927514867
07/07/2012 18:15:05,5.486129569786793
08/07/2012 18:15:05,3.0280085900438616
09/07/2012 18:15:05,5.653696216972918
10/07/2012 18:15:05,2.978214680847848
11/07/2012 18:15:05,4.005404799108264
12/07/2012 18:15:05,7.0244000165364415
13/07/2012 18:15:05,3.3472562109107202
14/07/2012 18:15:05,13.41088313016943
15/07/2012 18:15:05,7.775914984846903
16/07/2012 18:15:05,2.729846931761334
17/07/2012 18:15:05,1.7611888800874194
18/07/2012 18:15:05,2.599161650975811
19/07/2012 18:15:05,3.9511831257962537
20/07/2012 18:15:05,1.5805761752775338
21/07/2012 18:15:05,1.6392996420410642
22/07/2012 18:15:05,4.155302415993616
23/07/2012 18:15:05,1.485809511921396
24/07/2012 18:15:05,5.098549412592758
25/07/2012 18:15:05,4.871408939709353
26/07/2012 18:15:05,3.603974634743676
27/07/2012 18:15:05,6.269703409902387
28/07/2012 18:15:05,6.325595180983431
29/07/2012 18:15:05,12.883480326496251
30/07/2012 18:15:05,3.5137616876507103
31/07/2012 18:15:05,4.122877070204415
01/08/2012 18:15:05,4.720486351840271
02/08/2012 18:15:05,4.991478083728658
03/08/2012 18:15:05,1.9058806195693518
04/08/2012 18:15:05,3.101080909664258
05/08/2012 18:15:05,2.7730808716254876
06/08/2012 18:15:05,2.846317641706465
07/08/2012 18:15:05,4.492099265463354
08/08/2012 18:15:05,4.8137279864330225
09/08/2012 18:15:05,3.1467130522955014
10/08/2012 18:15:05,2.794657549846678
11/08/2012 18:15:05,4.6060509275961765
12/08/2012 18:15:05,3.9361315473691865
13/08/2012 18:15:05,5.431537383480703
14/08/2012 18:15:05,3.964845532696498
15/08/2012 18:15:05,3.3890252523580466
16/08/2012 18:15:05,1.8641928023825634
17/08/2012 18:15:05,2.3129666937646656
18/08/2012 18:15:05,1.284668134334989
19/08/2012 18:15:05,2.208166990155005
20/08/2012 18:15:05,2.586090406783545
21/08/2012 18:15:05,4.30603538269092
22/08/2012 18:15:05,5.309625576051752
23/08/2012 18:15:05,4.138793314096139
24/08/2012 18:15:05,4.714694787400874
25/08/2012 18:15:05,5.197711311744397
26/08/2012 18:15:05,5.786509526977251
27/08/2012 18:15:05,2.05156051434804
28/08/2012 18:15:05,2.9919505270708324
29/08/2012 18:15:05,3.9693037704846224
30/08/2012 18:15:05,5.905235834181901
31/08/2012 18:15:05,10.506866454007831
01/09/2012 18:15:05,2.6715327557802744
02/09/2012 18:15:05,6.74410888596845
03/09/2012 18:15:05,6.64400770106767
04/09/2012 18:15:05,7.051377415969177
05/09/2012 18:15:05,7.975099819045309
06/09/2012 18:15:05,3.3860556686520633
07/09/2012 18:15:05,4.1244338424382025
08/09/2012 18:15:05,5.863513153334474
09/09/2012 18:15:05,20.89742502653692
10/09/2012 18:15:05,11.447941027719292
11/09/2012 18:15:05,8.035690696366844
12/09/2012 18:15:05,3.257871562213908
13/09/2012 18:15:05,8.927936779740257
14/09/2012 18:15:05,5.2443773556504025
15/09/2012 18:15:05,10.86060194436312
16/09/2012 18:15:05,4.3678182658763145
17/09/2012 18:15:05,10.05233395351059
18/09/2012 18:15:05,8.715426046317233
19/09/2012 18:15:05,4.924004239395969
20/09/2012 18:15:05,8.417871650515009
21/09/2012 18:15:05,12.134336909024695
22/09/2012 18:15:05,14.088963106775898
23/09/2012 18:15:05,3.465998997000666
24/09/2012 18:15:05,9.954833390301676
25/09/2012 18:15:05,9.584287276030587
26/09/2012 18:15:05,10.299603706681049
27/09/2012 18:15:05,10.683279646442365
28/09/2012 18:15:05,8.86384887604057
29/09/2012 18:15:05,10.774688065275825
30/09/2012 18:15:05,20.41311872138517
01/10/2012 18:15:05,9.98489178460806
02/10/2012 18:15:05,5.833307635031064
03/10/2012 18:15:05,7.497904831936632
04/10/2012 18:15:05,7.919606795097712
05/10/2012 18:15:05,6.177759902557886
06/10/2012 18:15:05,7.3413879791877665
07/10/2012 18:15:05,2.0229123864834784
08/10/2012 18:15:05,2.224716547605116
09/10/2012 18:15:05,3.944829202574576
10/10/2012 18:15:05,7.330261444264201
11/10/2012 18:15:05,9.178707424449563
12/10/2012 18:15:05,10.485857947160543
13/10/2012 18:15:05,9.988985868302029
14/10/2012 18:15:05,10.277535419118028
15/10/2012 18:15:05,5.5235675943207125
16/10/2012 18:15:05,9.986061470617804
17/10/2012 18:15:05,5.220383450619087
18/10/2012 18:15:05,10.134080874919642
19/10/2012 18:15:05,8.3018292216541
20/10/2012 18:15:05,11.792858627512418
21/10/2012 18:15:05,17.069705564495507
22/10/2012 18:15:05,6.832401721886123
23/10/2012 18:15:05,5.919553426594806
24/10/2012 18:15:05,6.818101367089917
25/10/2012 18:15:05,4.903270738982511
26/10/2012 18:15:05,2.4022617335722085
27/10/2012 18:15:05,3.438812148735455
28/10/2012 18:15:05,9.241497739903103
29/10/2012 18:15:05,3.5784139542208186
30/10/2012 18:15:05,12.575020070424209
31/10/2012 18:15:05,7.462578536948783
01/11/2012 18:15:05,8.54601270347067
02/11/2012 18:15:05,4.551014427114231
03/11/2012 18:15:05,9.35100175969973
04/11/2012 18:15:05,8.802126597474217
05/11/2012 18:15:05,6.802606481081477
06/11/2012 18:15:05,8.568014331704896
07/11/2012 18:15:05,6.306872383725421
08/11/2012 18:15:05,8.396089155225974
09/11/2012 18:15:05,10.384493602503747
10/11/2012 18:15:05,8.221569107933277
11/11/2012 18:15:05,6.299643797394625
12/11/2012 18:15:05,3.5332694649031806
13/11/2012 18:15:05,7.852954759690791
14/11/2012 18:15:05,9.98220392214814
15/11/2012 18:15:05,7.089961471591364
16/11/2012 18:15:05,5.203878527692094
17/11/2012 18:15:05,10.36209180007072
18/11/2012 18:15:05,11.858204813762795
19/11/2012 18:15:05,12.242903671645525
20/11/2012 18:15:05,6.586038463680743
21/11/2012 18:15:05,8.915705438613706
22/11/2012 18:15:05,3.690708960639345
23/11/2012 18:15:05,5.427388953245065
24/11/2012 18:15:05,7.720090815339845
25/11/2012 18:15:05,4.475291733766882
26/11/2012 18:15:05,7.998472089661245
27/11/2012 18:15:05,5.3936771605724045
28/11/2012 18:15:05,7.15352849886218
29/11/2012 18:15:05,7.236049832185778
30/11/2012 18:15:05,6.86135542170142
01/12/2012 18:15:05,8.03379674907678
02/12/2012 18:15:05,8.668106696882228
03/12/2012 18:15:05,7.817726629585673
04/12/2012 18:15:05,6.230331233728157
05/12/2012 18:15:05,4.130264631977747
06/12/2012 18:15:05,7.110468903349341
07/12/2012 18:15:05,4.6017700281681835
08/12/2012 18:15:05,9.896468121458797
09/12/2012 18:15:05,4.359407589400794
10/12/2012 18:15:05,8.365802169072015
11/12/2012 18:15:05,10.081415941411032
12/12/2012 18:15:05,8.873563823810825
13/12/2012 18:15:05,9.023809744809641
14/12/2012 18:15:05,5.603875445324792
15/12/2012 18:15:05,4.051596823712663
16/12/2012 18:15:05,5.3351332671671
17/12/2012 18:15:05,2.585057747951564
18/12/2012 18:15:05,8.671366774742525
19/12/2012 18:15:05,8.84261165224839
20/12/2012 18:15:05,3.9362037608284695
21/12/2012 18:15:05,7.346762504124202
22/12/2012 18:15:05,8.20142065366219
23/12/2012 18:15:05,4.528051982928554
24/12/2012 18:15:05,9.640132450497607
25/12/2012 18:15:05,7.287970360799901
26/12/2012 18:15:05,10.854764656979716
27/12/2012 18:15:05,8.046191521088998
28/12/2012 18:15:05,8.05713002487927
29/12/2012 18:15:05,4.847085139972094
30/12/2012 18:15:05,16.95793602810151
31/12/2012 18:15:05,10.06806472562615
01/01/2013 18:15:05,4.154993824975858
02/01/2013 18:15:05,17.267155390047176
03/01/2013 18:15:05,7.341855553922944
04/01/2013 18:15:05,8.95730511055636
05/01/2013 18:15:05,8.048241321175407
06/01/2013 18:15:05,8.706858065515608
07/01/2013 18:15:05,9.55167114804028
08/01/2013 18:15:05,5.112315105977482
09/01/2013 18:15:05,8.712636967077962
10/01/2013 18:15:05,5.534003827701348
11/01/2013 18:15:05,5.781044839389037
12/01/2013 18:15:05,3.903402498529463
13/01/2013 18:15:05,4.930237405586718
14/01/2013 18:15:05,7.960902800015923
15/01/2013 18:15:05,4.7095546247771285
16/01/2013 18:15:05,6.1311656314009495
17/01/2013 18:15:05,5.170355817775306
18/01/2013 18:15:05,3.6215037827612013
19/01/2013 18:15:05,3.701822623590206
20/01/2013 18:15:05,4.491286877300976
21/01/2013 18:15:05,3.4674015031250214
22/01/2013 18:15:05,4.622904117037489
23/01/2013 18:15:05,5.670544314936204
24/01/2013 18:15:05,3.226520577819824
25/01/2013 18:15:05,1.8105426411199246
26/01/2013 18:15:05,6.9516794467191225
27/01/2013 18:15:05,4.88948538689707
28/01/2013 18:15:05,5.339266798427219
29/01/2013 18:15:05,4.23476817419126
30/01/2013 18:15:05,5.90866177417203
31/01/2013 18:15:05,4.190083540383133
01/02/2013 18:15:05,7.10839955235887
02/02/2013 18:15:05,3.545415725048722
03/02/2013 18:15:05,5.386541315326878
04/02/2013 18:15:05,4.210277164263494
05/02/2013 18:15:05,7.075901774684394
06/02/2013 18:15:05,5.358709926250824
07/02/2013 18:15:05,4.948667642596014
08/02/2013 18:15:05,4.21286073695823
09/02/2013 18:15:05,4.7369044321482265
10/02/2013 18:15:05,3.2892326461539425
11/02/2013 18:15:05,5.888390558557231
12/02/2013 18:15:05,4.910423526861115
13/02/2013 18:15:05,3.3513874388241156
14/02/2013 18:15:05,1.7726022989517318
15/02/2013 18:15:05,4.788811284122712
16/02/2013 18:15:05,6.221105591692918
17/02/2013 18:15:05,3.9451311734678387
18/02/2013 18:15:05,5.628558386962147
19/02/2013 18:15:05,2.7424303880334477
20/02/2013 18:15:05,5.948549344914443
21/02/2013 18:15:05,7.540730301027508
22/02/2013 18:15:05,4.665908324363769
23/02/2013 18:15:05,2.847938569764078
24/02/2013 18:15:05,11.14303249242191
25/02/2013 18:15:05,10.77164153103424
26/02/2013 18:15:05,6.488745605413874
27/02/2013 18:15:05,7.774795302989417
28/02/2013 18:15:05,3.07023357386701
01/03/2013 18:15:05,4.8763264933589765
02/03/2013 18:15:05,5.436727773254296
03/03/2013 18:15:05,10.093001537486396
04/03/2013 18:15:05,4.731084059759868
05/03/2013 18:15:05,3.605240497070987
06/03/2013 18:15:05,3.2510789788012686
07/03/2013 18:15:05,1.920696903595877
08/03/2013 18:15:05,1.3654675628559714
09/03/2013 18:15:05,3.345487854984882
10/03/2013 18:15:05,5.081402231973085
11/03/2013 18:15:05,4.118998820864631
12/03/2013 18:15:05,1.3992028433285166
13/03/2013 18:15:05,4.592514521773153
14/03/2013 18:15:05,5.737413836833626
15/03/2013 18:15:05,12.398237462446627
16/03/2013 18:15:05,8.083341242158001
17/03/2013 18:15:05,9.317886155041675
18/03/2013 18:15:05,10.365129089117058
19/03/2013 18:15:05,2.2472345215559466
20/03/2013 18:15:05,3.489396750633305
21/03/2013 18:15:05,2.8622948283547114
22/03/2013 18:15:05,4.594494506263382
23/03/2013 18:15:05,1.496389045036094
24/03/2013 18:15:05,3.7171925439705507
25/03/2013 18:15:05,3.5813709696852003
26/03/2013 18:15:05,4.454166618053557
27/03/2013 18:15:05,3.5612980012878044
28/03/2013 18:15:05,4.677836489196846
29/03/2013 18:15:05,1.985548359401818
30/03/2013 18:15:05,4.9765553018263775
31/03/2013 18:15:05,7.187566947814859
01/04/2013 18:15:05,2.4022182031767287
02/04/2013 18:15:05,5.514957017032353
03/04/2013 18:15:05,3.004632249326814
04/04/2013 18:15:05,2.926501265653262
05/04/2013 18:15:05,3.77924372350226
06/04/2013 18:15:05,5.849448471251417
07/04/2013 18:15:05,3.217450731442045
08/04/2013 18:15:05,2.9103139024171494
09/04/2013 18:15:05,3.2056474242623985
10/04/2013 18:15:05,5.6299990173256145
11/04/2013 18:15:05,2.81284996701225
12/04/2013 18:15:05,1.1766074241936961
13/04/2013 18:15:05,0.9134057115452632
14/04/2013 18:15:05,0.6574625810575316
15/04/2013 18:15:05,0.8099642317573864
16/04/2013 18:15:05,1.9596370697905776
17/04/2013 18:15:05,0.9993853247972605
18/04/2013 18:15:05,1.7339216539096012
19/04/2013 18:15:05,0.8514523766848767
20/04/2013 18:15:05,3.2064529822548464
21/04/2013 18:15:05,1.4868465081718196
22/04/2013 18:15:05,1.7604917939292855
23/04/2013 18:15:05,1.9329087345023073
24/04/2013 18:15:05,1.1399852430079642
25/04/2013 18:15:05,2.332743021102327
26/04/2013 18:15:05,1.039718371283907
27/04/2013 18:15:05,4.6870849465701925
28/04/2013 18:15:05,3.70902537386056
29/04/2013 18:15:05,4.213595020516932
30/04/2013 18:15:05,4.5771943638831
01/05/2013 18:15:05,2.6446030711700916
02/05/2013 18:15:05,1.0826175334854353
03/05/2013 18:15:05,1.414308892122039
04/05/2013 18:15:05,1.2056593099055835
05/05/2013 18:15:05,2.034696729263506
06/05/2013 18:15:05,2.632230988211898
07/05/2013 18:15:05,2.833677107738436
08/05/2013 18:15:05,3.7221010155475707
09/05/2013 18:15:05,2.8666203955733427
10/05/2013 18:15:05,2.659271345994802
11/05/2013 18:15:05,7.815118231026557
12/05/2013 18:15:05,8.166061619054545
13/05/2013 18:15:05,10.989620676216731
14/05/2013 18:15:05,7.848502591001949
15/05/2013 18:15:05,1.661742038275527
16/05/2013 18:15:05,5.3283461305223705
17/05/2013 18:15:05,2.257061917296399
18/05/2013 18:15:05,5.708296134264249
19/05/2013 18:15:05,6.2027292124377045
20/05/2013 18:15:05,7.424780393046334
21/05/2013 18:15:05,10.257179263837775
22/05/2013 18:15:05,8.075404652371496
23/05/2013 18:15:05,5.823117582908335
24/05/2013 18:15:05,3.784568930672937
25/05/2013 18:15:05,8.42121933340766
26/05/2013 18:15:05,3.0387588965501706
27/05/2013 18:15:05,5.360353013914131
28/05/2013 18:15:05,3.246374861379092
29/05/2013 18:15:05,12.138722641732747
30/05/2013 18:15:05,7.161465563975237
31/05/2013 18:15:05,7.626621838709541
01/06/2013 18:15:05,7.858535674923078
02/06/2013 18:15:05,1.1809583485487731
03/06/2013 18:15:05,6.2479083775249045
04/06/2013 18:15:05,8.955943510947991
05/06/2013 18:15:05,11.607129394280186
06/06/2013 18:15:05,10.288246824648434
07/06/2013 18:15:05,3.3972258142102394
08/06/2013 18:15:05,5.942491715173579
09/06/2013 18:15:05,1.7807264871000328
10/06/2013 18:15:05,1.9037222521660333
11/06/2013 18:15:05,9.734305463167413
12/06/2013 18:15:05,9.389221232283882
13/06/2013 18:15:05,13.43475429003121
14/06/2013 18:15:05,3.5387859250354246
15/06/2013 18:15:05,6.542950783043658
16/06/2013 18:15:05,8.173471550333025
17/06/2013 18:15:05,8.914187986108262
18/06/2013 18:15:05,2.7819652410270588
19/06/2013 18:15:05,5.259798141317367
20/06/2013 18:15:05,4.038470524015279
21/06/2013 18:15:05,4.219812370677864
22/06/2013 18:15:05,12.408170188422107
23/06/2013 18:15:05,9.619204109852095
24/06/2013 18:15:05,6.024959802367306
25/06/2013 18:15:05,1.6150627104551547
26/06/2013 18:15:05,8.603119288712907
27/06/2013 18:15:05,14.840222341573071
28/06/2013 18:15:05,4.249724909244279
29/06/2013 18:15:05,3.9307012393343617
30/06/2013 18:15:05,7.976844799850623
01/07/2013 18:15:05,5.638023865960455
02/07/2013 18:15:05,6.602887771070828
03/07/2013 18:15:05,6.334992042218162
04/07/2013 18:15:05,3.4233918454263206
05/07/2013 18:15:05,5.86449693914514
06/07/2013 18:15:05,3.5577683173740424
07/07/2013 18:15:05,5.394936372910221
08/07/2013 18:15:05,2.699097438090743
09/07/2013 18:15:05,11.493154507559163
10/07/2013 18:15:05,13.660214928603716
11/07/2013 18:15:05,2.76081956619036
12/07/2013 18:15:05,3.467801997312874
13/07/2013 18:15:05,7.277878239847909
14/07/2013 18:15:05,9.736623908168209
15/07/2013 18:15:05,4.505996606233488
16/07/2013 18:15:05,12.183496370396323
17/07/2013 18:15:05,23.09428084459726
18/07/2013 18:15:05,5.79680670512947
19/07/2013 18:15:05,12.790301926649068
20/07/2013 18:15:05,9.433804335381742
21/07/2013 18:15:05,12.403189980782088
22/07/2013 18:15:05,29.852044789595183
23/07/2013 18:15:05,12.542773528433962
24/07/2013 18:15:05,19.96448573889338
25/07/2013 18:15:05,7.899470551377779
26/07/2013 18:15:05,17.57209419189109
27/07/2013 18:15:05,9.627800557043576
28/07/2013 18:15:05,3.21161644170466
29/07/2013 18:15:05,5.789769660234845
30/07/2013 18:15:05,11.482025756521578
31/07/2013 18:15:05,4.814439226207072
01/08/2013 18:15:05,15.392181924515603
02/08/2013 18:15:05,5.790044974271899
03/08/2013 18:15:05,25.770590365224386
04/08/2013 18:15:05,18.10640741191344
05/08/2013 18:15:05,9.6157099845429
06/08/2013 18:15:05,15.293261722264061
07/08/2013 18:15:05,16.71957262729517
08/08/2013 18:15:05,7.416629486020309
09/08/2013 18:15:05,10.538728707656256
10/08/2013 18:15:05,22.33699791797434
11/08/2013 18:15:05,21.253431318995037
12/08/2013 18:15:05,28.369472435709916
13/08/2013 18:15:05,11.189944109195533
14/08/2013 18:15:05,9.102239639048086
15/08/2013 18:15:05,17.45678524126637
16/08/2013 18:15:05,19.536958929351997
17/08/2013 18:15:05,20.816092708314194
18/08/2013 18:15:05,19.94804815628494
19/08/2013 18:15:05,9.863592780207444
20/08/2013 18:15:05,17.41666590057193
21/08/2013 18:15:05,9.859569515554922
22/08/2013 18:15:05,12.31452613821372
23/08/2013 18:15:05,14.027691860975498
24/08/2013 18:15:05,25.56789797941176
25/08/2013 18:15:05,13.02692573478429
26/08/2013 18:15:05,16.17529769138536
27/08/2013 18:15:05,9.523095493725025
28/08/2013 18:15:05,17.963524358481283
29/08/2013 18:15:05,21.807436621903804
30/08/2013 18:15:05,11.888863986614771
31/08/2013 18:15:05,8.893397620901096
01/09/2013 18:15:05,10.505339193609675
02/09/2013 18:15:05,16.71486701722922
03/09/2013 18:15:05,13.35151065477597
04/09/2013 18:15:05,24.715318169253578
05/09/2013 18:15:05,7.167571547326239
06/09/2013 18:15:05,9.62827082296839
07/09/2013 18:15:05,6.710500037509681
08/09/2013 18:15:05,15.196332173196181
09/09/2013 18:15:05,7.380485692029862
10/09/2013 18:15:05,9.413476118505981
11/09/2013 18:15:05,9.74560112441504
12/09/2013 18:15:05,9.081280110261481
13/09/2013 18:15:05,13.393274027936506
14/09/2013 18:15:05,13.1831583358023
15/09/2013 18:15:05,11.748068188345382
16/09/2013 18:15:05,16.37322346699286
17/09/2013 18:15:05,18.086460282855196
18/09/2013 18:15:05,15.886092995168537
19/09/2013 18:15:05,15.985759226777871
20/09/2013 18:15:05,13.68623994160838
21/09/2013 18:15:05,21.505556635994516
22/09/2013 18:15:05,37.96989459583418
23/09/2013 18:15:05,21.67784917634181
24/09/2013 18:15:05,31.8776565167766
25/09/2013 18:15:05,17.500452785346393
26/09/2013 18:15:05,20.77458389226298
27/09/2013 18:15:05,14.337578358867303
28/09/2013 18:15:05,15.75817787396711
29/09/2013 18:15:05,28.27722244879347
30/09/2013 18:15:05,11.613133901798706
01/10/2013 18:15:05,27.439680404183445
02/10/2013 18:15:05,9.742270625621291
03/10/2013 18:15:05,6.355705521138187
04/10/2013 18:15:05,9.411382945562972
05/10/2013 18:15:05,24.506410071177534
06/10/2013 18:15:05,25.018669813561317
07/10/2013 18:15:05,28.344266756288004
08/10/2013 18:15:05,10.301377800360807
09/10/2013 18:15:05,9.075253815263538
10/10/2013 18:15:05,9.964677783574178
11/10/2013 18:15:05,20.179623957814545
12/10/2013 18:15:05,19.396052973609265
13/10/2013 18:15:05,12.17396724379096
14/10/2013 18:15:05,6.652452475840195
15/10/2013 18:15:05,14.23836102562137
16/10/2013 18:15:05,6.655073439871311
17/10/2013 18:15:05,8.78942928858178
18/10/2013 18:15:05,6.823145263317506
19/10/2013 18:15:05,5.257508627137808
20/10/2013 18:15:05,15.982260836723649
21/10/2013 18:15:05,6.612508532369967
22/10/2013 18:15:05,8.036927428251134
23/10/2013 18:15:05,9.943555112292042
24/10/2013 18:15:05,4.5933272000939835
25/10/2013 18:15:05,10.08302483319474
26/10/2013 18:15:05,13.143508587212809
27/10/2013 18:15:05,18.902747630799798
28/10/2013 18:15:05,8.517690515083391
29/10/2013 18:15:05,19.210335916815787
30/10/2013 18:15:05,7.132358275074404
31/10/2013 18:15:05,8.461240843352611
01/11/2013 18:15:05,19.294906988287295
02/11/2013 18:15:05,17.751288070487547
03/11/2013 18:15:05,15.423026270053878
04/11/2013 18:15:05,8.165780517312335
05/11/2013 18:15:05,10.588307562973654
06/11/2013 18:15:05,4.982443966716992
07/11/2013 18:15:05,6.299508556337686
08/11/2013 18:15:05,7.491980923329324
09/11/2013 18:15:05,7.280314122607495
10/11/2013 18:15:05,3.3382154382186107
11/11/2013 18:15:05,5.261439235548626
12/11/2013 18:15:05,11.794309091851535
13/11/2013 18:15:05,6.24766786298952
14/11/2013 18:15:05,8.727603120918209
15/11/2013 18:15:05,9.163201901231401
16/11/2013 18:15:05,7.319230668008997
17/11/2013 18:15:05,8.402443967190562
18/11/2013 18:15:05,6.938557227048769
19/11/2013 18:15:05,4.600349669925735
20/11/2013 18:15:05,6.46165207958631
21/11/2013 18:15:05,7.147389870038073
22/11/2013 18:15:05,24.319995800396228
23/11/2013 18:15:05,9.0825485879583
24/11/2013 18:15:05,11.162105121915005
25/11/2013 18:15:05,12.885710172261822
26/11/2013 18:15:05,8.856088824287097
27/11/2013 18:15:05,11.343557600202532
28/11/2013 18:15:05,8.339035616269694
29/11/2013 18:15:05,14.964107611104827
30/11/2013 18:15:05,14.616879837088614
01/12/2013 18:15:05,6.855226754839179
02/12/2013 18:15:05,3.3515521062018747
03/12/2013 18:15:05,10.502124239754504
04/12/2013 18:15:05,13.840036492164126
05/12/2013 18:15:05,4.716593870624109
06/12/2013 18:15:05,9.763740459581648
07/12/2013 18:15:05,2.9867969621208394
08/12/2013 18:15:05,7.204995945586498
09/12/2013 18:15:05,4.457416229051112
10/12/2013 18:15:05,8.513604285987416
11/12/2013 18:15:05,6.922699833369403
12/12/2013 18:15:05,6.729563936677203
13/12/2013 18:15:05,7.332712099339854
14/12/2013 18:15:05,13.85121153407563
15/12/2013 18:15:05,9.774161214733795
16/12/2013 18:15:05,6.421667672455385
17/12/2013 18:15:05,3.5318907267124615
18/12/2013 18:15:05,2.742441119614082
19/12/2013 18:15:05,3.6732537223120807
20/12/2013 18:15:05,6.409458389291033
21/12/2013 18:15:05,8.626367798238386
22/12/2013 18:15:05,8.683007834067242
23/12/2013 18:15:05,11.999815260897106
24/12/2013 18:15:05,8.133698063157793
25/12/2013 18:15:05,52.19795432914611
26/12/2013 18:15:05,4.599053295452403
27/12/2013 18:15:05,4.8422366857691035
28/12/2013 18:15:05,6.73128864471848
29/12/2013 18:15:05,7.790843949537159
30/12/2013 18:15:05,14.403616680727405
31/12/2013 18:15:05,11.9151460443148
01/01/2014 18:15:05,9.204179934509346
02/01/2014 18:15:05,12.953516367368053
03/01/2014 18:15:05,9.403503293474278
04/01/2014 18:15:05,11.388327611183314
05/01/2014 18:15:05,7.661398638258448
06/01/2014 18:15:05,6.0494340308050045
07/01/2014 18:15:05,5.112232751652536
08/01/2014 18:15:05,3.5087371382227874
09/01/2014 18:15:05,4.757400531122318
10/01/2014 18:15:05,4.22256042693641
11/01/2014 18:15:05,5.164687976040763
12/01/2014 18:15:05,5.964504694853471
13/01/2014 18:15:05,5.463781263965028
14/01/2014 18:15:05,8.28270895360944
15/01/2014 18:15:05,10.179747608260458
16/01/2014 18:15:05,13.691043367125289
17/01/2014 18:15:05,6.137770748390506
18/01/2014 18:15:05,5.613872501201876
19/01/2014 18:15:05,7.786710702381712
20/01/2014 18:15:05,13.885359405955617
21/01/2014 18:15:05,17.897770213040946
22/01/2014 18:15:05,9.943571098094033
23/01/2014 18:15:05,11.961712220657027
24/01/2014 18:15:05,8.673573469870503
25/01/2014 18:15:05,9.137182652964636
26/01/2014 18:15:05,6.049851280814092
27/01/2014 18:15:05,7.945677065214597
28/01/2014 18:15:05,4.717059702572299
29/01/2014 18:15:05,8.323683385669058
30/01/2014 18:15:05,7.174391334283841
31/01/2014 18:15:05,7.507783375613565
01/02/2014 18:15:05,9.738603472816845
02/02/2014 18:15:05,12.743073494399832
03/02/2014 18:15:05,10.488226608288077
04/02/2014 18:15:05,15.43148173659466
05/02/2014 18:15:05,25.671133843199744
06/02/2014 18:15:05,10.446616684151007
07/02/2014 18:15:05,2.223457651092749
08/02/2014 18:15:05,6.201809567491718
09/02/2014 18:15:05,4.868655577440667
10/02/2014 18:15:05,1.7727933327519179
11/02/2014 18:15:05,5.271038059769882
12/02/2014 18:15:05,2.8422989618808234
13/02/2014 18:15:05,4.963902912559878
14/02/2014 18:15:05,1.8916545559284288
15/02/2014 18:15:05,3.359648633598168
16/02/2014 18:15:05,5.039248365069803
17/02/2014 18:15:05,3.445245798437027
18/02/2014 18:15:05,7.266739375121572
19/02/2014 18:15:05,13.088810945306859
20/02/2014 18:15:05,3.206797219287919
21/02/2014 18:15:05,2.9761154000441343
22/02/2014 18:15:05,4.4712398477651
23/02/2014 18:15:05,4.588465819757743
24/02/2014 18:15:05,3.5480721795638828
25/02/2014 18:15:05,4.900910598301675
26/02/2014 18:15:05,2.617029362150611
27/02/2014 18:15:05,5.973623899626836
28/02/2014 18:15:05,7.505160288996518
01/03/2014 18:15:05,3.8888953503476373
02/03/2014 18:15:05,14.874649219481164
03/03/2014 18:15:05,2.674142094803084
04/03/2014 18:15:05,4.709842071654053
05/03/2014 18:15:05,8.388916456107093
06/03/2014 18:15:05,12.180442173411297
07/03/2014 18:15:05,50.18181420764289
08/03/2014 18:15:05,38.36522370841527
09/03/2014 18:15:05,15.362313702121375
10/03/2014 18:15:05,49.586212357341424
11/03/2014 18:15:05,38.78309709690795
12/03/2014 18:15:05,20.621875465303173
13/03/2014 18:15:05,48.57810374414062
14/03/2014 18:15:05,26.31172144769178
15/03/2014 18:15:05,46.92453826318835
16/03/2014 18:15:05,17.979544806618584
17/03/2014 18:15:05,10.847116409194092
18/03/2014 18:15:05,12.228939747344432
19/03/2014 18:15:05,16.511666739934522
20/03/2014 18:15:05,13.274679714888178
21/03/2014 18:15:05,4.791309107473639
22/03/2014 18:15:05,5.36110717627422
23/03/2014 18:15:05,5.899085592754528
24/03/2014 18:15:05,8.188177674374236
25/03/2014 18:15:05,7.1727564392758705
26/03/2014 18:15:05,7.356126207916435
27/03/2014 18:15:05,4.6586955072233005
28/03/2014 18:15:05,3.9624414254325835
29/03/2014 18:15:05,5.7759640964412124
30/03/2014 18:15:05,3.7038156553820833
31/03/2014 18:15:05,5.631575174339787
01/04/2014 18:15:05,4.947824085051431
02/04/2014 18:15:05,4.049792424160094
03/04/2014 18:15:05,4.9661332919641135
04/04/2014 18:15:05,7.432092165931292
05/04/2014 18:15:05,21.90379617142143
06/04/2014 18:15:05,12.014733020654885
07/04/2014 18:15:05,11.544553244890103
08/04/2014 18:15:05,18.899928187127816
09/04/2014 18:15:05,10.784872824337103
10/04/2014 18:15:05,6.092423230499285
11/04/2014 18:15:05,3.7706026693162906
12/04/2014 18:15:05,5.116805022835746
13/04/2014 18:15:05,5.325934042953608
14/04/2014 18:15:05,3.2705948400986085
15/04/2014 18:15:05,4.233253421296278
16/04/2014 18:15:05,4.982828175586674
17/04/2014 18:15:05,6.004099396918469
18/04/2014 18:15:05,5.975108906608038
19/04/2014 18:15:05,5.909539244406292
20/04/2014 18:15:05,6.674476088780222
21/04/2014 18:15:05,16.740348438756
22/04/2014 18:15:05,12.442468630819446
23/04/2014 18:15:05,17.073577141069592
24/04/2014 18:15:05,12.580304018850008
25/04/2014 18:15:05,3.8518027283623684
26/04/2014 18:15:05,6.694092513798428
27/04/2014 18:15:05,9.031076937489882
28/04/2014 18:15:05,6.286986475026356
29/04/2014 18:15:05,7.354539648678585
30/04/2014 18:15:05,6.669092764836409
01/05/2014 18:15:05,7.122258795144287
02/05/2014 18:15:05,8.850805131164096
03/05/2014 18:15:05,9.265211963264955
04/05/2014 18:15:05,10.336342647827745
05/05/2014 18:15:05,7.294446398330344
06/05/2014 18:15:05,8.842227704265712
07/05/2014 18:15:05,9.913936917240012
08/05/2014 18:15:05,9.712813604880296
09/05/2014 18:15:05,10.43470883037404
10/05/2014 18:15:05,13.129960550012376
11/05/2014 18:15:05,5.302534939009234
12/05/2014 18:15:05,14.075634554568898
13/05/2014 18:15:05,14.001428090616647
14/05/2014 18:15:05,18.73715416941651
15/05/2014 18:15:05,16.32371819625874
16/05/2014 18:15:05,20.62588275679571
17/05/2014 18:15:05,16.322030023894566
18/05/2014 18:15:05,21.46219054414017
19/05/2014 18:15:05,17.179218594066132
20/05/2014 18:15:05,5.238816748465808
21/05/2014 18:15:05,8.990413681671521
22/05/2014 18:15:05,6.650369871564061
23/05/2014 18:15:05,6.561707976951816
24/05/2014 18:15:05,42.39480789907374
25/05/2014 18:15:05,5.738083717169202
26/05/2014 18:15:05,9.482191944414339
27/05/2014 18:15:05,6.082375606852916
28/05/2014 18:15:05,15.713472670504306
29/05/2014 18:15:05,8.500431014732778
30/05/2014 18:15:05,6.236601817837289
31/05/2014 18:15:05,6.334159840750138
01/06/2014 18:15:05,6.692464979789991
02/06/2014 18:15:05,4.209523291038101
03/06/2014 18:15:05,5.582287783601755
04/06/2014 18:15:05,5.838967682972432
05/06/2014 18:15:05,8.88521175914125
06/06/2014 18:15:05,19.538247112633783
07/06/2014 18:15:05,7.583174267252993
08/06/2014 18:15:05,18.18589299757065
09/06/2014 18:15:05,9.216351548411707
10/06/2014 18:15:05,25.742435998070945
11/06/2014 18:15:05,19.13829601035185
12/06/2014 18:15:05,17.076434853432513
13/06/2014 18:15:05,8.405622307334875
14/06/2014 18:15:05,4.479419183110791
15/06/2014 18:15:05,8.336352096714808
16/06/2014 18:15:05,5.704594001650371
17/06/2014 18:15:05,13.714918210060146
18/06/2014 18:15:05,9.563380632277234
19/06/2014 18:15:05,26.29778582024888
20/06/2014 18:15:05,9.0734635544422
21/06/2014 18:15:05,15.637837532957708
22/06/2014 18:15:05,12.051627678283237
23/06/2014 18:15:05,16.71049650802367
24/06/2014 18:15:05,56.45215012768443
25/06/2014 18:15:05,10.48040997843931
26/06/2014 18:15:05,20.741342853773265
27/06/2014 18:15:05,10.105168961384882
28/06/2014 18:15:05,10.426915606873225
29/06/2014 18:15:05,29.25733591348299
30/06/2014 18:15:05,7.274023078852241
01/07/2014 18:15:05,12.42899860293867
02/07/2014 18:15:05,15.731380007449022
03/07/2014 18:15:05,19.568504606707037
04/07/2014 18:15:05,8.783439237373138
05/07/2014 18:15:05,20.32105908981479
06/07/2014 18:15:05,13.890308845025682
07/07/2014 18:15:05,9.30777962930373
08/07/2014 18:15:05,30.526470041412498
09/07/2014 18:15:05,37.09631681266203
10/07/2014 18:15:05,11.963345530336687
11/07/2014 18:15:05,14.384677062860591
12/07/2014 18:15:05,10.459800227135542
13/07/2014 18:15:05,15.010167601267586
14/07/2014 18:15:05,18.77015135087182
15/07/2014 18:15:05,19.65513718525665
16/07/2014 18:15:05,24.88670829988788
17/07/2014 18:15:05,10.92245109391929
18/07/2014 18:15:05,21.01145454165261
19/07/2014 18:15:05,24.29579426418031
20/07/2014 18:15:05,26.027885546426496
21/07/2014 18:15:05,22.05805447961971
22/07/2014 18:15:05,31.532818321927447
23/07/2014 18:15:05,25.211981986570667
24/07/2014 18:15:05,10.08784025658644
25/07/2014 18:15:05,14.198071081331516
26/07/2014 18:15:05,12.522464130515662
27/07/2014 18:15:05,13.890558651223426
28/07/2014 18:15:05,8.002704514486336
29/07/2014 18:15:05,15.806439524771838
30/07/2014 18:15:05,10.591434709373939
31/07/2014 18:15:05,7.128579961365341
01/08/2014 18:15:05,13.859857336373016
02/08/2014 18:15:05,15.977517443375312
03/08/2014 18:15:05,16.86627606350997
04/08/2014 18:15:05,26.751272559746177
05/08/2014 18:15:05,19.513207260552484
06/08/2014 18:15:05,14.709234037134099
07/08/2014 18:15:05,18.67681695142676
08/08/2014 18:15:05,15.341050658122127
09/08/2014 18:15:05,46.31085567047875
10/08/2014 18:15:05,18.746431679220485
11/08/2014 18:15:05,18.19832268635102
12/08/2014 18:15:05,13.361349374380822
13/08/2014 18:15:05,5.117228921001787
14/08/2014 18:15:05,5.5911333775210394
15/08/2014 18:15:05,8.253540968982765
16/08/2014 18:15:05,8.937238579051112
17/08/2014 18:15:05,6.734691279415115
18/08/2014 18:15:05,5.901369974630869
19/08/2014 18:15:05,6.547400463145393
20/08/2014 18:15:05,6.436250683342931
21/08/2014 18:15:05,7.0276934787073975
22/08/2014 18:15:05,9.165195383732323
23/08/2014 18:15:05,7.457570374876075
24/08/2014 18:15:05,8.129471489687855
25/08/2014 18:15:05,19.3388416149277
26/08/2014 18:15:05,13.882188092166414
27/08/2014 18:15:05,15.8770296813596
28/08/2014 18:15:05,16.243297533273587
29/08/2014 18:15:05,10.001503558555147
30/08/2014 18:15:05,27.963140586977108
31/08/2014 18:15:05,7.0474594648102284
01/09/2014 18:15:05,9.426398505352505
02/09/2014 18:15:05,16.37700941421133
03/09/2014 18:15:05,18.666921935140124
04/09/2014 18:15:05,8.590812222979444
05/09/2014 18:15:05,8.547400518014653
06/09/2014 18:15:05,29.040720584082656
07/09/2014 18:15:05,22.015968663282386
08/09/2014 18:15:05,8.123460257006423
09/09/2014 18:15:05,15.567570319536738
10/09/2014 18:15:05,9.423884224126454
11/09/2014 18:15:05,11.79020737401315
12/09/2014 18:15:05,12.91249318619085
13/09/2014 18:15:05,11.699102662666716
14/09/2014 18:15:05,17.839074577838197
15/09/2014 18:15:05,18.79464060629267
16/09/2014 18:15:05,15.70777947547932
17/09/2014 18:15:05,10.181324947026408
18/09/2014 18:15:05,9.93669650778007
19/09/2014 18:15:05,5.552691558923945
20/09/2014 18:15:05,6.809040604173075
21/09/2014 18:15:05,9.521834317313713
22/09/2014 18:15:05,6.978428858494827
23/09/2014 18:15:05,8.024381123797646
24/09/2014 18:15:05,4.455719120147887
25/09/2014 18:15:05,7.30967551701919
26/09/2014 18:15:05,11.376028607472923
27/09/2014 18:15:05,14.321923647908207
28/09/2014 18:15:05,8.891905835070355
29/09/2014 18:15:05,8.002705426380512
30/09/2014 18:15:05,9.46795043897431
01/10/2014 18:15:05,8.02396305737666
02/10/2014 18:15:05,12.943337829338848
03/10/2014 18:15:05,8.096352930311516
04/10/2014 18:15:05,6.3847797815763965
05/10/2014 18:15:05,4.507393924398458
06/10/2014 18:15:05,2.955020292289902
07/10/2014 18:15:05,6.33529976101403
08/10/2014 18:15:05,6.844750031863838
09/10/2014 18:15:05,5.596289509040177
10/10/2014 18:15:05,5.889951485072126
11/10/2014 18:15:05,17.197514496678398
12/10/2014 18:15:05,9.91500667100301
13/10/2014 18:15:05,7.647887377220899
14/10/2014 18:15:05,6.806419041442586
15/10/2014 18:15:05,6.870478227082228
16/10/2014 18:15:05,7.017930373022772
17/10/2014 18:15:05,9.14787117049276
18/10/2014 18:15:05,14.360618093661603
19/10/2014 18:15:05,22.229464475911712
20/10/2014 18:15:05,11.495365837991217
21/10/2014 18:15:05,12.780468922077365
22/10/2014 18:15:05,22.102564452650174
23/10/2014 18:15:05,7.894499824418632
24/10/2014 18:15:05,8.258285981804223
25/10/2014 18:15:05,11.199645670041383
26/10/2014 18:15:05,11.214265417482428
27/10/2014 18:15:05,15.487831677510371
28/10/2014 18:15:05,15.790522781826597
29/10/2014 18:15:05,11.533778595207286
30/10/2014 18:15:05,12.699524988081498
31/10/2014 18:15:05,10.992098094331988
01/11/2014 18:15:05,9.234226815115186
02/11/2014 18:15:05,8.406839073426964
03/11/2014 18:15:05,11.833421960194592
04/11/2014 18:15:05,10.549373246568981
05/11/2014 18:15:05,15.859541564554094
06/11/2014 18:15:05,11.382948811751314
07/11/2014 18:15:05,16.82946309576261
08/11/2014 18:15:05,32.283789514111035
09/11/2014 18:15:05,11.890115505329996
10/11/2014 18:15:05,8.855247912891034
11/11/2014 18:15:05,15.134955799072769
12/11/2014 18:15:05,6.598845257850237
13/11/2014 18:15:05,6.193075918232213
14/11/2014 18:15:05,8.699010703620415
15/11/2014 18:15:05,12.28220767392217
16/11/2014 18:15:05,11.194835481161718
17/11/2014 18:15:05,8.042233431094218
18/11/2014 18:15:05,14.237433370963666
19/11/2014 18:15:05,12.978189550567242
20/11/2014 18:15:05,10.739291059868162
21/11/2014 18:15:05,10.301632469765634
22/11/2014 18:15:05,16.735702394545303
23/11/2014 18:15:05,15.991438185294614
24/11/2014 18:15:05,8.325514912347835
25/11/2014 18:15:05,9.933735766063874
26/11/2014 18:15:05,14.676806993192875
27/11/2014 18:15:05,14.075851979444035
28/11/2014 18:15:05,36.91104783075738
29/11/2014 18:15:05,20.269091924932788
30/11/2014 18:15:05,28.412268083851227
01/12/2014 18:15:05,28.313457616581335
02/12/2014 18:15:05,53.41007265670616
03/12/2014 18:15:05,25.089745577287033
04/12/2014 18:15:05,15.86160454699173
05/12/2014 18:15:05,34.38330896675479
06/12/2014 18:15:05,42.56682897905096
07/12/2014 18:15:05,46.29536590436575
08/12/2014 18:15:05,22.12137617056172
09/12/2014 18:15:05,14.557056437251257
10/12/2014 18:15:05,30.070593008394486
11/12/2014 18:15:05,11.037071860530839
12/12/2014 18:15:05,17.854544837093794
13/12/2014 18:15:05,23.03311055132899
14/12/2014 18:15:05,19.82989174875518
15/12/2014 18:15:05,17.838473139434132
16/12/2014 18:15:05,10.837358120533588
17/12/2014 18:15:05,10.048187417632692
18/12/2014 18:15:05,12.085570707968717
19/12/2014 18:15:05,11.324346479766055
20/12/2014 18:15:05,11.605078477602829
21/12/2014 18:15:05,17.459435276138752
22/12/2014 18:15:05,15.618792783581823
23/12/2014 18:15:05,24.31491823314515
24/12/2014 18:15:05,34.0551908621485
25/12/2014 18:15:05,24.810569937073705
26/12/2014 18:15:05,22.98013234166697
27/12/2014 18:15:05,14.603145596321607
28/12/2014 18:15:05,16.920339407872444
29/12/2014 18:15:05,25.743989091577916
30/12/2014 18:15:05,20.466367544309286
31/12/2014 18:15:05,22.676458611686236
01/01/2015 18:15:05,16.17956436962426
02/01/2015 18:15:05,27.850971888247987
03/01/2015 18:15:05,15.038660429417613
04/01/2015 18:15:05,6.92896845558624
05/01/2015 18:15:05,5.815939253520305
06/01/2015 18:15:05,5.243817392155469
07/01/2015 18:15:05,6.5886946898972365
08/01/2015 18:15:05,4.78364526097836
09/01/2015 18:15:05,7.2495626413487155
10/01/2015 18:15:05,6.769216171294177
11/01/2015 18:15:05,13.965268453405484
12/01/2015 18:15:05,15.183653168374082
13/01/2015 18:15:05,7.324956240495249
14/01/2015 18:15:05,3.9657602418926974
15/01/2015 18:15:05,4.0164747619051315
16/01/2015 18:15:05,5.568507433740557
17/01/2015 18:15:05,8.202442480245026
18/01/2015 18:15:05,8.639732750552916
19/01/2015 18:15:05,12.143764511866552
20/01/2015 18:15:05,12.129823192525736
21/01/2015 18:15:05,29.827807606414186
22/01/2015 18:15:05,7.707929385966317
23/01/2015 18:15:05,11.946686347089749
24/01/2015 18:15:05,16.782206768105926
25/01/2015 18:15:05,5.287692601809595
26/01/2015 18:15:05,6.3052176379104266
27/01/2015 18:15:05,9.527843640927053
28/01/2015 18:15:05,10.592836833792024
29/01/2015 18:15:05,7.034051572897454
30/01/2015 18:15:05,8.192791154835849
31/01/2015 18:15:05,11.310638195962554
01/02/2015 18:15:05,8.439225037949958
02/02/2015 18:15:05,8.754825755221662
03/02/2015 18:15:05,12.335497449706695
04/02/2015 18:15:05,11.0048124551436
05/02/2015 18:15:05,14.511022343303432
06/02/2015 18:15:05,17.540638373240913
07/02/2015 18:15:05,22.869744039702194
08/02/2015 18:15:05,8.823693095743929
09/02/2015 18:15:05,11.163909828742316
10/02/2015 18:15:05,21.33422605468217
11/02/2015 18:15:05,18.88485478010133
12/02/2015 18:15:05,20.112783504195832
13/02/2015 18:15:05,11.885145683297008
14/02/2015 18:15:05,11.560462764271184
15/02/2015 18:15:05,5.711346462457456
16/02/2015 18:15:05,10.147740806906146
17/02/2015 18:15:05,12.627907548391178
18/02/2015 18:15:05,12.632316681420695
19/02/2015 18:15:05,23.034988414906014
20/02/2015 18:15:05,13.495725432587905
21/02/2015 18:15:05,40.86833713907273
22/02/2015 18:15:05,18.660353324294483
23/02/2015 18:15:05,21.74478662495085
24/02/2015 18:15:05,26.9082326682661
25/02/2015 18:15:05,39.38662856713131
26/02/2015 18:15:05,27.82740653990484
27/02/2015 18:15:05,10.838519379520486
28/02/2015 18:15:05,17.656753801678633
01/03/2015 18:15:05,23.450083757158993
02/03/2015 18:15:05,12.17080777737048
03/03/2015 18:15:05,10.324592744888294
04/03/2015 18:15:05,16.025044317910645
05/03/2015 18:15:05,17.332244723968547
06/03/2015 18:15:05,21.142143391124662
07/03/2015 18:15:05,43.998209016776656
08/03/2015 18:15:05,60.040324814603075
09/03/2015 18:15:05,18.296386613719992
10/03/2015 18:15:05,19.23580646920644
11/03/2015 18:15:05,35.636981370538095
12/03/2015 18:15:05,26.694657055767077
13/03/2015 18:15:05,19.635739556423943
14/03/2015 18:15:05,25.68286941669419
15/03/2015 18:15:05,35.998289585133506
16/03/2015 18:15:05,19.429514218427972
17/03/2015 18:15:05,29.0162116736027
18/03/2015 18:15:05,15.109113929650439
19/03/2015 18:15:05,11.894990700814937
20/03/2015 18:15:05,21.256091397795025
21/03/2015 18:15:05,29.255304039063464
22/03/2015 18:15:05,33.846549077949035
23/03/2015 18:15:05,17.95137494142482
24/03/2015 18:15:05,11.93765282603365
25/03/2015 18:15:05,14.603622641355193
26/03/2015 18:15:05,25.29451759120684
27/03/2015 18:15:05,32.07965682039318
28/03/2015 18:15:05,23.205373865717533
29/03/2015 18:15:05,22.30431338901316
30/03/2015 18:15:05,20.918066196459193
31/03/2015 18:15:05,21.909032069483757
01/04/2015 18:15:05,29.27033998979432
02/04/2015 18:15:05,25.818336741244924
03/04/2015 18:15:05,20.51141862168232
04/04/2015 18:15:05,34.92250373086831
05/04/2015 18:15:05,18.200718086570642
06/04/2015 18:15:05,18.10845437716169
07/04/2015 18:15:05,33.18008274569757
08/04/2015 18:15:05,19.23540392584752
09/04/2015 18:15:05,22.97701293884867
10/04/2015 18:15:05,15.55200602833249
11/04/2015 18:15:05,37.85594768194883
12/04/2015 18:15:05,39.760937712225946
13/04/2015 18:15:05,17.066548874347607
14/04/2015 18:15:05,13.231410497111645
15/04/2015 18:15:05,15.719588566153066
16/04/2015 18:15:05,17.38977398640558
17/04/2015 18:15:05,19.80047895942433
18/04/2015 18:15:05,33.862547644879704
19/04/2015 18:15:05,20.01902441306234
20/04/2015 18:15:05,31.471213987145745
21/04/2015 18:15:05,32.09442811381766
22/04/2015 18:15:05,16.064453562603493
23/04/2015 18:15:05,15.622022183344322
24/04/2015 18:15:05,23.77723935576558
25/04/2015 18:15:05,22.76422796170257
26/04/2015 18:15:05,16.080967170026035
27/04/2015 18:15:05,20.077566416556305
28/04/2015 18:15:05,17.998727930716562
29/04/2015 18:15:05,23.02222526473796
30/04/2015 18:15:05,17.330900713612454
01/05/2015 18:15:05,21.565722786878833
02/05/2015 18:15:05,25.54265390140408
03/05/2015 18:15:05,33.45951509913064
04/05/2015 18:15:05,25.00077975442303
05/05/2015 18:15:05,18.972160625960118
06/05/2015 18:15:05,31.972161497517245
07/05/2015 18:15:05,18.823495623241698
08/05/2015 18:15:05,16.13758696828904
09/05/2015 18:15:05,23.60033103983386
10/05/2015 18:15:05,35.567238982641264
11/05/2015 18:15:05,22.638691245928992
12/05/2015 18:15:05,20.730805329561385
13/05/2015 18:15:05,33.00721197619323
14/05/2015 18:15:05,20.13737194795872
15/05/2015 18:15:05,28.124844078355906
16/05/2015 18:15:05,34.60430559218063
17/05/2015 18:15:05,33.58153769831387
18/05/2015 18:15:05,32.07132921322745
19/05/2015 18:15:05,28.951372511598084
20/05/2015 18:15:05,23.88608477813558
21/05/2015 18:15:05,35.75477157072714
22/05/2015 18:15:05,25.571261304569145
23/05/2015 18:15:05,35.31298317400555
24/05/2015 18:15:05,35.9983733871283
25/05/2015 18:15:05,33.306224026983784
26/05/2015 18:15:05,20.842663728368407
27/05/2015 18:15:05,25.15308952133798
28/05/2015 18:15:05,34.271515953532266
29/05/2015 18:15:05,31.651507410381353
30/05/2015 18:15:05,38.54226691402346
31/05/2015 18:15:05,40.727826914417626
01/06/2015 18:15:05,22.479954933652465
02/06/2015 18:15:05,28.072639876280817
03/06/2015 18:15:05,43.78159798675085
04/06/2015 18:15:05,41.357939731896344
05/06/2015 18:15:05,27.076965848584752
06/06/2015 18:15:05,45.83655483613441
07/06/2015 18:15:05,42.75258698525822
08/06/2015 18:15:05,28.017073099817768
09/06/2015 18:15:05,23.92389710932238
10/06/2015 18:15:05,39.1858093706473
11/06/2015 18:15:05,41.006403864200635
12/06/2015 18:15:05,42.99562148525544
13/06/2015 18:15:05,51.41386668948127
14/06/2015 18:15:05,34.211015309384535
15/06/2015 18:15:05,21.944501389309025
16/06/2015 18:15:05,20.345020373477933
17/06/2015 18:15:05,20.174988589023588
18/06/2015 18:15:05,24.562336911504072
19/06/2015 18:15:05,69.30921780776123
20/06/2015 18:15:05,36.16797876405317
21/06/2015 18:15:05,61.82010601441912
22/06/2015 18:15:05,38.00376617218678
23/06/2015 18:15:05,46.34462325787551
24/06/2015 18:15:05,30.396688346453395
25/06/2015 18:15:05,38.29371974008509
26/06/2015 18:15:05,60.01183063911749
27/06/2015 18:15:05,26.45600751354959
28/06/2015 18:15:05,20.27334090683797
29/06/2015 18:15:05,16.748895408786236
30/06/2015 18:15:05,16.71295361743731
01/07/2015 18:15:05,15.932925598188104
02/07/2015 18:15:05,24.434489619434522
03/07/2015 18:15:05,28.531354492032843
04/07/2015 18:15:05,23.369660366893633
05/07/2015 18:15:05,14.109161762507902
06/07/2015 18:15:05,14.616336401673173
07/07/2015 18:15:05,20.986432233995185
08/07/2015 18:15:05,15.490854157403218
09/07/2015 18:15:05,17.01084225902282
10/07/2015 18:15:05,14.638968661336923
11/07/2015 18:15:05,14.341771783235526
12/07/2015 18:15:05,12.312115238373753
13/07/2015 18:15:05,7.761358860064893
14/07/2015 18:15:05,20.05182417243771
15/07/2015 18:15:05,30.082341423691524
16/07/2015 18:15:05,11.633438690525232
17/07/2015 18:15:05,16.82139210898001
18/07/2015 18:15:05,16.75989235471755
19/07/2015 18:15:05,24.228437904529336
20/07/2015 18:15:05,20.226537956061296
21/07/2015 18:15:05,28.05423941972698
22/07/2015 18:15:05,20.663329178977104
23/07/2015 18:15:05,27.828850009300012
24/07/2015 18:15:05,17.105859863640408
25/07/2015 18:15:05,19.756199754147747
26/07/2015 18:15:05,22.157973806820074
27/07/2015 18:15:05,18.99527483260541
28/07/2015 18:15:05,22.761219525225933
29/07/2015 18:15:05,21.208630770296672
30/07/2015 18:15:05,20.806577120771045
31/07/2015 18:15:05,25.969603624247895
01/08/2015 18:15:05,25.261630493343347
02/08/2015 18:15:05,38.69255253748437
03/08/2015 18:15:05,31.250051331756588
04/08/2015 18:15:05,35.02355260472643
05/08/2015 18:15:05,36.925972108550326
06/08/2015 18:15:05,28.197666079349553
07/08/2015 18:15:05,25.19160766129711
08/08/2015 18:15:05,29.91944448528831
09/08/2015 18:15:05,31.300539959044848
10/08/2015 18:15:05,34.268107495230495
11/08/2015 18:15:05,37.21879163743655
12/08/2015 18:15:05,23.476345188131646
13/08/2015 18:15:05,26.86359578126477
14/08/2015 18:15:05,28.084708442503896
15/08/2015 18:15:05,53.26296137027838
16/08/2015 18:15:05,22.61436515476528
17/08/2015 18:15:05,44.58564410776955
18/08/2015 18:15:05,37.32133303299115
19/08/2015 18:15:05,15.390446734077706
20/08/2015 18:15:05,17.33162466608599
21/08/2015 18:15:05,32.707904767923935
22/08/2015 18:15:05,18.309067122953646
23/08/2015 18:15:05,12.026984999294202
24/08/2015 18:15:05,16.21965650415352
25/08/2015 18:15:05,9.00224260761723
26/08/2015 18:15:05,11.90007835116628
27/08/2015 18:15:05,17.929811906492553
28/08/2015 18:15:05,15.133625289846805
29/08/2015 18:15:05,12.52656810245264
30/08/2015 18:15:05,11.053268722679455
31/08/2015 18:15:05,13.704796714165072
01/09/2015 18:15:05,15.931548133631836
02/09/2015 18:15:05,11.610663863708758
03/09/2015 18:15:05,11.736994888954303
04/09/2015 18:15:05,11.973487181434532
05/09/2015 18:15:05,9.915080522860206
06/09/2015 18:15:05,11.079411633336669
07/09/2015 18:15:05,8.490657978186468
08/09/2015 18:15:05,10.301215398690521
09/09/2015 18:15:05,14.512593490753623
10/09/2015 18:15:05,13.398139748896247
11/09/2015 18:15:05,19.369840555191963
12/09/2015 18:15:05,8.913349607488653
13/09/2015 18:15:05,11.893308171029577
14/09/2015 18:15:05,10.850279068478088
15/09/2015 18:15:05,13.21796346485289
16/09/2015 18:15:05,14.843615060162909
17/09/2015 18:15:05,21.383287516368416
18/09/2015 18:15:05,14.326652982575482
19/09/2015 18:15:05,18.801976270194178
20/09/2015 18:15:05,15.38188209977154
21/09/2015 18:15:05,27.2326261990327
22/09/2015 18:15:05,16.688529955327063
23/09/2015 18:15:05,25.473992277285973
24/09/2015 18:15:05,8.452135260049367
25/09/2015 18:15:05,13.11431869098455
26/09/2015 18:15:05,11.95217830937884
27/09/2015 18:15:05,15.100098636930044
28/09/2015 18:15:05,12.638462589902513
29/09/2015 18:15:05,14.816050385303793
30/09/2015 18:15:05,14.3109037005828
01/10/2015 18:15:05,17.63849176627392
02/10/2015 18:15:05,17.490014717983165
03/10/2015 18:15:05,11.531497088187928
04/10/2015 18:15:05,10.860733667584398
05/10/2015 18:15:05,11.675911677987596
06/10/2015 18:15:05,11.897915248429362
07/10/2015 18:15:05,14.315653963811261
08/10/2015 18:15:05,28.979033134628136
09/10/2015 18:15:05,19.470893500065117
10/10/2015 18:15:05,12.709424922840215
11/10/2015 18:15:05,20.0944088778618
12/10/2015 18:15:05,11.558001443703851
13/10/2015 18:15:05,11.205417020470104
14/10/2015 18:15:05,12.57722366293214
15/10/2015 18:15:05,15.92321236456932
16/10/2015 18:15:05,10.95568513854947
17/10/2015 18:15:05,12.784819164516383
18/10/2015 18:15:05,14.112369489648517
19/10/2015 18:15:05,19.232892502397814
20/10/2015 18:15:05,12.1389343050069
21/10/2015 18:15:05,12.351128041125843
22/10/2015 18:15:05,14.05607304565041
23/10/2015 18:15:05,12.990802576794009
24/10/2015 18:15:05,12.153358782051846
25/10/2015 18:15:05,11.777605909416577
26/10/2015 18:15:05,11.864242747866802
27/10/2015 18:15:05,11.316033229032291
28/10/2015 18:15:05,12.161195757262504
29/10/2015 18:15:05,14.122710137563072
30/10/2015 18:15:05,14.283693839589686
31/10/2015 18:15:05,14.878338227881283
01/11/2015 18:15:05,23.016644038773695
02/11/2015 18:15:05,18.559885858743673
03/11/2015 18:15:05,8.391503430995693
04/11/2015 18:15:05,7.866297948959857
05/11/2015 18:15:05,8.769996179219687
06/11/2015 18:15:05,11.452734599533823
07/11/2015 18:15:05,12.166586977241218
08/11/2015 18:15:05,13.45535625999614
09/11/2015 18:15:05,18.984479631004493
10/11/2015 18:15:05,12.313848414693638
11/11/2015 18:15:05,11.143032700084175
12/11/2015 18:15:05,12.823209975164477
13/11/2015 18:15:05,16.91308784327524
14/11/2015 18:15:05,19.36099795886311
15/11/2015 18:15:05,15.314719265704706
16/11/2015 18:15:05,14.452405877722596
17/11/2015 18:15:05,11.780796634226993
18/11/2015 18:15:05,15.836944212153371
19/11/2015 18:15:05,13.636024064181226
20/11/2015 18:15:05,16.8398312088445
21/11/2015 18:15:05,48.22746061088908
22/11/2015 18:15:05,60.40547963831158
23/11/2015 18:15:05,57.5502552490486
24/11/2015 18:15:05,36.705451555220634
25/11/2015 18:15:05,29.55112971262812
26/11/2015 18:15:05,13.15802356830131
27/11/2015 18:15:05,27.346610289985737
28/11/2015 18:15:05,45.1803468375854
29/11/2015 18:15:05,45.970685148925995
30/11/2015 18:15:05,22.939503474184836
01/12/2015 18:15:05,24.360821912924504
02/12/2015 18:15:05,44.46534655476444
03/12/2015 18:15:05,31.22650174801088
04/12/2015 18:15:05,34.22918838731786
05/12/2015 18:15:05,38.05254888726565
06/12/2015 18:15:05,30.022287294121007
07/12/2015 18:15:05,31.51793421803803
08/12/2015 18:15:05,45.6954022744106
09/12/2015 18:15:05,20.822755825548203
10/12/2015 18:15:05,48.13761535181344
11/12/2015 18:15:05,23.729520077292147
12/12/2015 18:15:05,10.860028349642342
13/12/2015 18:15:05,39.16362663468553
14/12/2015 18:15:05,29.588456942565433
15/12/2015 18:15:05,23.870149530907977
16/12/2015 18:15:05,19.393926476781818
17/12/2015 18:15:05,38.86474326437203
18/12/2015 18:15:05,35.54247764189951
19/12/2015 18:15:05,41.938735691134376
20/12/2015 18:15:05,24.671629055269516
21/12/2015 18:15:05,21.168975363070405
22/12/2015 18:15:05,56.49684164732693
23/12/2015 18:15:05,49.09628301926144
24/12/2015 18:15:05,38.063780945052
25/12/2015 18:15:05,77.6906392984197
26/12/2015 18:15:05,13.430350794093336
27/12/2015 18:15:05,18.99568258409756
28/12/2015 18:15:05,40.06114254550216
29/12/2015 18:15:05,25.629426359982542
30/12/2015 18:15:05,22.64661721062251
31/12/2015 18:15:05,26.74439932203408
01/01/2016 18:15:05,33.459851838601885
02/01/2016 18:15:05,32.471612927918834
03/01/2016 18:15:05,30.90932209067232
04/01/2016 18:15:05,38.42749571443858
05/01/2016 18:15:05,40.19095265345178
06/01/2016 18:15:05,40.14347319755015
07/01/2016 18:15:05,19.416802128123358
08/01/2016 18:15:05,23.06562310400115
09/01/2016 18:15:05,30.070525477699388
10/01/2016 18:15:05,45.77598030760124
11/01/2016 18:15:05,31.42147591881262
12/01/2016 18:15:05,49.715790496805575
13/01/2016 18:15:05,19.819439097242444
14/01/2016 18:15:05,47.87540546915258
15/01/2016 18:15:05,11.3913099846687
16/01/2016 18:15:05,11.24812260139944
17/01/2016 18:15:05,12.572859584840762
18/01/2016 18:15:05,24.622648527807215
19/01/2016 18:15:05,36.28592385959971
20/01/2016 18:15:05,14.808865832250127
21/01/2016 18:15:05,24.07524313979341
22/01/2016 18:15:05,21.507459672767876
23/01/2016 18:15:05,26.97261653214968
24/01/2016 18:15:05,36.08273285122329
25/01/2016 18:15:05,59.63649385495378
26/01/2016 18:15:05,51.71862612147043
27/01/2016 18:15:05,62.06204769560161
28/01/2016 18:15:05,35.82512298221382
29/01/2016 18:15:05,31.875469880013878
30/01/2016 18:15:05,90.93855498364768
31/01/2016 18:15:05,63.431885605464956
01/02/2016 18:15:05,54.28854467183984
02/02/2016 18:15:05,60.765974623005214
03/02/2016 18:15:05,45.92908988491192
04/02/2016 18:15:05,29.087336052749777
05/02/2016 18:15:05,39.167629703717346
06/02/2016 18:15:05,50.224532814844906
07/02/2016 18:15:05,70.36772892391234
08/02/2016 18:15:05,57.34260708029326
09/02/2016 18:15:05,36.16753946349256
10/02/2016 18:15:05,33.992484712084966
11/02/2016 18:15:05,58.978282548457585
12/02/2016 18:15:05,44.590991873192166
13/02/2016 18:15:05,41.851645040973516
14/02/2016 18:15:05,29.842037137808866
15/02/2016 18:15:05,39.608389764185425
16/02/2016 18:15:05,45.22185391158021
17/02/2016 18:15:05,40.864756407771274
18/02/2016 18:15:05,35.83809092245257
19/02/2016 18:15:05,54.03943968833396
20/02/2016 18:15:05,40.17541075316699
21/02/2016 18:15:05,24.054288928881185
22/02/2016 18:15:05,60.3684655826694
23/02/2016 18:15:05,35.18471585760415
24/02/2016 18:15:05,43.67909833692779
25/02/2016 18:15:05,64.00250820876877
26/02/2016 18:15:05,83.03183577283136
27/02/2016 18:15:05,68.2154682551765
28/02/2016 18:15:05,102.67231603115624
29/02/2016 18:15:05,67.49385356905148
01/03/2016 18:15:05,81.18696285746101
02/03/2016 18:15:05,92.67451904080934
03/03/2016 18:15:05,68.34691732526565
04/03/2016 18:15:05,65.33812661785666
05/03/2016 18:15:05,27.19980979484403
06/03/2016 18:15:05,51.981067516689215
07/03/2016 18:15:05,57.763353700236735
08/03/2016 18:15:05,48.74384663636076
09/03/2016 18:15:05,54.49712193798276
10/03/2016 18:15:05,61.43964270660198
11/03/2016 18:15:05,56.02813648639733
12/03/2016 18:15:05,46.31425859588148
13/03/2016 18:15:05,55.502169671858226
14/03/2016 18:15:05,62.16420750598595
15/03/2016 18:15:05,62.37405100644347
16/03/2016 18:15:05,61.758206800028525
17/03/2016 18:15:05,66.02680135611108
18/03/2016 18:15:05,58.31375287223355
19/03/2016 18:15:05,53.84531881624379
20/03/2016 18:15:05,79.33838322918095
21/03/2016 18:15:05,61.66270843079849
22/03/2016 18:15:05,79.348224319162
23/03/2016 18:15:05,60.273356637228105
24/03/2016 18:15:05,89.8577410365967
25/03/2016 18:15:05,126.64551189931939
26/03/2016 18:15:05,159.10108564779526
27/03/2016 18:15:05,62.99616006831507
28/03/2016 18:15:05,77.60036149082353
29/03/2016 18:15:05,49.837239376348215
30/03/2016 18:15:05,80.31611421443492
31/03/2016 18:15:05,76.29911987613767
01/04/2016 18:15:05,76.77059986200545
02/04/2016 18:15:05,86.00814670070149
03/04/2016 18:15:05,147.76440693138943
04/04/2016 18:15:05,82.52851250542633
05/04/2016 18:15:05,83.49701694343145
06/04/2016 18:15:05,141.82513345317668
07/04/2016 18:15:05,140.02845338331878
08/04/2016 18:15:05,80.11695122459373
09/04/2016 18:15:05,46.475088004344734
10/04/2016 18:15:05,124.20746265398628
11/04/2016 18:15:05,80.62243737814546
12/04/2016 18:15:05,65.61681187927142
13/04/2016 18:15:05,65.66048542287717
14/04/2016 18:15:05,68.10449690263276
15/04/2016 18:15:05,66.93949734324947
16/04/2016 18:15:05,88.74827792963912
17/04/2016 18:15:05,123.76494729752618
18/04/2016 18:15:05,77.98334150763819
19/04/2016 18:15:05,93.88378723660828
20/04/2016 18:15:05,39.82066618536085
21/04/2016 18:15:05,65.93302279187317
22/04/2016 18:15:05,43.47660271227351
23/04/2016 18:15:05,106.65607101412857
24/04/2016 18:15:05,47.934314867676314
25/04/2016 18:15:05,41.626468072439714
26/04/2016 18:15:05,54.042718005191965
27/04/2016 18:15:05,57.94893836828234
28/04/2016 18:15:05,34.05254380541666