,WikipediaTrend
2009-01-03,1.0
2009-01-04,0.0
2009-01-05,1.0
2009-01-06,0.0
2009-01-07,0.0
2009-01-08,1.0
2009-01-09,0.0
2009-01-10,1.0
2009-01-11,0.0
2009-01-12,0.0
2009-01-13,0.0
2009-01-14,0.0
2009-01-15,0.0
2009-01-16,1.0
2009-01-17,0.0
2009-01-18,0.0
2009-01-19,0.0
2009-01-20,0.0
2009-01-21,1.0
2009-01-22,1.0
2009-01-23,0.0
2009-01-24,0.0
2009-01-25,0.0
2009-01-26,1.0
2009-01-27,0.0
2009-01-28,0.0
2009-01-29,4.0
2009-01-30,0.0
2009-01-31,1.0
2009-02-01,0.0
2009-02-02,0.0
2009-02-03,0.0
2009-02-04,1.0
2009-02-05,2.0
2009-02-06,0.0
2009-02-07,0.0
2009-02-08,0.0
2009-02-09,0.0
2009-02-10,1.0
2009-02-11,1.0
2009-02-12,0.0
2009-02-13,0.0
2009-02-14,0.0
2009-02-15,1.0
2009-02-16,2.0
2009-02-17,0.0
2009-02-18,0.0
2009-02-19,0.0
2009-02-20,0.0
2009-02-21,0.0
2009-02-22,2.0
2009-02-23,0.0
2009-02-24,0.0
2009-02-25,1.0
2009-02-26,0.0
2009-02-27,1.0
2009-02-28,0.0
2009-03-01,0.0
2009-03-02,0.0
2009-03-03,0.0
2009-03-04,2.0
2009-03-05,0.0
2009-03-06,0.0
2009-03-07,0.0
2009-03-08,17.0
2009-03-09,9.0
2009-03-10,10.0
2009-03-11,12.0
2009-03-12,6.0
2009-03-13,22.0
2009-03-14,8.0
2009-03-15,14.0
2009-03-16,14.0
2009-03-17,9.0
2009-03-18,9.0
2009-03-19,23.0
2009-03-20,13.0
2009-03-21,9.0
2009-03-22,14.0
2009-03-23,19.0
2009-03-24,15.0
2009-03-25,10.0
2009-03-26,11.0
2009-03-27,23.0
2009-03-28,12.0
2009-03-29,8.0
2009-03-30,7.0
2009-03-31,11.0
2009-04-01,12.0
2009-04-02,7.0
2009-04-03,19.0
2009-04-04,10.0
2009-04-05,8.0
2009-04-06,12.0
2009-04-07,10.0
2009-04-08,17.0
2009-04-09,11.0
2009-04-10,11.0
2009-04-11,15.0
2009-04-12,10.0
2009-04-13,8.0
2009-04-14,17.0
2009-04-15,9.0
2009-04-16,10.0
2009-04-17,12.0
2009-04-18,20.0
2009-04-19,7.0
2009-04-20,13.0
2009-04-21,8.0
2009-04-22,6.0
2009-04-23,8.0
2009-04-24,12.0
2009-04-25,8.0
2009-04-26,14.0
2009-04-27,13.0
2009-04-28,4.0
2009-04-29,10.0
2009-04-30,14.0
2009-05-01,13.0
2009-05-02,8.0
2009-05-03,9.0
2009-05-04,9.0
2009-05-05,6.0
2009-05-06,9.0
2009-05-07,6.0
2009-05-08,14.0
2009-05-09,19.0
2009-05-10,17.0
2009-05-11,15.0
2009-05-12,11.0
2009-05-13,14.0
2009-05-14,7.0
2009-05-15,7.0
2009-05-16,4.0
2009-05-17,14.0
2009-05-18,6.0
2009-05-19,6.0
2009-05-20,11.0
2009-05-21,8.0
2009-05-22,6.0
2009-05-23,4.0
2009-05-24,5.0
2009-05-25,13.0
2009-05-26,10.0
2009-05-27,8.0
2009-05-28,5.0
2009-05-29,9.0
2009-05-30,6.0
2009-05-31,10.0
2009-06-01,20.0
2009-06-02,14.0
2009-06-03,8.0
2009-06-04,7.0
2009-06-05,9.0
2009-06-06,7.0
2009-06-07,8.0
2009-06-08,6.0
2009-06-09,14.0
2009-06-10,14.0
2009-06-11,12.0
2009-06-12,5.0
2009-06-13,4.0
2009-06-14,5.0
2009-06-15,10.0
2009-06-16,5.0
2009-06-17,13.0
2009-06-18,9.0
2009-06-19,4.0
2009-06-20,13.0
2009-06-21,9.0
2009-06-22,7.0
2009-06-23,8.0
2009-06-24,17.0
2009-06-25,5.0
2009-06-26,7.0
2009-06-27,8.0
2009-06-28,10.0
2009-06-29,13.0
2009-06-30,15.0
2009-07-01,6.0
2009-07-02,18.0
2009-07-03,6.0
2009-07-04,7.0
2009-07-05,4.0
2009-07-06,10.0
2009-07-07,11.0
2009-07-08,15.0
2009-07-09,10.0
2009-07-10,7.0
2009-07-11,8.0
2009-07-12,14.0
2009-07-13,9.0
2009-07-14,16.0
2009-07-15,13.0
2009-07-16,6.0
2009-07-17,7.0
2009-07-18,9.0
2009-07-19,15.0
2009-07-20,5.0
2009-07-21,13.0
2009-07-22,9.0
2009-07-23,15.0
2009-07-24,13.0
2009-07-25,18.0
2009-07-26,10.0
2009-07-27,12.0
2009-07-28,10.0
2009-07-29,16.0
2009-07-30,26.0
2009-07-31,24.0
2009-08-01,11.0
2009-08-02,7.0
2009-08-03,12.0
2009-08-04,12.0
2009-08-05,20.0
2009-08-06,33.0
2009-08-07,11.0
2009-08-08,15.0
2009-08-09,14.0
2009-08-10,7.0
2009-08-11,13.0
2009-08-12,9.0
2009-08-13,13.0
2009-08-14,20.0
2009-08-15,24.0
2009-08-16,12.0
2009-08-17,9.0
2009-08-18,10.0
2009-08-19,16.0
2009-08-20,16.0
2009-08-21,12.0
2009-08-22,9.0
2009-08-23,30.0
2009-08-24,25.0
2009-08-25,15.0
2009-08-26,11.0
2009-08-27,14.0
2009-08-28,11.0
2009-08-29,17.0
2009-08-30,12.0
2009-08-31,10.0
2009-09-01,9.0
2009-09-02,13.0
2009-09-03,11.0
2009-09-04,7.0
2009-09-05,9.0
2009-09-06,10.0
2009-09-07,16.0
2009-09-08,10.0
2009-09-09,17.0
2009-09-10,9.0
2009-09-11,14.0
2009-09-12,10.0
2009-09-13,11.0
2009-09-14,14.0
2009-09-15,10.0
2009-09-16,5.0
2009-09-17,13.0
2009-09-18,9.0
2009-09-19,4.0
2009-09-20,9.0
2009-09-21,8.0
2009-09-22,10.0
2009-09-23,11.0
2009-09-24,14.0
2009-09-25,10.0
2009-09-26,5.0
2009-09-27,13.0
2009-09-28,9.0
2009-09-29,4.0
2009-09-30,9.0
2009-10-01,4.0
2009-10-02,7.0
2009-10-03,11.0
2009-10-04,18.0
2009-10-05,13.0
2009-10-06,8.0
2009-10-07,12.0
2009-10-08,7.0
2009-10-09,5.0
2009-10-10,5.0
2009-10-11,10.0
2009-10-12,7.0
2009-10-13,20.0
2009-10-14,17.0
2009-10-15,20.0
2009-10-16,14.0
2009-10-17,12.0
2009-10-18,54.0
2009-10-19,21.0
2009-10-20,10.0
2009-10-21,10.0
2009-10-22,15.0
2009-10-23,4.0
2009-10-24,15.0
2009-10-25,10.0
2009-10-26,14.0
2009-10-27,14.0
2009-10-28,21.0
2009-10-29,17.0
2009-10-30,17.0
2009-10-31,13.0
2009-11-01,15.0
2009-11-02,14.0
2009-11-03,11.0
2009-11-04,18.0
2009-11-05,10.0
2009-11-06,10.0
2009-11-07,6.0
2009-11-08,8.0
2009-11-09,10.0
2009-11-10,22.0
2009-11-11,10.0
2009-11-12,16.0
2009-11-13,18.0
2009-11-14,12.0
2009-11-15,6.0
2009-11-16,11.0
2009-11-17,13.0
2009-11-18,14.0
2009-11-19,8.0
2009-11-20,9.0
2009-11-21,14.0
2009-11-22,5.0
2009-11-23,8.0
2009-11-24,10.0
2009-11-25,9.0
2009-11-26,7.0
2009-11-27,4.0
2009-11-28,11.0
2009-11-29,6.0
2009-11-30,8.0
2009-12-01,11.0
2009-12-02,14.0
2009-12-03,6.0
2009-12-04,21.0
2009-12-05,17.0
2009-12-06,20.0
2009-12-07,8.0
2009-12-08,24.0
2009-12-09,19.0
2009-12-10,12.0
2009-12-11,14.0
2009-12-12,10.0
2009-12-13,13.0
2009-12-14,9.0
2009-12-15,10.0
2009-12-16,15.0
2009-12-17,38.0
2009-12-18,25.0
2009-12-19,12.0
2009-12-20,25.0
2009-12-21,9.0
2009-12-22,15.0
2009-12-23,17.0
2009-12-24,8.0
2009-12-25,10.0
2009-12-26,9.0
2009-12-27,10.0
2009-12-28,13.0
2009-12-29,20.0
2009-12-30,16.0
2009-12-31,13.0
2010-01-01,17.0
2010-01-02,12.0
2010-01-03,8.0
2010-01-04,9.0
2010-01-05,6.0
2010-01-06,9.0
2010-01-07,12.0
2010-01-08,9.0
2010-01-09,10.0
2010-01-10,7.0
2010-01-11,16.0
2010-01-12,19.0
2010-01-13,12.0
2010-01-14,9.0
2010-01-15,14.0
2010-01-16,12.0
2010-01-17,13.0
2010-01-18,12.0
2010-01-19,16.0
2010-01-20,16.0
2010-01-21,11.0
2010-01-22,9.0
2010-01-23,9.0
2010-01-24,9.0
2010-01-25,14.0
2010-01-26,18.0
2010-01-27,16.0
2010-01-28,8.0
2010-01-29,11.0
2010-01-30,12.0
2010-01-31,10.0
2010-02-01,12.0
2010-02-02,24.0
2010-02-03,17.0
2010-02-04,22.0
2010-02-05,11.0
2010-02-06,17.0
2010-02-07,14.0
2010-02-08,10.0
2010-02-09,10.0
2010-02-10,16.0
2010-02-11,13.0
2010-02-12,15.0
2010-02-13,28.0
2010-02-14,13.0
2010-02-15,20.0
2010-02-16,21.0
2010-02-17,16.0
2010-02-18,20.0
2010-02-19,10.0
2010-02-20,39.0
2010-02-21,45.0
2010-02-22,24.0
2010-02-23,19.0
2010-02-24,20.0
2010-02-25,12.0
2010-02-26,7.0
2010-02-27,37.0
2010-02-28,16.0
2010-03-01,26.0
2010-03-02,10.0
2010-03-03,10.0
2010-03-04,12.0
2010-03-05,11.0
2010-03-06,21.0
2010-03-07,12.0
2010-03-08,13.0
2010-03-09,14.0
2010-03-10,10.0
2010-03-11,22.0
2010-03-12,17.0
2010-03-13,34.0
2010-03-14,16.0
2010-03-15,29.0
2010-03-16,9.0
2010-03-17,16.0
2010-03-18,22.0
2010-03-19,14.0
2010-03-20,14.0
2010-03-21,18.0
2010-03-22,21.0
2010-03-23,24.0
2010-03-24,19.0
2010-03-25,17.0
2010-03-26,16.0
2010-03-27,15.0
2010-03-28,16.0
2010-03-29,20.0
2010-03-30,16.0
2010-03-31,12.0
2010-04-01,14.0
2010-04-02,24.0
2010-04-03,6.0
2010-04-04,7.0
2010-04-05,14.0
2010-04-06,186.0
2010-04-07,21.0
2010-04-08,37.0
2010-04-09,81.0
2010-04-10,35.0
2010-04-11,26.0
2010-04-12,22.0
2010-04-13,35.0
2010-04-14,54.0
2010-04-15,124.0
2010-04-16,92.0
2010-04-17,59.0
2010-04-18,39.0
2010-04-19,32.0
2010-04-20,38.0
2010-04-21,33.0
2010-04-22,38.0
2010-04-23,39.0
2010-04-24,61.0
2010-04-25,44.0
2010-04-26,31.0
2010-04-27,40.0
2010-04-28,78.0
2010-04-29,54.0
2010-04-30,99.0
2010-05-01,43.0
2010-05-02,60.0
2010-05-03,43.0
2010-05-04,51.0
2010-05-05,37.0
2010-05-06,37.0
2010-05-07,31.0
2010-05-08,35.0
2010-05-09,39.0
2010-05-10,44.0
2010-05-11,39.0
2010-05-12,37.0
2010-05-13,42.0
2010-05-14,40.0
2010-05-15,35.0
2010-05-16,44.0
2010-05-17,42.0
2010-05-18,37.0
2010-05-19,42.0
2010-05-20,39.0
2010-05-21,48.0
2010-05-22,44.0
2010-05-23,51.0
2010-05-24,42.0
2010-05-25,112.0
2010-05-26,95.0
2010-05-27,63.0
2010-05-28,44.0
2010-05-29,55.0
2010-05-30,44.0
2010-05-31,45.0
2010-06-01,39.0
2010-06-02,37.0
2010-06-03,44.0
2010-06-04,38.0
2010-06-05,79.0
2010-06-06,38.0
2010-06-07,59.0
2010-06-08,52.0
2010-06-09,62.0
2010-06-10,56.0
2010-06-11,43.0
2010-06-12,59.0
2010-06-13,65.0
2010-06-14,58.0
2010-06-15,34.0
2010-06-16,36.0
2010-06-17,39.0
2010-06-18,125.0
2010-06-19,60.0
2010-06-20,67.0
2010-06-21,92.0
2010-06-22,43.0
2010-06-23,95.0
2010-06-24,65.0
2010-06-25,44.0
2010-06-26,114.0
2010-06-27,126.0
2010-06-28,916.0
2010-06-29,1083.0
2010-06-30,424.0
2010-07-01,149.0
2010-07-02,71.0
2010-07-03,82.0
2010-07-04,58.0
2010-07-05,70.0
2010-07-06,56.0
2010-07-07,77.0
2010-07-08,56.0
2010-07-09,77.0
2010-07-10,52.0
2010-07-11,1271.0
2010-07-12,8611.0
2010-07-13,1086.0
2010-07-14,733.0
2010-07-15,423.0
2010-07-16,386.0
2010-07-17,245.0
2010-07-18,215.0
2010-07-19,241.0
2010-07-20,196.0
2010-07-21,293.0
2010-07-22,223.0
2010-07-23,251.0
2010-07-24,164.0
2010-07-25,233.0
2010-07-26,246.0
2010-07-27,305.0
2010-07-28,158.0
2010-07-29,188.0
2010-07-30,136.0
2010-07-31,161.0
2010-08-01,92.0
2010-08-02,70.0
2010-08-03,76.0
2010-08-04,62.0
2010-08-05,77.0
2010-08-06,52.0
2010-08-07,39.0
2010-08-08,31.0
2010-08-09,44.0
2010-08-10,55.0
2010-08-11,46.0
2010-08-12,44.0
2010-08-13,41.0
2010-08-14,20.0
2010-08-15,33.0
2010-08-16,48.0
2010-08-17,38.0
2010-08-18,38.0
2010-08-19,25.0
2010-08-20,27.0
2010-08-21,38.0
2010-08-22,52.0
2010-08-23,27.0
2010-08-24,33.0
2010-08-25,39.0
2010-08-26,27.0
2010-08-27,35.0
2010-08-28,12.0
2010-08-29,21.0
2010-08-30,31.0
2010-08-31,23.0
2010-09-01,25.0
2010-09-02,20.0
2010-09-03,24.0
2010-09-04,14.0
2010-09-05,19.0
2010-09-06,23.0
2010-09-07,16.0
2010-09-08,25.0
2010-09-09,17.0
2010-09-10,32.0
2010-09-11,26.0
2010-09-12,15.0
2010-09-13,25.0
2010-09-14,33.0
2010-09-15,13.0
2010-09-16,23.0
2010-09-17,16.0
2010-09-18,21.0
2010-09-19,21.0
2010-09-20,30.0
2010-09-21,41.0
2010-09-22,25.0
2010-09-23,27.0
2010-09-24,32.0
2010-09-25,15.0
2010-09-26,53.0
2010-09-27,79.0
2010-09-28,86.0
2010-09-29,100.0
2010-09-30,305.0
2010-10-01,85.0
2010-10-02,61.0
2010-10-03,38.0
2010-10-04,107.0
2010-10-05,43.0
2010-10-06,79.0
2010-10-07,84.0
2010-10-08,68.0
2010-10-09,65.0
2010-10-10,72.0
2010-10-11,44.0
2010-10-12,22.0
2010-10-13,26.0
2010-10-14,15.0
2010-10-15,15.0
2010-10-16,20.0
2010-10-17,30.0
2010-10-18,17.0
2010-10-19,34.0
2010-10-20,20.0
2010-10-21,22.0
2010-10-22,11.0
2010-10-23,20.0
2010-10-24,16.0
2010-10-25,18.0
2010-10-26,20.0
2010-10-27,17.0
2010-10-28,16.0
2010-10-29,10.0
2010-10-30,12.0
2010-10-31,20.0
2010-11-01,15.0
2010-11-02,20.0
2010-11-03,21.0
2010-11-04,19.0
2010-11-05,18.0
2010-11-06,15.0
2010-11-07,25.0
2010-11-08,38.0
2010-11-09,34.0
2010-11-10,37.0
2010-11-11,43.0
2010-11-12,17.0
2010-11-13,19.0
2010-11-14,40.0
2010-11-15,129.0
2010-11-16,68.0
2010-11-17,15.0
2010-11-18,35.0
2010-11-19,23.0
2010-11-20,23.0
2010-11-21,39.0
2010-11-22,44.0
2010-11-23,18.0
2010-11-24,35.0
2010-11-25,23.0
2010-11-26,37.0
2010-11-27,46.0
2010-11-28,18.0
2010-11-29,14.0
2010-11-30,32.0
2010-12-01,89.0
2010-12-02,31.0
2010-12-03,46.0
2010-12-04,35.0
2010-12-05,30.0
2010-12-06,85.0
2010-12-07,77.0
2010-12-08,60.0
2010-12-09,33.0
2010-12-10,52.0
2010-12-11,75.0
2010-12-12,353.0
2010-12-13,386.0
2010-12-14,1042.0
2010-12-15,575.0
2010-12-16,520.0
2010-12-17,423.0
2010-12-18,385.0
2010-12-19,539.0
2010-12-20,606.0
2010-12-21,500.0
2010-12-22,409.0
2010-12-23,324.0
2010-12-24,286.0
2010-12-25,228.0
2010-12-26,221.0
2010-12-27,282.0
2010-12-28,230.0
2010-12-29,217.0
2010-12-30,548.0
2010-12-31,310.0
2011-01-01,203.0
2011-01-02,258.0
2011-01-03,300.0
2011-01-04,218.0
2011-01-05,371.0
2011-01-06,278.0
2011-01-07,251.0
2011-01-08,195.0
2011-01-09,193.0
2011-01-10,265.0
2011-01-11,281.0
2011-01-12,246.0
2011-01-13,285.0
2011-01-14,210.0
2011-01-15,193.0
2011-01-16,219.0
2011-01-17,293.0
2011-01-18,294.0
2011-01-19,172.0
2011-01-20,194.0
2011-01-21,242.0
2011-01-22,232.0
2011-01-23,185.0
2011-01-24,238.0
2011-01-25,249.0
2011-01-26,199.0
2011-01-27,199.0
2011-01-28,281.0
2011-01-29,194.0
2011-01-30,172.0
2011-01-31,251.0
2011-02-01,271.0
2011-02-02,333.0
2011-02-03,257.0
2011-02-04,312.0
2011-02-05,263.0
2011-02-06,282.0
2011-02-07,266.0
2011-02-08,305.0
2011-02-09,426.0
2011-02-10,2987.0
2011-02-11,2479.0
2011-02-12,1009.0
2011-02-13,975.0
2011-02-14,978.0
2011-02-15,822.0
2011-02-16,766.0
2011-02-17,850.0
2011-02-18,821.0
2011-02-19,628.0
2011-02-20,828.0
2011-02-21,968.0
2011-02-22,1222.0
2011-02-23,748.0
2011-02-24,925.0
2011-02-25,726.0
2011-02-26,813.0
2011-02-27,838.0
2011-02-28,866.0
2011-03-01,1284.0
2011-03-02,879.0
2011-03-03,857.0
2011-03-04,647.0
2011-03-05,485.0
2011-03-06,656.0
2011-03-07,1064.0
2011-03-08,1205.0
2011-03-09,716.0
2011-03-10,631.0
2011-03-11,574.0
2011-03-12,467.0
2011-03-13,388.0
2011-03-14,676.0
2011-03-15,584.0
2011-03-16,514.0
2011-03-17,516.0
2011-03-18,473.0
2011-03-19,391.0
2011-03-20,579.0
2011-03-21,3898.0
2011-03-22,1778.0
2011-03-23,4564.0
2011-03-24,1859.0
2011-03-25,1035.0
2011-03-26,758.0
2011-03-27,1112.0
2011-03-28,1276.0
2011-03-29,972.0
2011-03-30,935.0
2011-03-31,734.0
2011-04-01,597.0
2011-04-02,567.0
2011-04-03,759.0
2011-04-04,1386.0
2011-04-05,1308.0
2011-04-06,981.0
2011-04-07,815.0
2011-04-08,836.0
2011-04-09,669.0
2011-04-10,634.0
2011-04-11,1056.0
2011-04-12,954.0
2011-04-13,745.0
2011-04-14,845.0
2011-04-15,718.0
2011-04-16,1197.0
2011-04-17,1434.0
2011-04-18,1564.0
2011-04-19,1857.0
2011-04-20,1355.0
2011-04-21,994.0
2011-04-22,1003.0
2011-04-23,957.0
2011-04-24,1089.0
2011-04-25,1376.0
2011-04-26,1423.0
2011-04-27,1501.0
2011-04-28,1884.0
2011-04-29,1369.0
2011-04-30,1606.0
2011-05-01,1599.0
2011-05-02,1282.0
2011-05-03,1187.0
2011-05-04,1342.0
2011-05-05,1520.0
2011-05-06,1244.0
2011-05-07,1111.0
2011-05-08,1780.0
2011-05-09,3129.0
2011-05-10,2229.0
2011-05-11,2691.0
2011-05-12,2453.0
2011-05-13,2788.0
2011-05-14,2264.0
2011-05-15,2546.0
2011-05-16,22736.0
2011-05-17,12462.0
2011-05-18,7679.0
2011-05-19,16329.0
2011-05-20,10969.0
2011-05-21,7347.0
2011-05-22,6512.0
2011-05-23,6990.0
2011-05-24,8233.0
2011-05-25,17666.0
2011-05-26,8539.0
2011-05-27,6101.0
2011-05-28,4575.0
2011-05-29,5074.0
2011-05-30,6227.0
2011-05-31,13833.0
2011-06-01,15010.0
2011-06-02,21646.0
2011-06-03,21418.0
2011-06-04,11267.0
2011-06-05,12225.0
2011-06-06,15389.0
2011-06-07,12122.0
2011-06-08,17327.0
2011-06-09,17769.0
2011-06-10,15465.0
2011-06-11,22449.0
2011-06-12,23578.0
2011-06-13,22471.0
2011-06-14,20308.0
2011-06-15,23429.0
2011-06-16,21630.0
2011-06-17,18997.0
2011-06-18,14481.0
2011-06-19,13085.0
2011-06-20,29642.0
2011-06-21,18749.0
2011-06-22,21928.0
2011-06-23,15675.0
2011-06-24,10051.0
2011-06-25,7504.0
2011-06-26,7168.0
2011-06-27,9214.0
2011-06-28,7805.0
2011-06-29,8448.0
2011-06-30,7496.0
2011-07-01,6723.0
2011-07-02,4932.0
2011-07-03,4675.0
2011-07-04,5561.0
2011-07-05,5732.0
2011-07-06,5936.0
2011-07-07,6827.0
2011-07-08,5216.0
2011-07-09,3975.0
2011-07-10,3859.0
2011-07-11,4767.0
2011-07-12,4596.0
2011-07-13,6685.0
2011-07-14,12101.0
2011-07-15,5406.0
2011-07-16,4128.0
2011-07-17,3988.0
2011-07-18,5569.0
2011-07-19,6707.0
2011-07-20,7167.0
2011-07-21,5087.0
2011-07-22,3937.0
2011-07-23,3404.0
2011-07-24,3774.0
2011-07-25,5693.0
2011-07-26,6007.0
2011-07-27,4769.0
2011-07-28,4281.0
2011-07-29,3695.0
2011-07-30,2930.0
2011-07-31,3170.0
2011-08-01,4035.0
2011-08-02,4673.0
2011-08-03,5803.0
2011-08-04,4486.0
2011-08-05,6590.0
2011-08-06,5068.0
2011-08-07,4441.0
2011-08-08,5459.0
2011-08-09,4496.0
2011-08-10,3750.0
2011-08-11,3508.0
2011-08-12,3001.0
2011-08-13,2347.0
2011-08-14,2614.0
2011-08-15,3121.0
2011-08-16,3290.0
2011-08-17,4525.0
2011-08-18,4419.0
2011-08-19,3729.0
2011-08-20,2675.0
2011-08-21,7366.0
2011-08-22,3705.0
2011-08-23,3570.0
2011-08-24,8380.0
2011-08-25,5135.0
2011-08-26,3582.0
2011-08-27,2824.0
2011-08-28,2434.0
2011-08-29,2938.0
2011-08-30,2849.0
2011-08-31,3297.0
2011-09-01,3280.0
2011-09-02,3083.0
2011-09-03,2127.0
2011-09-04,2111.0
2011-09-05,2637.0
2011-09-06,2981.0
2011-09-07,3200.0
2011-09-08,3558.0
2011-09-09,3658.0
2011-09-10,2478.0
2011-09-11,2175.0
2011-09-12,2316.0
2011-09-13,2370.0
2011-09-14,2392.0
2011-09-15,2431.0
2011-09-16,2191.0
2011-09-17,1884.0
2011-09-18,1769.0
2011-09-19,2021.0
2011-09-20,2392.0
2011-09-21,2209.0
2011-09-22,1997.0
2011-09-23,2089.0
2011-09-24,1641.0
2011-09-25,1564.0
2011-09-26,2045.0
2011-09-27,1933.0
2011-09-28,2006.0
2011-09-29,2338.0
2011-09-30,2693.0
2011-10-01,1842.0
2011-10-02,2108.0
2011-10-03,2912.0
2011-10-04,2888.0
2011-10-05,3355.0
2011-10-06,2312.0
2011-10-07,2435.0
2011-10-08,2372.0
2011-10-09,2309.0
2011-10-10,2647.0
2011-10-11,3285.0
2011-10-12,3196.0
2011-10-13,2844.0
2011-10-14,2520.0
2011-10-15,1823.0
2011-10-16,1828.0
2011-10-17,2810.0
2011-10-18,4988.0
2011-10-19,4718.0
2011-10-20,3244.0
2011-10-21,3040.0
2011-10-22,2368.0
2011-10-23,2846.0
2011-10-24,3747.0
2011-10-25,3536.0
2011-10-26,3507.0
2011-10-27,2730.0
2011-10-28,2375.0
2011-10-29,1715.0
2011-10-30,1754.0
2011-10-31,2540.0
2011-11-01,8692.0
2011-11-02,3821.0
2011-11-03,3006.0
2011-11-04,2388.0
2011-11-05,1794.0
2011-11-06,1895.0
2011-11-07,2295.0
2011-11-08,2153.0
2011-11-09,2077.0
2011-11-10,2153.0
2011-11-11,1831.0
2011-11-12,1689.0
2011-11-13,1865.0
2011-11-14,2372.0
2011-11-15,3738.0
2011-11-16,2558.0
2011-11-17,2226.0
2011-11-18,2126.0
2011-11-19,1651.0
2011-11-20,2022.0
2011-11-21,2959.0
2011-11-22,3349.0
2011-11-23,2957.0
2011-11-24,2402.0
2011-11-25,2232.0
2011-11-26,2840.0
2011-11-27,2913.0
2011-11-28,3397.0
2011-11-29,3791.0
2011-11-30,2945.0
2011-12-01,2686.0
2011-12-02,2212.0
2011-12-03,2015.0
2011-12-04,1945.0
2011-12-05,2520.0
2011-12-06,2754.0
2011-12-07,2319.0
2011-12-08,2073.0
2011-12-09,1836.0
2011-12-10,1568.0
2011-12-11,1713.0
2011-12-12,2115.0
2011-12-13,2093.0
2011-12-14,2003.0
2011-12-15,2035.0
2011-12-16,1824.0
2011-12-17,1445.0
2011-12-18,1469.0
2011-12-19,1857.0
2011-12-20,1845.0
2011-12-21,2293.0
2011-12-22,2939.0
2011-12-23,2880.0
2011-12-24,2880.0
2011-12-25,2880.0
2011-12-26,2712.0
2011-12-27,2485.0
2011-12-28,2123.0
2011-12-29,2322.0
2011-12-30,2266.0
2011-12-31,2314.0
2012-01-01,1985.0
2012-01-02,2521.0
2012-01-03,2700.0
2012-01-04,2620.0
2012-01-05,2552.0
2012-01-06,2690.0
2012-01-07,2199.0
2012-01-08,2111.0
2012-01-09,2727.0
2012-01-10,3285.0
2012-01-11,7170.0
2012-01-12,3122.0
2012-01-13,2363.0
2012-01-14,2105.0
2012-01-15,2345.0
2012-01-16,22979.0
2012-01-17,10336.0
2012-01-18,6712.0
2012-01-19,5141.0
2012-01-20,4303.0
2012-01-21,3508.0
2012-01-22,3382.0
2012-01-23,3719.0
2012-01-24,3463.0
2012-01-25,3263.0
2012-01-26,2872.0
2012-01-27,2939.0
2012-01-28,2542.0
2012-01-29,2613.0
2012-01-30,3113.0
2012-01-31,2901.0
2012-02-01,2827.0
2012-02-02,2803.0
2012-02-03,4837.0
2012-02-04,3309.0
2012-02-05,2991.0
2012-02-06,3186.0
2012-02-07,2872.0
2012-02-08,2718.0
2012-02-09,2757.0
2012-02-10,2532.0
2012-02-11,2137.0
2012-02-12,2306.0
2012-02-13,2578.0
2012-02-14,2705.0
2012-02-15,3309.0
2012-02-16,3314.0
2012-02-17,2391.0
2012-02-18,1924.0
2012-02-19,2108.0
2012-02-20,2395.0
2012-02-21,2711.0
2012-02-22,2960.0
2012-02-23,3994.0
2012-02-24,3842.0
2012-02-25,2246.0
2012-02-26,2170.0
2012-02-27,2532.0
2012-02-28,2636.0
2012-02-29,2601.0
2012-03-01,2559.0
2012-03-02,5387.0
2012-03-03,3068.0
2012-03-04,2562.0
2012-03-05,2546.0
2012-03-06,2500.0
2012-03-07,2383.0
2012-03-08,2222.0
2012-03-09,2127.0
2012-03-10,2038.0
2012-03-11,1964.0
2012-03-12,2264.0
2012-03-13,2245.0
2012-03-14,2153.0
2012-03-15,2195.0
2012-03-16,2154.0
2012-03-17,1703.0
2012-03-18,2014.0
2012-03-19,2230.0
2012-03-20,2370.0
2012-03-21,2072.0
2012-03-22,2184.0
2012-03-23,1973.0
2012-03-24,1574.0
2012-03-25,1691.0
2012-03-26,1972.0
2012-03-27,2080.0
2012-03-28,2106.0
2012-03-29,2288.0
2012-03-30,1854.0
2012-03-31,1906.0
2012-04-01,3694.0
2012-04-02,4241.0
2012-04-03,4469.0
2012-04-04,3324.0
2012-04-05,3429.0
2012-04-06,2643.0
2012-04-07,2657.0
2012-04-08,2784.0
2012-04-09,2650.0
2012-04-10,2738.0
2012-04-11,3493.0
2012-04-12,2931.0
2012-04-13,2442.0
2012-04-14,1929.0
2012-04-15,1972.0
2012-04-16,2438.0
2012-04-17,3191.0
2012-04-18,3162.0
2012-04-19,2387.0
2012-04-20,2329.0
2012-04-21,2060.0
2012-04-22,2096.0
2012-04-23,2384.0
2012-04-24,2331.0
2012-04-25,3274.0
2012-04-26,4291.0
2012-04-27,3453.0
2012-04-28,2491.0
2012-04-29,2395.0
2012-04-30,2702.0
2012-05-01,2770.0
2012-05-02,3349.0
2012-05-03,2574.0
2012-05-04,2336.0
2012-05-05,1925.0
2012-05-06,2135.0
2012-05-07,2381.0
2012-05-08,2448.0
2012-05-09,2444.0
2012-05-10,3315.0
2012-05-11,3126.0
2012-05-12,3280.0
2012-05-13,3285.0
2012-05-14,3399.0
2012-05-15,3176.0
2012-05-16,2755.0
2012-05-17,2539.0
2012-05-18,2270.0
2012-05-19,2145.0
2012-05-20,1925.0
2012-05-21,4465.0
2012-05-22,3222.0
2012-05-23,2436.0
2012-05-24,2166.0
2012-05-25,1865.0
2012-05-26,2405.0
2012-05-27,2113.0
2012-05-28,2264.0
2012-05-29,2586.0
2012-05-30,2548.0
2012-05-31,2290.0
2012-06-01,2519.0
2012-06-02,1783.0
2012-06-03,1813.0
2012-06-04,2132.0
2012-06-05,2442.0
2012-06-06,2008.0
2012-06-07,2010.0
2012-06-08,2396.0
2012-06-09,2325.0
2012-06-10,2630.0
2012-06-11,5353.0
2012-06-12,3742.0
2012-06-13,4302.0
2012-06-14,2904.0
2012-06-15,2579.0
2012-06-16,2416.0
2012-06-17,2245.0
2012-06-18,3739.0
2012-06-19,4178.0
2012-06-20,2841.0
2012-06-21,2884.0
2012-06-22,2341.0
2012-06-23,2346.0
2012-06-24,2115.0
2012-06-25,2511.0
2012-06-26,2448.0
2012-06-27,2367.0
2012-06-28,2274.0
2012-06-29,2491.0
2012-06-30,2010.0
2012-07-01,2042.0
2012-07-02,2473.0
2012-07-03,2516.0
2012-07-04,2628.0
2012-07-05,2087.0
2012-07-06,2300.0
2012-07-07,1843.0
2012-07-08,1927.0
2012-07-09,6016.0
2012-07-10,3078.0
2012-07-11,5921.0
2012-07-12,3326.0
2012-07-13,3324.0
2012-07-14,2256.0
2012-07-15,2252.0
2012-07-16,2833.0
2012-07-17,3367.0
2012-07-18,3236.0
2012-07-19,3867.0
2012-07-20,3782.0
2012-07-21,2689.0
2012-07-22,2705.0
2012-07-23,3042.0
2012-07-24,2701.0
2012-07-25,2697.0
2012-07-26,2646.0
2012-07-27,2354.0
2012-07-28,1958.0
2012-07-29,2175.0
2012-07-30,2516.0
2012-07-31,3093.0
2012-08-01,2692.0
2012-08-02,2837.0
2012-08-03,2720.0
2012-08-04,2153.0
2012-08-05,2141.0
2012-08-06,2840.0
2012-08-07,3555.0
2012-08-08,3751.0
2012-08-09,3315.0
2012-08-10,3134.0
2012-08-11,2773.0
2012-08-12,3040.0
2012-08-13,3491.0
2012-08-14,4392.0
2012-08-15,4334.0
2012-08-16,4982.0
2012-08-17,4269.0
2012-08-18,3030.0
2012-08-19,3136.0
2012-08-20,3904.0
2012-08-21,6253.0
2012-08-22,6499.0
2012-08-23,5034.0
2012-08-24,6807.0
2012-08-25,2954.0
2012-08-26,2947.0
2012-08-27,3755.0
2012-08-28,3633.0
2012-08-29,4599.0
2012-08-30,3422.0
2012-08-31,2700.0
2012-09-01,2613.0
2012-09-02,2928.0
2012-09-03,3122.0
2012-09-04,3287.0
2012-09-05,22588.0
2012-09-06,26137.0
2012-09-07,9453.0
2012-09-08,6147.0
2012-09-09,4600.0
2012-09-10,5133.0
2012-09-11,4132.0
2012-09-12,4707.0
2012-09-13,3683.0
2012-09-14,3406.0
2012-09-15,2600.0
2012-09-16,3240.0
2012-09-17,4115.0
2012-09-18,4017.0
2012-09-19,6444.0
2012-09-20,4161.0
2012-09-21,3286.0
2012-09-22,2682.0
2012-09-23,2972.0
2012-09-24,3523.0
2012-09-25,4128.0
2012-09-26,4644.0
2012-09-27,4766.0
2012-09-28,3923.0
2012-09-29,3735.0
2012-09-30,3453.0
2012-10-01,5047.0
2012-10-02,4925.0
2012-10-03,5431.0
2012-10-04,4422.0
2012-10-05,3818.0
2012-10-06,2973.0
2012-10-07,3061.0
2012-10-08,3886.0
2012-10-09,3858.0
2012-10-10,3866.0
2012-10-11,4670.0
2012-10-12,4764.0
2012-10-13,2874.0
2012-10-14,3165.0
2012-10-15,4118.0
2012-10-16,3745.0
2012-10-17,3873.0
2012-10-18,4942.0
2012-10-19,3807.0
2012-10-20,2778.0
2012-10-21,3209.0
2012-10-22,3823.0
2012-10-23,3557.0
2012-10-24,3483.0
2012-10-25,3666.0
2012-10-26,3078.0
2012-10-27,2605.0
2012-10-28,2978.0
2012-10-29,3275.0
2012-10-30,3071.0
2012-10-31,3128.0
2012-11-01,2947.0
2012-11-02,2838.0
2012-11-03,2800.0
2012-11-04,3391.0
2012-11-05,3955.0
2012-11-06,3485.0
2012-11-07,3220.0
2012-11-08,4091.0
2012-11-09,3522.0
2012-11-10,3485.0
2012-11-11,3443.0
2012-11-12,4742.0
2012-11-13,4307.0
2012-11-14,4077.0
2012-11-15,3409.0
2012-11-16,6763.0
2012-11-17,4442.0
2012-11-18,4181.0
2012-11-19,5160.0
2012-11-20,4450.0
2012-11-21,3919.0
2012-11-22,3387.0
2012-11-23,3321.0
2012-11-24,3171.0
2012-11-25,3431.0
2012-11-26,7529.0
2012-11-27,5280.0
2012-11-28,12795.0
2012-11-29,6205.0
2012-11-30,4643.0
2012-12-01,3493.0
2012-12-02,3973.0
2012-12-03,4493.0
2012-12-04,4905.0
2012-12-05,5424.0
2012-12-06,6565.0
2012-12-07,5684.0
2012-12-08,6045.0
2012-12-09,7842.0
2012-12-10,7382.0
2012-12-11,7234.0
2012-12-12,5785.0
2012-12-13,5896.0
2012-12-14,5227.0
2012-12-15,3881.0
2012-12-16,3965.0
2012-12-17,5063.0
2012-12-18,4230.0
2012-12-19,4004.0
2012-12-20,3748.0
2012-12-21,3640.0
2012-12-22,2878.0
2012-12-23,3030.0
2012-12-24,3334.0
2012-12-25,2888.0
2012-12-26,3247.0
2012-12-27,3652.0
2012-12-28,3536.0
2012-12-29,3261.0
2012-12-30,3045.0
2012-12-31,3093.0
2013-01-01,2834.0
2013-01-02,4265.0
2013-01-03,5599.0
2013-01-04,6312.0
2013-01-05,7387.0
2013-01-06,6976.0
2013-01-07,6736.0
2013-01-08,5825.0
2013-01-09,5294.0
2013-01-10,5294.0
2013-01-11,5677.0
2013-01-12,4545.0
2013-01-13,4770.0
2013-01-14,4656.0
2013-01-15,4506.0
2013-01-16,4442.0
2013-01-17,6120.0
2013-01-18,5028.0
2013-01-19,3759.0
2013-01-20,3941.0
2013-01-21,4530.0
2013-01-22,4565.0
2013-01-23,18242.0
2013-01-24,8025.0
2013-01-25,6195.0
2013-01-26,4104.0
2013-01-27,4239.0
2013-01-28,6529.0
2013-01-29,6939.0
2013-01-30,6814.0
2013-01-31,6342.0
2013-02-01,5648.0
2013-02-02,9678.0
2013-02-03,6362.0
2013-02-04,6984.0
2013-02-05,6000.0
2013-02-06,7608.0
2013-02-07,6664.0
2013-02-08,5981.0
2013-02-09,6056.0
2013-02-10,5711.0
2013-02-11,6034.0
2013-02-12,10256.0
2013-02-13,8210.0
2013-02-14,9269.0
2013-02-15,10071.0
2013-02-16,6129.0
2013-02-17,7714.0
2013-02-18,11326.0
2013-02-19,11541.0
2013-02-20,8773.0
2013-02-21,8180.0
2013-02-22,9066.0
2013-02-23,7353.0
2013-02-24,7307.0
2013-02-25,9033.0
2013-02-26,8487.0
2013-02-27,8415.0
2013-02-28,13207.0
2013-03-01,11948.0
2013-03-02,7736.0
2013-03-03,8361.0
2013-03-04,9261.0
2013-03-05,11349.0
2013-03-06,13445.0
2013-03-07,15145.0
2013-03-08,12882.0
2013-03-09,13204.0
2013-03-10,12970.0
2013-03-11,16072.0
2013-03-12,22626.0
2013-03-13,16349.0
2013-03-14,13358.0
2013-03-15,10415.0
2013-03-16,8527.0
2013-03-17,8995.0
2013-03-18,13736.0
2013-03-19,17682.0
2013-03-20,20852.0
2013-03-21,29900.0
2013-03-22,51531.0
2013-03-23,56002.0
2013-03-24,25540.0
2013-03-25,32115.0
2013-03-26,26695.0
2013-03-27,30795.0
2013-03-28,43108.0
2013-03-29,39232.0
2013-03-30,30977.0
2013-03-31,23302.0
2013-04-01,37507.0
2013-04-02,41999.0
2013-04-03,66431.0
2013-04-04,65877.0
2013-04-05,46568.0
2013-04-06,30299.0
2013-04-07,33661.0
2013-04-08,60884.0
2013-04-09,76464.0
2013-04-10,113236.0
2013-04-11,144451.0
2013-04-12,132889.0
2013-04-13,61147.0
2013-04-14,49317.0
2013-04-15,64500.0
2013-04-16,49371.0
2013-04-17,42503.0
2013-04-18,39972.0
2013-04-19,29276.0
2013-04-20,17949.0
2013-04-21,18111.0
2013-04-22,21834.0
2013-04-23,22338.0
2013-04-24,20297.0
2013-04-25,18182.0
2013-04-26,18090.0
2013-04-27,14737.0
2013-04-28,17575.0
2013-04-29,19369.0
2013-04-30,20131.0
2013-05-01,24884.0
2013-05-02,26947.0
2013-05-03,24542.0
2013-05-04,14134.0
2013-05-05,13344.0
2013-05-06,18687.0
2013-05-07,17571.0
2013-05-08,16755.0
2013-05-09,15617.0
2013-05-10,13894.0
2013-05-11,11174.0
2013-05-12,10183.0
2013-05-13,17615.0
2013-05-14,17556.0
2013-05-15,18229.0
2013-05-16,18617.0
2013-05-17,16701.0
2013-05-18,12662.0
2013-05-19,19673.0
2013-05-20,19404.0
2013-05-21,15694.0
2013-05-22,15174.0
2013-05-23,15944.0
2013-05-24,15600.0
2013-05-25,9981.0
2013-05-26,10626.0
2013-05-27,11443.0
2013-05-28,19251.0
2013-05-29,20860.0
2013-05-30,17146.0
2013-05-31,17981.0
2013-06-01,13715.0
2013-06-02,11739.0
2013-06-03,13894.0
2013-06-04,11585.0
2013-06-05,12479.0
2013-06-06,12543.0
2013-06-07,11914.0
2013-06-08,9639.0
2013-06-09,10994.0
2013-06-10,18167.0
2013-06-11,22042.0
2013-06-12,15994.0
2013-06-13,11778.0
2013-06-14,10728.0
2013-06-15,7412.0
2013-06-16,7518.0
2013-06-17,9194.0
2013-06-18,10855.0
2013-06-19,10229.0
2013-06-20,10317.0
2013-06-21,9945.0
2013-06-22,7585.0
2013-06-23,7914.0
2013-06-24,11888.0
2013-06-25,11047.0
2013-06-26,9645.0
2013-06-27,10083.0
2013-06-28,9924.0
2013-06-29,7050.0
2013-06-30,9319.0
2013-07-01,11427.0
2013-07-02,33934.0
2013-07-03,21657.0
2013-07-04,11731.0
2013-07-05,10468.0
2013-07-06,7422.0
2013-07-07,7614.0
2013-07-08,10102.0
2013-07-09,9636.0
2013-07-10,10002.0
2013-07-11,9254.0
2013-07-12,7917.0
2013-07-13,5605.0
2013-07-14,6361.0
2013-07-15,7308.0
2013-07-16,8023.0
2013-07-17,8186.0
2013-07-18,8408.0
2013-07-19,8872.0
2013-07-20,5408.0
2013-07-21,5924.0
2013-07-22,11066.0
2013-07-23,7741.0
2013-07-24,4695.0
2013-07-25,9340.0
2013-07-26,8897.0
2013-07-27,6130.0
2013-07-28,6193.0
2013-07-29,7839.0
2013-07-30,11030.0
2013-07-31,9172.0
2013-08-01,7669.0
2013-08-02,6647.0
2013-08-03,5591.0
2013-08-04,5763.0
2013-08-05,9242.0
2013-08-06,7462.0
2013-08-07,7532.0
2013-08-08,11948.0
2013-08-09,8808.0
2013-08-10,5431.0
2013-08-11,6171.0
2013-08-12,11057.0
2013-08-13,11704.0
2013-08-14,16375.0
2013-08-15,14167.0
2013-08-16,11747.0
2013-08-17,7891.0
2013-08-18,7198.0
2013-08-19,11525.0
2013-08-20,12296.0
2013-08-21,12294.0
2013-08-22,10677.0
2013-08-23,9295.0
2013-08-24,6606.0
2013-08-25,6038.0
2013-08-26,7730.0
2013-08-27,9948.0
2013-08-28,10249.0
2013-08-29,8736.0
2013-08-30,7324.0
2013-08-31,5596.0
2013-09-01,5510.0
2013-09-02,6290.0
2013-09-03,7159.0
2013-09-04,6799.0
2013-09-05,7296.0
2013-09-06,7251.0
2013-09-07,5067.0
2013-09-08,7985.0
2013-09-09,11786.0
2013-09-10,8561.0
2013-09-11,7256.0
2013-09-12,6593.0
2013-09-13,6064.0
2013-09-14,4639.0
2013-09-15,5013.0
2013-09-16,7838.0
2013-09-17,8036.0
2013-09-18,6979.0
2013-09-19,6316.0
2013-09-20,8754.0
2013-09-21,6022.0
2013-09-22,5809.0
2013-09-23,8428.0
2013-09-24,7001.0
2013-09-25,6596.0
2013-09-26,7828.0
2013-09-27,6296.0
2013-09-28,4964.0
2013-09-29,5712.0
2013-09-30,7069.0
2013-10-01,6781.0
2013-10-02,20848.0
2013-10-03,52661.0
2013-10-04,27889.0
2013-10-05,16606.0
2013-10-06,12473.0
2013-10-07,15642.0
2013-10-08,14265.0
2013-10-09,13836.0
2013-10-10,11040.0
2013-10-11,8572.0
2013-10-12,6130.0
2013-10-13,6208.0
2013-10-14,8019.0
2013-10-15,9331.0
2013-10-16,9427.0
2013-10-17,8501.0
2013-10-18,9780.0
2013-10-19,6494.0
2013-10-20,6638.0
2013-10-21,8371.0
2013-10-22,9361.0
2013-10-23,11510.0
2013-10-24,11532.0
2013-10-25,11559.0
2013-10-26,16360.0
2013-10-27,18735.0
2013-10-28,19364.0
2013-10-29,44429.0
2013-10-30,78588.0
2013-10-31,115738.0
2013-11-01,28981.0
2013-11-02,19854.0
2013-11-03,16620.0
2013-11-04,27588.0
2013-11-05,29997.0
2013-11-06,33474.0
2013-11-07,27883.0
2013-11-08,27565.0
2013-11-09,26469.0
2013-11-10,23020.0
2013-11-11,23143.0
2013-11-12,27076.0
2013-11-13,28764.0
2013-11-14,31584.0
2013-11-15,34897.0
2013-11-16,25776.0
2013-11-17,23099.0
2013-11-18,70053.0
2013-11-19,110784.0
2013-11-20,71382.0
2013-11-21,62841.0
2013-11-22,61973.0
2013-11-23,38039.0
2013-11-24,34256.0
2013-11-25,39051.0
2013-11-26,44349.0
2013-11-27,74206.0
2013-11-28,131842.0
2013-11-29,114020.0
2013-11-30,86405.0
2013-12-01,51748.0
2013-12-02,78289.0
2013-12-03,77023.0
2013-12-04,60709.0
2013-12-05,94198.0
2013-12-06,96138.0
2013-12-07,69786.0
2013-12-08,47142.0
2013-12-09,57015.0
2013-12-10,58163.0
2013-12-11,58345.0
2013-12-12,49319.0
2013-12-13,48440.0
2013-12-14,40669.0
2013-12-15,46318.0
2013-12-16,53665.0
2013-12-17,47959.0
2013-12-18,75222.0
2013-12-19,55874.0
2013-12-20,39124.0
2013-12-21,31251.0
2013-12-22,37735.0
2013-12-23,42555.0
2013-12-24,36442.0
2013-12-25,30239.0
2013-12-26,33167.0
2013-12-27,37221.0
2013-12-28,29657.0
2013-12-29,29680.0
2013-12-30,32164.0
2013-12-31,28038.0
2014-01-01,24217.0
2014-01-02,29082.0
2014-01-03,30801.0
2014-01-04,23819.0
2014-01-05,23819.0
2014-01-06,23819.0
2014-01-07,40207.0
2014-01-08,41537.0
2014-01-09,44494.0
2014-01-10,42173.0
2014-01-11,28053.0
2014-01-12,28083.0
2014-01-13,35014.0
2014-01-14,39511.0
2014-01-15,42328.0
2014-01-16,49803.0
2014-01-17,53411.0
2014-01-18,28390.0
2014-01-19,25861.0
2014-01-20,35549.0
2014-01-21,48477.0
2014-01-22,54006.0
2014-01-23,41243.0
2014-01-24,36444.0
2014-01-25,23776.0
2014-01-26,26389.0
2014-01-27,53753.0
2014-01-28,58063.0
2014-01-29,42548.0
2014-01-30,36435.0
2014-01-31,29816.0
2014-02-01,28465.0
2014-02-02,25720.0
2014-02-03,30392.0
2014-02-04,47240.0
2014-02-05,33475.0
2014-02-06,33775.0
2014-02-07,43416.0
2014-02-08,31280.0
2014-02-09,31909.0
2014-02-10,45371.0
2014-02-11,38009.0
2014-02-12,29527.0
2014-02-13,26195.0
2014-02-14,28706.0
2014-02-15,18671.0
2014-02-16,21153.0
2014-02-17,23800.0
2014-02-18,33745.0
2014-02-19,34861.0
2014-02-20,35181.0
2014-02-21,24591.0
2014-02-22,18745.0
2014-02-23,16381.0
2014-02-24,21279.0
2014-02-25,92982.0
2014-02-26,67159.0
2014-02-27,43936.0
2014-02-28,67996.0
2014-03-01,47117.0
2014-03-02,30043.0
2014-03-03,33005.0
2014-03-04,33586.0
2014-03-05,48111.0
2014-03-06,90661.0
2014-03-07,117925.0
2014-03-08,40117.0
2014-03-09,26509.0
2014-03-10,31999.0
2014-03-11,29360.0
2014-03-12,28031.0
2014-03-13,25124.0
2014-03-14,20469.0
2014-03-15,13741.0
2014-03-16,12761.0
2014-03-17,19420.0
2014-03-18,19571.0
2014-03-19,17649.0
2014-03-20,21948.0
2014-03-21,36706.0
2014-03-22,19661.0
2014-03-23,15847.0
2014-03-24,17525.0
2014-03-25,21100.0
2014-03-26,27744.0
2014-03-27,19858.0
2014-03-28,16703.0
2014-03-29,11392.0
2014-03-30,11978.0
2014-03-31,19901.0
2014-04-01,16779.0
2014-04-02,18673.0
2014-04-03,22840.0
2014-04-04,20921.0
2014-04-05,12837.0
2014-04-06,9145.0
2014-04-07,12300.0
2014-04-08,12908.0
2014-04-09,17143.0
2014-04-10,14557.0
2014-04-11,12871.0
2014-04-12,9127.0
2014-04-13,9685.0
2014-04-14,19178.0
2014-04-15,12776.0
2014-04-16,16923.0
2014-04-17,15535.0
2014-04-18,9878.0
2014-04-19,9531.0
2014-04-20,7607.0
2014-04-21,10717.0
2014-04-22,11899.0
2014-04-23,11083.0
2014-04-24,10539.0
2014-04-25,12066.0
2014-04-26,7333.0
2014-04-27,8968.0
2014-04-28,12811.0
2014-04-29,11149.0
2014-04-30,14733.0
2014-05-01,11538.0
2014-05-02,8822.0
2014-05-03,5973.0
2014-05-04,6595.0
2014-05-05,12231.0
2014-05-06,9739.0
2014-05-07,9648.0
2014-05-08,9400.0
2014-05-09,11495.0
2014-05-10,8091.0
2014-05-11,7605.0
2014-05-12,8747.0
2014-05-13,9478.0
2014-05-14,9434.0
2014-05-15,9039.0
2014-05-16,7724.0
2014-05-17,5874.0
2014-05-18,6041.0
2014-05-19,8198.0
2014-05-20,13031.0
2014-05-21,9988.0
2014-05-22,9136.0
2014-05-23,7601.0
2014-05-24,5576.0
2014-05-25,6088.0
2014-05-26,8192.0
2014-05-27,10016.0
2014-05-28,10114.0
2014-05-29,11472.0
2014-05-30,9715.0
2014-05-31,6251.0
2014-06-01,6128.0
2014-06-02,9356.0
2014-06-03,12393.0
2014-06-04,11310.0
2014-06-05,10190.0
2014-06-06,8081.0
2014-06-07,6565.0
2014-06-08,7209.0
2014-06-09,9207.0
2014-06-10,10264.0
2014-06-11,9849.0
2014-06-12,14318.0
2014-06-13,18048.0
2014-06-14,7669.0
2014-06-15,8148.0
2014-06-16,13789.0
2014-06-17,14564.0
2014-06-18,13792.0
2014-06-19,12198.0
2014-06-20,9648.0
2014-06-21,5362.0
2014-06-22,5236.0
2014-06-23,6999.0
2014-06-24,7225.0
2014-06-25,7149.0
2014-06-26,6444.0
2014-06-27,12330.0
2014-06-28,9991.0
2014-06-29,5949.0
2014-06-30,9240.0
2014-07-01,7804.0
2014-07-02,10273.0
2014-07-03,8724.0
2014-07-04,6805.0
2014-07-05,5253.0
2014-07-06,5017.0
2014-07-07,8135.0
2014-07-08,7902.0
2014-07-09,6959.0
2014-07-10,7764.0
2014-07-11,6818.0
2014-07-12,6926.0
2014-07-13,5766.0
2014-07-14,6661.0
2014-07-15,7691.0
2014-07-16,8349.0
2014-07-17,8251.0
2014-07-18,7931.0
2014-07-19,6322.0
2014-07-20,6076.0
2014-07-21,7648.0
2014-07-22,8081.0
2014-07-23,8093.0
2014-07-24,7461.0
2014-07-25,6794.0
2014-07-26,6860.0
2014-07-27,5208.0
2014-07-28,7434.0
2014-07-29,7203.0
2014-07-30,8819.0
2014-07-31,8498.0
2014-08-01,7082.0
2014-08-02,4874.0
2014-08-03,5013.0
2014-08-04,6473.0
2014-08-05,7195.0
2014-08-06,8416.0
2014-08-07,7345.0
2014-08-08,6241.0
2014-08-09,5201.0
2014-08-10,5053.0
2014-08-11,7710.0
2014-08-12,8781.0
2014-08-13,9815.0
2014-08-14,9082.0
2014-08-15,6950.0
2014-08-16,7461.0
2014-08-17,5804.0
2014-08-18,7527.0
2014-08-19,7330.0
2014-08-20,8549.0
2014-08-21,7384.0
2014-08-22,7312.0
2014-08-23,4857.0
2014-08-24,5229.0
2014-08-25,6324.0
2014-08-26,7976.0
2014-08-27,5662.0
2014-08-28,6778.0
2014-08-29,6890.0
2014-08-30,5601.0
2014-08-31,6491.0
2014-09-01,9636.0
2014-09-02,12071.0
2014-09-03,10304.0
2014-09-04,10617.0
2014-09-05,10277.0
2014-09-06,6055.0
2014-09-07,5430.0
2014-09-08,6999.0
2014-09-09,8947.0
2014-09-10,9409.0
2014-09-11,10149.0
2014-09-12,9195.0
2014-09-13,5394.0
2014-09-14,6057.0
2014-09-15,8456.0
2014-09-16,8045.0
2014-09-17,7888.0
2014-09-18,7684.0
2014-09-19,6740.0
2014-09-20,5223.0
2014-09-21,6132.0
2014-09-22,7484.0
2014-09-23,8142.0
2014-09-24,10163.0
2014-09-25,8284.0
2014-09-26,6656.0
2014-09-27,4891.0
2014-09-28,5126.0
2014-09-29,7773.0
2014-09-30,7804.0
2014-10-01,7901.0
2014-10-02,7532.0
2014-10-03,6788.0
2014-10-04,5258.0
2014-10-05,5800.0
2014-10-06,8860.0
2014-10-07,8647.0
2014-10-08,8189.0
2014-10-09,7801.0
2014-10-10,6970.0
2014-10-11,5267.0
2014-10-12,5328.0
2014-10-13,8618.0
2014-10-14,8511.0
2014-10-15,7896.0
2014-10-16,6379.0
2014-10-17,5762.0
2014-10-18,4525.0
2014-10-19,4566.0
2014-10-20,6024.0
2014-10-21,5800.0
2014-10-22,5844.0
2014-10-23,5475.0
2014-10-24,4878.0
2014-10-25,3810.0
2014-10-26,4172.0
2014-10-27,5606.0
2014-10-28,5906.0
2014-10-29,5841.0
2014-10-30,5490.0
2014-10-31,5181.0
2014-11-01,4449.0
2014-11-02,5768.0
2014-11-03,6694.0
2014-11-04,6780.0
2014-11-05,6789.0
2014-11-06,7604.0
2014-11-07,7568.0
2014-11-08,5103.0
2014-11-09,5126.0
2014-11-10,7109.0
2014-11-11,7023.0
2014-11-12,7310.0
2014-11-13,7925.0
2014-11-14,7076.0
2014-11-15,4718.0
2014-11-16,4955.0
2014-11-17,7118.0
2014-11-18,7652.0
2014-11-19,6642.0
2014-11-20,6116.0
2014-11-21,5575.0
2014-11-22,4024.0
2014-11-23,62578.0
2014-11-24,5560.0
2014-11-25,5647.0
2014-11-26,5918.0
2014-11-27,5690.0
2014-11-28,4765.0
2014-11-29,4024.0
2014-11-30,3764.0
2014-12-01,6483.0
2014-12-02,6852.0
2014-12-03,6788.0
2014-12-04,7413.0
2014-12-05,5909.0
2014-12-06,4028.0
2014-12-07,4564.0
2014-12-08,6955.0
2014-12-09,6637.0
2014-12-10,6072.0
2014-12-11,9425.0
2014-12-12,7488.0
2014-12-13,4387.0
2014-12-14,4132.0
2014-12-15,6255.0
2014-12-16,7506.0
2014-12-17,6914.0
2014-12-18,5977.0
2014-12-19,5289.0
2014-12-20,4159.0
2014-12-21,3916.0
2014-12-22,5515.0
2014-12-23,5083.0
2014-12-24,4173.0
2014-12-25,3500.0
2014-12-26,4910.0
2014-12-27,10521.0
2014-12-28,6059.0
2014-12-29,10304.0
2014-12-30,6715.0
2014-12-31,5596.0
2015-01-01,4373.0
2015-01-02,5633.0
2015-01-03,5143.0
2015-01-04,5495.0
2015-01-05,7349.0
2015-01-06,9160.0
2015-01-07,7715.0
2015-01-08,7867.0
2015-01-09,6438.0
2015-01-10,5328.0
2015-01-11,4744.0
2015-01-12,6481.0
2015-01-13,7507.0
2015-01-14,7910.0
2015-01-15,10214.0
2015-01-16,6887.0
2015-01-17,4413.0
2015-01-18,4533.0
2015-01-19,6533.0
2015-01-20,5918.0
2015-01-21,7064.0
2015-01-22,7021.0
2015-01-23,6829.0
2015-01-24,4231.0
2015-01-25,4188.0
2015-01-26,7389.0
2015-01-27,7243.0
2015-01-28,7182.0
2015-01-29,6097.0
2015-01-30,5098.0
2015-01-31,4390.0
2015-02-01,3926.0
2015-02-02,4840.0
2015-02-03,5787.0
2015-02-04,6204.0
2015-02-05,6971.0
2015-02-06,6303.0
2015-02-07,6394.0
2015-02-08,6515.0
2015-02-09,8365.0
2015-02-10,8472.0
2015-02-11,8389.0
2015-02-12,7024.0
2015-02-13,5994.0
2015-02-14,7672.0
2015-02-15,6236.0
2015-02-16,5982.0
2015-02-17,6181.0
2015-02-18,6139.0
2015-02-19,7242.0
2015-02-20,9743.0
2015-02-21,4910.0
2015-02-22,4669.0
2015-02-23,6543.0
2015-02-24,6130.0
2015-02-25,5903.0
2015-02-26,6060.0
2015-02-27,5515.0
2015-02-28,4333.0
2015-03-01,5994.0
2015-03-02,6037.0
2015-03-03,5830.0
2015-03-04,6455.0
2015-03-05,5858.0
2015-03-06,6631.0
2015-03-07,704923.0
2015-03-08,923659.0
2015-03-09,199565.0
2015-03-10,48209.0
2015-03-11,116178.0
2015-03-12,29910.0
2015-03-13,7485.0
2015-03-14,7575.0
2015-03-15,6351.0
2015-03-16,67227.0
2015-03-17,19767.0
2015-03-18,34820.0
2015-03-19,27697.0
2015-03-20,12972.0
2015-03-21,6631.0
2015-03-22,4449.0
2015-03-23,5860.0
2015-03-24,7801.0
2015-03-25,6535.0
2015-03-26,7147.0
2015-03-27,5671.0
2015-03-28,3860.0
2015-03-29,3988.0
2015-03-30,7566.0
2015-03-31,8090.0
2015-04-01,7500.0
2015-04-02,6838.0
2015-04-03,6050.0
2015-04-04,5497.0
2015-04-05,3993.0
2015-04-06,5131.0
2015-04-07,6143.0
2015-04-08,16090.0
2015-04-09,6207.0
2015-04-10,5176.0
2015-04-11,3817.0
2015-04-12,3767.0
2015-04-13,5631.0
2015-04-14,6150.0
2015-04-15,5271.0
2015-04-16,5734.0
2015-04-17,6455.0
2015-04-18,5504.0
2015-04-19,5416.0
2015-04-20,7826.0
2015-04-21,7827.0
2015-04-22,8615.0
2015-04-23,9700.0
2015-04-24,8084.0
2015-04-25,6593.0
2015-04-26,10476.0
2015-04-27,8422.0
2015-04-28,11456.0
2015-04-29,6233.0
2015-04-30,7483.0
2015-05-01,6285.0
2015-05-02,4942.0
2015-05-03,4953.0
2015-05-04,5223.0
2015-05-05,6119.0
2015-05-06,6178.0
2015-05-07,6313.0
2015-05-08,6051.0
2015-05-09,0.0
2015-05-10,7214.0
2015-05-11,7331.0
2015-05-12,7038.0
2015-05-13,6398.0
2015-05-14,8585.0
2015-05-15,6446.0
2015-05-16,7206.0
2015-05-17,5224.0
2015-05-18,6591.0
2015-05-19,9124.0
2015-05-20,9163.0
2015-05-21,7649.0
2015-05-22,6617.0
2015-05-23,4132.0
2015-05-24,5032.0
2015-05-25,0.0
2015-05-26,0.0
2015-05-27,7494.0
2015-05-28,6714.0
2015-05-29,7241.0
2015-05-30,8503.0
2015-05-31,5489.0
2015-06-01,6491.0
2015-06-02,7154.0
2015-06-03,6135.0
2015-06-04,6729.0
2015-06-05,5706.0
2015-06-06,4650.0
2015-06-07,3988.0
2015-06-08,5737.0
2015-06-09,6010.0
2015-06-10,5570.0
2015-06-11,5710.0
2015-06-12,4621.0
2015-06-13,3259.0
2015-06-14,3280.0
2015-06-15,4643.0
2015-06-16,4915.0
2015-06-17,4749.0
2015-06-18,9095.0
2015-06-19,5359.0
2015-06-20,4155.0
2015-06-21,3717.0
2015-06-22,5023.0
2015-06-23,4960.0
2015-06-24,7310.0
2015-06-25,5858.0
2015-06-26,4455.0
2015-06-27,3645.0
2015-06-28,4148.0
2015-06-29,5606.0
2015-06-30,6484.0
2015-07-01,13137.0
2015-07-02,9938.0
2015-07-03,8498.0
2015-07-04,9113.0
2015-07-05,8908.0
2015-07-06,10456.0
2015-07-07,11392.0
2015-07-08,11294.0
2015-07-09,9808.0
2015-07-10,8478.0
2015-07-11,7097.0
2015-07-12,7439.0
2015-07-13,9053.0
2015-07-14,7900.0
2015-07-15,7585.0
2015-07-16,7822.0
2015-07-17,7264.0
2015-07-18,6343.0
2015-07-19,9256.0
2015-07-20,8946.0
2015-07-21,8595.0
2015-07-22,8892.0
2015-07-23,9449.0
2015-07-24,7952.0
2015-07-25,7283.0
2015-07-26,8473.0
2015-07-27,9626.0
2015-07-28,9436.0
2015-07-29,9063.0
2015-07-30,8548.0
2015-07-31,7220.0
2015-08-01,19280.0
2015-08-02,13539.0
2015-08-03,10351.0
2015-08-04,8943.0
2015-08-05,8469.0
2015-08-06,8066.0
2015-08-07,7942.0
2015-08-08,6901.0
2015-08-09,6832.0
2015-08-10,7794.0
2015-08-11,8070.0
2015-08-12,8389.0
2015-08-13,9769.0
2015-08-14,7322.0
2015-08-15,6422.0
2015-08-16,6640.0
2015-08-17,7683.0
2015-08-18,11541.0
2015-08-19,11921.0
2015-08-20,10579.0
2015-08-21,9664.0
2015-08-22,7673.0
2015-08-23,9181.0
2015-08-24,11678.0
2015-08-25,9808.0
2015-08-26,10923.0
2015-08-27,8496.0
2015-08-28,7543.0
2015-08-29,8285.0
2015-08-30,9485.0
2015-08-31,8902.0
2015-09-01,9625.0
2015-09-02,8586.0
2015-09-03,8147.0
2015-09-04,7057.0
2015-09-05,6023.0
2015-09-06,6399.0
2015-09-07,7505.0
2015-09-08,8553.0
2015-09-09,8275.0
2015-09-10,8385.0
2015-09-11,8024.0
2015-09-12,6968.0
2015-09-13,7008.0
2015-09-14,10119.0
2015-09-15,9090.0
2015-09-16,8800.0
2015-09-17,9018.0
2015-09-18,9788.0
2015-09-19,7558.0
2015-09-20,7368.0
2015-09-21,8936.0
2015-09-22,10027.0
2015-09-23,41177.0
2015-09-24,8707.0
2015-09-25,10171.0
2015-09-26,7046.0
2015-09-27,7292.0
2015-09-28,8213.0
2015-09-29,8418.0
2015-09-30,8602.0
2015-10-01,7942.0
2015-10-02,7540.0
2015-10-03,6772.0
2015-10-04,7565.0
2015-10-05,8901.0
2015-10-06,11515.0
2015-10-07,9937.0
2015-10-08,8930.0
2015-10-09,8510.0
2015-10-10,7433.0
2015-10-11,7692.0
2015-10-12,8895.0
2015-10-13,8719.0
2015-10-14,10092.0
2015-10-15,8397.0
2015-10-16,7882.0
2015-10-17,6919.0
2015-10-18,7189.0
2015-10-19,9286.0
2015-10-20,9618.0
2015-10-21,9091.0
2015-10-22,9548.0
2015-10-23,8964.0
2015-10-24,7211.0
2015-10-25,8115.0
2015-10-26,9774.0
2015-10-27,10467.0
2015-10-28,10815.0
2015-10-29,11065.0
2015-10-30,10597.0
2015-10-31,7868.0
2015-11-01,9414.0
2015-11-02,10937.0
2015-11-03,12552.0
2015-11-04,15437.0
2015-11-05,17375.0
2015-11-06,12389.0
2015-11-07,9095.0
2015-11-08,9944.0
2015-11-09,12995.0
2015-11-10,11800.0
2015-11-11,9867.0
2015-11-12,10723.0
2015-11-13,10063.0
2015-11-14,7329.0
2015-11-15,8089.0
2015-11-16,9350.0
2015-11-17,10446.0
2015-11-18,9931.0
2015-11-19,9356.0
2015-11-20,9095.0
2015-11-21,7921.0
2015-11-22,7864.0
2015-11-23,8695.0
2015-11-24,8071.0
2015-11-25,7602.0
2015-11-26,9906.0
2015-11-27,7525.0
2015-11-28,6900.0
2015-11-29,7443.0
2015-11-30,9707.0
2015-12-01,9924.0
2015-12-02,9334.0
2015-12-03,9198.0
2015-12-04,9648.0
2015-12-05,8269.0
2015-12-06,7899.0
2015-12-07,9360.0
2015-12-08,15663.0
2015-12-09,64048.0
2015-12-10,29548.0
2015-12-11,15773.0
2015-12-12,10766.0
2015-12-13,10543.0
2015-12-14,11447.0
2015-12-15,13976.0
2015-12-16,13004.0
2015-12-17,10635.0
2015-12-18,9153.0
2015-12-19,8192.0
2015-12-20,8274.0
2015-12-21,9755.0
2015-12-22,8825.0
2015-12-23,9040.0
2015-12-24,7909.0
2015-12-25,6960.0
2015-12-26,9192.0
2015-12-27,14084.0
2015-12-28,10191.0
2015-12-29,10041.0
2015-12-30,9006.0
2015-12-31,7727.0
2016-01-01,6917.0
2016-01-02,8377.0
2016-01-03,10766.0
2016-01-04,10785.0
2016-01-05,10522.0
2016-01-06,9285.0
2016-01-07,10956.0
2016-01-08,9452.0
2016-01-09,7980.0
2016-01-10,8171.0
2016-01-11,9588.0
2016-01-12,8934.0
2016-01-13,8913.0
2016-01-14,8931.0
2016-01-15,10703.0
2016-01-16,10065.0
2016-01-17,10603.0
2016-01-18,11649.0
2016-01-19,10967.0
2016-01-20,10033.0
2016-01-21,10319.0
2016-01-22,9526.0
2016-01-23,7271.0
2016-01-24,8098.0
2016-01-25,9522.0
2016-01-26,9169.0
2016-01-27,10703.0
2016-01-28,11258.0
2016-01-29,10328.0
2016-01-30,7571.0
2016-01-31,7165.0
2016-02-01,8640.0
2016-02-02,9008.0
2016-02-03,8621.0
2016-02-04,8881.0
2016-02-05,7503.0
2016-02-06,6998.0
2016-02-07,7706.0
2016-02-08,8250.0
2016-02-09,8654.0
2016-02-10,8749.0
2016-02-11,8899.0
2016-02-12,8609.0
2016-02-13,7796.0
2016-02-14,9550.0
2016-02-15,11809.0
2016-02-16,12099.0
2016-02-17,11718.0
2016-02-18,22422.0
2016-02-19,16070.0
2016-02-20,11918.0
2016-02-21,11716.0
2016-02-22,11513.0
2016-02-23,10863.0
2016-02-24,10723.0
2016-02-25,11566.0
2016-02-26,8885.0
2016-02-27,8268.0
2016-02-28,7831.0
2016-02-29,9651.0
2016-03-01,10153.0
2016-03-02,9459.0
2016-03-03,10031.0
2016-03-04,8543.0
2016-03-05,7679.0
2016-03-06,8557.0
2016-03-07,10637.0
2016-03-08,10109.0
2016-03-09,9119.0
2016-03-10,8640.0
2016-03-11,8023.0
2016-03-12,6626.0
2016-03-13,9435.0
2016-03-14,10794.0
2016-03-15,10409.0
2016-03-16,9168.0
2016-03-17,8368.0
2016-03-18,7623.0
2016-03-19,6247.0
2016-03-20,7103.0
2016-03-21,8780.0
2016-03-22,9147.0
2016-03-23,8634.0
2016-03-24,9154.0
2016-03-25,7603.0
2016-03-26,6543.0
2016-03-27,7363.0
2016-03-28,8920.0
2016-03-29,9056.0
2016-03-30,8738.0
2016-03-31,8747.0
2016-04-01,7796.0
2016-04-02,7048.0
2016-04-03,7701.0
2016-04-04,8945.0
2016-04-05,10338.0
2016-04-06,8844.0
2016-04-07,8596.0
2016-04-08,9075.0
2016-04-09,6639.0
2016-04-10,7263.0
2016-04-11,9580.0
2016-04-12,9069.0
2016-04-13,9421.0
2016-04-14,9188.0
2016-04-15,8044.0
2016-04-16,6127.0
2016-04-17,6649.0
2016-04-18,8199.0
2016-04-19,9412.0
2016-04-20,8777.0
2016-04-21,11743.0
2016-04-22,12084.0
2016-04-23,7659.0
2016-04-24,8797.0
2016-04-25,9546.0
2016-04-26,9756.0
2016-04-27,9176.0
2016-04-28,9900.0
